size_mib,threads,dtype,case,plan_A_s,plan_A2_s,plan_AA_spread,packed_A_s,packed_A2_s,packed_AA_spread,upstream_A_s,upstream_A2_s,upstream_AA_spread,tblis_A_s,tblis_A2_s,tblis_AA_spread,upstream_over_plan,tblis_over_plan,plan_scaling
1,1,f64,abc-bk-akc,0.000615699,0.00062195,0.010152688245392616,0.000615438,0.00062225,0.011068539804171884,0.000634533,0.000634503,4.727886492894573e-05,0.000913323,0.000913804,0.0005266482941961304,1.025373257093745,1.4763072905088457,1.0
1,1,f64,abcijk-eiab-jkec,0.002788331,0.002821432,0.011871259186947425,0.002758966,0.00280441,0.01647138819398286,0.002909577,0.002910438,0.0002959193037337382,0.003801641,0.00379038,0.0029621418750482853,1.0374977083917891,1.3533806718793495,1.0
1,1,f64,abcijk-eiac-jkeb,0.002716227,0.002755089,0.01430734618277496,0.002694276,0.002753977,0.022158457411193266,0.002819128,0.002833114,0.004961108541364556,0.005408087,0.005210348,0.03656357599276783,1.0330909932743244,1.9404584722079847,1.0
1,1,f64,abcijk-eibc-jkea,0.002842612,0.002889619,0.01653655159409717,0.00284189,0.002901631,0.021021573671042848,0.002945124,0.002980589,0.012041937792772073,0.003633488,0.00364042,0.0019078086951160866,1.0337695956601003,1.2689909541477504,1.0
1,1,f64,abcijk-ejab-ikec,0.002815451,0.002888237,0.02585234124124347,0.0027825,0.00283079,0.0173548966756516,0.002938251,0.002951004,0.004340337159759455,0.003939999,0.003991234,0.013003810407058447,1.0326162261958014,1.3906289005342003,1.0
1,1,f64,abcijk-ejac-ikeb,0.002698123,0.002760789,0.023225775844911478,0.002695417,0.00276675,0.02646455075411347,0.002831271,0.002827384,0.0013728816492662999,0.004083878,0.004059772,0.005902722853131315,1.0366583217443046,1.4919000270460059,1.0
1,1,f64,abcijk-ejbc-ikea,0.002857489,0.002901181,0.015290347574391516,0.002848954,0.002895501,0.01633827713609981,0.00298659,0.002994255,0.0025664721304230476,0.004056487,0.004072786,0.00401800868584079,1.03860999842676,1.4116958692504726,1.0
1,1,f64,abcijk-ekab-ijec,0.002810312,0.00286335,0.018872637628846833,0.002771069,0.002821422,0.01817096578973665,0.002930165,0.002945103,0.005098006426259349,0.003511991,0.003536516,0.0069832183510720736,1.0355755660455355,1.2423673327079336,1.0
1,1,f64,abcijk-ekac-ijeb,0.002717148,0.002767843,0.018657430511698214,0.002688855,0.002752374,0.02362306632376976,0.002833315,0.002834466,0.00040623792271587966,0.004278891,0.004301924,0.005382936840410357,1.0333696044473941,1.56447852175641,1.0
1,1,f64,abcijk-ekbc-ijea,0.002842162,0.002893677,0.018125286313728672,0.002832073,0.002910148,0.027568145312638404,0.002984918,0.002992431,0.002516987066311316,0.004058911,0.004082724,0.005866844579740738,1.0421466445927265,1.4194834543728796,1.0
1,1,f64,abcijk-ijma-mkbc,0.002840869,0.002888197,0.016659691101560625,0.002841029,0.002882005,0.0144229432364118,0.002980659,0.002984056,0.0011396808558108429,0.004042741,0.004026299,0.0040670426327088505,1.0411675433702516,1.4084841396997962,1.0
1,1,f64,abcijk-ijmb-mkac,0.002698123,0.002750359,0.019360125539124695,0.002684948,0.002737075,0.01941452869850724,0.002821282,0.002832993,0.004150949816430938,0.004270666,0.004344202,0.017218860009188264,1.0378161747341648,1.5811651901711874,1.0
1,1,f64,abcijk-ijmc-mkab,0.002790905,0.002829537,0.013842104980284153,0.002758355,0.002834397,0.027567880131454947,0.002947578,0.002969728,0.007514644226547906,0.003482185,0.003493185,0.003158936127747314,1.052836116454424,1.241099206613484,1.0
1,1,f64,abcijk-ikma-mjbc,0.002853052,0.002896953,0.015387381653050758,0.002843664,0.002897895,0.01907081849332415,0.002982574,0.002984968,0.0008026623983177217,0.004105578,0.004075121,0.007418443882932002,1.0378626555525772,1.4227606321949517,1.0
1,1,f64,abcijk-ikmb-mjac,0.002711938,0.002757613,0.01684219919481933,0.002692211,0.002749829,0.02140174005677875,0.002837152,0.002847701,0.0037181652586819602,0.004030287,0.004045775,0.0038429025029731445,1.0393981956549856,1.4765981260659051,1.0
1,1,f64,abcijk-ikmc-mjab,0.002829328,0.002834146,0.0017028778565086888,0.002792008,0.002820581,0.010233853198128307,0.002934323,0.002963026,0.00978181338591555,0.00394565,0.004086001,0.03557107193998443,1.0412833683612963,1.4179331473468442,1.0
1,1,f64,abcijk-jkma-mibc,0.002856208,0.002893587,0.01308693204416489,0.002834337,0.0028955,0.021579297027841005,0.002972835,0.00299695,0.008111785551502049,0.003634329,0.003639087,0.0013091825203497276,1.0382739635220817,1.2650134732363454,1.0
1,1,f64,abcijk-jkmb-miac,0.002699796,0.002751312,0.019081441708929114,0.002682624,0.002748245,0.02446149739956094,0.002812907,0.002829096,0.005755256039392753,0.005337496,0.00527044,0.012563194426749802,1.0350614483857146,1.946062670698864,1.0
1,1,f64,abcijk-jkmc-miab,0.002791506,0.002814249,0.008147215159129084,0.002751031,0.002813016,0.02253155271605456,0.002912944,0.00292219,0.003174108393432684,0.003826407,0.003738202,0.02305165132721121,1.0409257447163667,1.3493556158981497,1.0
1,1,f64,abcs-rc-abrs,0.000291454,0.000291434,6.86214634214588e-05,0.000290803,0.000290121,0.002345230276166399,0.000310088,0.000312273,0.007046386832125107,0.000688154,0.000694345,0.008996532752843178,1.0677131194658325,2.3717852121090783,1.0
1,1,f64,abj-bka-kj,0.001130448,0.001133994,0.0031368094773045474,0.001143623,0.001143723,8.744140332939132e-05,0.001166395,0.001161166,0.004483043908795947,0.001634349,0.001617687,0.010194884935836868,1.027872641552632,1.4361141961747133,1.0
1,1,f64,abjc-cbka-kj,0.000637018,0.000621749,0.023969495367477944,0.000623953,0.000628933,0.007981370391680231,0.000653168,0.000652537,0.000966060799059254,0.00085751,0.000851649,0.006834905715385253,1.0373650713599967,1.3578960257723884,1.0
1,1,f64,abjc-kbac-jk,0.000330266,0.000342349,0.036585661254867174,0.000326108,0.000328212,0.006451850307260143,0.000345394,0.00034843,0.008789961609060981,0.000687232,0.000692311,0.007390517321661516,1.031688761955799,2.0513314466922004,1.0
1,1,f64,abjcd-dkbac-jk,0.00303444,0.003180141,0.04801577885870212,0.003031204,0.003056351,0.00829604342037027,0.003261894,0.003289626,0.008501809071661981,0.005869348,0.00590343,0.005806777856756984,1.0544979004845,1.894892922596851,1.0
1,1,f64,abrs-qb-aqrs,0.000288108,0.000286885,0.004244935926805082,0.000286975,0.000286935,0.0001393849638471334,0.00030546,0.000306551,0.0035716624107902106,0.00069729,0.000689967,0.010502086649744058,1.0643806306387598,2.4126220834982606,1.0
1,1,f64,adbjc-cbdka-kj,0.00923187,0.008961504,0.02928615762570308,0.009217142,0.008998242,0.023749227255042804,0.009287894,0.00911474,0.018642977622268297,0.006333694,0.006307483,0.004138343279609047,1.0115689166332356,0.6948983675568358,1.0
1,1,f64,ajb-kba-jk,0.000878638,0.000907703,0.03307960730130044,0.000872838,0.000880853,0.009182689112985365,0.00089533,0.000903024,0.008593479499179102,0.001318238,0.001280809,0.028393203655182164,1.0068489891412467,1.4549974165367274,1.0
1,1,f64,ajbc-ckba-jk,0.000451542,0.000451342,0.0004429266823462452,0.000448557,0.000448166,0.0008716840892015743,0.000482841,0.000472481,0.02145633862907248,0.000741733,0.000738447,0.004430165571708278,1.0580161429567625,1.6393871071472297,1.0
1,1,f64,ajbdc-ckbad-jk,0.003051221,0.003044669,0.0021473370824335314,0.002939884,0.002944612,0.001608226719149508,0.0033403,0.003300866,0.011805526449720105,0.005462139,0.005439696,0.004108829892465304,1.0894312002237754,1.7883882740712418,1.0
1,1,f64,aqrs-pa-pqrs,0.000190535,0.00018791,0.01377699635237617,0.000284751,0.000282177,0.009039476595341323,0.000301282,0.000298206,0.010209703865481368,0.000650754,0.00064851,0.003448307655427363,1.5840994860633242,3.4332421311114247,1.0
1,1,f64,ij-ik-kj,0.002890291,0.002889159,0.0003916560650814027,0.003078392,0.003102066,0.0076903786132500596,0.003135679,0.003124848,0.0034541163173910094,0.003622197,0.003604493,0.004887641395539877,1.083237635245005,1.2504076430960307,1.0
1,1,f64,ij-ikl-ljk,0.000731535,0.000733598,0.002820097466286642,0.000732527,0.000732156,0.0005064659732678667,0.00075564,0.000757733,0.002769837488751259,0.001282923,0.001284646,0.0013430268223424413,1.0329253746422127,1.7524490726561615,1.0
1,1,f64,ij-kil-lkj,0.001095514,0.001100432,0.004489216933786455,0.00109384,0.00109391,6.399473414764323e-05,0.001129406,0.001130799,0.001233391712103682,0.001832548,0.001820335,0.006664491189316779,1.029264945057792,1.6634615534556634,1.0
1,1,f64,ijk-ikl-lj,0.000661554,0.000667295,0.008678051980639534,0.000658327,0.000664609,0.009542370281030665,0.000679878,0.000682813,0.004316950982382162,0.001076237,0.001047284,0.026902067109753625,1.0254743440346923,1.5978816464431107,1.0
1,1,f64,ijk-il-jlk,0.000644202,0.000649882,0.00881711016109854,0.000644683,0.0006487,0.006230969329112268,0.000671953,0.000675189,0.004815813010731418,0.00094901,0.000946586,0.002554240735081814,1.0410074538724283,1.464829724996203,1.0
1,1,f64,ijk-ilk-jl,0.000615468,0.000621208,0.009326236294982193,0.000612803,0.000618934,0.010004846582017501,0.000629194,0.000632299,0.0049348849480446155,0.00090624,0.000903956,0.0025203036723163708,1.0200754015185312,1.463773905350831,1.0
1,1,f64,ijk-ilk-lj,0.000658628,0.00065914,0.0007773735705132179,0.000657035,0.000657897,0.0013119544620909807,0.000674889,0.000674818,0.00010520248514944708,0.001030281,0.001024661,0.005454822519293301,1.024237270906929,1.559405350643191,1.0
1,1,f64,ijk-ilmk-mjl,0.000258381,0.000259554,0.0045398074935849575,0.000258843,0.000259083,0.0009272029763216505,0.000264023,0.000264644,0.002352067812273928,0.000569833,0.000570544,0.0012477339852203784,1.0207226603358692,2.2017815033687054,1.0
1,1,f64,ijkl-imjn-lnkm,0.003821518,0.003810958,0.00276329981960044,0.003809235,0.003811088,0.00048644937894359863,0.003870159,0.003857114,0.00337066254900642,0.00439647,0.004376934,0.004443564950972201,1.0124197422695562,1.1494815897853987,1.0
1,1,f64,ijkl-imjn-nlmk,0.003760023,0.003746748,0.003530563509850926,0.003745326,0.003739404,0.0015811707712493073,0.003813523,0.003792053,0.005629964733397386,0.004570525,0.004522705,0.010462693016666469,1.013159664528324,1.2113222153829397,1.0
1,1,f64,ijkl-imkn-jnlm,0.003767507,0.003748421,0.005065949446145579,0.003751176,0.003745155,0.0016050966416931711,0.003807482,0.003798665,0.0023157036592688085,0.004387193,0.004341027,0.010522901545475749,1.0120062904071192,1.1612838825469545,1.0
1,1,f64,ijkl-imkn-njml,0.003728765,0.003729066,8.072377851653378e-05,0.00372583,0.003729295,0.0009299941221150299,0.003789809,0.00377473,0.003978828484496155,0.004496557,0.004516033,0.004331313936418502,1.0143061671762779,1.2084705276536296,1.0
1,1,f64,ijkl-imln-jnkm,0.003764201,0.003749313,0.003955155423421841,0.00375282,0.003740827,0.0031957301442648856,0.003805789,0.003795489,0.0027064033239887486,0.004348671,0.004335286,0.0030779518616148582,1.0116818767022495,1.1557792708686871,1.0
1,1,f64,ijkl-imln-njmk,0.003726822,0.003736399,0.002569749776082819,0.003721942,0.003728194,0.0016797682500158118,0.003782606,0.003768368,0.0037640716479591108,0.004425114,0.004467653,0.009613085674176958,1.0117570943546328,1.1915327949338286,1.0
1,1,f64,ijkl-imnj-nlkm,0.003757929,0.003749012,0.0023728495136550176,0.003750345,0.003741428,0.002377647923057724,0.003809606,0.00379025,0.005080840380868756,0.004391351,0.004402921,0.002634724484560591,1.0123746427007507,1.171485241887652,1.0
1,1,f64,ijkl-imnk-njml,0.00371493,0.003728123,0.0035513455166045205,0.003714809,0.003728985,0.003816077757968328,0.003767287,0.003765143,0.0005691098129767536,0.004356185,0.004410847,0.012548135581936792,1.012009658908174,1.1778601285039667,1.0
1,1,f64,ijkl-minj-nlmk,0.004597946,0.00460545,0.0016320330860779553,0.004596984,0.004584721,0.0026676185951485243,0.004702772,0.004687623,0.003221291612691357,0.005373643,0.005403508,0.005557682190647784,1.0203174895253364,1.1709930988696464,1.0
1,1,f64,ijkl-mink-jnlm,0.004541681,0.004533595,0.0017803980508538375,0.004548624,0.004523126,0.005605651291467617,0.004600031,0.004604858,0.0010493407544427402,0.00538797,0.005346852,0.0076314456093853344,1.0142822530249023,1.1828563134353067,1.0
1,1,f64,ijkl-minl-njmk,0.004579542,0.00457327,0.0013695692713375784,0.00457326,0.004566857,0.00140009533680574,0.004669119,0.004681572,0.002667098439769866,0.005333318,0.00535078,0.003274134413136398,1.021618809948746,1.1673009604694546,1.0
1,4,f64,abc-bk-akc,0.000167452,0.000171519,0.024287557031268614,0.000167802,0.000165559,0.013366944374918033,0.000229408,0.000219329,0.043934823545822344,0.000256659,0.000259564,0.011318519903841251,1.3235825143592996,1.5229975003269294,3.651410606118993
1,4,f64,abcijk-eiab-jkec,0.000851418,0.000842601,0.010355665489806487,0.000810912,0.000796566,0.0176911921392211,0.000956394,0.000935445,0.02190415247272559,0.001395292,0.001379373,0.011409081396582255,1.1167222045880765,1.6379136931032354,3.311498468999678
1,4,f64,abcijk-eiac-jkeb,0.000797207,0.000864382,0.0842629329647131,0.000764075,0.000761731,0.0030677616726106915,0.00086866,0.000854795,0.01596136578177887,0.001833189,0.00181235,0.011367622214621731,1.0380481275981772,2.1957669726400226,3.2954326359999593
1,4,f64,abcijk-eibc-jkea,0.000881775,0.000860094,0.024587905077825933,0.000869883,0.000838384,0.036210616830079534,0.000993684,0.000982943,0.010809271357896555,0.001019432,0.001036473,0.016716171358168053,1.134844783751131,1.180337697514586,3.290995093689647
1,4,f64,abcijk-ejab-ikec,0.000833074,0.000868359,0.04235518093230595,0.000802657,0.000781668,0.026149401300929354,0.000910739,0.000911761,0.0011221656259365886,0.001434376,0.001339588,0.06608309118390154,1.071386150035347,1.6297676163679293,3.3527328920424573
1,4,f64,abcijk-ejac-ikeb,0.000822424,0.000834206,0.01432594379541463,0.000757232,0.000768043,0.014276998330762458,0.000893837,0.000847411,0.051940118835984705,0.00119543,0.001171875,0.0197042068544373,1.050731301913334,1.4289537669744048,3.295057045440444
1,4,f64,abcijk-ejbc-ikea,0.000930966,0.000915017,0.017131667536730677,0.000910869,0.000857299,0.05881196966852542,0.001006678,0.000929724,0.07644351023862639,0.001132122,0.001144615,0.011035029793609041,1.0481919456486761,1.233374144188602,3.119594919066305
1,4,f64,abcijk-ekab-ijec,0.000808668,0.000846098,0.046285991284433115,0.000790274,0.000819859,0.037436382824185044,0.00089536,0.000897594,0.002495085775554129,0.001283394,0.001181193,0.07963337837016526,1.0837855379838488,1.488486744350065,3.4294069546629595
1,4,f64,abcijk-ekac-ijeb,0.000777671,0.000833244,0.07146081054841957,0.000779855,0.000797027,0.022019477979880797,0.000866446,0.000889409,0.02650251717937402,0.001826857,0.00184995,0.012640836146452505,1.090529607160869,2.283748223450786,3.406773997167947
1,4,f64,abcijk-ekbc-ijea,0.00092212,0.000936026,0.015080466750531318,0.000853852,0.000888658,0.04076350468231027,0.0010187,0.000963958,0.05373711593207031,0.001121221,0.001150185,0.02583255219087044,1.0666318116183333,1.2223393260747564,3.0868232558452173
1,4,f64,abcijk-ijma-mkbc,0.000850005,0.001108467,0.30407115252263206,0.000833224,0.000855927,0.027247174829337695,0.001016746,0.00092755,0.08772692491536727,0.001124858,0.001157559,0.02907122499017656,1.0004670198130041,1.1755694579761309,2.950984210501115
1,4,f64,abcijk-ijmb-mkac,0.000844395,0.000807726,0.04342635851704468,0.001182155,0.000738828,0.3750159666033642,0.000902734,0.000888487,0.015782057616086198,0.001787995,0.001837417,0.027641016893223957,1.0844276463104894,2.1947353423751257,3.298532039467585
1,4,f64,abcijk-ijmc-mkab,0.000827103,0.000811805,0.018495882616796244,0.000805212,0.00081472,0.011808070421205796,0.000916429,0.00091175,0.005105687401860903,0.00116902,0.001230916,0.05294691279875452,1.115530988013996,1.463927334829312,3.4294506407879823
1,4,f64,abcijk-ikma-mjbc,0.000905429,0.000882847,0.02494066348659041,0.000843924,0.000877306,0.03955569458861219,0.000988053,0.000972674,0.01556495451154949,0.001112866,0.001156116,0.03886361880046674,1.0964879193179136,1.2686803691769695,3.2155528006478336
1,4,f64,abcijk-ikmb-mjac,0.000844084,0.000823386,0.024521256178295148,0.000773182,0.00072918,0.05691027468306298,0.00087378,0.000883638,0.01128201606811774,0.001208814,0.001205188,0.0029996343523485125,1.0540074211142398,1.447813316198278,3.280287914400164
1,4,f64,abcijk-ikmc-mjab,0.000805713,0.000858391,0.06538060078464669,0.000795613,0.000807947,0.0155025118996297,0.000926277,0.000885612,0.043901554286676636,0.001382529,0.001460975,0.056740943589610016,1.089079098679284,1.7089358240752095,3.4050225706122927
1,4,f64,abcijk-jkma-mibc,0.000891443,0.000848653,0.04800082562766217,0.000891513,0.00086893,0.025331094442818114,0.000958628,0.000928342,0.03159306842696019,0.00102445,0.001022036,0.002356386353653206,1.0845939801545483,1.1764314204683237,3.305227237441813
1,4,f64,abcijk-jkmb-miac,0.000795784,0.000904317,0.13638499894443723,0.000803729,0.000787649,0.02000674356655041,0.000905739,0.000884309,0.023660237662284644,0.001902408,0.001788245,0.06000973503055074,1.0549833550839884,2.1742395551935902,3.212753807260093
1,4,f64,abcijk-jkmc-miab,0.00083655,0.000873008,0.043581375889068186,0.000850787,0.000830829,0.023458280392154474,0.000892605,0.000901782,0.01028114339489461,0.001328678,0.001408507,0.06008152464329197,1.0498454619037239,1.6007898184431983,3.2797857871353515
1,4,f64,abcs-rc-abrs,8.6201e-05,8.7714e-05,0.017552000556838143,8.5259e-05,8.6442e-05,0.013875367996340371,0.000145552,0.000138218,0.0503874903814443,0.000228767,0.000228767,0.0,1.6311758413794486,2.630890463573563,3.3516951300422666
1,4,f64,abj-bka-kj,0.000303516,0.00030558,0.006800300478393417,0.000304047,0.000302284,0.0057984456350498315,0.000361895,0.00036446,0.007087691181143718,0.000464767,0.000470287,0.011876918972302253,1.1925125782456696,1.5351325159586298,3.717726310363701
1,4,f64,abjc-cbka-kj,0.000232554,0.000227244,0.022833406434634496,0.000210062,0.000207697,0.011258580799954454,0.000262079,0.000277567,0.05909668458747164,0.00028455,0.000286354,0.006339834826919688,1.1732536329369985,1.2417175016590405,2.7376333338282013
1,4,f64,abjc-kbac-jk,9.8414e-05,0.000100888,0.025138699778486817,9.624e-05,9.8163e-05,0.019981296758104783,0.000154157,0.000164917,0.06979897117873324,0.00023056,0.0002306,0.00017349063150584598,1.6001700579531262,2.314053710332363,3.374568643988976
1,4,f64,abjcd-dkbac-jk,0.001275849,0.001246234,0.023211994522862822,0.001155465,0.001211259,0.048287053264270074,0.001329079,0.001360006,0.023269497148025176,0.002044503,0.002088325,0.021434060013607148,1.0662188925845684,1.6386774723099793,2.4635593462491996
1,4,f64,abrs-qb-aqrs,8.6101e-05,8.6882e-05,0.009070742500087103,8.5229e-05,8.565e-05,0.004939633223433271,0.000145171,0.000145061,0.0007577270942543679,0.000228636,0.000229829,0.005217900942983578,1.6778234698422398,2.6503651838700155,3.324011953961644
1,4,f64,adbjc-cbdka-kj,0.005482075,0.005170925,0.05675770579570705,0.005383201,0.005468189,0.015787632674314045,0.005474712,0.005750675,0.050406852451782,0.002495414,0.002559624,0.025731201315693397,1.053861272319921,0.47468202311585656,1.7083572136697047
1,4,f64,ajb-kba-jk,0.000234768,0.000252962,0.07749778504736593,0.000234667,0.000232583,0.008880669203594982,0.000288057,0.000288588,0.0018433851633530285,0.000346246,0.000340846,0.01559584803867764,1.183126706308323,1.409692502944835,3.664627051819741
1,4,f64,ajbc-ckba-jk,0.000134271,0.000146544,0.09140469647206029,0.000131214,0.000145432,0.10835733991799668,0.000200404,0.000215011,0.07288776671124331,0.000257079,0.000249645,0.02891718109997321,1.4798183209879994,1.8060077287713516,3.2183021702777017
1,4,f64,ajbdc-ckbad-jk,0.001221288,0.001256023,0.028441284938523825,0.001220757,0.001261463,0.03334488354357168,0.001375526,0.001357312,0.013241479986565108,0.001934287,0.001938405,0.002128949840432215,1.103230869214691,1.563417166187321,2.4609287163107267
1,4,f64,aqrs-pa-pqrs,0.000200243,0.000202167,0.009608325884050917,0.00024107,0.000159518,0.33829178246982194,0.000120545,0.00012308,0.021029491061429262,0.000218538,0.000214951,0.016413621429682723,0.6053890196243951,1.0772076083828124,0.9404344364828857
1,4,f64,ij-ik-kj,0.000739289,0.000736875,0.0032652994972195426,0.000803839,0.000802146,0.0021061431455801083,0.000896923,0.000901351,0.004936878639526521,0.001023279,0.001020062,0.003143815127643612,1.2182053978129537,1.384223704025882,3.915186671034459
1,4,f64,ij-ikl-ljk,0.000452053,0.000435893,0.03574802069668814,0.000443377,0.000430614,0.028785886502908364,0.000526812,0.000528716,0.003614192539274086,0.000736784,0.00073428,0.0033985537145214684,1.1889249223391147,1.6569763792775956,1.650296577071932
1,4,f64,ij-kil-lkj,0.000636988,0.000633992,0.004703385307101571,0.000635966,0.00063268,0.005166942886883796,0.000727367,0.000731584,0.005797623483055903,0.00102426,0.001026845,0.0025237732606955277,1.1478929321353994,1.6138012160946291,1.7277585751370481
1,4,f64,ijk-ikl-lj,0.000247983,0.000249716,0.006988382268139137,0.000247291,0.000246229,0.0042945355876276015,0.000331008,0.000323894,0.021491927687548262,0.000404875,0.000397562,0.018062364927446728,1.3157899257119827,1.612236593306738,2.669976540813182
1,4,f64,ijk-il-jlk,0.000513378,0.000481909,0.06129791303873555,0.000242212,0.000240939,0.005255726388453175,0.000296623,0.000290492,0.020669334475074352,0.000366674,0.000362145,0.012351571150395091,0.5901580757052692,0.7326223431090221,1.300849765889389
1,4,f64,ijk-ilk-jl,0.00022533,0.000201075,0.10764212488350422,0.000223858,0.000197529,0.11761473791421351,0.000291965,0.00025737,0.11849022999332115,0.000345194,0.000304959,0.11655764584552453,1.2878219126979824,1.52427665967361,2.904910201663214
1,4,f64,ijk-ilk-lj,0.000212035,0.000189594,0.10583630061074834,0.000216944,0.000183602,0.15368943137399516,0.000272288,0.000245468,0.09849864848983425,0.000337098,0.000287626,0.1467585093948941,1.289423618961567,1.5530165604221287,3.2861914152927336
1,4,f64,ijk-ilmk-mjl,8.069e-05,0.00032737,3.0571322344776304,7.8717e-05,0.000323253,3.106520827775449,0.000143217,0.000131265,0.08345377992836045,0.000175658,0.000172672,0.01699894112423017,0.8436114403094822,1.0715578681924405,1.5933634603642726
1,4,f64,ijkl-imjn-lnkm,0.000990477,0.00098651,0.004005140957336839,0.000988784,0.000985077,0.00374904933736786,0.001075316,0.001089582,0.013266797852910184,0.00124419,0.001277993,0.027168680024755032,1.0950276119887317,1.2756591461789175,3.8606647694289564
1,4,f64,ijkl-imjn-nlmk,0.00096493,0.000967995,0.00317639621526955,0.000958819,0.000962134,0.003457378295590674,0.00104016,0.001048796,0.008302568835563795,0.001230064,0.001234593,0.0036819222414443686,1.080714862180429,1.2750913446427796,3.8836316461600866
1,4,f64,ijkl-imkn-jnlm,0.00095987,0.000996027,0.037668642628689186,0.000961494,0.000958808,0.002793569174638688,0.001052934,0.001044428,0.008078379081689735,0.001194488,0.001197033,0.00213061998111308,1.072501882404046,1.2229316711161706,3.843345702385762
1,4,f64,ijkl-imkn-njml,0.000992181,0.000974358,0.01796345626453233,0.000949431,0.000966483,0.017960230917254627,0.001044839,0.001037415,0.007105400927798433,0.001231006,0.001215127,0.012899206015242748,1.0588787146169947,1.2439020673357006,3.7925193993999557
1,4,f64,ijkl-imln-jnkm,0.000984166,0.000958087,0.026498578491839786,0.000962104,0.000976071,0.014517141597997663,0.00104011,0.001052904,0.012300622049590926,0.001192625,0.0012062,0.011382454669321973,1.0776987306660637,1.2351649637137168,3.8687939437211125
1,4,f64,ijkl-imln-njmk,0.0009595,0.000968046,0.008906722251172505,0.000953909,0.000949131,0.005008863528911056,0.001029239,0.001037184,0.007719295518339386,0.001212071,0.001212111,3.300136708173085e-05,1.0720512176549344,1.2576643182788982,3.8719118549675486
1,4,f64,ijkl-imnj-nlkm,0.000981761,0.000956303,0.025930954682453322,0.000963317,0.000960762,0.002652294104640518,0.001036032,0.001034018,0.0019439553990611147,0.001216329,0.001204266,0.009917546979476666,1.0681936384864499,1.2490680400268626,3.873754140639735
1,4,f64,ijkl-imnk-njml,0.000951165,0.000958778,0.008003868939668646,0.000949511,0.000950101,0.000621372474884474,0.001026585,0.001021225,0.0052211945430724604,0.001220236,0.001213824,0.005254721217862746,1.0721886743614797,1.2744206978353463,3.897027521749148
1,4,f64,ijkl-minj-nlmk,0.001179951,0.001182195,0.0019017738872206813,0.001178869,0.001170834,0.0068158548574948075,0.001284406,0.001274217,0.007932849893258154,0.001484379,0.001473619,0.0072488225715939825,1.0831692312962795,1.2522425643522843,3.896201629235623
1,4,f64,ijkl-mink-jnlm,0.001151759,0.00115317,0.0012250826778865687,0.001154272,0.001152379,0.0016399947326106723,0.001255291,0.001240434,0.011835502684238164,0.001489348,0.001489268,5.371477989024598e-05,1.0827584040656693,1.2922812620434347,3.9373334702226734
1,4,f64,ijkl-minl-njmk,0.001162379,0.001160474,0.0016388802619454745,0.001160544,0.001171144,0.009133647668679634,0.001261673,0.001242126,0.015492920907398289,0.001445016,0.001454192,0.0063501026978247666,1.0778656848819073,1.2481179196053611,3.940332396867844
1,8,f64,abc-bk-akc,0.000184895,0.00018236,0.013710484328943395,9.3084e-05,9.3915e-05,0.008927420394482244,0.000263331,0.000247602,0.059730909008054556,0.000154197,0.000153937,0.0016861547241515673,1.3905950948217403,0.8390388997911615,3.3700363472418884
1,8,f64,abcijk-eiab-jkec,0.000566176,0.000564713,0.002584002147742126,0.000518417,0.000492899,0.04922292285939689,0.000684367,0.000689756,0.007874429947674288,0.000923072,0.000936036,0.01404440823684383,1.2150737893726888,1.6438963988382018,4.960407286051617
1,8,f64,abcijk-eiac-jkeb,0.000529067,0.000572377,0.08186108753711707,0.000425303,0.000446363,0.0495176380133695,0.000592024,0.000644993,0.0894710349580421,0.001082138,0.001092688,0.009749218676361027,1.1229249546789788,1.9760275117141048,4.971122021235064
1,8,f64,abcijk-eibc-jkea,0.000716045,0.000586635,0.18072886480598294,0.000705696,0.000530599,0.24811958690427616,0.000803108,0.000832422,0.036500694800699396,0.000622761,0.000652266,0.04737772596549883,1.2615504050818689,0.9833744737203706,4.422063159072652
1,8,f64,abcijk-ejab-ikec,0.000521042,0.000551439,0.05833886711627856,0.000478913,0.000495645,0.03493745210507959,0.000709173,0.000676782,0.04567432770283131,0.000988875,0.000947868,0.04146833522942728,1.2924548808744056,1.806173743350155,5.319922372950803
1,8,f64,abcijk-ejac-ikeb,0.000528786,0.000513408,0.02908170791208531,0.00046085,0.000436735,0.05232722143864599,0.000622672,0.000669919,0.07587782974021651,0.000779965,0.000868029,0.11290763047059804,1.2395656308490208,1.5791863619863136,5.238129004230336
1,8,f64,abcijk-ejbc-ikea,0.000598235,0.000561527,0.061360502143806395,0.000541409,0.000558432,0.03144203365662568,0.000833855,0.000855916,0.026456638144521483,0.000677364,0.000705004,0.04080523913287393,1.4576041978345433,1.192300196514381,4.967735509434329
1,8,f64,abcijk-ekab-ijec,0.00059,0.000513919,0.12895084745762708,0.000464767,0.000466851,0.004483967235195285,0.000664289,0.00064844,0.02385859166718096,0.000842231,0.000766079,0.09041699961174543,1.191900731006002,1.4587438800942736,5.151588256289139
1,8,f64,abcijk-ekac-ijeb,0.000543634,0.000548132,0.008273949017169713,0.000446273,0.000442325,0.008846602864166164,0.000608915,0.000681932,0.11991328839000515,0.001098529,0.001049538,0.044596910960020164,1.1804646538644799,1.9670208487921053,5.023790143777918
1,8,f64,abcijk-ekbc-ijea,0.000600881,0.000599798,0.0018023535442126537,0.000568891,0.000525089,0.0769954173998183,0.000835148,0.000826251,0.010653201588221473,0.000682172,0.000698072,0.023307904751294295,1.3836969359749214,1.1494770681958233,4.776972025004494
1,8,f64,abcijk-ijma-mkbc,0.000585993,0.000554364,0.05397504748350246,0.000522164,0.000515251,0.013239135597245322,0.000813307,0.000808678,0.00569157771911466,0.000672264,0.000695657,0.034797341520593106,1.4228900594192304,1.199841235433352,5.025685252059611
1,8,f64,abcijk-ijmb-mkac,0.0005519,0.000534276,0.0319333212538504,0.000453315,0.000446242,0.015602836879432536,0.000629144,0.0006435,0.02281830550716535,0.001096875,0.001092888,0.0036348717948717635,1.171753542730322,2.016291725299189,5.0166353571959075
1,8,f64,abcijk-ijmc-mkab,0.000531101,0.000510341,0.03908861026433763,0.000465559,0.000477381,0.025393129549638127,0.000644011,0.000685719,0.06476286895720729,0.000800533,0.000846499,0.05741924442839963,1.2764415849139095,1.5811899840230668,5.397733342012225
1,8,f64,abcijk-ikma-mjbc,0.000580483,0.000576435,0.006973503100004663,0.000522615,0.000506425,0.03097882762645543,0.00084709,0.000861807,0.017373596666233837,0.000706308,0.000704584,0.0024408614938525863,1.4770658663322151,1.2195329170368663,4.9699914804426
1,8,f64,abcijk-ikmb-mjac,0.00050938,0.000542852,0.06571125682201884,0.000440562,0.000459437,0.04284300507079597,0.00064382,0.000605489,0.05953682706346508,0.000764035,0.000838023,0.0968384956186561,1.1873361619966878,1.5216785908403974,5.2004972552490925
1,8,f64,abcijk-ikmc-mjab,0.000526031,0.000522394,0.006914041187686681,0.000492859,0.00047767,0.030818144743222642,0.00065937,0.000649461,0.015027981254834177,0.00102918,0.001004583,0.023899609397772914,1.2483500151770206,1.9396966772709985,5.401918142158268
1,8,f64,abcijk-jkma-mibc,0.000617672,0.000558542,0.0957304200287531,0.000613665,0.000549084,0.1052381999951113,0.000829948,0.000823195,0.008136654344609529,0.000662877,0.000673076,0.015385961498136203,1.4072456929802073,1.137212573034223,4.894477233565578
1,8,f64,abcijk-jkmb-miac,0.000524288,0.000549856,0.04876708984375,0.000465058,0.000470788,0.012321043826791334,0.000652637,0.000575693,0.11789708520969544,0.001086486,0.001167688,0.07473819266884263,1.141620811305888,2.0978094276460113,5.0760507202925504
1,8,f64,abcijk-jkmc-miab,0.000574341,0.000581484,0.012436862421453254,0.000489664,0.000507075,0.0355570350281007,0.000651876,0.000649692,0.0033503304309409065,0.000915268,0.000935665,0.02228527600659036,1.1261142675916094,1.601328882259495,4.850055947541205
1,8,f64,abcs-rc-abrs,5.5243e-05,5.4732e-05,0.00925004072914215,5.3539e-05,5.6255e-05,0.05072937484824158,0.000156762,0.000158315,0.009906737602225046,0.000159869,0.00016054,0.0041971864464029895,2.864983622855853,2.9134963061509467,5.300243619480378
1,8,f64,abj-bka-kj,0.000160499,0.000159518,0.006112187614876086,0.000158375,0.000161711,0.021063930544593656,0.000292014,0.000304458,0.04261439520023025,0.000256548,0.000249496,0.027488033428442304,1.8634790660328675,1.581157370775354,7.076029908348007
1,8,f64,abjc-cbka-kj,0.000157083,0.000170388,0.08470044498768159,0.000157413,0.000153767,0.02316200059715523,0.000260445,0.00027883,0.07059071972969333,0.000192929,0.000192519,0.0021251341166957927,1.6471898801777378,1.1780167323220458,3.8467973106644844
1,8,f64,abjc-kbac-jk,6.0994e-05,6.0012e-05,0.01609994425681216,6.1204e-05,6.0253e-05,0.0155382001176394,0.000172301,0.000170748,0.009013296498569412,0.00016068,0.000162914,0.013903410505352154,2.8350394314884455,2.6742223061309662,5.55781206331054
1,8,f64,abjcd-dkbac-jk,0.001049697,0.001062662,0.012351183246212871,0.000938651,0.000950823,0.012967545978217698,0.001112956,0.001134956,0.01976717857669108,0.001528731,0.001535023,0.004115832020152643,1.0641404618790806,1.4504188200282984,2.9412565809335325
1,8,f64,abrs-qb-aqrs,5.7126e-05,5.5293e-05,0.03208696565486824,5.2848e-05,5.371e-05,0.016310929458068335,0.000144399,0.000180547,0.250334143588252,0.000160689,0.000159938,0.004673624205763782,2.872931336340356,2.8524426392700013,5.1153999494542
1,8,f64,adbjc-cbdka-kj,0.003136801,0.003048606,0.028116224140453783,0.003059156,0.003134065,0.024486819240339575,0.003335552,0.003279967,0.016664408169922096,0.002075201,0.002125184,0.0240858596348017,1.0696075529636404,0.6791007637491455,2.9413124263154944
1,8,f64,ajb-kba-jk,0.00012851,0.00013911,0.08248385339662279,0.000127057,0.000126336,0.0056746184783207365,0.000229418,0.000243123,0.05973811993827871,0.000196887,0.000195826,0.005388877884268672,1.7663596308954534,1.4685747612116467,6.679273687446202
1,8,f64,ajbc-ckba-jk,9.1281e-05,8.7343e-05,0.04314150809040218,8.7303e-05,9.5839e-05,0.0977744178321478,0.000216473,0.00019835,0.08371944769093609,0.000177962,0.00017692,0.005855182567064743,2.3206717919579503,1.9872287302059528,5.055891014781247
1,8,f64,ajbdc-ckbad-jk,0.000989606,0.001000626,0.01113574493283176,0.000972063,0.000989335,0.01776839566982802,0.001160495,0.001176534,0.013820826457675128,0.001438453,0.001478107,0.02756711550533808,1.1742398810342694,1.4653242047474946,3.062949408634887
1,8,f64,aqrs-pa-pqrs,0.000104916,0.000111979,0.06732052308513481,0.000303276,8.9737e-05,0.7041078093881481,0.000118281,0.000113822,0.03769836237434587,0.000149048,0.000148818,0.001543127046320536,1.0704871178364872,1.3740472068075855,1.745714317528528
1,8,f64,ij-ik-kj,0.000430052,0.000408512,0.05008696622733999,0.000416958,0.000417879,0.0022088555681867295,0.000583708,0.000619435,0.06120697334968872,0.000603425,0.000601582,0.003054232091809217,1.4346065126418348,1.437461332565642,6.894354519083446
1,8,f64,ij-ikl-ljk,0.000318755,0.000304157,0.04579692867562857,0.000301402,0.000296964,0.014724520739742952,0.000409503,0.000408802,0.0017118311709560796,0.000578048,0.000583207,0.00892486437112483,1.3140371356814275,1.8647297710974828,2.352714414058924
1,8,f64,ij-kil-lkj,0.000437686,0.000433959,0.008515236950690785,0.000438217,0.000440752,0.00578480524488989,0.000562129,0.000556218,0.010515379921690493,0.000806014,0.000805833,0.00022456185624553093,1.2830241690547284,1.8492181157107088,2.5193290467559124
1,8,f64,ijk-ikl-lj,0.000140542,0.00013975,0.005635326094690529,0.000143298,0.000137356,0.04146603581347974,0.000253703,0.0002466,0.027997303934127693,0.000233275,0.000237593,0.018510341871182057,1.7847622210575682,1.6798555812636966,4.74091983869788
1,8,f64,ijk-il-jlk,0.000389356,0.000133619,0.6568204933274433,0.000128289,0.000127768,0.004061143200118411,0.000221283,0.000229929,0.03907213839291779,0.000216884,0.000215532,0.006233747072167617,0.9889250004853718,0.9478990592483726,2.8367479140322343
1,8,f64,ijk-ilk-jl,0.000135753,0.000133328,0.017863325304044997,0.000132948,0.000132998,0.0003760868911153459,0.000346827,0.00034332,0.010111669506699394,0.000215953,0.000211063,0.02264381601552201,2.5649009678959884,1.5869026086228284,4.596061788769496
1,8,f64,ijk-ilk-lj,0.000141835,0.000141764,0.0005005816617901226,0.000137977,0.000138168,0.0013842886857955428,0.000263902,0.000255347,0.03241733673863778,0.000233826,0.000230821,0.01285143653828058,1.8306783049448312,1.6383601401220544,4.646588816715243
1,8,f64,ijk-ilmk-mjl,8.4047e-05,7.7345e-05,0.07974109724320921,8.0019e-05,7.9418e-05,0.00751071620490118,0.000204211,0.000194733,0.0464127789394303,0.000156702,0.000157444,0.0047351022960779865,2.473330273436778,1.9481531594370554,3.21193627648109
1,8,f64,ijkl-imjn-lnkm,0.000859203,0.000861236,0.0023661463006996453,0.000859914,0.000858561,0.0015734131552690434,0.000982122,0.000991388,0.00943467308542112,0.000988634,0.001048315,0.06036713283176587,1.1470849154912637,1.1834630176956737,4.43635259583141
1,8,f64,ijkl-imjn-nlmk,0.000794372,0.000788711,0.007126384112229545,0.000778171,0.000789012,0.013931385261080065,0.000895299,0.000908635,0.014895582369688798,0.000874601,0.000895951,0.024411131475952974,1.1394830454954326,1.1183460321562917,4.741891144225387
1,8,f64,ijkl-imkn-jnlm,0.000602955,0.000591814,0.0184773324709141,0.000588948,0.000589419,0.0007997310458647267,0.000702099,0.000688273,0.019692379564705265,0.000687452,0.000707349,0.02894311166452357,1.163709222131961,1.1673551243250295,6.290948752274685
1,8,f64,ijkl-imkn-njml,0.000606852,0.000594258,0.020753000731644655,0.000596482,0.000585012,0.01922941513742238,0.000681521,0.000696449,0.02190394720045319,0.000706528,0.000706157,0.0005251030390869271,1.1472428732962767,1.1762141802721044,6.209457077571312
1,8,f64,ijkl-imln-jnkm,0.000601111,0.000587485,0.02266802637116938,0.000600981,0.000584951,0.02667305621974736,0.000698954,0.000693784,0.007396767169227103,0.000694916,0.000704534,0.013840521732123134,1.1718194666561186,1.177447101439953,6.321738436051809
1,8,f64,ijkl-imln-njmk,0.000598997,0.00058991,0.015170359784773435,0.000587045,0.000587295,0.00042586173121317294,0.000690628,0.000682162,0.012258408289267053,0.000689997,0.000692952,0.004282627315771004,1.154677357873057,1.1632417330125904,6.277558174998117
1,8,f64,ijkl-imnj-nlkm,0.00061127,0.000595981,0.025011860552620058,0.000620568,0.000587266,0.05366374031532406,0.000709253,0.000689466,0.027898366309342282,0.000701889,0.000701608,0.0004003482032058914,1.1585753114292778,1.1626493042048889,6.218704954799193
1,8,f64,ijkl-imnk-njml,0.00058954,0.000587536,0.0033992604403433324,0.000589579,0.0005844,0.008784234173876637,0.000694185,0.000686481,0.011097906177748085,0.000695166,0.000702069,0.009930002330378773,1.1729459329397234,1.1870261332670968,6.323340289585718
1,8,f64,ijkl-minj-nlmk,0.000737666,0.000737756,0.00012200643651727461,0.00072904,0.000730753,0.002349665313288618,0.000844705,0.000842331,0.0028104486181566024,0.000864222,0.000858852,0.006213681206912125,1.1434249542092902,1.1678459690317415,6.237803799810771
1,8,f64,ijkl-mink-jnlm,0.000718009,0.00070771,0.014343831344732494,0.000714172,0.000714803,0.0008835406596729989,0.00081547,0.000818196,0.0033428574932248267,0.000838714,0.00084678,0.009617104281077982,1.1458824294129903,1.1822236200820442,6.365566560273595
1,8,f64,ijkl-minl-njmk,0.0007294,0.000724761,0.006360021935837623,0.000716948,0.000711698,0.007322706807188273,0.000834477,0.000821792,0.015201137958266053,0.000842581,0.000843043,0.0005483152361613897,1.1389583762006876,1.1591787388937804,6.294252442404464
1,1,c64,abc-bk-akc,0.002404024,0.002397421,0.002746644792231634,0.002452705,0.002446873,0.0023777828968424286,0.002461641,0.002458455,0.0012942585860408196,0.003033408,0.00305073,0.0057104088866384295,1.024712273267077,1.26714334842768,1.0
1,1,c64,abcijk-eiab-jkec,0.010278212,0.010345907,0.006586262279859589,0.010270657,0.010350505,0.007774380937850323,0.010593018,0.010620608,0.0026045457489074497,0.01236829,0.012541891,0.014035974253514327,1.0285880494236719,1.2077951187946783,1.0
1,1,c64,abcijk-eiac-jkeb,0.010083257,0.010113653,0.0030145021593717125,0.010139172,0.010206907,0.006680525786523672,0.010481209,0.010506505,0.0024134620347708857,0.015182869,0.015279958,0.006394641223605335,1.0391551244215707,1.5082855140009472,1.0
1,1,c64,abcijk-eibc-jkea,0.010784216,0.010820681,0.0033813306410035437,0.010789966,0.01081408,0.0022348541228025542,0.011087361,0.011032286,0.0049673677983426145,0.012611744,0.012571687,0.003176166595198815,1.023823901652474,1.1656355044238973,1.0
1,1,c64,abcijk-ejab-ikec,0.010301003,0.010387955,0.008441119762803817,0.010276057,0.010371905,0.009327312995636383,0.010624998,0.010633453,0.0007957648556733421,0.012819912,0.013016808,0.015358607765794341,1.0275354163629562,1.24879164629544,1.0
1,1,c64,abcijk-ejac-ikeb,0.010128692,0.010179736,0.005039545086374497,0.010173817,0.010207288,0.0032899156727510537,0.010469599,0.010495475,0.002471536875481295,0.013460797,0.013441049,0.0014670750922103348,1.0323361440755208,1.3246679519784472,1.0
1,1,c64,abcijk-ejbc-ikea,0.010814601,0.010835369,0.0019203667338258956,0.010818149,0.010777541,0.0037536920595196976,0.01110869,0.011082951,0.0023170148775416566,0.013695395,0.013736941,0.003033574424103902,1.0250192625435153,1.2670833798326204,1.0
1,1,c64,abcijk-ekab-ijec,0.01026169,0.010409755,0.014428909857927774,0.010274113,0.010414043,0.01361966721604091,0.010574434,0.010550056,0.0023053716161073323,0.011882284,0.011958764,0.0064364729878532145,1.0219420004010198,1.1533560879195373,1.0
1,1,c64,abcijk-ekac-ijeb,0.010096513,0.010150502,0.005347291683772459,0.010146836,0.010192651,0.004515200600463176,0.010460942,0.010527024,0.006317021927852995,0.013772198,0.013916025,0.010443285813927616,1.0365941144149389,1.3675076487356463,1.0
1,1,c64,abcijk-ekbc-ijea,0.010796658,0.010792549,0.0003805807315560017,0.010811776,0.010783622,0.0026040125137628545,0.0111143,0.011054568,0.005374337565118847,0.013737203,0.013657723,0.005785748379782962,1.026845864702429,1.2689123412257286,1.0
1,1,c64,abcijk-ijma-mkbc,0.010787411,0.010796827,0.0008728693103470242,0.010787271,0.010795144,0.0007298416809959907,0.011072593,0.011024902,0.004307121195550212,0.013741752,0.013740888,6.28740789383464e-05,1.0237769634977647,1.2732737009996273,1.0
1,1,c64,abcijk-ijmb-mkac,0.010080192,0.010118262,0.0037767137768804915,0.010169759,0.010196628,0.002642048843045197,0.010482763,0.010522916,0.0038303832682280436,0.01359053,0.013735649,0.010677950013722848,1.0399646395755417,1.352868006545587,1.0
1,1,c64,abcijk-ijmc-mkab,0.010255449,0.0104338,0.017390852414165492,0.010284162,0.01040737,0.011980363592094534,0.010615069,0.010649443,0.003238226713363934,0.011937877,0.011911536,0.002206506232221961,1.0278417727671387,1.1527863895248904,1.0
1,1,c64,abcijk-ikma-mjbc,0.010794274,0.010818487,0.0022431337207116098,0.010757485,0.010773534,0.0014918914597601418,0.011132485,0.011086057,0.004170497422632868,0.013690707,0.013657632,0.0024158723139718896,1.0280272582946919,1.2653791045937497,1.0
1,1,c64,abcijk-ikmb-mjac,0.010166623,0.010154118,0.0012300052829734565,0.010175049,0.010218067,0.004227792907926187,0.010489385,0.010466712,0.002161518525633399,0.013347897,0.013408788,0.0045618422137958525,1.0312659711909657,1.3167148176558665,1.0
1,1,c64,abcijk-ikmc-mjab,0.010263624,0.01040729,0.013997589935095034,0.010292498,0.010403935,0.010827012062571972,0.010622503,0.010657137,0.00326043682924837,0.012870236,0.012958308,0.006843075760226913,1.0294719326780744,1.24953437861636,1.0
1,1,c64,abcijk-jkma-mibc,0.010772684,0.010812897,0.0037328673151464375,0.010774627,0.010759287,0.0014237151782610091,0.011095776,0.011039199,0.005098967390834153,0.012507599,0.012570235,0.005007835636559932,1.025450327482366,1.161784771773059,1.0
1,1,c64,abcijk-jkmb-miac,0.010079742,0.010116989,0.0036952334692694766,0.010108074,0.010119093,0.0010901186516836248,0.010484947,0.01042306,0.005902461881781562,0.015214558,0.015240224,0.001686936945522799,1.0352146079089406,1.5079085310888156,1.0
1,1,c64,abcijk-jkmc-miab,0.010285365,0.010363118,0.007559576155051317,0.010281507,0.01035912,0.007548796105473432,0.010637531,0.010661845,0.002285680765583553,0.012182984,0.012409605,0.01860143623269983,1.0315291990260063,1.1909697757854347,1.0
1,1,c64,abcs-rc-abrs,0.001084953,0.001089502,0.0041928083520668125,0.001096395,0.001097087,0.0006311593905481416,0.001117555,0.001111894,0.005065522502248121,0.001520626,0.00150661,0.009217256577225386,1.0252898732980447,1.3921696137129291,1.0
1,1,c64,abj-bka-kj,0.003828812,0.0038016,0.007107165355729084,0.003847537,0.00383387,0.003552142578485906,0.003848448,0.00386573,0.0044906414222045665,0.00553293,0.005530856,0.0003748466002643225,1.0109818050611188,1.449968384653847,1.0
1,1,c64,abjc-cbka-kj,0.001853227,0.001768759,0.04557887403971561,0.001760424,0.001726681,0.01916754145592192,0.001781483,0.001798194,0.009380387014638947,0.001916645,0.001908039,0.004490137714600273,0.9885769327838742,1.0562478140064386,1.0
1,1,c64,abjc-kbac-jk,0.001176474,0.001166115,0.008805124465139147,0.001177506,0.001173599,0.0033180298019712673,0.001198315,0.001234742,0.03039851791891124,0.001696093,0.001697305,0.0007145834573929477,1.0385125533189348,1.448581446380652,1.0
1,1,c64,abjcd-dkbac-jk,0.008605581,0.008586615,0.0022039185965477825,0.008589812,0.008603617,0.0016071364542085131,0.009219737,0.009219726,1.1930926013814513e-06,0.011729909,0.011847678,0.01004006083934672,1.0725490926449341,1.3713959065752563,1.0
1,1,c64,abrs-qb-aqrs,0.000947437,0.000939603,0.008268623665742436,0.000943209,0.00094338,0.00018129598000027336,0.000971913,0.000976592,0.004814216910361324,0.001522209,0.001555982,0.022186835053530807,1.0325780975755376,1.6311430840975842,1.0
1,1,c64,adbjc-cbdka-kj,0.018494657,0.018545399,0.0027436031930734295,0.018528571,0.018580936,0.0028261758556555883,0.018817769,0.018806707,0.0005878486445445308,0.012917554,0.013446719,0.04096479875369585,1.0157789631463046,0.7116346337718584,1.0
1,1,c64,ajb-kba-jk,0.003468409,0.003500739,0.009321276700642978,0.003488006,0.003541816,0.0154271523615499,0.003623178,0.003578785,0.012252503189189135,0.004741073,0.004695057,0.009705819758523027,1.0333980098871813,1.3539846383745244,1.0
1,1,c64,ajbc-ckba-jk,0.001632455,0.001653835,0.013096838810258138,0.001582011,0.001539441,0.026908788876942036,0.001592861,0.00159763,0.0029939837813846015,0.001864056,0.001919921,0.02996959318818737,0.9708683523445554,1.151342294086203,1.0
1,1,c64,ajbdc-ckbad-jk,0.007878515,0.007768449,0.013970399244020104,0.007462108,0.007624009,0.021696416079745706,0.008150262,0.008213058,0.0077047829873444496,0.012229221,0.012051418,0.014539192643587051,1.0458006014665608,1.5517763518023697,1.0
1,1,c64,aqrs-pa-pqrs,0.001219525,0.001216149,0.002768290932945283,0.001249411,0.001217651,0.025419977893583523,0.001312598,0.001267664,0.0342328725169474,0.00143156,0.00142054,0.007697896001564564,1.0592029954399351,1.1709618979991083,1.0
1,1,c64,ij-ik-kj,0.012190739,0.012218309,0.0022615528066016743,0.012211678,0.012217036,0.00043876034071654857,0.012376265,0.012410897,0.002798259410250248,0.010380502,0.010566097,0.01787919312572739,1.0154903877384749,0.8581158152081508,1.0
1,1,c64,ij-ikl-ljk,0.002982603,0.003005035,0.007520947306765224,0.002983245,0.003007509,0.008133425179628118,0.003059116,0.00310407,0.01469509492284704,0.003654767,0.003612858,0.011466941668237696,1.029298247874281,1.213759944387696,1.0
1,1,c64,ij-kil-lkj,0.004773404,0.004776228,0.0005916113532398182,0.004745963,0.004771709,0.00542482105317732,0.004913364,0.004904157,0.0018738689012253174,0.005358204,0.005267695,0.016891667431848445,1.0280518780245813,1.1126621413294024,1.0
1,1,c64,ijk-ikl-lj,0.002573681,0.002575754,0.0008054611274668222,0.002564503,0.002595611,0.012130225622664303,0.002617382,0.00264823,0.011785822627342846,0.003695312,0.003689701,0.0015184103534423565,1.022543651121255,1.434140146801299,1.0
1,1,c64,ijk-il-jlk,0.002735142,0.002740511,0.0019629693814802174,0.002840919,0.002815211,0.009049184436444535,0.002868631,0.002824378,0.015426522267939058,0.002914516,0.002928583,0.0048265303741683585,1.0396640802313413,1.0671028416117614,1.0
1,1,c64,ijk-ilk-jl,0.002432187,0.002423841,0.0034314795696219758,0.002451142,0.002448487,0.0010831685801964142,0.00247697,0.002482901,0.0023944577447445603,0.003060539,0.003054978,0.001817000208133357,1.0213851277898367,1.2593674303191933,1.0
1,1,c64,ijk-ilk-lj,0.002572599,0.002565996,0.0025666650729476714,0.002584601,0.002577247,0.0028453134545719516,0.002601362,0.002613234,0.004563763136387733,0.003414679,0.00343669,0.006445993898694491,1.014788437438302,1.33330984433725,1.0
1,1,c64,ijk-ilmk-mjl,0.000992792,0.000990567,0.0022411542397602346,0.000991931,0.000990928,0.001011159042312304,0.001013711,0.001012839,0.0008602057193816126,0.001212191,0.001199087,0.010810177604024584,1.021777241343755,1.215737499075378,1.0
1,1,c64,ijkl-imjn-lnkm,0.015313232,0.015306869,0.0004155229934477145,0.015280011,0.015324121,0.0028867780265340315,0.015491225,0.015488868,0.0001521506530310912,0.016274135,0.016137939,0.008368862615432238,1.0117567404249161,1.0585134434984187,1.0
1,1,c64,ijkl-imjn-nlmk,0.015267919,0.015303723,0.0023450478090694116,0.01528466,0.015294906,0.0006703453004515136,0.015471598,0.015478238,0.0004291735087740278,0.01658248,0.016423371,0.009595006295801456,1.0123714163946553,1.0796112989294175,1.0
1,1,c64,ijkl-imkn-jnlm,0.015449136,0.015449335,1.2880979233909073e-05,0.015401238,0.015429037,0.0018049847681076425,0.015639942,0.015643536,0.00022979624860486325,0.01626025,0.016064502,0.012038437293399484,1.0124603833697985,1.0461410631835062,1.0
1,1,c64,ijkl-imkn-njml,0.015301331,0.015362022,0.0039663869764008375,0.015289078,0.015347936,0.003849676219847886,0.01546681,0.015488828,0.0014235643936919562,0.016558676,0.016526313,0.001954443700692088,1.0095337846491372,1.0789765221382939,1.0
1,1,c64,ijkl-imln-jnkm,0.015399504,0.015411273,0.0007642453938776494,0.015406076,0.015394683,0.0007395134231454881,0.015593996,0.015626495,0.002084071331043047,0.016227248,0.016253735,0.0016322545880853578,1.013297274609266,1.05420822623261,1.0
1,1,c64,ijkl-imln-njmk,0.015305127,0.015316958,0.0007730089400761475,0.015277386,0.015305837,0.001862295028743688,0.015447975,0.015490341,0.0027424953756074455,0.016458859,0.01635832,0.006108503633210582,1.0103260212917178,1.0716784125854708,1.0
1,1,c64,ijkl-imnj-nlkm,0.0152899,0.015307309,0.0011385947586315392,0.015262989,0.015294596,0.0020708263630406787,0.015423679,0.015501482,0.0050443866213762956,0.016247887,0.01617062,0.004755510670402807,1.0107153281624064,1.0595221337781462,1.0
1,1,c64,ijkl-imnk-njml,0.015347748,0.01536644,0.0012178985477218074,0.015312401,0.015385816,0.004794479977372701,0.015475877,0.015522211,0.002993949874375401,0.016369433,0.01620815,0.009852693126267575,1.0092423446696905,1.0606560653852752,1.0
1,1,c64,ijkl-minj-nlmk,0.018921844,0.018962096,0.002127276812978751,0.018916414,0.018932701,0.0008609982843470476,0.019247802,0.019336124,0.004588679787957073,0.020348104,0.020341088,0.00034479870950132607,1.0184750237323046,1.0740491713015463,1.0
1,1,c64,ijkl-mink-jnlm,0.018727672,0.01869047,0.0019864722107477695,0.018644587,0.018662087,0.0009386102250481532,0.019001302,0.018936318,0.0034199761679489793,0.019798609,0.019618961,0.009073768768300905,1.0138820653933507,1.0534243015335172,1.0
1,1,c64,ijkl-minl-njmk,0.018895485,0.018925819,0.0016053570469347633,0.018866651,0.018917403,0.0026900375694656198,0.019207066,0.019246747,0.0020659584342554993,0.020095082,0.02008978,0.0002638456513887055,1.0167234026149246,1.0624931011073662,1.0
1,4,c64,abc-bk-akc,0.000622341,0.00062755,0.008370009367854703,0.000629895,0.000628332,0.0024813659419427037,0.000677113,0.000687863,0.01587622745391104,0.000778201,0.000778733,0.0006836280087021418,1.092051644223932,1.2456665662477586,3.8415207065214187
1,4,c64,abcijk-eiab-jkec,0.002751852,0.00274494,0.0025117629872536407,0.002774685,0.002808899,0.012330769078291892,0.002958639,0.00288458,0.02503144182172956,0.003680906,0.003631002,0.013557531759843866,1.062938942501302,1.3301837654641095,3.7520110287496604
1,4,c64,abcijk-eiac-jkeb,0.002687122,0.002677675,0.0035156572719809986,0.002672635,0.002674859,0.0008321375720963253,0.002829968,0.002821633,0.002945262985305841,0.004393474,0.004433599,0.009132863879472097,1.05346085157703,1.6453549850173455,3.764712521485281
1,4,c64,abcijk-eibc-jkea,0.002913685,0.003483026,0.19540238563880452,0.003263257,0.002919495,0.10534321997930296,0.002998383,0.003015584,0.005736758779648854,0.003346793,0.003344488,0.0006887190214631689,0.943907879225803,1.0502183197180925,3.390954236243768
1,4,c64,abcijk-ejab-ikec,0.002689687,0.002712348,0.008425143892207387,0.002757794,0.00275095,0.0024816937015600393,0.002858902,0.002877497,0.006504245336146575,0.003579146,0.003689391,0.030802040486753057,1.0618996977955255,1.3453753690698713,3.8298451068700032
1,4,c64,abcijk-ejac-ikeb,0.002658829,0.002664078,0.001974177354015616,0.002702,0.002691641,0.0038338267949667992,0.002822624,0.002822384,8.502726540993155e-05,0.003653584,0.003671928,0.005020823388760087,1.060512749813026,1.3762202859955346,3.8152787050521897
1,4,c64,abcijk-ejbc-ikea,0.002881946,0.003378752,0.1723856033388551,0.002885953,0.002890121,0.0014442369643579145,0.003033508,0.003007769,0.008484896034557932,0.003633717,0.003701102,0.01854437205759285,0.9679963825881924,1.175222236024786,3.469013788081266
1,4,c64,abcijk-ekab-ijec,0.002719583,0.002715354,0.0015550178097155642,0.00275023,0.002765538,0.005566079927860512,0.002854304,0.002835038,0.006749806607845743,0.003364045,0.003304092,0.01782169976917669,1.0468035051189604,1.2268531347093825,3.803341413608925
1,4,c64,abcijk-ekac-ijeb,0.002671803,0.002688414,0.006217149991971871,0.002682213,0.002700637,0.006868954851833253,0.00282004,0.002833334,0.004714117530247863,0.004032201,0.003962571,0.017268484383591076,1.0546934042949045,1.491452148768505,3.777279957031601
1,4,c64,abcijk-ekbc-ijea,0.002855867,0.002949601,0.0328215564660399,0.002900831,0.002861958,0.013400642781327132,0.00305597,0.003037805,0.005944102854412714,0.003634639,0.003673732,0.010755676148305193,1.0497934640947464,1.2590232546171638,3.7192559109758547
1,4,c64,abcijk-ijma-mkbc,0.002897855,0.003172156,0.09465656494200037,0.002885883,0.002857679,0.009773091979127346,0.00303428,0.003010615,0.0077992143111380585,0.003651802,0.00368352,0.008685574957240316,0.9968730241415783,1.2096773063263737,3.5595171543365
1,4,c64,abcijk-ijmb-mkac,0.00266438,0.00270251,0.01431102170110865,0.002662436,0.002641477,0.007872114109033879,0.002777351,0.00281454,0.01339009725454221,0.003917266,0.003917616,8.934802997795366e-05,1.0419271620841712,1.4598919929267347,3.7636187649983848
1,4,c64,abcijk-ijmc-mkab,0.002678346,0.002681712,0.0012567457677239435,0.002754568,0.003309963,0.20162689757522756,0.002827654,0.002834386,0.002380772187827729,0.003345019,0.003292701,0.015640568857755333,1.0563387773703772,1.2383289737424878,3.8597500867591497
1,4,c64,abcijk-ikma-mjbc,0.00289544,0.003264518,0.1274687094189484,0.00340955,0.002891482,0.15194615125163147,0.003041032,0.003064516,0.0077223784557347575,0.003680716,0.003753421,0.01975295024120305,0.9929436961271774,1.2089629053324773,3.5149015403787858
1,4,c64,abcijk-ikmb-mjac,0.002663598,0.002649422,0.005322124434693376,0.002674809,0.002703182,0.010607486366316143,0.002832302,0.002845998,0.004835642526821005,0.003686226,0.003670586,0.004242821791176077,1.0687525540815734,1.3846779350097813,3.824719177661268
1,4,c64,abcijk-ikmc-mjab,0.002706839,0.002739018,0.011888036192769569,0.002728849,0.002719191,0.0035392211148363995,0.002803639,0.002839015,0.012617886967615899,0.003621775,0.003595465,0.0072643938400369645,1.0361347375338075,1.325286000293759,3.7956882832903855
1,4,c64,abcijk-jkma-mibc,0.002944211,0.002858892,0.02897856165879409,0.002919095,0.002880633,0.013176001466207787,0.002979778,0.003005926,0.008775150363550477,0.003330131,0.003357642,0.008261236569972796,1.0315677516405413,1.1525625743810561,3.7200575041918578
1,4,c64,abcijk-jkmb-miac,0.002674969,0.002703492,0.010662927308690229,0.002704124,0.002699415,0.0017414142250872233,0.002811133,0.002863281,0.018550527491940194,0.00434808,0.004301844,0.010633658994314676,1.0549958744108152,1.608252260811849,3.755159824434865
1,4,c64,abcijk-jkmc-miab,0.002739139,0.002735291,0.001404821003972323,0.002758175,0.002750911,0.0026336254951190297,0.002971292,0.002929012,0.014229500163565167,0.003724908,0.00366203,0.016880416912310237,1.0777658992860182,1.3493043494088062,3.7717792918692514
1,4,c64,abcs-rc-abrs,0.000284641,0.000279942,0.016508514233718907,0.000279671,0.000278329,0.004798495374922607,0.000358529,0.000349833,0.02425466280273003,0.000462984,0.000459346,0.007857722945069368,1.2546129712487855,1.6336920740416874,3.8515604604617946
1,4,c64,abj-bka-kj,0.001004033,0.00099704,0.006964910515889433,0.001029,0.000996569,0.03151700680272096,0.00110442,0.001068102,0.03288422882599018,0.001573705,0.001571992,0.001088514048058542,1.0855334509699555,1.5720144852415052,3.81315927521975
1,4,c64,abjc-cbka-kj,0.000436885,0.000446513,0.022037836043810266,0.000442495,0.000448617,0.013835184578356863,0.000528806,0.000570584,0.07900439858851804,0.000613384,0.000614255,0.0014199913920154295,1.2436763074217123,1.389760458664881,4.099189730090583
1,4,c64,abjc-kbac-jk,0.000297896,0.000301523,0.012175390069017356,0.000301893,0.000300481,0.004677153826024516,0.000380801,0.000374187,0.017368651868036045,0.000516884,0.00051475,0.004128585910958771,1.2595077062722424,1.7210843814995251,3.908132677184145
1,4,c64,abjcd-dkbac-jk,0.003076508,0.003113247,0.011941785946924188,0.003068924,0.003085785,0.005494108032652711,0.00331894,0.003386697,0.020415253062724847,0.004042109,0.004082995,0.010115016690544376,1.083308270208324,1.312676229194099,2.7775717105963382
1,4,c64,abrs-qb-aqrs,0.000245097,0.000250007,0.020032884939432227,0.000244305,0.000243474,0.0034014858476084653,0.000322502,0.000320067,0.007550340773080477,0.000471811,0.000464627,0.015226436009334154,1.297901019626998,1.891433908939864,3.811555832573545
1,4,c64,adbjc-cbdka-kj,0.006291355,0.00648818,0.03128499345530478,0.006383186,0.006440572,0.008990181392176222,0.006549206,0.006686971,0.0210353743644649,0.005710481,0.005725107,0.0025612553478420175,1.0357990410715903,0.8949414197657337,2.8987295023688016
1,4,c64,ajb-kba-jk,0.000882536,0.00087359,0.0101366969732678,0.00088983,0.000905539,0.01765393389748615,0.000969929,0.000973906,0.004100300125060574,0.001207171,0.001211058,0.003219924931927798,1.106900161968836,1.377040858009499,3.968487134323152
1,4,c64,ajbc-ckba-jk,0.000409073,0.000432807,0.058018984386649874,0.000424182,0.000422548,0.0038521200805313738,0.000534777,0.000519699,0.028194929849264194,0.000619997,0.000591944,0.04524699313061187,1.2528952273875376,1.4397515656899214,3.9049830448602747
1,4,c64,ajbdc-ckbad-jk,0.003175803,0.003182305,0.002047356211956508,0.003137542,0.003161827,0.0077401354308563874,0.003443142,0.003608951,0.04815630607160548,0.003926053,0.003824513,0.025863125128468667,1.1088435685796116,1.2189011081751755,2.460886958197157
1,4,c64,aqrs-pa-pqrs,0.000358629,0.000360352,0.004804407897855301,0.00035921,0.000353699,0.015342000501099573,0.000421597,0.000424021,0.005749566529173578,0.000404906,0.000410215,0.013111685181252053,1.176132545809361,1.1336962329200615,3.387681530296948
1,4,c64,ij-ik-kj,0.003124919,0.003117866,0.0022570185019195055,0.003121131,0.00311018,0.003508664006733442,0.003262396,0.003256073,0.0019381460742350365,0.003416522,0.003428525,0.0035132219256892583,1.0441605939388179,1.0964723027825451,3.90996134062911
1,4,c64,ij-ikl-ljk,0.001728384,0.001723815,0.002643509775605346,0.001748291,0.00171588,0.018538675769651625,0.001830525,0.001848497,0.009817948402780718,0.001464571,0.001462497,0.0014161143433810697,1.065692135752602,0.8478856024366256,1.7344310755337615
1,4,c64,ij-kil-lkj,0.002570955,0.002585552,0.005677656746228443,0.002593437,0.002577728,0.0060572128800506775,0.002730663,0.002744879,0.005206061678061369,0.002057277,0.002200143,0.06944422165804598,1.0618710465307222,0.825178614198613,1.8519648756632505
1,4,c64,ijk-ikl-lj,0.000899558,0.000911781,0.013587784222918398,0.000918864,0.000916941,0.002092801546257128,0.000978826,0.000982182,0.0034285971153198425,0.001231647,0.00122235,0.007548429054753392,1.082651992889204,1.3548183213122864,2.8429531023244183
1,4,c64,ijk-il-jlk,0.001579657,0.00152241,0.03624014580380419,0.001589174,0.001589975,0.0005040354297263239,0.00164597,0.001553227,0.0563454983991204,0.001024972,0.000908474,0.11365969021592792,1.0310535246145958,0.6222501929090825,1.765462519061109
1,4,c64,ijk-ilk-jl,0.000811544,0.000719141,0.11386073952860232,0.00080942,0.000725232,0.104010278965185,0.000870103,0.000760027,0.12650916040974458,0.000946165,0.000845947,0.10592021476169589,1.0644782277097053,1.1710945403117115,3.1782458215551137
1,4,c64,ijk-ilk-lj,0.000738588,0.000649621,0.12045551782590569,0.000750359,0.000652618,0.1302589827002808,0.000801715,0.000722538,0.09875953424845496,0.000932229,0.00090103,0.03346709874934162,1.0987760877086676,1.323121658446941,3.7092224891867276
1,4,c64,ijk-ilmk-mjl,0.000315428,0.000435453,0.38051472919334994,0.00028999,0.000280844,0.03153901858684793,0.00034823,0.000342489,0.01648623036498853,0.000328924,0.000332009,0.009379066288869087,0.9318277518935549,0.8916654626401911,2.6757793494534483
1,4,c64,ijkl-imjn-lnkm,0.004247944,0.004242633,0.0012502518865596945,0.004237905,0.004231091,0.001607869926296135,0.004381652,0.004376633,0.0011454583796246531,0.004441795,0.004416927,0.00559863748777234,1.0315300450541975,1.0433553371660889,3.606363422563293
1,4,c64,ijkl-imjn-nlmk,0.004222616,0.004194293,0.006707453389083962,0.004238175,0.004212216,0.0061250420287033425,0.00432677,0.004314748,0.0027785160755019467,0.004442766,0.004475898,0.007457516331042413,1.0266902687426527,1.0596114266071774,3.6321877926245545
1,4,c64,ijkl-imkn-jnlm,0.004213579,0.00422521,0.0027603612036228853,0.004199493,0.004240208,0.009695217970359549,0.004327322,0.004350604,0.005380232855331846,0.00439641,0.004410946,0.003306334031630387,1.0283351095534348,1.043674912366792,3.6614851191988564
1,4,c64,ijkl-imkn-njml,0.004206736,0.004266057,0.014101431608734227,0.004203581,0.004207196,0.000859981049490921,0.004282538,0.004306031,0.005485765683807209,0.004416307,0.00440777,0.001933063077363073,1.0136854962627642,1.041485275466811,3.6191188084535213
1,4,c64,ijkl-imln-jnkm,0.004219561,0.004196757,0.005404353675654949,0.004194253,0.004203961,0.002314595709891565,0.004340566,0.004323574,0.003914696839075749,0.004415185,0.004413762,0.00032229680070039457,1.0294472168506943,1.049031095763783,3.6608511999791493
1,4,c64,ijkl-imln-njmk,0.004228678,0.004179575,0.01161190329459938,0.004178975,0.004205183,0.0062713943012342455,0.004279202,0.004265064,0.0033038870331432157,0.004318114,0.004343811,0.005950977672196878,1.0161920678600644,1.0301824396534278,3.6419699662528107
1,4,c64,ijkl-imnj-nlkm,0.005857846,0.004173725,0.2874983398334473,0.004173194,0.004206225,0.007915040613975854,0.00429997,0.004305139,0.0012021014100098704,0.004321941,0.004319627,0.0005354075865450225,0.8701525784609423,0.8738394556278944,3.0940038991838184
1,4,c64,ijkl-imnk-njml,0.004173484,0.004507907,0.08013041382212083,0.004181239,0.004211205,0.007166775207061882,0.004305772,0.00429999,0.0013428486227324843,0.004319627,0.004328022,0.0019434548399663854,0.9920244749830052,0.9968527311089025,3.5405612495411276
1,4,c64,ijkl-minj-nlmk,0.005192155,0.005278344,0.016599851121547715,0.005233321,0.005273135,0.007607788629820256,0.005392057,0.005393379,0.00024517544974034244,0.005445487,0.005460404,0.0027393325886189146,1.0301134018880866,1.0416170523034582,3.6182804826327937
1,4,c64,ijkl-mink-jnlm,0.005107737,0.005123826,0.0031499272574135873,0.005579226,0.005135859,0.07946747452065916,0.005261925,0.00521749,0.00844462815414504,0.005281181,0.005280448,0.00013879471277356004,1.0242163146290513,1.0322608610766268,3.657131346277547
1,4,c64,ijkl-minl-njmk,0.005170584,0.006817045,0.3184284405784723,0.005187946,0.005254681,0.012863472364592843,0.005326906,0.005316776,0.0019016667461375647,0.00533989,0.005339428,8.651863615161126e-05,0.8963834281934638,0.8993850066345275,3.185213029545685
1,8,c64,abc-bk-akc,0.000331118,0.00032688,0.012799062569839093,0.000328202,0.000330115,0.005828727430058356,0.000596372,0.00059539,0.00164662324857634,0.000391841,0.000394847,0.007671478992754777,1.811230908393501,1.19559417272849,7.297195512009265
1,8,c64,abcijk-eiab-jkec,0.001755574,0.00176951,0.007938144447343198,0.001768649,0.001740807,0.015741958975466597,0.001888883,0.001840403,0.025665962370353346,0.00234286,0.002347789,0.0021038388977574485,1.0578471355999606,1.3306585222572183,5.850688684804365
1,8,c64,abcijk-eiac-jkeb,0.00158695,0.001609432,0.014166797945744936,0.001548689,0.001554168,0.0035378310299873927,0.001939026,0.001901146,0.019535581266058255,0.002862109,0.002934643,0.025342850324708177,1.2013833629698105,1.8134383056430536,6.3188275769357425
1,8,c64,abcijk-eibc-jkea,0.001537507,0.001561512,0.015612937046790565,0.001541926,0.001537788,0.0026836566735369827,0.003052453,0.003273906,0.07254919240361768,0.002057337,0.00208031,0.011166376728751981,2.0402170933289754,1.3351668248638144,6.971726990901157
1,8,c64,abcijk-ejab-ikec,0.001783968,0.001650107,0.07503553875405833,0.001646501,0.001664404,0.010873361145848026,0.001866732,0.001909732,0.023034908063932047,0.002524008,0.002516474,0.0029849350715211997,1.1004684994621952,1.4688992331128186,6.029137706701547
1,8,c64,abcijk-ejac-ikeb,0.001558677,0.001565579,0.004428114355957025,0.001530265,0.001556022,0.0168317252240624,0.001920882,0.001891988,0.015042048392353125,0.002500604,0.002463014,0.015032368179847766,1.2203768906107737,1.5886943238341293,6.500239867890969
1,8,c64,abcijk-ejbc-ikea,0.001548488,0.001563045,0.009400783215627095,0.001540443,0.001509956,0.01979106010413889,0.003363704,0.003348856,0.004414181509431292,0.002201175,0.002206796,0.002553636126159775,2.1573343556673548,1.4166700647004007,6.958048323444823
1,8,c64,abcijk-ekab-ijec,0.001642323,0.001620722,0.013152711129296724,0.001649867,0.001635481,0.008719490722585488,0.001893512,0.001875729,0.009391543333234775,0.002140834,0.002162834,0.010276368929118318,1.1551424028013704,1.318923297136791,6.334993130597131
1,8,c64,abcijk-ekac-ijeb,0.001567834,0.001559659,0.005214199972701228,0.001547195,0.001549219,0.0013081738242433083,0.001896137,0.001902869,0.003550376370483832,0.002646526,0.00271889,0.027343014956210387,1.2147151132859575,1.715414331881128,6.473879298234518
1,8,c64,abcijk-ekbc-ijea,0.001591569,0.001543679,0.030089804463394265,0.001537878,0.001512751,0.016338747286845923,0.003240023,0.003187565,0.01619062580728592,0.002207898,0.002190866,0.00771412447495301,2.050276045055182,1.4031567086643846,6.886768004089942
1,8,c64,abcijk-ijma-mkbc,0.00154973,0.001584796,0.02262716731301584,0.001685704,0.001563306,0.07260942609141341,0.003285508,0.002727597,0.16980966109350515,0.002208108,0.002195174,0.0058575033467566096,1.9101904224936532,1.404849908015093,6.886395805881153
1,8,c64,abcijk-ijmb-mkac,0.001572273,0.001573434,0.0007384213810197604,0.001600515,0.001567604,0.02056275636279581,0.00190849,0.001909852,0.0007136532022697928,0.002720033,0.002689857,0.011093983050941003,1.2138263408344356,1.7197425596071745,6.420947500360614
1,8,c64,abcijk-ijmc-mkab,0.001640209,0.001757377,0.07143479885795045,0.001788636,0.001633387,0.08679742552425418,0.001861552,0.001926182,0.03471834254428563,0.002132408,0.002182971,0.023711691196056206,1.1153320488418657,1.2707996025979214,6.09279448245258
1,8,c64,abcijk-ikma-mjbc,0.001609312,0.001584505,0.015414661669085894,0.001701304,0.00155473,0.08615391487941015,0.003252807,0.003207221,0.014014357445738312,0.002204852,0.002188321,0.007497555391473121,2.0226775750906607,1.3755560889690837,6.767262935743141
1,8,c64,abcijk-ikmb-mjac,0.001547436,0.00158187,0.022252293471264784,0.001603671,0.00155486,0.030437041014023558,0.001899462,0.001912267,0.0067413825599038635,0.002486237,0.002459778,0.010642187369908851,1.2181417466860567,1.5806200117920308,6.4940812754717285
1,8,c64,abcijk-ikmc-mjab,0.00163528,0.001731739,0.05898622865808911,0.001782474,0.001651551,0.07345015972182489,0.001930831,0.001855441,0.039045364405274285,0.002507737,0.002567689,0.0239068131945257,1.1247562743892283,1.5079082687279572,6.141605457921633
1,8,c64,abcijk-jkma-mibc,0.001543559,0.001597389,0.03487395039645391,0.001590928,0.001546364,0.0280113242082608,0.003144586,0.00309365,0.01619799871906835,0.002069881,0.002088615,0.009050761855391665,1.9863252599213221,1.324143105139271,6.873311576057981
1,8,c64,abcijk-jkmb-miac,0.001586909,0.0015602,0.016830832769868964,0.001620944,0.00153866,0.050763012170685684,0.001926203,0.001905865,0.01055859636808787,0.002887576,0.002963277,0.02621610651979367,1.217673757104803,1.8590312423794977,6.4177707353861315
1,8,c64,abcijk-jkmc-miab,0.001761425,0.001756706,0.0026790808578281977,0.001767747,0.001753521,0.008047531688640919,0.001853126,0.001907418,0.029297522132871512,0.002265075,0.002318424,0.02355286248799704,1.068793472436227,1.3027350710802899,5.8691263011519546
1,8,c64,abcs-rc-abrs,0.000151653,0.000148828,0.018628052198110145,0.000148767,0.000148838,0.00047725638078333077,0.000280623,0.00025175,0.10288892927521975,0.000255897,0.000262359,0.025252347624239446,1.7692065779194963,1.724696789410417,7.236884687685912
1,8,c64,abj-bka-kj,0.000531391,0.000510442,0.03942294845038785,0.000518928,0.000517075,0.0035708229272655156,0.000649301,0.000654821,0.00850145002086844,0.000816523,0.000821302,0.005852866361388376,1.2519991588362158,1.5723721876107826,7.3254605276241165
1,8,c64,abjc-cbka-kj,0.000260776,0.000277688,0.06485259379697528,0.00026278,0.000258743,0.015362660780881221,0.00038578,0.000395257,0.02456581471304875,0.000352086,0.000342829,0.026291871872212935,1.451099770328008,1.2910729682399138,6.728004523399323
1,8,c64,abjc-kbac-jk,0.000160509,0.000159428,0.006734824838482534,0.000159788,0.000159147,0.004011565324054445,0.000276165,0.000293016,0.06101786975177892,0.000275754,0.000279862,0.014897336031390429,1.7782711911176667,1.7366043464986614,7.322002355852191
1,8,c64,abjcd-dkbac-jk,0.002272037,0.002287076,0.006619170374426053,0.002285342,0.002276235,0.003984961550612565,0.002423971,0.002405877,0.00746461075648186,0.002985468,0.003019852,0.011517122273626779,1.059381591231145,1.3171979367821123,3.770970159161578
1,8,c64,abrs-qb-aqrs,0.00013384,0.000135323,0.011080394500896595,0.000132797,0.000132617,0.001355452306904592,0.000269152,0.000263281,0.021812953275472613,0.000263962,0.000262109,0.007019949841265083,1.9780159647271802,1.9544875094674632,7.010816423370312
1,8,c64,adbjc-cbdka-kj,0.003804877,0.003752638,0.013729484553639981,0.003745075,0.003771774,0.007129096213026376,0.003835303,0.003893822,0.015257986135645663,0.004517115,0.004384848,0.029281300121869802,1.0227023181991237,1.1777936222469358,4.90120180138775
1,8,c64,ajb-kba-jk,0.000448497,0.000447484,0.002258655018874123,0.000449438,0.000446473,0.0065971279687074835,0.00057889,0.000570564,0.014382697921885068,0.000583008,0.000576876,0.010517865964103312,1.2828671364718227,1.294523580372868,7.778153179639883
1,8,c64,ajbc-ckba-jk,0.000246941,0.000249525,0.01046403796858364,0.000234317,0.000246319,0.05122120887515624,0.001493816,0.001498695,0.003266131839530395,0.000331979,0.000334073,0.006307627892125689,6.027698889105454,1.3415978739339416,6.619315249255086
1,8,c64,ajbdc-ckbad-jk,0.002337359,0.00229471,0.018246662151599202,0.002327711,0.002335676,0.0034218165399397815,0.004129793,0.004085279,0.010778748474802424,0.002833274,0.002726274,0.03776549673628471,1.7735702190821607,1.2000585183843235,3.378023974999162
1,8,c64,aqrs-pa-pqrs,0.000211695,0.000223927,0.057781241881008194,0.000219349,0.000212636,0.03060419696465455,0.000292545,0.000297745,0.017775043155753734,0.00024137,0.00024114,0.0009528938973359935,1.3555328517168062,1.108071391570953,5.593455871760755
1,8,c64,ij-ik-kj,0.001596788,0.001590526,0.003921622657484858,0.001577482,0.00158158,0.0025978109417412742,0.001784559,0.001843308,0.032920738400915805,0.001819254,0.001820936,0.0009245547900402773,1.138073714845298,1.1420891185539401,7.658197321706487
1,8,c64,ij-ikl-ljk,0.000973566,0.000974488,0.0009470338939527867,0.000967565,0.000961032,0.006752001157544929,0.001093079,0.001097476,0.004022582082356285,0.000971062,0.000966693,0.004499197785517217,1.1244815761761837,0.9947107686434294,3.073629709968142
1,8,c64,ij-kil-lkj,0.001493596,0.001478888,0.009847375059922503,0.00149596,0.001475121,0.013930185299072084,0.0016725,0.001680254,0.0046361733931241655,0.001405953,0.001385775,0.014351831106729773,1.1279408324045341,0.9391772177455688,3.2127165318183235
1,8,c64,ijk-ikl-lj,0.000477801,0.000473463,0.009079093597543775,0.000468905,0.000466941,0.004188481675392652,0.000589038,0.000598607,0.016245131893019016,0.000614326,0.000630275,0.025961785761956957,1.248463937372398,1.3082716749530707,5.413311264847645
1,8,c64,ijk-il-jlk,0.000499752,0.000497448,0.004610286702204203,0.000500974,0.000497308,0.007317745032676237,0.000615287,0.000609637,0.0091827066068354,0.000550637,0.000547642,0.005439155015009911,1.2283536291569606,1.101361660423315,5.491039894796942
1,8,c64,ijk-ilk-jl,0.000449228,0.000451833,0.005798837116119282,0.000446723,0.000459066,0.027630097398164022,0.000828545,0.000795774,0.03955246848390859,0.00054688,0.000555346,0.015480544177881805,1.8023143516150204,1.2232225040844442,5.38924792168915
1,8,c64,ijk-ilk-lj,0.000483362,0.000470568,0.02646877495541644,0.000469817,0.000477581,0.01652558336543808,0.00058956,0.000602564,0.022057127349209393,0.000594298,0.000596904,0.00438500550229004,1.2497356192854214,1.2488403756388526,5.387243279315801
1,8,c64,ijk-ilmk-mjl,0.000215421,0.000215182,0.00110945543842067,0.000214961,0.00021482,0.00065593293667221,0.000335496,0.000321209,0.04258471039893186,0.000267078,0.00026788,0.003002868075992815,1.5247215456709988,1.2423449934811255,4.606001485034231
1,8,c64,ijkl-imjn-lnkm,0.003024411,0.003025843,0.00047348062151608694,0.00301869,0.00301891,7.287929532351356e-05,0.003218853,0.003203134,0.0048834165462045,0.003372541,0.00335099,0.00639013728817539,1.061437741666715,1.1112751050482361,5.0609612747712776
1,8,c64,ijkl-imjn-nlmk,0.002581825,0.002598126,0.006313750931995932,0.002582707,0.002536981,0.017704679624905295,0.002727768,0.002720644,0.002611659056048876,0.002447185,0.002513337,0.027031875399693872,1.0518312472815998,0.9575583725806411,5.901942395630441
1,8,c64,ijkl-imkn-jnlm,0.002191498,0.002178273,0.006034684950659286,0.002162955,0.002178854,0.007350592129748534,0.002355594,0.002353469,0.000902107918427375,0.002481809,0.002498009,0.006527496676818956,1.0776500844385797,1.1396053605657368,7.070991250647485
1,8,c64,ijkl-imkn-njml,0.00215004,0.002153416,0.0015702033450539776,0.002161262,0.002147876,0.0061936035519989385,0.002300471,0.002293016,0.0032406407209654153,0.002339854,0.002395668,0.02385362505523836,1.067393825777603,1.1003236763735025,7.125273820257935
1,8,c64,ijkl-imln-jnkm,0.002161211,0.002147475,0.006355695950094775,0.002161381,0.002154227,0.003309920833023061,0.002345856,0.002349001,0.001340662001418691,0.002476128,0.002527414,0.020712176430297546,1.0896314570600794,1.1612135529932768,7.1508880715904635
1,8,c64,ijkl-imln-njmk,0.002134081,0.002151112,0.007980484339629168,0.002148998,0.002162764,0.0064057760872742175,0.00228931,0.002299809,0.004586097994592198,0.002308346,0.002380309,0.031175135789868635,1.070930348930548,1.0940323430351762,7.1460782668033325
1,8,c64,ijkl-imnj-nlkm,0.002156342,0.002172502,0.007494173002241977,0.002159608,0.002157674,0.0008955328930064788,0.002293608,0.002330386,0.01603499813394449,0.002329946,0.002394616,0.027756008079157235,1.0681558300333824,1.0913195981445887,7.068265165310235
1,8,c64,ijkl-imnk-njml,0.002164127,0.002150501,0.0062963033130680746,0.0021609,0.002149078,0.00547086861955659,0.002291664,0.00228958,0.0009093828763728773,0.002309367,0.002344693,0.015296832422044604,1.0617986931463232,1.0786443553826297,7.118652054866796
1,8,c64,ijkl-minj-nlmk,0.00267037,0.002659009,0.0042544666094961325,0.002698413,0.002679287,0.0070878697960617965,0.002882556,0.002896082,0.0046923633053441716,0.002960472,0.002991078,0.010338216338475759,1.084298058033322,1.1167313914978816,7.108521404979966
1,8,c64,ijkl-mink-jnlm,0.002601793,0.002595521,0.002410645274239731,0.002611301,0.002612342,0.00039865185974363726,0.002786096,0.002780746,0.0019202496970670557,0.002905509,0.002915537,0.003451374612847502,1.0711000879929249,1.1200096051400692,7.199517049131144
1,8,c64,ijkl-minl-njmk,0.00264834,0.003473117,0.3114316892846085,0.002642829,0.002653519,0.004044907937668318,0.002818226,0.002827944,0.003448268520693576,0.002850627,0.002888608,0.013323735444868756,0.9308436367765779,0.946167279347482,6.2353349238252385
16,1,f64,abc-bk-akc,0.01504521,0.015150393,0.006991128737983798,0.015076088,0.015171903,0.0063554285435321045,0.015214085,0.015219141,0.0003323236330019519,0.018601766,0.018459364,0.007655294663958201,1.0078755579064358,1.2273668212426496,1.0
16,1,f64,abcijk-eiab-jkec,0.014523517,0.014303213,0.015168777645249376,0.014540439,0.014315596,0.015463288281736265,0.015091197,0.01506881,0.0014834476019364162,0.026209401,0.02597042,0.009118140471810032,1.0462816797242978,1.8101532009524435,1.0
16,1,f64,abcijk-eiac-jkeb,0.014215051,0.013839929,0.02638907169590865,0.014295191,0.014047175,0.017349610788691128,0.015128196,0.014935121,0.012762592446581178,0.03568491,0.035432515,0.00707287758326991,1.0716594596105433,2.535141184025912,1.0
16,1,f64,abcijk-eibc-jkea,0.013973271,0.013994497,0.0015190430358074103,0.013948054,0.013858674,0.006408062371998313,0.014577518,0.014327077,0.017179947917059568,0.017115894,0.016999771,0.006784512687447064,1.0334581702479644,1.2198140800775785,1.0
16,1,f64,abcijk-ejab-ikec,0.014603988,0.0143441,0.01779568704110135,0.014660763,0.014344119,0.021598057345310062,0.015231098,0.015160181,0.004656066161480954,0.02240329,0.020986025,0.06326146740054706,1.0498939028825587,1.4981269181505352,1.0
16,1,f64,abcijk-ejac-ikeb,0.014045966,0.013997603,0.0034431950070218376,0.014226603,0.013965884,0.018326159800762132,0.014754148,0.014744987,0.0006209101332046441,0.019271146,0.019254476,0.0008650238029435098,1.0519052494616783,1.3737793389876005,1.0
16,1,f64,abcijk-ejbc-ikea,0.013986796,0.013960043,0.0019127325514720628,0.014043472,0.014046173,0.00019233135509511,0.014657687,0.014680677,0.001568460289812279,0.017018252,0.017092364,0.004354853835752293,1.0497920152977167,1.2205513159374297,1.0
16,1,f64,abcijk-ekab-ijec,0.014636197,0.014312911,0.022088114829282524,0.014652778,0.014322389,0.02254787453955831,0.015204357,0.015158698,0.00300302077884651,0.018040549,0.017976603,0.003544570622545873,1.0489067277065474,1.2442297462571967,1.0
16,1,f64,abcijk-ekac-ijeb,0.014088866,0.013829439,0.018413618242944407,0.014146664,0.013913115,0.016509121867883447,0.014663288,0.014592692,0.0048144727158055955,0.023725756,0.023629395,0.004061451192535204,1.047956099051421,1.6962740968248602,1.0
16,1,f64,abcijk-ekbc-ijea,0.014116508,0.01395871,0.0111782602326298,0.014127928,0.013878741,0.0176379013256579,0.014627391,0.014611618,0.0010783194350927339,0.017091188,0.01712759,0.002129869497661696,1.0414689066415614,1.218843577444621,1.0
16,1,f64,abcijk-ijma-mkbc,0.013912858,0.013702813,0.015097185639356137,0.014293299,0.013715386,0.04043244320293038,0.014580174,0.014393421,0.012808694875657833,0.01712358,0.0171329,0.0005442787080738309,1.0491807793972079,1.240508321052057,1.0
16,1,f64,abcijk-ijmb-mkac,0.01406866,0.01380305,0.01887955213929393,0.014141435,0.014002192,0.00984645476219359,0.014606824,0.014620564,0.0009406562302662902,0.02375378,0.023692091,0.0025970182429911892,1.0486874330834772,1.702370807508393,1.0
16,1,f64,abcijk-ijmc-mkab,0.014814882,0.014332507,0.03256016483965252,0.014871187,0.01438739,0.032532507324398496,0.015275291,0.015205165,0.004590812705302927,0.01816917,0.018274067,0.005773351231784574,1.0458758507230579,1.2504748775127308,1.0
16,1,f64,abcijk-ikma-mjbc,0.014175098,0.013779707,0.027893352130616722,0.01412779,0.013928624,0.014097463226732443,0.014500024,0.014482297,0.0012225497006074226,0.017037669,0.016948767,0.005217967317007854,1.0368598523082795,1.2158811242816439,1.0
16,1,f64,abcijk-ikmb-mjac,0.014093736,0.014006259,0.006206799957087394,0.01419254,0.014007842,0.013013738203309644,0.014646648,0.014604485,0.0028786791353215824,0.019416878,0.019323205,0.004824308006673328,1.0409697351276561,1.3786535360089265,1.0
16,1,f64,abcijk-ikmc-mjab,0.014645515,0.014405284,0.016403042160005876,0.01466948,0.014414471,0.01738364277397697,0.015112937,0.015192832,0.005286530341521267,0.022650792,0.02132653,0.058464269152266324,1.0432312006554783,1.5131729134071854,1.0
16,1,f64,abcijk-jkma-mibc,0.013739105,0.013586106,0.0111360237802971,0.013698528,0.013562852,0.009904421847369282,0.014274453,0.014250995,0.001643355440660188,0.017109813,0.017100689,0.0005332612343572629,1.0439401735759304,1.2519953482175585,1.0
16,1,f64,abcijk-jkmb-miac,0.014093084,0.013836332,0.01821829771255179,0.014338993,0.013885073,0.03165633737320328,0.015018682,0.01500936,0.0006206936134609542,0.035429644,0.034978458,0.012734703176808804,1.0751857273423362,2.5209847403834287,1.0
16,1,f64,abcijk-jkmc-miab,0.014568912,0.014316338,0.017336503920127977,0.014571798,0.01431249,0.017795195898268723,0.015099773,0.01513817,0.0025428859096092715,0.026133128,0.026028228,0.00401406215130462,1.0468690649529953,1.805878249826694,1.0
16,1,f64,abcs-rc-abrs,0.009280526,0.009216858,0.006860387008236546,0.009201789,0.009099048,0.011165328828991794,0.00967362,0.009761564,0.009091115838745,0.014688707,0.014734767,0.0031357423087001735,1.0506945281484428,1.5906904589909185,1.0
16,1,f64,abj-bka-kj,0.019308166,0.019451554,0.007426287923979924,0.019312084,0.019414916,0.005324749001713203,0.019659542,0.019682554,0.0011705257426648519,0.028966407,0.028941541,0.0008584426780994248,1.0150320611973327,1.4940339847192354,1.0
16,1,f64,abjc-cbka-kj,0.037018902,0.035846768,0.031663121720898135,0.036941537,0.035720983,0.033040152065140216,0.037303894,0.036307608,0.02670729227356261,0.02547942,0.024784139,0.02728794454504846,1.0102739015306677,0.6898345115371514,1.0
16,1,f64,abjc-kbac-jk,0.011985463,0.012103992,0.0098893968468301,0.011985924,0.012022029,0.0030122834084380656,0.012474946,0.012400094,0.006000186293391607,0.019138559,0.019776269,0.03332069044487618,1.0326189819239158,1.6152326185018968,1.0
16,1,f64,abjcd-dkbac-jk,0.016545501,0.017263383,0.043388350706333956,0.016551262,0.017291285,0.04471097128424395,0.018110992,0.018941252,0.045842878181382885,0.021776181,0.02174454,0.0014530095979639057,1.0959040866798915,1.2875468989879402,1.0
16,1,f64,abrs-qb-aqrs,0.008493749,0.008421224,0.008538632351862585,0.008541648,0.008371141,0.019961838745871985,0.008742742,0.008699293,0.004969722313663105,0.01549441,0.015382405,0.007228736040933437,1.0311657730304846,1.8254179695403243,1.0
16,1,f64,adbjc-cbdka-kj,0.041201595,0.041040072,0.003920309395789245,0.041123179,0.041055331,0.0016498724478475335,0.043024607,0.043107027,0.0019156479453723563,0.029337609,0.030329099,0.033795869322547745,1.047300764034818,0.7254058290008809,1.0
16,1,f64,ajb-kba-jk,0.017545197,0.017637331,0.005251237703401079,0.017542471,0.017629987,0.004988806879030916,0.017786137,0.017860186,0.004163298640958324,0.02023227,0.020353015,0.005967941313554936,1.0131838256848886,1.1535624884341922,1.0
16,1,f64,ajbc-ckba-jk,0.01918155,0.019044455,0.007147232627186084,0.019193292,0.019065764,0.006644404722233266,0.020364036,0.020380236,0.0007955201022038505,0.017603014,0.017720345,0.006665392642418944,1.0658851433348235,0.9240670404582683,1.0
16,1,f64,ajbdc-ckbad-jk,0.016919168,0.017017064,0.005786100120289683,0.01691458,0.017069601,0.009164933447948664,0.018278375,0.018584978,0.0167740841294699,0.020774121,0.020685956,0.004243982212291941,1.0862205120753967,1.2217076947262686,1.0
16,1,f64,aqrs-pa-pqrs,0.00741742,0.007223931,0.02608575488512177,0.009159451,0.009166674,0.0007885843813126847,0.00973809,0.009847153,0.0111996294961334,0.015641365,0.015501477,0.008943464972526405,1.3377624604781662,2.127211319865937,1.0
16,1,f64,ij-ik-kj,0.169274375,0.16982579,0.0032575219964627866,0.127140606,0.127909274,0.006045810415596042,0.130133146,0.1298691,0.002029044929106827,0.132508676,0.132485059,0.00017822983907866963,0.766742344930848,0.7814625637295934,1.0
16,1,f64,ij-ikl-ljk,0.017765619,0.017748832,0.0009449150069018586,0.017727718,0.017734846,0.000402082208212029,0.018458651,0.018442656,0.0008665313624488524,0.024880175,0.024892455,0.0004935656602094163,1.0390504883725522,1.4014755302118214,1.0
16,1,f64,ij-kil-lkj,0.021224037,0.021232499,0.0003986988903192934,0.021169566,0.021214907,0.002141801112030439,0.021684316,0.021685634,6.078125775332843e-05,0.030201007,0.03024077,0.0013166117275493772,1.0215141160219712,1.4236150853429528,1.0
16,1,f64,ijk-ikl-lj,0.01541776,0.015429035,0.0007312994883821311,0.015427148,0.015476513,0.003199878551758184,0.016093039,0.016138639,0.002833523239457847,0.019695236,0.019938746,0.01236390363639206,1.0448945472819873,1.284841312732883,1.0
16,1,f64,ijk-il-jlk,0.016032818,0.01595709,0.004723311896885574,0.015945244,0.015926082,0.001201737646661316,0.016528491,0.016530219,0.0001045467490043972,0.018395733,0.018345695,0.0027200873159010097,1.0334134935104506,1.1485339962181145,1.0
16,1,f64,ijk-ilk-jl,0.015119934,0.015165895,0.003039761946050934,0.015121718,0.015170102,0.0031996364434252467,0.015436094,0.015465173,0.0018838314926044042,0.018606036,0.018319947,0.01537613922707659,1.0203217122190136,1.2192143476278283,1.0
16,1,f64,ijk-ilk-lj,0.015261509,0.015306387,0.002940600434727658,0.015254475,0.015308731,0.003556726796563048,0.015742616,0.015732491,0.000643158671976729,0.019648419,0.019845733,0.010042232914516003,1.0296796119982496,1.2919993468534428,1.0
16,1,f64,ijk-ilmk-mjl,0.007223479,0.007290307,0.009251497789361629,0.007216086,0.0072709,0.0075960846364635515,0.007365655,0.007370005,0.0005905788419360292,0.013352149,0.01324902,0.007723775401248134,1.0152978392729959,1.8328264643300203,1.0
16,1,f64,ijkl-imjn-lnkm,0.250578352,0.252016984,0.00574124615521443,0.250665114,0.251713047,0.004180609671914803,0.255694983,0.255239132,0.0017827921168089844,0.24943496,0.250152246,0.0028756434142191978,1.0165951973632037,0.9940178548276278,1.0
16,1,f64,ijkl-imjn-nlmk,0.249901116,0.250772878,0.0034884277987776713,0.250430082,0.250851946,0.0016845580076916278,0.253545051,0.253594991,0.00019696696820936666,0.25869837,0.25662956,0.007996996656763011,1.0129162176742452,1.0292616845338274,1.0
16,1,f64,ijkl-imkn-jnlm,0.248569299,0.251463511,0.011643481361710561,0.248695244,0.250956135,0.009091010200420246,0.25515001,0.255105613,0.00017400352051710755,0.248866783,0.250965231,0.008432013202822608,1.0204613741971946,0.9996063692364858,1.0
16,1,f64,ijkl-imkn-njml,0.248862743,0.250881952,0.008113745656174842,0.249581723,0.250750918,0.004684617871637986,0.254732858,0.254612619,0.0004720199857374263,0.257177087,0.255951065,0.004767228738383089,1.0192196647835827,1.0267860390150554,1.0
16,1,f64,ijkl-imln-jnkm,0.248060714,0.249534475,0.005941130202503642,0.248188653,0.250437409,0.009060672084794996,0.254885089,0.254763607,0.000476614777571438,0.252163885,0.251205831,0.0037993307407997445,1.0242279831840608,1.0116074737256369,1.0
16,1,f64,ijkl-imln-njmk,0.247960995,0.248952536,0.003998778114275625,0.247991182,0.248742453,0.003029426264035351,0.25392164,0.254292164,0.0014592060763312098,0.252387519,0.257595464,0.020634716885505,1.0227426885875062,1.0262497878626553,1.0
16,1,f64,ijkl-imnj-nlkm,0.249148156,0.250636011,0.005971768059162219,0.248997985,0.250330843,0.005352886691030845,0.252482914,0.252822018,0.0013430770210454135,0.252526065,0.256886718,0.017268130321517416,1.0110505508720253,1.0192327200918359,1.0
16,1,f64,ijkl-imnk-njml,0.248820742,0.250463116,0.006600631389484191,0.249175565,0.250226906,0.004219278082102651,0.253688259,0.253685996,8.920397061018548e-06,0.254671352,0.254273572,0.0015619346144595259,1.016209500708124,1.0193550501362596,1.0
16,1,f64,ijkl-minj-nlmk,0.304805111,0.307488588,0.008803910771693069,0.305799164,0.307018801,0.0039883594972809355,0.31016751,0.30989773,0.0008697880703236738,0.309044656,0.313557174,0.014601507945182002,1.012702135322002,1.016818329364268,1.0
16,1,f64,ijkl-mink-jnlm,0.304439069,0.303799673,0.0021002429225008834,0.302474501,0.303921551,0.0047840396305010024,0.310988869,0.311221374,0.0007476312600758206,0.303493651,0.305875093,0.007846760524160112,1.0229709164989749,1.0018507293386527,1.0
16,1,f64,ijkl-minl-njmk,0.303092678,0.305460106,0.00781090462370071,0.302869519,0.305734808,0.009460473306988737,0.309022759,0.308945715,0.0002493149703578501,0.31086673,0.313370607,0.008054502969809807,1.015479941430369,1.0257730395786728,1.0
16,4,f64,abc-bk-akc,0.004386853,0.004001331,0.08788122145875399,0.003971648,0.003919158,0.013216176257311973,0.00401582,0.004107589,0.022851870850785216,0.005422845,0.005425998,0.0005814291206920341,0.9693973539699371,1.2947163428807442,3.6035644676547545
16,4,f64,abcijk-eiab-jkec,0.004849046,0.004865954,0.0034868714382167987,0.004855246,0.004832211,0.004744352809311736,0.005030163,0.005044937,0.0029370817605711697,0.009280881,0.009428071,0.015859485753561664,1.0370668478160794,1.9257232451660793,2.9671571615320653
16,4,f64,abcijk-eiac-jkeb,0.004670031,0.004666682,0.0007171258606205599,0.004647398,0.004649971,0.0005536431353632132,0.004956766,0.004863028,0.018911120678280824,0.011835006,0.011832605,0.000202872731961512,1.0516920910367047,2.5348977097985546,3.0045342319062174
16,4,f64,abcijk-eibc-jkea,0.004288449,0.004286583,0.00043512234842935094,0.004295553,0.004287886,0.0017848691425759178,0.004637019,0.00463342,0.000776145191555222,0.005131933,0.005159611,0.005393289429148851,1.0810966677309113,1.2001712675942013,3.2615342552074322
16,4,f64,abcijk-ejab-ikec,0.004823527,0.005051489,0.047260438264365545,0.004822715,0.00480006,0.004697561435830222,0.00506651,0.005112093,0.008996922931169493,0.00740393,0.007058382,0.046670889649145786,1.031007352325181,1.4645077311126697,2.9321104319981295
16,4,f64,abcijk-ejac-ikeb,0.004649392,0.00462795,0.004611785799089385,0.004638913,0.004635013,0.000840714193173997,0.004929866,0.004857999,0.014577881021512473,0.006366105,0.006364909,0.0001878699770110348,1.0550033940477246,1.3722732164984517,3.0228056913716395
16,4,f64,abcijk-ejbc-ikea,0.004404256,0.004476968,0.016509485370514332,0.004413733,0.004411546,0.0004954989348020522,0.004706539,0.004716946,0.0022111789576160223,0.00523758,0.005213612,0.004576159218570464,1.0610919277847919,1.1768101787496832,3.1468368407432186
16,4,f64,abcijk-ekab-ijec,0.004834839,0.004864761,0.006188830693224956,0.004864794,0.004714881,0.030815898884927195,0.005106686,0.005061829,0.008783974577641906,0.006794924,0.006773912,0.0030923083172085253,1.0483385338663762,1.398911738081233,2.984395289651458
16,4,f64,abcijk-ekac-ijeb,0.004618555,0.004716465,0.021199271200624592,0.004624697,0.004593646,0.0067141695985704075,0.004871647,0.004892714,0.0043244102045982835,0.008828998,0.008834313,0.0006019935671071064,1.0460476136817056,1.8922596664726483,2.990741884391776
16,4,f64,abcijk-ekbc-ijea,0.004392052,0.004418008,0.005909766095665736,0.004391041,0.00444587,0.012486560703942384,0.004715156,0.004715673,0.0001096464252721141,0.005219195,0.005244549,0.004857837271839749,1.0704660258513186,1.1877057245662117,3.186686173075492
16,4,f64,abcijk-ijma-mkbc,0.004410096,0.004441271,0.007069007114584469,0.004396991,0.004445169,0.010957038574788802,0.004645134,0.004731963,0.018692463984892438,0.005201553,0.005213482,0.0022933535426823415,1.0593564977598477,1.1766648888940614,3.1198619905348486
16,4,f64,abcijk-ijmb-mkac,0.004622613,0.004619754,0.00061848136540954,0.004617273,0.00464944,0.006966666255168397,0.004914367,0.004932398,0.003669038148758519,0.00893652,0.008487837,0.05020779900901018,1.0653925517432763,1.8846449191035268,3.0155095235132103
16,4,f64,abcijk-ijmc-mkab,0.004854275,0.004741361,0.023260734095204683,0.004801036,0.004833923,0.006849979879342882,0.005096026,0.005124375,0.005562962198387478,0.006900331,0.006808626,0.01328994217813606,1.0651789366509703,1.4287327562371894,3.037361474418903
16,4,f64,abcijk-ikma-mjbc,0.004402432,0.004406517,0.0009278962173635552,0.004375512,0.004396348,0.004761957000689154,0.004709906,0.004729148,0.004085431853629418,0.005228693,0.005231285,0.0004957261786069367,1.071527988412398,1.1874264232372336,3.1731380977418397
16,4,f64,abcijk-ikmb-mjac,0.00461588,0.004636716,0.004513982165914143,0.004613736,0.004624163,0.002259990601976236,0.004933532,0.00490189,0.006413660639071561,0.006423872,0.006361833,0.009657571010132204,1.0629877322552708,1.3818378003633862,3.036977956003516
16,4,f64,abcijk-ikmc-mjab,0.004805444,0.004776467,0.006030035934244449,0.004876045,0.004824736,0.010522667448721323,0.005096877,0.005054515,0.00831136399799326,0.007417335,0.007147227,0.03641577466839507,1.0594285450960226,1.5197515109993973,3.031747899114931
16,4,f64,abcijk-jkma-mibc,0.00430518,0.004329894,0.005740526528507539,0.004330938,0.004317191,0.003174139181858715,0.004620228,0.004647517,0.005906418471123276,0.005155828,0.005136979,0.0036558628410413574,1.073267325920504,1.1919795820082515,3.164407690688684
16,4,f64,abcijk-jkmb-miac,0.004647048,0.004646384,0.00014288640874815517,0.004673157,0.004643008,0.006451527307984817,0.004955865,0.005025431,0.014037105530517957,0.011787417,0.011908055,0.010234472912937775,1.0739900606883055,2.5496678690265027,3.0051584710717583
16,4,f64,abcijk-jkmc-miab,0.004831412,0.004814578,0.0034842816137394816,0.004809071,0.004852178,0.008963685501836016,0.005008392,0.005072259,0.012751997048154218,0.009425632,0.009324557,0.010723418864644785,1.045041932536827,1.9438072321167037,2.994424595615515
16,4,f64,abcs-rc-abrs,0.002472062,0.002507005,0.014135163276649099,0.002421306,0.002430302,0.00371535031094794,0.002655804,0.002599086,0.021356244662633195,0.004748066,0.0048531,0.022121427966671048,1.0553610357293735,1.9282383416634863,3.7150996277695567
16,4,f64,abj-bka-kj,0.005534664,0.005575317,0.007345161332286798,0.00561825,0.005506568,0.019878431896053095,0.005761467,0.005832205,0.01227777578175826,0.009518976,0.009290003,0.02405437307542324,1.043524179877748,1.6928661846577155,3.4887291218386514
16,4,f64,abjc-cbka-kj,0.012910863,0.012595647,0.02441478931346419,0.012808512,0.012612038,0.015339330595154133,0.013487309,0.013466061,0.001575406925132361,0.008724805,0.009112132,0.044393771551341166,1.056805502088103,0.6991976967956078,2.856596451573739
16,4,f64,abjc-kbac-jk,0.003278325,0.00340026,0.03719429891789261,0.003636513,0.003628727,0.002141062055876053,0.00395099,0.003721981,0.05796243473154816,0.006355886,0.006573868,0.0342960839763331,1.1485713395918964,1.9360495723239808,3.6075275442051176
16,4,f64,abjcd-dkbac-jk,0.007048978,0.007128813,0.011325755308074559,0.007031015,0.007084941,0.007669731895039389,0.007458803,0.00742217,0.004911377871221423,0.007383993,0.007356127,0.0037738388971929604,1.0496108905670125,1.0396772921246242,2.3841370954411176
16,4,f64,abrs-qb-aqrs,0.002275675,0.002274371,0.0005730167972141098,0.002266127,0.002274882,0.003863419834810644,0.002362667,0.002354831,0.003316590954205667,0.004270506,0.004286513,0.003748267769674074,1.0368008775592978,1.880641290181705,3.717504881062023
16,4,f64,adbjc-cbdka-kj,0.013493059,0.013249246,0.018069512628678286,0.01335972,0.013274172,0.006403427616746393,0.013961202,0.013908395,0.0037824107122008677,0.012188215,0.013534978,0.11049714826986556,1.0421953279460063,0.9606120691467109,3.075461394849108
16,4,f64,ajb-kba-jk,0.004900411,0.004897322,0.0006303552906072873,0.00469104,0.004730151,0.008337383607899485,0.004909247,0.004905508,0.0007616239313279483,0.006032031,0.006056624,0.004077067906315346,1.0017373177644389,1.2338191482600622,3.590872410047981
16,4,f64,ajbc-ckba-jk,0.007487076,0.008124479,0.08513376917771387,0.007563157,0.008246467,0.09034719231664767,0.007873206,0.008625303,0.09552614271746473,0.005895046,0.00574365,0.025681903075904677,1.0565963511788006,0.7460770860260363,2.4505989466698908
16,4,f64,ajbdc-ckbad-jk,0.00710897,0.00711121,0.00031509487309699935,0.007044871,0.007080382,0.005040688466829257,0.007468591,0.007460632,0.0010656628539439383,0.006902726,0.006795411,0.015546756455348087,1.049861609606134,0.9632590301791861,2.3864740966870004
16,4,f64,aqrs-pa-pqrs,0.002165329,0.00221991,0.025206793055466248,0.002682734,0.002662956,0.00737232986945402,0.002805814,0.002839796,0.0121112803628467,0.004782972,0.00472475,0.012172766221504094,1.2874885651005263,2.1682467600548514,3.338747686297209
16,4,f64,ij-ik-kj,0.042969067,0.042782577,0.004340098890208588,0.047651993,0.047591154,0.0012767356865850399,0.048698295,0.048772668,0.001527219792807788,0.035807968,0.035434295,0.010435470675130287,1.1366681801075396,0.8307881711196704,3.9544491832417648
16,4,f64,ij-ikl-ljk,0.006664011,0.006694994,0.004649302049471338,0.006643283,0.006738786,0.014375874097189545,0.006962889,0.006915897,0.006748922753184838,0.007654239,0.007593921,0.007880339247311241,1.0389055001971172,1.1414084886855034,2.6584721353439402
16,4,f64,ij-kil-lkj,0.007819276,0.007759319,0.007667845462930312,0.007853811,0.007505666,0.044328161194609916,0.008006085,0.008037437,0.003916021376240808,0.009517775,0.009487241,0.0032081027340947754,1.0298496230369834,1.2199516212598298,2.7253323935951634
16,4,f64,ijk-ikl-lj,0.00418662,0.0042527,0.01578361542246487,0.004216986,0.004238854,0.005185694237543226,0.004308317,0.004455058,0.03405993570111021,0.006469889,0.006257038,0.03289870969965636,1.0382844768700348,1.5078865439555251,3.6552398271326942
16,4,f64,ijk-il-jlk,0.005395926,0.005955435,0.10369100688185884,0.005348097,0.006018984,0.1254440598216524,0.005630694,0.006435079,0.14285716822828576,0.004766953,0.004748875,0.0037923596058111464,1.0618622156700264,0.8393170916844634,2.821577877131769
16,4,f64,ijk-ilk-jl,0.004368359,0.004068296,0.06869009621233046,0.003893955,0.004011811,0.030266400099641544,0.004092133,0.004019906,0.017650208338780837,0.005374706,0.005402604,0.005190609495663523,0.9620937339737761,1.2782432011152085,3.5920596265784948
16,4,f64,ijk-ilk-lj,0.004026551,0.004079948,0.013261225301753221,0.003968784,0.003949956,0.004744022350422705,0.004092133,0.004076642,0.0037855563345571275,0.005738295,0.005622635,0.020155812832905906,1.0077022805369966,1.4014172707554118,3.77086658657575
16,4,f64,ijk-ilmk-mjl,0.002375502,0.002396399,0.008796877460006458,0.002332331,0.002142314,0.08147085469429505,0.002218739,0.002287847,0.031147422026655658,0.00358626,0.003546965,0.01095709736605821,0.9442985708284559,1.4948309204228916,3.041507213468926
16,4,f64,ijkl-imjn-lnkm,0.065637764,0.065910024,0.004147917043609173,0.065580628,0.066048602,0.007135857253455891,0.066679999,0.067549761,0.013043821431371061,0.06612894,0.066380451,0.0038033423792971366,1.0203685794852384,1.0073102567992867,3.8206218523287316
16,4,f64,ijkl-imjn-nlmk,0.065580927,0.065652934,0.001097986919275984,0.065569306,0.065715852,0.0022349786651700843,0.066351715,0.066537083,0.0027937182934909544,0.06776403,0.067110131,0.009649647460459487,1.012609761728981,1.027727105976356,3.815122915728597
16,4,f64,ijkl-imkn-jnlm,0.065050748,0.065260192,0.003219701639710415,0.065053533,0.065297501,0.0037502651854435243,0.066602653,0.06680884,0.0030957775811122357,0.067301697,0.066982133,0.004748230939852771,1.0237935969922598,1.030486183301685,3.837168850697164
16,4,f64,ijkl-imkn-njml,0.064959527,0.065127534,0.0025863334873112986,0.065014499,0.065176806,0.0024964739019215365,0.065864555,0.066145172,0.004260516145595972,0.068071481,0.067859468,0.0031145642328539447,1.014778393950407,1.0449225002041442,3.841589076030562
16,4,f64,ijkl-imln-jnkm,0.064855181,0.064965021,0.0016936195120633712,0.064998018,0.065008021,0.00015389700036694265,0.06610365,0.066458115,0.005362260631599058,0.067817667,0.067733153,0.0012461944466475305,1.0211148688164213,1.0441428998240245,3.832941075179367
16,4,f64,ijkl-imln-njmk,0.06487637,0.064904508,0.00043371723787877237,0.064765634,0.064962636,0.0030417674904563707,0.065879591,0.065715049,0.002497617205911351,0.068057434,0.067949907,0.0015799449623680184,1.0139748031579303,1.047976433719272,3.82885800339608
16,4,f64,ijkl-imnj-nlkm,0.066062342,0.06588674,0.0026581255626692,0.066015975,0.066029656,0.00020723771784036948,0.066649357,0.066706709,0.0008605034254118848,0.066811679,0.066505103,0.004588658818168612,1.0106638844357931,1.010363585227308,3.787691337725536
16,4,f64,ijkl-imnk-njml,0.065432717,0.065363564,0.0010568566180738648,0.065029444,0.065093921,0.0009915047097741603,0.066891989,0.066001583,0.013311100676046572,0.067242673,0.067054116,0.0028041270756742342,1.016012126645424,1.0267621859982012,3.817243293896594
16,4,f64,ijkl-minj-nlmk,0.079610653,0.07957329,0.00046932161202095646,0.079682827,0.079722369,0.0004962424337682236,0.080594587,0.08027512,0.003963876631069452,0.082108151,0.081405087,0.008562657804826235,1.0105880730716874,1.0271873401311005,3.846417068899298
16,4,f64,ijkl-mink-jnlm,0.078680736,0.078776455,0.00121654937239013,0.078934861,0.078924131,0.00013593486913221486,0.080468311,0.080525076,0.0007054329747271382,0.080721443,0.0801577,0.0069838072641987825,1.0224582676569096,1.0217265021956325,3.8628818058366607
16,4,f64,ijkl-minl-njmk,0.078953275,0.078675667,0.0035161049367489206,0.078825125,0.078611107,0.0027150987708550733,0.080744806,0.079511826,0.015270084369265913,0.082701034,0.081884641,0.009871617808309585,1.016641584204425,1.0441223760438498,3.8606433251370222
16,8,f64,abc-bk-akc,0.002529017,0.00233311,0.0774636943919319,0.002223427,0.002253593,0.013567344464198605,0.002317783,0.002324634,0.002955841854047625,0.003462237,0.003485329,0.0066696762815485755,0.9555869219835728,1.4300683817636766,6.215378688961782
16,8,f64,abcijk-eiab-jkec,0.004156933,0.004547349,0.09391924286487185,0.004198561,0.004169394,0.006946903951139505,0.003723876,0.003717772,0.001639152324083848,0.006577648,0.006659037,0.012373571829930707,0.8558020568780536,1.5222128107982213,3.315026817157498
16,8,f64,abcijk-eiac-jkeb,0.003572773,0.003607667,0.009766643444741652,0.003582432,0.003593541,0.003100966047645759,0.003765122,0.003762616,0.000665582682314203,0.007547346,0.007385292,0.021471653744243313,1.0483795520264185,2.0795292428342074,3.9068362470176288
16,8,f64,abcijk-eibc-jkea,0.003575429,0.003515164,0.016855320018940523,0.003608,0.00360413,0.0010726164079822853,0.003716712,0.003745745,0.007811474227758186,0.003832157,0.003826916,0.0013676370774996505,1.0524747466779856,1.0802125942760865,3.9444895746222786
16,8,f64,abcijk-ejab-ikec,0.004154639,0.004148336,0.0015170993195798843,0.004167683,0.00417229,0.001105410368303028,0.003728023,0.003756124,0.00753777538389655,0.005395413,0.005375543,0.0036827579278917444,0.9013752781773764,1.2972387337827125,3.486332274338032
16,8,f64,abcijk-ejac-ikeb,0.00359743,0.003567052,0.008444361669302847,0.003599814,0.003608839,0.002507073976599994,0.003752549,0.003782052,0.007862122519919135,0.004777541,0.004756991,0.004301375958887466,1.0516616508868113,1.3308143648555393,3.914278713843935
16,8,f64,abcijk-ejbc-ikea,0.003577102,0.00352321,0.015065827029813517,0.003582883,0.003563044,0.0055371609957678425,0.003686295,0.003757647,0.01935602006893089,0.003889013,0.003905753,0.004304434055633077,1.0483785007056121,1.0978352162395744,3.936113121558311
16,8,f64,abcijk-ekab-ijec,0.004176971,0.004170727,0.001494863143651215,0.004169377,0.004160939,0.00202380355626286,0.003759502,0.003768867,0.002491021417198258,0.005438273,0.005337122,0.018599838588463813,0.9018492620566314,1.290765818366087,3.4676998270715407
16,8,f64,abcijk-ekac-ijeb,0.003605535,0.003632183,0.007390858776852971,0.003623137,0.003619349,0.0010455028335941696,0.003775321,0.00379144,0.004269570719946714,0.006556619,0.0067087,0.02319503390390687,1.0454669715751266,1.8326960385731539,3.8571948852848004
16,8,f64,abcijk-ekbc-ijea,0.003595756,0.003536615,0.01644744526603026,0.003582752,0.003987726,0.11303433784978689,0.003699821,0.003750704,0.013752827501654963,0.003899382,0.003896886,0.0006401014314575404,1.0446185969854624,1.0931197540989923,3.936382409588518
16,8,f64,abcijk-ijma-mkbc,0.003575549,0.00367886,0.02889374470885442,0.003580558,0.003561491,0.0053251476445850265,0.003705921,0.003755332,0.013332987940109842,0.00390838,0.003897999,0.0026560876885053375,1.0285946237891554,1.076195707003495,3.8070189999854156
16,8,f64,abcijk-ijmb-mkac,0.003578354,0.003592609,0.003983675175793122,0.003624571,0.003643534,0.0052317915692643435,0.003790771,0.003775811,0.003946426729549257,0.006843274,0.006974375,0.019157642964463983,1.055169600158271,1.9268059739089718,3.886576941237712
16,8,f64,abcijk-ijmc-mkab,0.004164988,0.004160498,0.0010780343184660923,0.004184986,0.00417238,0.003012196456571248,0.003753992,0.003724545,0.007844182939121813,0.005309553,0.005355597,0.008671916449463968,0.8982634903295951,1.2810125629957236,3.5005045267006434
16,8,f64,abcijk-ikma-mjbc,0.003560851,0.003568745,0.0022168857949966814,0.003590688,0.003608309,0.004907416071794568,0.003709879,0.003749512,0.010683097750627368,0.003913048,0.00389853,0.003710151268269568,1.0462430526398212,1.0956538487136558,3.920562371418746
16,8,f64,abcijk-ikmb-mjac,0.003615182,0.003607096,0.002236678540665449,0.003604002,0.003604692,0.00019145383382146441,0.003726841,0.003768357,0.011139729331087755,0.004771139,0.004770185,0.00019995225458746546,1.0377733615037568,1.3210970184565736,3.8907220755610323
16,8,f64,abcijk-ikmc-mjab,0.004168405,0.004186337,0.004301885253472193,0.004167573,0.004160468,0.001704829165560029,0.00375849,0.003783976,0.0067809146758406325,0.005375666,0.005396763,0.00392453697830164,0.902773576278628,1.2893795109799209,3.4770520285559474
16,8,f64,abcijk-jkma-mibc,0.003638186,0.003533118,0.028879227175301003,0.00363511,0.00365754,0.006170377237552538,0.003752509,0.003754632,0.0005657548056514639,0.003852435,0.003764861,0.022732116181064743,1.0469430049228943,1.0622350141400496,3.8107038634911943
16,8,f64,abcijk-jkmb-miac,0.003561733,0.003600634,0.010921930419826476,0.003590146,0.003588592,0.0004328514773493941,0.003787594,0.003798523,0.0028854729413976266,0.00738861,0.007426959,0.005190286129596711,1.0591779256208136,2.0685533001920984,3.8993600532494983
16,8,f64,abcijk-jkmc-miab,0.004230911,0.004181187,0.011752551637224218,0.004214921,0.00420947,0.0012932626732505836,0.003754803,0.00385634,0.027041898070284898,0.006676803,0.006651132,0.003844804167503546,0.9047206353914639,1.5844017892394058,3.4337034993251025
16,8,f64,abcs-rc-abrs,0.001954686,0.001997214,0.021756947151614137,0.001905945,0.00197331,0.03534467154088916,0.002067536,0.002098352,0.014904698152776952,0.004191478,0.00406547,0.030062903825333276,1.054180332921474,2.0892392381731257,4.680873904940391
16,8,f64,abj-bka-kj,0.004345866,0.004389896,0.010131467468163846,0.004451864,0.004420173,0.007118591223810866,0.004566467,0.004577055,0.002318641523085585,0.006518668,0.006632167,0.017411379134510296,1.0466896890187858,1.5053652157253559,4.43692800909404
16,8,f64,abjc-cbka-kj,0.008468815,0.008500951,0.0037946277017504304,0.008376133,0.008379335,0.0003822766424554924,0.00892685,0.009008448,0.009140738334350917,0.006246881,0.005969151,0.044458986812779155,1.0568881468511129,0.7196856109807036,4.293304481569735
16,8,f64,abjc-kbac-jk,0.002446844,0.002438627,0.0033582034653619752,0.002490085,0.002422578,0.027110319527245075,0.002628393,0.002544555,0.03189705649041075,0.004876445,0.004557799,0.0653439134451429,1.0587056784813682,1.9299827165501917,4.930783023321306
16,8,f64,abjcd-dkbac-jk,0.004565886,0.00460114,0.0077211739408298286,0.004543063,0.004615096,0.015855602266576563,0.004782981,0.004841467,0.012227939019619827,0.005167979,0.00516946,0.0002865723719078783,1.049887004240636,1.1276847407937316,3.6872930778274875
16,8,f64,abrs-qb-aqrs,0.001545984,0.001550061,0.0026371553651265423,0.001532538,0.001495218,0.024351761587640852,0.001632355,0.001608469,0.014632846409022626,0.003100954,0.002784762,0.10196604012829591,1.0467350392445314,1.8982998429671085,5.463367678823092
16,8,f64,adbjc-cbdka-kj,0.008141796,0.008004546,0.016857459951096776,0.008051708,0.008075198,0.0029173934275810165,0.008343902,0.008259071,0.010166826024562647,0.009772718,0.010908671,0.11623716145293472,1.0283045002857265,1.2789840979910339,5.093691176813986
16,8,f64,ajb-kba-jk,0.002763143,0.002760137,0.0010878915785392795,0.002777791,0.002739368,0.01383221415866065,0.00290056,0.00289591,0.0016031387042502176,0.003844841,0.003804253,0.01055648335002668,1.049461369568557,1.3848632419558287,6.3698404883799125
16,8,f64,ajbc-ckba-jk,0.005084984,0.005143791,0.011564834815606106,0.005090625,0.005124275,0.0066101903007982354,0.005335141,0.005328766,0.0011949075010387888,0.004135223,0.004125413,0.002372302533624082,1.0425570350153754,0.8076007828580422,3.7371426110897206
16,8,f64,ajbdc-ckbad-jk,0.004529138,0.004586643,0.012696676497823578,0.004520431,0.004586923,0.014709216886619858,0.004768564,0.004815389,0.00981951799325742,0.004713992,0.004700736,0.0028120539873637274,1.051366779116533,1.032813973975515,3.7228588592514336
16,8,f64,aqrs-pa-pqrs,0.001505839,0.001478968,0.017844537164995677,0.001695443,0.0016628,0.019253375076602408,0.001820666,0.001843227,0.012391619330508696,0.00279298,0.002782168,0.0038711340575300346,1.2275406809369787,1.867914224573769,4.905062787229036
16,8,f64,ij-ik-kj,0.0219552,0.021881612,0.00335173444104353,0.024406473,0.024440625,0.0013993009149662061,0.02507493,0.025079366,0.0001769097660491159,0.019479593,0.019361714,0.006051409801015928,1.1441152807958932,0.8860403181572081,7.735512209587881
16,8,f64,ij-ikl-ljk,0.003563417,0.003500597,0.0176291464063848,0.003198206,0.003171814,0.008252126348334055,0.003532068,0.003486982,0.01276475990835968,0.005026826,0.005059253,0.006450790220309921,0.9936535738727317,1.427860381106216,5.027715324670478
16,8,f64,ij-kil-lkj,0.004309999,0.004310738,0.0001714617567196708,0.004297796,0.004315176,0.004043933216001827,0.004529448,0.004478371,0.011276650046539882,0.006407291,0.006463713,0.008805905647176093,1.044884471139563,1.4930139243890184,4.924931048553855
16,8,f64,ijk-ikl-lj,0.002373627,0.002396048,0.009445881766595887,0.002331248,0.002326008,0.002247723107966282,0.002567219,0.00255831,0.0034702921721910807,0.004103514,0.004074297,0.00711999520411033,1.0746178486982156,1.7145506058748874,6.467344998372049
16,8,f64,ijk-il-jlk,0.002340275,0.002339843,0.00018459369091250455,0.002335155,0.002353388,0.007808047003303731,0.002524689,0.00252573,0.00041232801347002024,0.002609337,0.002582847,0.010152004129784786,1.079122132012322,1.109398619227755,6.835258962002966
16,8,f64,ijk-ilk-jl,0.002206907,0.002220781,0.006286626486752489,0.00219788,0.002219579,0.009872695506579099,0.002336939,0.002330335,0.0028259188622382636,0.003417444,0.003454381,0.010808370232255449,1.0541149785140818,1.5519972193530425,6.840125774090949
16,8,f64,ijk-ilk-lj,0.002259464,0.002247301,0.005383135115230808,0.002219871,0.002238294,0.008299130895443874,0.002385479,0.002384126,0.0005671816855230549,0.003637034,0.00359295,0.012120865518441604,1.0583250243485174,1.6042274070917832,6.78268655685718
16,8,f64,ijk-ilmk-mjl,0.001723715,0.001726058,0.0013592734297722675,0.001370837,0.001332585,0.027904119891715706,0.001534903,0.001571731,0.023993698624603654,0.001947593,0.001968791,0.010884204245958928,0.9004698041336386,1.13524209685826,4.207127684492176
16,8,f64,ijkl-imjn-lnkm,0.035646527,0.03575428,0.003022819025258805,0.035618045,0.035698115,0.002248017823549775,0.036483879,0.036914324,0.011798224635050536,0.035419705,0.035520995,0.002859707611906792,1.0279579107970167,0.9935561158446721,7.039049983602123
16,8,f64,ijkl-imjn-nlmk,0.036062272,0.036086791,0.0006799072448901988,0.035988354,0.036034333,0.0012776077505518568,0.036928228,0.03727719,0.009449735849767826,0.035922241,0.036082422,0.004459103762485261,1.0284901656669787,0.9979961761802474,6.9394284990901545
16,8,f64,ijkl-imkn-jnlm,0.033907012,0.033575227,0.009785144146585378,0.033700747,0.033719296,0.000550403229934382,0.034656441,0.03461725,0.0011308431815026943,0.036314413,0.036172871,0.0038976810667432638,1.026559258254456,1.0741792658799656,7.409808642042794
16,8,f64,ijkl-imkn-njml,0.034675275,0.033604672,0.03087511202146187,0.034670616,0.033585516,0.03129739604280457,0.035233015,0.0347457,0.01383120348911393,0.036188147,0.035994368,0.005354764365249176,1.0249806099773244,1.0572815696550235,7.31989522032476
16,8,f64,ijkl-imln-jnkm,0.033423309,0.033323538,0.0029850724833977438,0.033405677,0.033435517,0.0008932613459680105,0.034493045,0.034299458,0.0056123488082887585,0.036507281,0.036185465,0.00881511827736503,1.0306450500655395,1.0890718906070906,7.454937345895561
16,8,f64,ijkl-imln-njmk,0.034310274,0.033444834,0.025223931467291738,0.033743487,0.033524793,0.0064810729252731125,0.035293368,0.034818415,0.013457287499453185,0.036151949,0.035923146,0.006328925724032208,1.034842926323679,1.0638402655013153,7.334547863142538
16,8,f64,ijkl-imnj-nlkm,0.036200229,0.03625266,0.0014483610034621286,0.036287832,0.036224628,0.0017417408678478408,0.037351686,0.037517218,0.004431714273888332,0.035640295,0.035762536,0.003429853765239521,1.0333437581931626,0.9855058375688764,6.898028361425521
16,8,f64,ijkl-imnk-njml,0.034339318,0.03378579,0.01611936497981692,0.034696935,0.033700841,0.028708414734615495,0.035419262,0.035381425,0.0010682605413968593,0.036021896,0.035591167,0.011957421674861246,1.039308650753756,1.0512149441988357,7.329128027377149
16,8,f64,ijkl-minj-nlmk,0.043727638,0.043642099,0.0019561770064050465,0.043636138,0.043639434,7.553372390556312e-05,0.044833501,0.045000442,0.003723577152719093,0.0451596,0.045581826,0.009349639943666332,1.0282030600425538,1.0385802942316846,7.008011389946945
16,8,f64,ijkl-mink-jnlm,0.040974132,0.04034468,0.015362180216532795,0.040845392,0.040185824,0.01614791700370999,0.042142321,0.041368901,0.018352572465099914,0.043456853,0.043363509,0.002147969619429091,1.0269473972865062,1.0676854563873233,7.47990057166515
16,8,f64,ijkl-minl-njmk,0.040450997,0.040411515,0.0009760451639795331,0.040470493,0.040361862,0.002684202537389546,0.042087158,0.041686702,0.00951492139241139,0.045889831,0.045090791,0.01741213647093187,1.0359919668320237,1.1250840683820131,7.525715396610231
16,1,c64,abc-bk-akc,0.055863987,0.055681726,0.003262584892123721,0.055849219,0.055714206,0.002417455470594798,0.056523107,0.056405286,0.00208447493871855,0.069219244,0.069411048,0.002770963519913572,1.0123964359487967,1.2428119435871883,1.0
16,1,c64,abcijk-eiab-jkec,0.05178034,0.051675886,0.0020172521076532446,0.051727943,0.051648916,0.0015277429454326752,0.053399502,0.053266002,0.00250002331482424,0.06597815,0.065659884,0.004823809094374409,1.0310203546734547,1.2724001390929986,1.0
16,1,c64,abcijk-eiac-jkeb,0.05097144,0.051015896,0.0008721746923374685,0.050984234,0.051006578,0.0004382531274274015,0.052751561,0.052699334,0.000990056009906537,0.081947535,0.081525109,0.005154834736639802,1.0339606486520707,1.6028667886636414,1.0
16,1,c64,abcijk-eibc-jkea,0.052309908,0.052260266,0.0009489980368537765,0.052325377,0.052274913,0.0009644268783768339,0.053934258,0.053902018,0.0005977647824504384,0.06135326,0.061051841,0.0049128440770710435,1.031233660677829,1.1705512097018949,1.0
16,1,c64,abcijk-ejab-ikec,0.051701092,0.051599714,0.0019608483317915537,0.051596416,0.051625682,0.0005672099395430674,0.052878328,0.052985539,0.0020275035927761476,0.064542029,0.064616949,0.0011607939998292682,1.024811594326939,1.2503195615793652,1.0
16,1,c64,abcijk-ejac-ikeb,0.050648928,0.050606803,0.000831705658212667,0.050590078,0.050702962,0.0022313466288785833,0.05221995,0.052221243,2.476065181977738e-05,0.065450054,0.064571965,0.0134161692211896,1.03145966157913,1.2840662340436202,1.0
16,1,c64,abcijk-ejbc-ikea,0.05242978,0.052531813,0.0019460886541959876,0.052470216,0.052497508,0.0005201427034338124,0.054209632,0.053934007,0.005084428538456032,0.061360774,0.061131408,0.0037379906583316913,1.0303134295418044,1.167017588352081,1.0
16,1,c64,abcijk-ekab-ijec,0.051667208,0.051626343,0.0007909271969950282,0.051627733,0.051615393,0.0002390188234683288,0.05317996,0.052950533,0.004314162703394242,0.058182814,0.057819543,0.006243613449153584,1.0274625307822314,1.1230303939303998,1.0
16,1,c64,abcijk-ekac-ijeb,0.050642877,0.050726876,0.0016586537925165068,0.050645942,0.050741514,0.0018870613562682603,0.052259252,0.052196446,0.0012018159004648643,0.068952046,0.068717805,0.0033971580770786325,1.0304426309520212,1.3580944504024535,1.0
16,1,c64,abcijk-ekbc-ijea,0.052375569,0.052413572,0.0007255863893336212,0.052376019,0.052393094,0.00032600797704773754,0.05389838,0.0537642,0.002489499684406149,0.061444419,0.061064464,0.006183718654740655,1.0274204219852705,1.1690934831643967,1.0
16,1,c64,abcijk-ijma-mkbc,0.052305112,0.052270786,0.0006562647260941468,0.052300443,0.052304389,7.544869170605928e-05,0.05379944,0.053855541,0.001042780370948071,0.061353895,0.061099008,0.004154373573185488,1.0294434400345447,1.1709451858720958,1.0
16,1,c64,abcijk-ijmb-mkac,0.050630437,0.05067528,0.0008856925331299781,0.050561338,0.050714834,0.003035837382309836,0.052248796,0.052339463,0.0017352935749945786,0.068560291,0.068844282,0.004142208206205034,1.0324020503906441,1.356333058493604,1.0
16,1,c64,abcijk-ijmc-mkab,0.051665217,0.051638486,0.0005173887104742425,0.051651562,0.051569287,0.0015928850322086685,0.053202986,0.053007871,0.003667369346525118,0.058322369,0.057962629,0.006168130790434767,1.0281401174682228,1.125656119459336,1.0
16,1,c64,abcijk-ikma-mjbc,0.052456814,0.052489673,0.0006264009857710473,0.052457695,0.052511024,0.001016609669944657,0.054093939,0.053980123,0.0021040434862767965,0.061420799,0.061127291,0.004778641840852638,1.0298010963044202,1.1677165003546952,1.0
16,1,c64,abcijk-ikmb-mjac,0.05059502,0.050669059,0.0014633653667892599,0.050592795,0.050715586,0.0024270451948740224,0.05228862,0.05214431,0.0027598739458031263,0.065912329,0.065839069,0.0011114764280292233,1.0312922335146664,1.3010676060918835,1.0
16,1,c64,abcijk-ikmc-mjab,0.051664445,0.05162979,0.0006707707786274275,0.051671478,0.051580668,0.0017574492450166401,0.05317313,0.053147781,0.0004767257447512163,0.064813308,0.064377813,0.006719221922756868,1.029301528413753,1.2507028514785015,1.0
16,1,c64,abcijk-jkma-mibc,0.052218188,0.0522893,0.0013618243513160433,0.052157124,0.052232805,0.0014510194235404228,0.053874358,0.053812481,0.001148542688898413,0.061255369,0.061005935,0.004072034893790266,1.0304223000056805,1.1698786393161402,1.0
16,1,c64,abcijk-jkmb-miac,0.050969027,0.051051351,0.0016151769975911723,0.050992751,0.05104543,0.0010330684061348183,0.052709254,0.052655282,0.001023956817905236,0.082005064,0.081640976,0.004439823374810081,1.0327795147023242,1.6040490288861395,1.0
16,1,c64,abcijk-jkmc-miab,0.051722252,0.051733814,0.00022354015057191035,0.051678711,0.051663684,0.00029077737639393586,0.053384764,0.053387298,4.74667266487927e-05,0.066880013,0.065491539,0.020760671801902886,1.0320522204730762,1.2794249360245218,1.0
16,1,c64,abcs-rc-abrs,0.030051041,0.030110722,0.0019859877732688602,0.030072501,0.030116923,0.0014771634723695914,0.030958003,0.03093043,0.0008906582249508244,0.040113156,0.040080674,0.0008097592719954472,1.0287008595374019,1.3329706258831688,1.0
16,1,c64,abj-bka-kj,0.074231505,0.074248711,0.0002317883761078221,0.074226937,0.074135821,0.0012275328025458387,0.075383154,0.075198532,0.002449114824778942,0.098563064,0.098630349,0.0006826593783650914,1.0141524432606925,1.3280786367169943,1.0
16,1,c64,abjc-cbka-kj,0.074140265,0.073827636,0.004216723530729105,0.074168507,0.07400131,0.0022542856363549912,0.075151992,0.074896399,0.003401014307112371,0.06261512,0.061822719,0.012655106306591724,1.0140612065512127,0.8409634314590559,1.0
16,1,c64,abjc-kbac-jk,0.035431199,0.035274661,0.004418083621725577,0.035372329,0.035315998,0.0015925160031164953,0.036051325,0.036028938,0.000620975789378031,0.053524228,0.05343609,0.001646693531011767,1.0194407673524166,1.5127535938285912,1.0
16,1,c64,abjcd-dkbac-jk,0.0418208,0.041854451,0.0008046474481597787,0.041794312,0.041781826,0.00029874878667701665,0.044587703,0.044664071,0.001712759233190475,0.046323262,0.045605466,0.015495368180245994,1.0666445272510192,1.0986036128066212,1.0
16,1,c64,abrs-qb-aqrs,0.029602865,0.029714763,0.0037799719723075054,0.029585502,0.029768774,0.006194655747264299,0.030233802,0.030207862,0.0008579800846748586,0.040139505,0.040225834,0.002150724080927313,1.0189511619922877,1.3548322536775477,1.0
16,1,c64,adbjc-cbdka-kj,0.076345227,0.076061832,0.003712019875191541,0.076313478,0.076045302,0.003514136781971988,0.078152148,0.077772292,0.004860467814652991,0.049620453,0.049448954,0.003456215927734485,1.0230775916168338,0.6500317667709569,1.0
16,1,c64,ajb-kba-jk,0.062848606,0.062921077,0.0011531043345656133,0.062791038,0.062861787,0.0011267372264176512,0.063371862,0.06328701,0.0013389538719881244,0.075258651,0.075319047,0.0008025123915655907,1.0070699200615552,1.1972496653731934,1.0
16,1,c64,ajbc-ckba-jk,0.055031751,0.05492725,0.0018989219514385924,0.055002926,0.054967675,0.0006408931772102777,0.056451519,0.056404314,0.0008362042481089293,0.042949226,0.042487371,0.010753511599952859,1.026345029205932,0.7769749310494056,1.0
16,1,c64,ajbdc-ckbad-jk,0.043685359,0.043685596,5.425158575489419e-06,0.043751562,0.043610736,0.0032187650808902513,0.046096167,0.045859541,0.005133311843477206,0.04500443,0.045132624,0.0028484751390029928,1.0524710820621495,1.03165820770487,1.0
16,1,c64,aqrs-pa-pqrs,0.030359677,0.030330762,0.0009524146123162103,0.030371589,0.030362351,0.00030416584394055146,0.0314278,0.031390939,0.0011728787888429792,0.040697787,0.040963009,0.00651686540105989,1.0350680659087637,1.3455228848530825,1.0
16,1,c64,ij-ik-kj,0.513787717,0.513528945,0.0005036554815108785,0.513569569,0.513243992,0.0006339491660961594,0.516177751,0.515530005,0.0012548894227716323,0.527954692,0.529413336,0.0027628204126273204,1.0042741674041753,1.029251344354265,1.0
16,1,c64,ij-ikl-ljk,0.064558435,0.06431059,0.0038390800520489154,0.064408886,0.064596233,0.002908713558560816,0.067636815,0.067598172,0.0005713308647073978,0.080835438,0.080592416,0.003006379454515873,1.0494005955626857,1.2526514390687593,1.0
16,1,c64,ij-kil-lkj,0.075781172,0.075780071,1.4528674747715797e-05,0.075739304,0.075793096,0.0007102256973474663,0.079581729,0.079622007,0.0005061211977437363,0.099860003,0.099240856,0.006200150024029183,1.0504250806989133,1.313659695423962,1.0
16,1,c64,ijk-ikl-lj,0.058359626,0.058510203,0.0025801570421304376,0.058342384,0.058555427,0.003651599153027485,0.05903738,0.059067111,0.0005035961961725732,0.074441414,0.07414912,0.003926497151169106,1.0105652271098269,1.271417705622928,1.0
16,1,c64,ijk-il-jlk,0.058882831,0.059014272,0.002232246611920008,0.05890914,0.059054327,0.0024645920819756917,0.059569111,0.059683851,0.001926166062810708,0.063393402,0.063250704,0.0022509913571131523,1.0115005193482023,1.0741918256718586,1.0
16,1,c64,ijk-ilk-jl,0.055864262,0.055796,0.001221926103668891,0.055847551,0.055899684,0.0009334876653765978,0.056455475,0.056513679,0.001030971752518317,0.069583375,0.068863792,0.010341306382451454,1.0117221479936789,1.2398799747738183,1.0
16,1,c64,ijk-ilk-lj,0.057610378,0.057799657,0.0032855017892783334,0.057565114,0.057838239,0.004744627101754606,0.05852301,0.05852504,3.468721106458794e-05,0.071285839,0.071155045,0.0018347823611923886,1.0141943670653428,1.234216899061827,1.0
16,1,c64,ijk-ilmk-mjl,0.028260568,0.028237142,0.0008289288453083854,0.028211266,0.028234688,0.0008302356937828215,0.028930207,0.028840688,0.003094309003734419,0.041577421,0.04134059,0.0056961445492254015,1.0225340214473222,1.4676290403252368,1.0
16,1,c64,ijkl-imjn-lnkm,0.982480433,0.979904153,0.002622220161813682,0.981815972,0.979723501,0.002131225259798475,0.989512942,0.987277839,0.0022587910729923166,1.023724143,1.025683849,0.0019142910845661998,1.007341392224554,1.04434616729112,1.0
16,1,c64,ijkl-imjn-nlmk,0.982745522,0.980933593,0.001843741802366572,0.982519769,0.980809377,0.001740821970168449,0.98956236,0.988713667,0.000857644787540246,1.040316518,1.040026648,0.0002786363524798219,1.007433786919952,1.0594113954424662,1.0
16,1,c64,ijkl-imkn-jnlm,0.976465771,0.977481858,0.0010405761575844608,0.97655897,0.978149188,0.0016283891181705368,0.988940035,0.988423605,0.000522205575386625,1.037322903,1.042942718,0.00541761392113016,1.0119840524750103,1.0646438422641198,1.0
16,1,c64,ijkl-imkn-njml,0.977830652,0.977000353,0.0008491235146921294,0.977559283,0.977045844,0.000525225435355936,0.988565684,0.985624951,0.0029747471994991947,1.048791634,1.046151576,0.0025172378520327277,1.0099024507923382,1.071674088503628,1.0
16,1,c64,ijkl-imln-jnkm,0.978305455,0.975931382,0.0024267195770670824,0.97570374,0.975690008,1.407394420771535e-05,0.987420516,0.985465145,0.001980281924788385,1.039223039,1.044496993,0.005074900961659967,1.0095430146719693,1.066255049475485,1.0
16,1,c64,ijkl-imln-njmk,0.974278365,0.973644323,0.0006507811553425613,0.974203181,0.973840695,0.00037208459905446745,0.985925187,0.983248606,0.0027147911781667533,1.040375206,1.036261598,0.003953965815675087,1.0109087441643096,1.0660755955435035,1.0
16,1,c64,ijkl-imnj-nlkm,0.982942598,0.981524823,0.0014423782252236395,0.982372643,0.981286397,0.0011057372248099995,0.989124031,0.988224381,0.0009095421522521407,1.035974749,1.034544451,0.0013806301759581308,1.006557146821325,1.053985025700806,1.0
16,1,c64,ijkl-imnk-njml,0.977287163,0.976111444,0.0012030435316379151,0.976845478,0.975909756,0.000957901757313584,0.987227635,0.984297174,0.002968374158205056,1.038888793,1.037020354,0.001798497599155291,1.0092783833935912,1.0627163727477686,1.0
16,1,c64,ijkl-minj-nlmk,1.198640706,1.195733989,0.002425011085849027,1.198505582,1.195685784,0.0023527616744967172,1.208817184,1.209013745,0.00016260606037188374,1.251712447,1.237936297,0.011005842462474158,1.0097971331261653,1.0397756329267216,1.0
16,1,c64,ijkl-mink-jnlm,1.188788716,1.18808754,0.0005898239027363195,1.189292924,1.187407418,0.0015854008393982877,1.20302268,1.201475821,0.0012858103390036568,1.245148403,1.228118952,0.01367664365064436,1.0116210728234147,1.0405290676495251,1.0
16,1,c64,ijkl-minl-njmk,1.18758875,1.186340146,0.001051377423371469,1.187180264,1.186280141,0.0007582024628401962,1.202850864,1.201257117,0.0013249747310319915,1.246534356,1.243732582,0.0022476508461350964,1.0127126340294703,1.049006021420708,1.0
16,4,c64,abc-bk-akc,0.014335509,0.014195821,0.009744195340395612,0.014254579,0.0142433,0.0007912545154787898,0.014520204,0.014489218,0.002133992056860934,0.018534412,0.018491962,0.002290334325146026,1.0167683434404053,1.2977591104584216,3.9096285035780665
16,4,c64,abcijk-eiab-jkec,0.013787819,0.013748096,0.0028810212840769678,0.013743927,0.013822946,0.00574937570608447,0.014026263,0.014140478,0.008142938714324588,0.022588133,0.023038711,0.019947553877073476,1.0229018624807176,1.6569148556355517,3.757139754347028
16,4,c64,abcijk-eiac-jkeb,0.013400957,0.013405978,0.0003746747340507284,0.013406437,0.013401119,0.0003966751195713103,0.013549233,0.01383603,0.02116702842146112,0.02714309,0.027342737,0.007355352688289907,1.0215178151870514,2.032513682790555,3.80451282848421
16,4,c64,abcijk-eibc-jkea,0.013840025,0.013799663,0.0029163242118421806,0.013733898,0.01381991,0.006262752206256383,0.014213803,0.014212182,0.00011404407391890636,0.016021455,0.016016907,0.00028386934894486515,1.0284492090627466,1.1591446270077057,3.7833377031038045
16,4,c64,abcijk-ejab-ikec,0.013610067,0.013492569,0.008633168374556854,0.013663647,0.013493392,0.012460436075375725,0.01384751,0.013844005,0.0002531140977692914,0.018372439,0.018530424,0.008599021610576463,1.0217373324939658,1.3615971382320855,3.8115011036970134
16,4,c64,abcijk-ejac-ikeb,0.013414402,0.013389166,0.00188126164699709,0.013415163,0.013411509,0.00027237835276394673,0.013787097,0.013866577,0.005764810387567376,0.017721345,0.017837382,0.006547866428874283,1.0317123466176075,1.3266350745226232,3.7776973243530647
16,4,c64,abcijk-ejbc-ikea,0.013872587,0.013866487,0.00043971611062887384,0.013813667,0.013917943,0.007548755880679714,0.014440706,0.014364576,0.005271902911118009,0.01609908,0.016091235,0.0004872949261698345,1.0384334420695083,1.160468255804171,3.783887881219006
16,4,c64,abcijk-ekab-ijec,0.0135795,0.013612072,0.0023986155602193637,0.013593516,0.01359978,0.00046080793225256045,0.013866525,0.01389507,0.0020585546847535774,0.016451327,0.01617413,0.016849522230030667,1.0209634162468617,1.199794657142345,3.7987364990991934
16,4,c64,abcijk-ekac-ijeb,0.013399474,0.013439781,0.003008103153899988,0.013417498,0.013371303,0.003442892259048591,0.013792036,0.013840899,0.003542841680517661,0.021113773,0.021108641,0.00024306408901897392,1.0295711620697996,1.5731607044241493,3.7769242295076673
16,4,c64,abcijk-ekbc-ijea,0.013829235,0.013910389,0.005868292786983531,0.013871003,0.013987994,0.008434213445127181,0.014310954,0.014362441,0.0035977335962367185,0.016071047,0.016087729,0.0010380157559117809,1.0336647490664264,1.1593130929310056,3.7776136602434645
16,4,c64,abcijk-ijma-mkbc,0.013781737,0.013887105,0.007645480391912818,0.013809819,0.014033609,0.016205136359861205,0.014256914,0.01431305,0.003937457994065197,0.016119117,0.016081217,0.00235124541871623,1.0325736081230499,1.1637836229940297,3.7795817644894227
16,4,c64,abcijk-ijmb-mkac,0.013410354,0.013414554,0.00031319083746783605,0.013415063,0.013413362,0.00012679776457258374,0.013806994,0.013479445,0.023723411482615253,0.021231543,0.020971145,0.012264676194283175,1.0171320363515501,1.5732350380819808,3.7765538027882095
16,4,c64,abcijk-ijmc-mkab,0.013608263,0.013608235,2.0575734023253744e-06,0.013450029,0.013617322,0.012438114445701087,0.013889188,0.01390018,0.0007914069562597881,0.016338476,0.016312819,0.0015703423012036755,1.0210485502612618,1.1996872235190843,3.7956279144208973
16,4,c64,abcijk-ikma-mjbc,0.013812905,0.013961053,0.010725332578483515,0.01389063,0.013931228,0.002922689611630336,0.014396604,0.014331093,0.004550448147354835,0.016075285,0.016064947,0.0006430990181512941,1.0343513515348621,1.1572238849593444,3.7786467044964023
16,4,c64,abcijk-ikmb-mjac,0.013428859,0.013407121,0.0016187525686285342,0.01342397,0.013416417,0.0005626502443017989,0.013719802,0.01383092,0.008099096473841216,0.017933321,0.01779371,0.007785005353999841,1.026625707588247,1.3313011091884355,3.7734446498908985
16,4,c64,abcijk-ikmc-mjab,0.013604307,0.013627381,0.001696080513325704,0.01359046,0.013604088,0.0010027622317418938,0.013775315,0.013886725,0.008087655345812461,0.018498946,0.018536926,0.002053089943610864,1.0157954796956008,1.3600282810571374,3.793164282248497
16,4,c64,abcijk-jkma-mibc,0.013887725,0.013788542,0.007141774480701413,0.013911759,0.013846349,0.0047017778269446975,0.014201551,0.014280539,0.005561927707755432,0.016020523,0.016008822,0.0007303756562753172,1.0291186802336352,1.1572929448096163,3.7760921621490677
16,4,c64,abcijk-jkmb-miac,0.013251458,0.013443498,0.01449199023986636,0.013507616,0.013280514,0.01681288541220005,0.013849233,0.013875123,0.0018694176060145562,0.026880289,0.027128246,0.009224491596797835,1.0385880138138577,2.0232048091915833,3.8218075636695867
16,4,c64,abcijk-jkmc-miab,0.01374552,0.013842502,0.007055535185282125,0.013736202,0.013739921,0.00027074441683372363,0.01407275,0.014064777,0.0005665559325647163,0.023043022,0.023102439,0.002578524639693436,1.0199245067643994,1.6726718529453173,3.750058797419792
16,4,c64,abcs-rc-abrs,0.007889827,0.007892808,0.0003778283097968238,0.007940692,0.008063015,0.015404576830331695,0.008106722,0.008156309,0.006116775683192355,0.012309982,0.012292101,0.0014525610191794547,1.0304334918080027,1.5588066847398652,3.811894178069161
16,4,c64,abj-bka-kj,0.019490696,0.0194133,0.0039709202790909615,0.019558853,0.019394716,0.00839195427257422,0.019931278,0.019872206,0.0029637838577134534,0.026683874,0.026566018,0.004416749981655532,1.0231216076664804,1.3687505764624055,3.816587602669529
16,4,c64,abjc-cbka-kj,0.020035423,0.020309832,0.013696191989557738,0.019930677,0.019871785,0.0029548419253395686,0.020570831,0.020590916,0.0009763825292230521,0.018648736,0.019197297,0.029415452071389625,1.0202610992873944,0.9379772801005333,3.667618246380759
16,4,c64,abjc-kbac-jk,0.009173742,0.009618135,0.04844184630437609,0.009066431,0.009096733,0.0033422192260659234,0.009286352,0.00898781,0.032148469065139795,0.018044158,0.018168228,0.006875909643442535,0.9725922778154562,1.9275511039742816,3.7636190120726973
16,4,c64,abjcd-dkbac-jk,0.013057937,0.013008928,0.0037531962361283533,0.012958742,0.012913931,0.0034579745472207435,0.013626287,0.013531643,0.006945692542656756,0.014220276,0.014331915,0.007850691505565832,1.041851909868174,1.0953378248214498,3.2100289821804884
16,4,c64,abrs-qb-aqrs,0.007599375,0.007617865,0.002433094826877147,0.00756966,0.007619799,0.006623679266968496,0.007791033,0.007795516,0.0005754050842807779,0.01175656,0.011752285,0.00036362677517909336,1.0242698321936248,1.5448834325719916,3.8980502538303976
16,4,c64,adbjc-cbdka-kj,0.024420863,0.02329061,0.046282271023755484,0.023429373,0.022970043,0.019604878030666906,0.024534846,0.023807514,0.029644856951619003,0.018590136,0.018515746,0.004001584496208133,1.013392666454058,0.7779307802530223,3.1952393860024615
16,4,c64,ajb-kba-jk,0.016117254,0.016003993,0.007027313709891292,0.016170463,0.016055929,0.0070829140761151654,0.016395773,0.016294735,0.006162441990383627,0.020051131,0.020054175,0.0001518118853245376,1.0177237228620442,1.2485678156103621,3.915490702302943
16,4,c64,ajbc-ckba-jk,0.014638987,0.014641622,0.00017999879363239657,0.014570338,0.014711853,0.00971254064250271,0.014911004,0.014935039,0.0016118968246539023,0.013489603,0.013424423,0.004831869403421285,1.0193105424537503,0.9191730671610248,3.7553505730798964
16,4,c64,ajbdc-ckbad-jk,0.015181338,0.015164187,0.0011297423191553024,0.015264082,0.015192099,0.004715842066361997,0.015834126,0.015802267,0.0020120466390125546,0.013076622,0.01297239,0.007970865870405963,1.0425386283933435,0.8584068861473013,2.879204395197645
16,4,c64,aqrs-pa-pqrs,0.007920063,0.008041605,0.015346090050041283,0.007898824,0.008017089,0.014972481979595775,0.008218209,0.008453443,0.028623511521792544,0.010434143,0.011015581,0.055724557349846604,1.0444068669315396,1.3433723642920719,3.802371511361964
16,4,c64,ij-ik-kj,0.129982117,0.130170872,0.001452161300004029,0.130005611,0.130160763,0.0011934254130001598,0.131064376,0.13107074,4.855629114652871e-05,0.134521424,0.134283411,0.001769331552719855,1.0076193470929424,1.0332566287717224,3.9488952395362493
16,4,c64,ij-ikl-ljk,0.022514981,0.022490869,0.0010709313945235222,0.022656484,0.022762696,0.004687929512805056,0.023381627,0.023435951,0.002323362698412712,0.023097297,0.023153515,0.0024339644591313547,1.0402548380278147,1.027661614459338,2.8633789865707313
16,4,c64,ij-kil-lkj,0.026194685,0.026296465,0.0038855210513126792,0.02623467,0.026242845,0.00031161055199091514,0.027545986,0.02744689,0.0035974751457436005,0.028439363,0.028192671,0.008674315243980657,1.0476602264162174,1.0788790711376897,2.8873729744708525
16,4,c64,ijk-ikl-lj,0.015139682,0.014969033,0.011271637013247737,0.015006685,0.014974844,0.002121787723271429,0.01529914,0.015196217,0.006727371603894028,0.020231682,0.020218461,0.0006534800220763248,1.0128520308157032,1.3434910973575496,3.881653839279315
16,4,c64,ijk-il-jlk,0.019679512,0.019990316,0.015793277800790984,0.019709698,0.019860164,0.007634109868147165,0.01987741,0.019902333,0.0012538353839861571,0.016184722,0.0161152,0.0042955325398853494,1.0028013270194567,0.8142419616057749,2.972048388260371
16,4,c64,ijk-ilk-jl,0.014355369,0.014251846,0.007211448204501036,0.014239403,0.014296378,0.004001221118610232,0.014482366,0.014471636,0.0007409010378552905,0.018488019,0.018493375,0.00028970113022919186,1.0121289191349025,1.292738064844736,3.903245117211082
16,4,c64,ijk-ilk-lj,0.014708417,0.014712896,0.00030451951423460244,0.014684313,0.014742952,0.003993309050277061,0.014895607,0.014923749,0.0018892818533680078,0.018920946,0.019054972,0.007083472464854523,1.013528630283941,1.2907541527664836,3.922662497187628
16,4,c64,ijk-ilmk-mjl,0.007976349,0.007955725,0.0025856441336757907,0.007952706,0.0079316,0.0026539394264040173,0.008121831,0.00809801,0.002932959328998619,0.010911545,0.010922508,0.0010047156475090357,1.0180618730356248,1.3704473467545069,3.546164327416568
16,4,c64,ijkl-imjn-lnkm,0.251640784,0.251696222,0.0002203061010970231,0.251881062,0.251639947,0.0009572573582368182,0.255792917,0.255822065,0.00011395155245819133,0.261568652,0.260922627,0.0024698104878408955,1.0164461944466858,1.0380537821731137,3.898745539070407
16,4,c64,ijkl-imjn-nlmk,0.251078321,0.251154181,0.000302136798182584,0.25089052,0.251330389,0.0017532308514485173,0.252782509,0.252744857,0.00014895017914395847,0.261690425,0.262514825,0.0031502872143678307,1.0065604443190186,1.0437488725616155,3.9098988887168913
16,4,c64,ijkl-imkn-jnlm,0.248284176,0.248449658,0.0006665024032783684,0.248518381,0.248265343,0.0010181862564121458,0.251229769,0.251499094,0.0010720266195842765,0.263282843,0.263800632,0.0019666644210460937,1.0120688069635158,1.061097943892434,3.933590465342322
16,4,c64,ijkl-imkn-njml,0.249272937,0.248879479,0.0015784224502478628,0.249294357,0.248918461,0.001507839986927495,0.25160184,0.251276358,0.0012936391880125075,0.263487081,0.263957655,0.001785947144786304,1.009486722082382,1.0588018318525103,3.9241633195618695
16,4,c64,ijkl-imln-jnkm,0.247534591,0.247586097,0.0002080759694713663,0.247591487,0.247580045,4.621322057007937e-05,0.250424452,0.250452402,0.00011161050678865081,0.263117969,0.262921002,0.0007485881741509104,1.0116257875500494,1.0624458838421824,3.9469879826984915
16,4,c64,ijkl-imln-njmk,0.248321396,0.248030545,0.0011712683831722748,0.248316247,0.248002352,0.0012640936861452179,0.251184567,0.250702448,0.0019193814562660227,0.262578008,0.262891486,0.0011938471252324057,1.0111512178038802,1.0586631124097932,3.9244793025588867
16,4,c64,ijkl-imnj-nlkm,0.251122118,0.251310962,0.0007520006660663991,0.251246769,0.25117603,0.00028155187937950465,0.252850441,0.252451038,0.0015796017535913975,0.260911006,0.261503939,0.00227254882455985,1.0057087738785981,1.0397696055675543,3.9099078590708007
16,4,c64,ijkl-imnk-njml,0.248902365,0.248605227,0.0011937933976641224,0.24888427,0.248575221,0.0012417377763567217,0.251289547,0.25109543,0.0007724833854708679,0.262307729,0.262554708,0.0009415620383799173,1.009803744061681,1.0549838453581992,3.9263694323214255
16,4,c64,ijkl-minj-nlmk,0.30557686,0.304771831,0.0026344566797368296,0.305660966,0.304295943,0.0044658073873913295,0.308158194,0.307112314,0.003393971084864278,0.317471815,0.316422445,0.0033053957876544304,1.0080633633294034,1.038576722042426,3.9229624781281136
16,4,c64,ijkl-mink-jnlm,0.300895483,0.300725886,0.0005636408971949614,0.300904179,0.300739891,0.0005459811177963569,0.304946548,0.304588288,0.001174828842463227,0.315346587,0.315011825,0.0010615684894029753,1.013153432277298,1.0477658883757697,3.9507842797704438
16,4,c64,ijkl-minl-njmk,0.301655447,0.301297602,0.001186270639429332,0.301634818,0.301389623,0.0008128869260710658,0.30553952,0.305245072,0.000963698574901195,0.316893318,0.317474787,0.0018349045782024564,1.012988705516129,1.052101737079438,3.9371705469559517
16,8,c64,abc-bk-akc,0.00775856,0.007368741,0.05024373079540534,0.007617758,0.007347381,0.03549298888203056,0.007540043,0.007504553,0.004706869708833272,0.010519299,0.010519665,3.479319296850747e-05,0.9948603405046207,1.3912563105123648,7.3762410536183545
16,8,c64,abcijk-eiab-jkec,0.009015435,0.008977099,0.00425226292463976,0.009003343,0.008949388,0.005992774017384406,0.008970671,0.008992147,0.0023940238138262515,0.014684017,0.014492684,0.013030017603493649,0.9983499786649117,1.6215692499870833,5.749963184787763
16,8,c64,abcijk-eiac-jkeb,0.008323514,0.008274449,0.005894745896985465,0.008367526,0.008513746,0.0174746992121686,0.008164828,0.008307751,0.017504716572106505,0.016959191,0.01703225,0.004307929546875311,0.9924127996011307,2.047932689241612,6.144595690385504
16,8,c64,abcijk-eibc-jkea,0.00833197,0.008361301,0.003520295920412586,0.008269564,0.008593935,0.0392246798017406,0.010455872,0.010567365,0.010663194805751397,0.009744134,0.009785517,0.0042469654050325545,1.2593681494663982,1.169910756340463,6.264220094073025
16,8,c64,abcijk-ejab-ikec,0.008600771,0.008606428,0.0006577317312597142,0.008672275,0.00859087,0.009386810266048928,0.008998413,0.008888554,0.012208708357795972,0.011685605,0.01163729,0.004134574119183387,1.0394853104730644,1.3554121281673992,6.003345566989416
16,8,c64,abcijk-ejac-ikeb,0.008395488,0.008342306,0.006334593057604088,0.008378077,0.008289918,0.010522581733254488,0.008317584,0.008428146,0.01329256187854555,0.011075627,0.01118177,0.009583475499852279,1.0004573802745347,1.3297604366058917,6.049556671617182
16,8,c64,abcijk-ejbc-ikea,0.008319005,0.008341625,0.0027190751778607414,0.008400588,0.008414089,0.0016071494043035095,0.010764647,0.010718226,0.004312356921689964,0.009830455,0.009845018,0.0014814166790855232,1.2894375930430058,1.1809568872670475,6.29998026162761
16,8,c64,abcijk-ekab-ijec,0.008573701,0.008630804,0.006660250923142819,0.008600921,0.008627808,0.0031260605695599963,0.009074385,0.009113765,0.004339688033954792,0.010421306,0.01036141,0.005747456220938196,1.05717703307092,1.2079826861376388,6.003899087741942
16,8,c64,abcijk-ekac-ijeb,0.008313044,0.008352735,0.004774544679421844,0.008284291,0.008306759,0.002712121049345262,0.008418922,0.008531449,0.01336596300571502,0.013447491,0.013379268,0.005073288392608011,1.0170569016996176,1.6096906319977566,6.082524296106999
16,8,c64,abcijk-ekbc-ijea,0.008323435,0.00829635,0.0032540651786193697,0.008429091,0.008463592,0.0040930866685389145,0.010537253,0.010586711,0.004693633150879117,0.009877803,0.009878139,3.4015661174890965e-05,1.271011276776751,1.1887017931823842,6.305091988996334
16,8,c64,abcijk-ijma-mkbc,0.00832125,0.008284407,0.004427579990986974,0.008366705,0.008425991,0.007085943630138702,0.01042293,0.010431502,0.0008224174968074482,0.009835114,0.00988935,0.005514526827040234,1.2558660923727492,1.187814368451381,6.297621934619314
16,8,c64,abcijk-ijmb-mkac,0.008330487,0.008336835,0.0007620202756455363,0.008300471,0.008420823,0.01449941816554734,0.008323835,0.008251286,0.008715814285122137,0.013386888,0.013466862,0.005974054612244428,0.9944587035989735,1.6111546210518561,6.078103874319344
16,8,c64,abcijk-ijmc-mkab,0.00862119,0.008600407,0.002410688083663848,0.00858906,0.008524946,0.007464611959865253,0.009129067,0.009090721,0.004200429244302861,0.010377305,0.01031287,0.006209222914812629,1.0579600088824308,1.2014036637591665,5.998501461011419
16,8,c64,abcijk-ikma-mjbc,0.008290132,0.008431622,0.01706727950773268,0.008855236,0.008807793,0.0053576211859289735,0.01067989,0.010613141,0.0062499707393989246,0.009841225,0.009833757,0.000758848618947372,1.2734123861326017,1.1766519794494423,6.27626975757278
16,8,c64,abcijk-ikmb-mjac,0.00829963,0.008324703,0.003020978043599465,0.008322732,0.008308573,0.0017012442548912654,0.008642519,0.00825324,0.04504230768830242,0.011190452,0.010994701,0.01749268036715579,1.0160583954696936,1.3344484021540626,6.091322106345159
16,8,c64,abcijk-ikmc-mjab,0.008590302,0.008599675,0.0010911141424363446,0.008618315,0.008566814,0.00597576208342343,0.009112887,0.00891835,0.021347461018665137,0.01166104,0.011628293,0.002808240088362557,1.048878089292915,1.3548193484699076,6.0089809626717505
16,8,c64,abcijk-jkma-mibc,0.008447937,0.008508476,0.007166128251193005,0.008455641,0.008289708,0.019623940988033883,0.010364831,0.010489459,0.012024122728098607,0.009746008,0.009794474,0.004972907881873212,1.2298621478490128,1.1523985901745506,6.163339491804899
16,8,c64,abcijk-jkmb-miac,0.008361576,0.008391547,0.0035843721327173395,0.008312564,0.008385837,0.008814729125694587,0.008925487,0.008150197,0.08686248716736689,0.016849336,0.016773708,0.004488485480970916,1.018204301923888,2.006969849718538,6.089641199477191
16,8,c64,abcijk-jkmc-miab,0.008978857,0.009044245,0.00728244140651757,0.009020684,0.008965047,0.006167714111257938,0.009027588,0.009019097,0.0009405613105072375,0.014520843,0.014499818,0.0014479186917729647,1.0013149663702592,1.6102025265864996,5.740229746730221
16,8,c64,abcs-rc-abrs,0.004637169,0.004609274,0.006015523695599656,0.004699065,0.004668265,0.006554495415577399,0.004865584,0.00483697,0.005880897339353264,0.009086086,0.008938237,0.016272022959060717,1.0493284779747178,1.9492683430632851,6.506502789749113
16,8,c64,abj-bka-kj,0.010831632,0.010871421,0.003673407663775663,0.010761371,0.010975225,0.019872374997572217,0.01121111,0.011017313,0.017286156321720036,0.015775784,0.015727847,0.0030386445453362,1.0241699882428,1.4515767653772296,6.841455187610185
16,8,c64,abjc-cbka-kj,0.011788437,0.012064977,0.02345858064135209,0.011857165,0.011993083,0.011462942448722035,0.012335868,0.012274398,0.004983029974056086,0.013151369,0.012867383,0.021593645498046654,1.031795417737268,1.0907851908528963,6.203619973024326
16,8,c64,abjc-kbac-jk,0.00490616,0.004916137,0.0020335659660508654,0.004887786,0.004898764,0.0022460066786884614,0.006977003,0.007076576,0.014271600571190923,0.010797388,0.010724708,0.006731257596744755,1.4307481738643937,2.1911355747346524,7.198491675905906
16,8,c64,abjcd-dkbac-jk,0.008795044,0.008915164,0.01365769176367948,0.008875323,0.008882623,0.000822505276709462,0.009121503,0.009104708,0.0018412535741094693,0.010684748,0.01077954,0.008871711340314281,1.029159143904879,1.2119887245519565,4.724798768225379
16,8,c64,abrs-qb-aqrs,0.004121627,0.004112048,0.0023240822131648242,0.004103233,0.00408157,0.0052794954612620515,0.004263963,0.004273699,0.0022833218768549823,0.008367156,0.008409571,0.005069225433349089,1.0369199933837616,2.0375694615707407,7.2042632966730835
16,8,c64,adbjc-cbdka-kj,0.013537149,0.01408282,0.04030915224468612,0.013636534,0.013313255,0.0237068304893312,0.013592552,0.014141148,0.04036004423599038,0.014438309,0.014210819,0.015756000235207623,1.0041172236633673,1.0374311912538172,5.519070190368097
16,8,c64,ajb-kba-jk,0.008372816,0.008330494,0.0050546912771042285,0.008295763,0.008267066,0.003459235756855583,0.008596033,0.008474332,0.014157809771088603,0.011434297,0.011468896,0.0030258965636453805,1.0219522934279983,1.3711797472766631,7.529649263274161
16,8,c64,ajbc-ckba-jk,0.008823357,0.008948807,0.014217944485301892,0.008816043,0.008846335,0.00343600864923177,0.041220582,0.040922448,0.007232648971331801,0.009626544,0.010131142,0.05241735767270139,4.622089661191811,1.111385956639799,6.187298906441704
16,8,c64,ajbdc-ckbad-jk,0.009338468,0.009377927,0.004225425412390793,0.009337927,0.009403665,0.007039892258742242,0.028526195,0.030493952,0.06898070352530361,0.009642825,0.009689117,0.004800667854077956,3.1516467803085684,1.0328874517616815,4.668161212217086
16,8,c64,aqrs-pa-pqrs,0.004394647,0.004373205,0.004879117708430303,0.004349122,0.004351874,0.0006327713961575832,0.004484354,0.0045209,0.00814966882632362,0.005892832,0.005927764,0.005927879837742012,1.0270710284226134,1.3481728172169298,6.921947769546902
16,8,c64,ij-ik-kj,0.070931099,0.071009841,0.0011101195541889375,0.07084563,0.071177153,0.004679512342539605,0.073947255,0.073780458,0.002255621253283935,0.069239314,0.069153289,0.0012424299871022226,1.040768375689361,0.975001275590501,7.2376355087333994
16,8,c64,ij-ikl-ljk,0.016187933,0.015928792,0.016008282218613168,0.0161646,0.016235655,0.004395716565829044,0.016803762,0.016862694,0.003507071809277118,0.014125738,0.014097467,0.002001382157873821,1.0482856016073407,0.878797872794728,4.012643936447167
16,8,c64,ij-kil-lkj,0.018597968,0.018616003,0.0009697295962656227,0.018294683,0.018324449,0.0016270301048670888,0.019450479,0.019565775,0.005927668927844909,0.017703851,0.017694305,0.0005392047187925408,1.048425824461958,0.9512061711918409,4.0726978798983895
16,8,c64,ijk-ikl-lj,0.007907018,0.007996852,0.011361299544278225,0.007852877,0.007854276,0.0001781512686369613,0.008062548,0.008000138,0.007740729109457556,0.011753783,0.011763746,0.0008476419889664744,1.0099944862375816,1.4787534151575263,7.348626245021948
16,8,c64,ijk-il-jlk,0.013437003,0.013478874,0.0031160966474443885,0.013444316,0.013491628,0.0035191080007344056,0.013534765,0.013658739,0.009159671409145087,0.008207519,0.00818865,0.002298989499750159,1.0103053415617735,0.6091638025293203,4.3802092119585785
16,8,c64,ijk-ilk-jl,0.007402086,0.007461593,0.008039220295467997,0.007345471,0.007375954,0.004149904070140487,0.00781713,0.007525312,0.03733058040482895,0.010488222,0.010523523,0.0033657754383917826,1.0320318037888705,1.4136394991839596,7.512348456861666
16,8,c64,ijk-ilk-lj,0.007646783,0.007591896,0.007177789666582668,0.007624611,0.007548716,0.009953950437602721,0.007773599,0.007747347,0.003377071546911581,0.010830621,0.010883385,0.00487174281142333,1.0185282121329817,1.4249320917535446,7.57353235185219
16,8,c64,ijk-ilmk-mjl,0.004785075,0.004620997,0.034289535691708006,0.004334945,0.004403671,0.01585394970409082,0.004552031,0.004593456,0.009100333455549947,0.005883483,0.005882328,0.00019631228644667598,0.9724340737673645,1.2510643599718643,6.007428273803541
16,8,c64,ijkl-imjn-lnkm,0.135184433,0.135890123,0.005220201648513889,0.135854322,0.135920399,0.00048638128715539075,0.138970425,0.139239498,0.0019361889409201805,0.134034899,0.134132816,0.0007305336202028112,1.0263255236269333,0.9892798859422658,7.239298197559075
16,8,c64,ijkl-imjn-nlmk,0.133947846,0.133521196,0.0031851949302715843,0.133834014,0.133561762,0.0020342511732480695,0.136397004,0.136717886,0.0023525590048885103,0.134645397,0.134014886,0.004682751984458888,1.0211090110542507,1.0044522645467753,7.341712381453164
16,8,c64,ijkl-imkn-jnlm,0.129791113,0.129937942,0.0011312715994660216,0.12970956,0.130068858,0.0027700194187691984,0.133352224,0.132921588,0.0032293124710089938,0.136404747,0.136501193,0.0007070575043843785,1.0251972245503957,1.0507332980738653,7.523023086623696
16,8,c64,ijkl-imkn-njml,0.131472989,0.1316145,0.0010763503672985841,0.131570601,0.131669923,0.0007548950848068614,0.134708042,0.13456383,0.001070552268883862,0.135177929,0.135069893,0.0007992133094449905,1.0235069457663053,1.0272166134802878,7.430346151714674
16,8,c64,ijkl-imln-jnkm,0.1292329,0.129401694,0.001306122512146679,0.129422844,0.129326804,0.0007420637426266419,0.132302776,0.132248442,0.0004106792135639692,0.136075191,0.135852232,0.0016384985268917962,1.0228765791512449,1.0513960460639935,7.55597223445562
16,8,c64,ijkl-imln-njmk,0.130876796,0.131094129,0.0016605923023973457,0.130928432,0.131004263,0.0005791790128517604,0.134257591,0.134261736,3.087348707153659e-05,0.134442456,0.13405463,0.002884698863281576,1.0249970273305862,1.0249110595072366,7.435646742623623
16,8,c64,ijkl-imnj-nlkm,0.133028488,0.133059705,0.00023466402173943912,0.133059285,0.133112474,0.0003997391087739999,0.135969353,0.136506361,0.003949478232789794,0.134520301,0.13417831,0.002542300288192245,1.024003296133637,1.0098095378904393,7.382766220326274
16,8,c64,ijkl-imnk-njml,0.13086859,0.13091221,0.00033331145387904826,0.130678264,0.130894117,0.0016517896197336679,0.134217606,0.134038259,0.0013362404929201377,0.134772591,0.134714471,0.0004312449554375597,1.0247344678116248,1.0294378330030194,7.461961611756027
16,8,c64,ijkl-minj-nlmk,0.160086254,0.159676657,0.002558601939676941,0.159755277,0.159825144,0.0004373376661603867,0.16207344,0.162346616,0.0016855075082011783,0.162947079,0.162907943,0.0002401761371861877,1.014564841581493,1.0190527912184084,7.4879694068350995
16,8,c64,ijkl-mink-jnlm,0.155113378,0.155269409,0.0010059158146888958,0.155069566,0.15528597,0.001395528507508681,0.158376564,0.158382474,3.731612715118793e-05,0.162489865,0.161874275,0.003788482438581653,1.0205433137287347,1.0450437666839403,7.657887461748913
16,8,c64,ijkl-minl-njmk,0.156835169,0.157599083,0.004870808026482987,0.156945534,0.158247502,0.008295667718713151,0.160304519,0.160947307,0.004009793385799654,0.163059036,0.162002163,0.0064815359266565675,1.021683003570769,1.0337946268287268,7.549863154277436
