size_mib,threads,dtype,case,plan_A_s,plan_A2_s,plan_AA_spread,packed_A_s,packed_A2_s,packed_AA_spread,upstream_A_s,upstream_A2_s,upstream_AA_spread,tblis_A_s,tblis_A2_s,tblis_AA_spread,upstream_over_plan,tblis_over_plan,plan_scaling
1,1,f64,abc-bk-akc,0.000616119,0.000611952,0.006763303842277302,0.000612272,0.00061149,0.0012772101288315296,0.000629434,0.000629774,0.0005401678333234461,0.00091175,0.000899067,0.013910611461475209,1.025360262545079,1.4744937446911472,1.0
1,1,f64,abcijk-eiab-jkec,0.002704714,0.002708291,0.0013225058176205007,0.002687541,0.002695588,0.0029941868793816884,0.002844995,0.002860605,0.005486828623600504,0.003775611,0.003756946,0.004943570722725332,1.0540503642511843,1.3915626384074467,1.0
1,1,f64,abcijk-eiac-jkeb,0.00271293,0.00269678,0.005952973353532842,0.00268102,0.002674919,0.0022756264406830207,0.002797347,0.002784834,0.004473166897063563,0.005266331,0.005289164,0.0043356560763081475,1.0318837518070307,1.9512168567927972,1.0
1,1,f64,abcijk-eibc-jkea,0.002787548,0.002805141,0.0063112814559607155,0.002774494,0.002795203,0.007464063717564251,0.002939722,0.002944081,0.001482793270928262,0.003687667,0.003615863,0.019471389363519,1.0520575160116636,1.3058500407944431,1.0
1,1,f64,abcijk-ejab-ikec,0.002725092,0.002708592,0.006054841451224369,0.002698974,0.002700236,0.0004675850897415401,0.002857629,0.002842271,0.005374385548298943,0.003913388,0.003924981,0.002962394733156959,1.0489946763470435,1.4425565723064198,1.0
1,1,f64,abcijk-ejac-ikeb,0.002690017,0.002689586,0.00016022203577148453,0.002668406,0.002670831,0.0009087822467794826,0.002783932,0.002816293,0.011624206338373355,0.004251598,0.00423601,0.0036663861446918355,1.0409934558153897,1.5777360732902832,1.0
1,1,f64,abcijk-ejbc-ikea,0.002818095,0.002813948,0.0014715614626191753,0.002797647,0.002806885,0.0033020606245177664,0.002963867,0.002957015,0.002311844627306159,0.004124021,0.004040135,0.02034082755640676,1.0512845232698302,1.4495143664525738,1.0
1,1,f64,abcijk-ekab-ijec,0.002738807,0.002710796,0.010227445745538022,0.002697841,0.002687563,0.003809713026082684,0.002845206,0.002859453,0.0050073702923445484,0.003489858,0.003473919,0.0045672345407751225,1.0468132391283995,1.2778638647590903,1.0
1,1,f64,abcijk-ekac-ijeb,0.002726475,0.002725864,0.00022409888225627395,0.002687882,0.002662897,0.009295422938953357,0.002814389,0.002803308,0.003937266667827344,0.004378725,0.004382043,0.0007577548258912437,1.0303259035314698,1.6067906684981965,1.0
1,1,f64,abcijk-ekbc-ijea,0.002800382,0.002812075,0.004175501770829815,0.002784423,0.002799401,0.005379211420103891,0.002954059,0.002960692,0.002245385078632367,0.004065391,0.003913118,0.037455929823232204,1.0538628834869517,1.4213156706483594,1.0
1,1,f64,abcijk-ijma-mkbc,0.002795423,0.002806714,0.004039102490034585,0.002797276,0.00281523,0.006418387030811434,0.002967324,0.002956053,0.003798371866368444,0.004099034,0.004024465,0.018191847152280283,1.0573426368615018,1.4500133148460272,1.0
1,1,f64,abcijk-ijmb-mkac,0.002686139,0.002689696,0.0013242054860154173,0.00265426,0.002663037,0.0033067596995020043,0.002786115,0.002797978,0.004257900337925724,0.004288297,0.00430592,0.004109556777434076,1.038737539619568,1.5986727294828351,1.0
1,1,f64,abcijk-ijmc-mkab,0.002725763,0.00273441,0.00317232275880186,0.002701839,0.002697891,0.0014612269643010656,0.002853882,0.002863059,0.0032156199870911895,0.00350201,0.003525425,0.006686160233694505,1.04702558019578,1.2870296972953927,1.0
1,1,f64,abcijk-ikma-mjbc,0.002800172,0.002823155,0.008207710097808185,0.002783952,0.002804511,0.007384825600441403,0.002952426,0.002957756,0.0018052950353371067,0.004079748,0.004003517,0.018685222714736383,1.051019967319163,1.437400500751487,1.0
1,1,f64,abcijk-ikmb-mjac,0.002697169,0.002677594,0.0072576097382106575,0.002653719,0.002671873,0.006840965452634462,0.002801244,0.002792739,0.0030361510814481685,0.004245086,0.004245258,4.0517435924591894e-05,1.0407926144974389,1.5796790124748885,1.0
1,1,f64,abcijk-ikmc-mjab,0.002715604,0.002731144,0.00572248383784979,0.00270253,0.002711157,0.0031921939811954125,0.002857579,0.002844996,0.004403377824375165,0.003862422,0.003884194,0.005636877586136402,1.0469704725133784,1.4222462529316557,1.0
1,1,f64,abcijk-jkma-mibc,0.002786987,0.002827563,0.01455909195127214,0.002768994,0.002808608,0.014306278742388212,0.002944521,0.002949922,0.001834254196183327,0.003679051,0.003613329,0.017863845866773698,1.0498783448087639,1.2988172288096604,1.0
1,1,f64,abcijk-jkmb-miac,0.002716165,0.002704304,0.004366818657923988,0.002643169,0.002653208,0.0037980923656415477,0.002769254,0.002793781,0.00885689792268951,0.005255841,0.005278605,0.004331181251487681,1.0262938961869734,1.9434566685712849,1.0
1,1,f64,abcijk-jkmc-miab,0.00270291,0.002710325,0.002743339585853599,0.002682242,0.002696458,0.0053000437693542235,0.002836409,0.002839906,0.001232896948218709,0.003745024,0.003775652,0.008178318750427183,1.048600189742743,1.3893024575796526,1.0
1,1,f64,abcs-rc-abrs,0.000289701,0.000290271,0.001967545848996055,0.000290852,0.000290913,0.0002097286592492864,0.000310008,0.000310339,0.0010677143815642776,0.000694826,0.000693904,0.0013269509200865004,1.0696157940261564,2.394478293137592,1.0
1,1,f64,abj-bka-kj,0.001109639,0.001110161,0.0004704232637822159,0.001130739,0.001124978,0.005094898115303281,0.001165403,0.001169511,0.0035249608933562993,0.001629669,0.001639598,0.006092648261702083,1.0518562261420288,1.4727687236744451,1.0
1,1,f64,abjc-cbka-kj,0.000553081,0.000549485,0.006501760140015689,0.000549234,0.000547111,0.0038653834249154917,0.000646645,0.000665681,0.02943809973014555,0.000847771,0.000855385,0.008981198932258794,1.1901282173507024,1.544713005004935,1.0
1,1,f64,abjc-kbac-jk,0.000328823,0.000323914,0.014929004357967623,0.000322441,0.000323463,0.0031695721077653616,0.00034282,0.00034312,0.0008750948019369265,0.000686711,0.000689225,0.003660928687613918,1.050896967093701,2.1080046272576363,1.0
1,1,f64,abjcd-dkbac-jk,0.00318505,0.003163369,0.0068071144879986445,0.00299765,0.002970129,0.00918085833903226,0.00327057,0.003277723,0.0021870805394779147,0.005822107,0.005811649,0.0017962569221073865,1.0314894592522326,1.8325537657425037,1.0
1,1,f64,abrs-qb-aqrs,0.000287456,0.000287816,0.00125236557942765,0.000286645,0.000287496,0.0029688290394040973,0.000304137,0.000304979,0.0027684892005903627,0.000692732,0.000694155,0.002054185457001978,1.0588304963695567,2.410836163650336,1.0
1,1,f64,adbjc-cbdka-kj,0.008658216,0.008665181,0.0008044382353131763,0.008672683,0.008521693,0.01740983730179002,0.00904123,0.00905082,0.0010606963875487985,0.007605032,0.007717533,0.01479296865549018,1.044370738638589,0.8844774054224621,1.0
1,1,f64,ajb-kba-jk,0.000883688,0.000893627,0.01124718226342325,0.000883879,0.000884309,0.0004864919293252612,0.000888758,0.00091171,0.02582480270219789,0.001285678,0.001315213,0.022972314996445364,1.0129604774003382,1.4633106483037033,1.0
1,1,f64,ajbc-ckba-jk,0.000425424,0.000422899,0.005935255180713805,0.000422708,0.00042388,0.002772599524967667,0.000475307,0.000467852,0.015684599637707852,0.00073482,0.000730402,0.006012356767643667,1.1117625174345358,1.7271980481030718,1.0
1,1,f64,ajbdc-ckbad-jk,0.002998421,0.002976471,0.007320519700202088,0.002942557,0.002983133,0.013789367546660714,0.003222199,0.003384763,0.05045126014873702,0.00547506,0.005440817,0.006254360682805382,1.1054603712377877,1.826961382944629,1.0
1,1,f64,aqrs-pa-pqrs,0.000186518,0.000189964,0.01847542864495666,0.000279972,0.000281365,0.004975497549754904,0.000299919,0.000299128,0.0026373787589315523,0.000660431,0.000656715,0.005626628671276723,1.59123563279202,3.498695652969175,1.0
1,1,f64,ij-ik-kj,0.002899237,0.002896262,0.0010261320478456293,0.003095643,0.003094231,0.0004561249472242457,0.003141949,0.003143683,0.0005518867429101793,0.003644486,0.003614461,0.008238473134483226,1.0845714215423823,1.252504031195928,1.0
1,1,f64,ij-ikl-ljk,0.000736814,0.00073458,0.003031972790962234,0.000733838,0.000733638,0.000272539715850062,0.000759035,0.000757924,0.001463700619866115,0.001293522,0.001282612,0.008434336640582907,1.0309681442277892,1.7507981322791992,1.0
1,1,f64,ij-kil-lkj,0.001107485,0.001111433,0.003564833835221215,0.001101044,0.001104991,0.0035847795365127055,0.001138393,0.00114197,0.003142148625298935,0.001845662,0.001826767,0.010237519112383575,1.027691786732537,1.655034662953492,1.0
1,1,f64,ijk-ikl-lj,0.000657035,0.000658679,0.0025021498093709127,0.000658347,0.000656754,0.00241969660376673,0.000675059,0.000674768,0.00043107343210002647,0.001072841,0.001060037,0.011934666926413096,1.025928144233787,1.6210523202066143,1.0
1,1,f64,ijk-il-jlk,0.000646736,0.000655312,0.013260433932856808,0.000644762,0.000641597,0.004908788048923363,0.000673867,0.000678405,0.006734266554082602,0.000956895,0.000964539,0.007988337278384883,1.038589759300158,1.4757216895107832,1.0
1,1,f64,ijk-ilk-jl,0.000615117,0.000616028,0.0014810190581628913,0.000613003,0.000615558,0.00416800570307152,0.000635295,0.000637028,0.0027278665816667935,0.00092236,0.00092216,0.00021683507524172807,1.0334462375160587,1.4982154775712135,1.0
1,1,f64,ijk-ilk-lj,0.000658268,0.000656875,0.002116159375816551,0.00065423,0.000656134,0.002910291487703054,0.000674568,0.000674828,0.00038543186157680154,0.001041081,0.001042614,0.0014725079028434784,1.0260456329842278,1.5843871008183668,1.0
1,1,f64,ijk-ilmk-mjl,0.000258953,0.000259814,0.0033249276895805924,0.000258803,0.000258993,0.0007341491404659894,0.000264102,0.000263782,0.0012116530734337383,0.000569302,0.000566887,0.0042420367397270065,1.01757557838131,2.1901701501976074,1.0
1,1,f64,ijkl-imjn-lnkm,0.003816037,0.003827729,0.0030639115920523263,0.003815044,0.003814595,0.00011769195846755842,0.003863655,0.003868424,0.0012343234579692552,0.004446893,0.004448557,0.00037419384725456695,1.011554589024284,1.1637536066369312,1.0
1,1,f64,ijkl-imjn-nlmk,0.003746186,0.00375346,0.0019417081799997238,0.003745164,0.003744975,5.046507976680381e-05,0.003808092,0.003805848,0.0005892714776848385,0.004572417,0.004567468,0.0010823597235334326,1.0152403527653318,1.218709250971357,1.0
1,1,f64,ijkl-imkn-jnlm,0.003782604,0.003758159,0.006462479286755918,0.003767025,0.003754473,0.003332072391343255,0.003832076,0.003799747,0.008436419319449717,0.004371662,0.004365562,0.0013953503267178924,1.0120719383273138,1.1586715799769782,1.0
1,1,f64,ijkl-imkn-njml,0.003736658,0.00372666,0.002675652949774898,0.003730967,0.00373197,0.00026883111000430837,0.003784317,0.003793565,0.002443769906167903,0.004524428,0.004522615,0.0004007136371713127,1.0153504321337843,1.212202258588429,1.0
1,1,f64,ijkl-imln-jnkm,0.003776503,0.003767636,0.0023479393502401358,0.003767987,0.003749223,0.004979847329621867,0.003820915,0.003815206,0.0014941447271138442,0.004387632,0.004339473,0.010976080035882685,1.0121929275610384,1.156789150944169,1.0
1,1,f64,ijkl-imln-njmk,0.003732801,0.003738733,0.0015891551679287907,0.003728754,0.003728283,0.00012631565396903355,0.003771714,0.003795919,0.0064175067356644355,0.004459546,0.004413972,0.010219425923625347,1.0128571556117303,1.1876281046001371,1.0
1,1,f64,ijkl-imnj-nlkm,0.003762897,0.003760453,0.0006494995743970833,0.003756004,0.003754612,0.0003706066340717351,0.00380224,0.003807531,0.001391548140043719,0.004401619,0.004358499,0.009796395371793887,1.011486845905403,1.1643765525490977,1.0
1,1,f64,ijkl-imnk-njml,0.003732901,0.00372664,0.0016772478027142768,0.003717473,0.003720319,0.0007655738185590177,0.00376963,0.003792473,0.0060597459167079926,0.004448947,0.004366894,0.018443240614015033,1.0137448352911114,1.1817700639689561,1.0
1,1,f64,ijkl-minj-nlmk,0.004621248,0.004641997,0.004489912681596042,0.004615627,0.004625356,0.002107839303305825,0.004704443,0.004699725,0.0010028817439173832,0.005406392,0.005339679,0.012339652766577114,1.0152155544033503,1.1600568563307119,1.0
1,1,f64,ijkl-mink-jnlm,0.004586854,0.004576064,0.002352374852131578,0.004604988,0.004554955,0.01086495773713192,0.004648709,0.004660351,0.0025043512080451524,0.005406101,0.005332204,0.013669185980802023,1.0159491959362257,1.171903773049029,1.0
1,1,f64,ijkl-minl-njmk,0.004623643,0.004599147,0.0052979868904239336,0.004579009,0.004576014,0.0006540716561160842,0.004642377,0.004663307,0.004508466244770748,0.005407414,0.005340911,0.01229848500595665,1.008988959523527,1.165391077193247,1.0
1,4,f64,abc-bk-akc,0.000169245,0.000289159,0.7085231469171911,0.000165389,0.00016609,0.004238492281832595,0.000213719,0.000229718,0.07485997969296143,0.000254956,0.000259744,0.018779711008958477,1.0015965023925704,1.163266174668877,2.7756499828722556
1,4,f64,abcijk-eiab-jkec,0.000848863,0.000785024,0.0752053040361047,0.000837732,0.000794532,0.05156780450072329,0.000944021,0.000904838,0.04150649191066713,0.001393659,0.001361189,0.023298382172396548,1.1321812911332494,1.6872413412770093,3.315492642923072
1,4,f64,abcijk-eiac-jkeb,0.000944562,0.000775346,0.17914758374781115,0.000802917,0.000795123,0.009707105466692068,0.000866917,0.000901041,0.03936247645391644,0.001807521,0.001873965,0.03675973889100037,1.0327567115771092,2.1505988203419752,3.16066919106256
1,4,f64,abcijk-eibc-jkea,0.000843243,0.000823826,0.023026577155102368,0.000889269,0.00080455,0.0952681359633587,0.000941165,0.000990387,0.05229901239421353,0.001011336,0.001024711,0.013225080487592633,1.158353806751529,1.221389868375907,3.3550145327552405
1,4,f64,abcijk-ejab-ikec,0.000845056,0.00080462,0.047850083308088376,0.000822473,0.000876765,0.0660106775541569,0.000933471,0.000903085,0.03255162720641558,0.001407905,0.001350008,0.041122803030034016,1.1134650072650563,1.6719246089102069,3.294763328845769
1,4,f64,abcijk-ejac-ikeb,0.000798369,0.000840768,0.05310702194098216,0.000803739,0.000748756,0.06840902332722432,0.00084718,0.000921999,0.08831535210935093,0.001207592,0.001182085,0.02112220021331701,1.0787309831660155,1.458292181042672,3.283071268482687
1,4,f64,abcijk-ejbc-ikea,0.000856056,0.000941987,0.10038011531955848,0.000834837,0.000812996,0.026161993299290698,0.000967675,0.000967213,0.00047743302245073505,0.001119047,0.00113153,0.011155027447461885,1.0773387494087516,1.253094020483976,3.1359007293234473
1,4,f64,abcijk-ekab-ijec,0.000862318,0.000813988,0.0560466092555183,0.000840858,0.000781287,0.07084549353160707,0.000937348,0.000925917,0.012195043889782653,0.001168058,0.001159923,0.0069645514178234835,1.1119716896653524,1.3893256605425541,3.252268596036462
1,4,f64,abcijk-ekac-ijeb,0.000860014,0.000775246,0.09856583730032298,0.000762271,0.000739509,0.02986077130049558,0.000894067,0.00087388,0.022578844762193517,0.001809074,0.001788596,0.011319603288754365,1.0825261722326338,2.2029861459205855,3.3387225033577197
1,4,f64,abcijk-ekbc-ijea,0.000866797,0.000962706,0.11064759107380384,0.000862649,0.000818036,0.05171628321600097,0.000973395,0.000953709,0.020224061146810857,0.001130368,0.001135739,0.004751549937719313,1.0547437412857272,1.2403483057913909,3.071967023724766
1,4,f64,abcijk-ijma-mkbc,0.000856527,0.000848332,0.009567707731338304,0.000856047,0.000796786,0.0692263392080108,0.000993272,0.000969458,0.02397530585781127,0.001133193,0.00113123,0.0017322733197258078,1.151185053897701,1.328232018157584,3.2860138835562234
1,4,f64,abcijk-ijmb-mkac,0.000764095,0.000791687,0.036110693042095576,0.000743737,0.0007563,0.016891723821727433,0.000896512,0.000849935,0.0519535711736151,0.001735747,0.001803975,0.03930757189843903,1.122329748957879,2.275139514367341,3.4559337146668736
1,4,f64,abcijk-ijmc-mkab,0.000814949,0.00083117,0.019904313030631338,0.000854294,0.000771219,0.09724404010797227,0.000948128,0.000953919,0.006107825103783382,0.00124937,0.001167297,0.06569150852029426,1.1555243198467786,1.467324185758132,3.317154635686196
1,4,f64,abcijk-ikma-mjbc,0.000887665,0.000857139,0.03438909949136215,0.000808157,0.000840768,0.040352307781780006,0.000983605,0.000988193,0.004664474052084033,0.001121732,0.001127072,0.004760495376792351,1.1302670688277323,1.2890513226683478,3.223365398279949
1,4,f64,abcijk-ikmb-mjac,0.000821051,0.00083075,0.011812908089753105,0.000744038,0.000796235,0.07015367494670954,0.000869021,0.000869502,0.0005534964057254399,0.001188436,0.001183758,0.003936265814902917,1.0525195858242962,1.4361477456099518,3.2539149753234997
1,4,f64,abcijk-ikmc-mjab,0.000817104,0.000806424,0.013070551606649827,0.000840928,0.000817274,0.028128448571102416,0.000897854,0.000998633,0.11224430698086785,0.001352472,0.00131864,0.025014935614193767,1.1665018371645186,1.6451551970914335,3.3549428682801983
1,4,f64,abcijk-jkma-mibc,0.0008578,0.000851588,0.007241781301002614,0.000817664,0.00081486,0.003429281465247236,0.000957215,0.000936787,0.021341078023223603,0.001017608,0.001023769,0.006054394226460369,1.1079429235405838,1.1942175693561123,3.2844740053963233
1,4,f64,abcijk-jkmb-miac,0.000828565,0.00078835,0.04853572139783835,0.000806493,0.000747263,0.07344143098576195,0.000891352,0.00094387,0.058919484109532405,0.001832427,0.001868064,0.019447978009492273,1.1349007551734918,2.2892139761860375,3.353381789849808
1,4,f64,abcijk-jkmc-miab,0.000845136,0.000786327,0.06958525018458572,0.000837532,0.000769175,0.08161718000028662,0.000976311,0.000939823,0.037373336979712346,0.001372089,0.001442199,0.051097268471651525,1.1750388638069975,1.7255948717826137,3.3201796480870462
1,4,f64,abcs-rc-abrs,8.7433e-05,8.4909e-05,0.028867818786956878,8.5329e-05,8.614e-05,0.009504388894748583,0.000142897,0.000148587,0.03981889052954202,0.000229248,0.000228937,0.0013566094360693004,1.691170559416531,2.658864578552256,3.3655982143387635
1,4,f64,abj-bka-kj,0.000297365,0.000298607,0.004176685218502563,0.000298447,0.00030064,0.00734803834516673,0.000361194,0.000362375,0.0032697110140256225,0.000464496,0.000467172,0.005761082980262566,1.2141000037450478,1.5632717309214952,3.7246796140653933
1,4,f64,abjc-cbka-kj,0.000179935,0.000219719,0.22110206463445148,0.000176268,0.000222636,0.26305398597590046,0.000266217,0.000283999,0.06679513329351616,0.000286795,0.000287917,0.003912202095573525,1.3828805454661124,1.4451995278638998,2.7725581236302634
1,4,f64,abjc-kbac-jk,9.7823e-05,9.7723e-05,0.001022254480030238,9.7822e-05,9.5929e-05,0.01935147512829427,0.000156102,0.000147566,0.054682194975080534,0.000233275,0.000230761,0.010776979959275512,1.5523101674997521,2.372992802708511,3.3379288028239484
1,4,f64,abjcd-dkbac-jk,0.001340219,0.001305655,0.02578981494815391,0.001201912,0.001260291,0.04857177563748416,0.001337795,0.001407595,0.05217540804084342,0.002079879,0.002063458,0.00789517082484148,1.0373648745668116,1.5660829031270787,2.3995563382355596
1,4,f64,abrs-qb-aqrs,8.6701e-05,8.8385e-05,0.019423074705020804,8.537e-05,8.6341e-05,0.011374018976221256,0.000142817,0.000132337,0.07338061995420708,0.000231521,0.000232293,0.003334470739155382,1.570468606141585,2.6491827577892466,3.2858052497333903
1,4,f64,adbjc-cbdka-kj,0.00517981,0.005039319,0.02712280952390156,0.005111542,0.00507788,0.006585488292965236,0.005847755,0.005557825,0.049579710504287555,0.002513658,0.002631598,0.046919668467229725,1.115845787098782,0.503407901316892,1.6953531872299483
1,4,f64,ajb-kba-jk,0.000236521,0.000238174,0.006988808604732721,0.000231993,0.000228736,0.014039216700503898,0.000288107,0.000300631,0.043469960813170117,0.000345425,0.00034295,0.007165086487660122,1.2399716544539494,1.4501410890482573,3.7440840653227143
1,4,f64,ajbc-ckba-jk,0.000135232,0.000141484,0.04623166114529109,0.000135854,0.000143167,0.05382984674724334,0.000206936,0.000212175,0.025317006224146565,0.000250147,0.000249034,0.004449383762347825,1.5148573211180039,1.8044031277524428,3.0664502431726315
1,4,f64,ajbdc-ckbad-jk,0.001235404,0.00122799,0.006001275696047692,0.001210718,0.00120645,0.0035251809256986455,0.001384311,0.001401855,0.012673452714021538,0.001985062,0.001958963,0.013147700172589039,1.1310100545149948,1.6010254585154373,2.42546614205381
1,4,f64,aqrs-pa-pqrs,0.000156922,0.000202989,0.29356623035648277,0.000147686,0.000292846,0.9828961445228388,0.000185737,0.000126977,0.316361306578657,0.000212837,0.000213138,0.0014142277893411936,0.860465723514734,1.193371984415129,1.054673073908278
1,4,f64,ij-ik-kj,0.000743898,0.000745541,0.0022086361302220414,0.000799261,0.000807456,0.010253221413280444,0.000888116,0.000892725,0.005189637389710455,0.001014231,0.001018219,0.003932043094718951,1.1956421976285985,1.3645723819589872,3.891063522904886
1,4,f64,ij-ikl-ljk,0.000433859,0.000437426,0.008221565070679615,0.000431605,0.000433478,0.004339616084151121,0.000526562,0.000533455,0.013090576228440343,0.00072895,0.000737155,0.011255916043624303,1.216597865479709,1.6826805541139949,1.6887753545932225
1,4,f64,ij-kil-lkj,0.000621428,0.000635895,0.023280251292185028,0.000610228,0.000628803,0.03043944230680995,0.000730373,0.000747986,0.0241150754477506,0.001017918,0.001021575,0.003592627303967477,1.1757932855800828,1.622196318099686,1.7649095627165752
1,4,f64,ijk-ikl-lj,0.000248213,0.000246339,0.007549967165297655,0.000245117,0.000245698,0.0023702966338523535,0.000327181,0.000319616,0.02312175829281049,0.000402951,0.000408462,0.01367660087702971,1.3077642013749635,1.6406770373465356,2.6604329149804444
1,4,f64,ijk-il-jlk,0.000244185,0.000727177,1.9779757151340172,0.000238575,0.000236101,0.010369904642146044,0.000296272,0.000297635,0.0046005022411836904,0.000368638,0.000368047,0.0016031988020769328,0.7047056387625954,0.8741221665712166,1.5449272033310897
1,4,f64,ijk-ilk-jl,0.000232313,0.000230921,0.005991916078738502,0.000229237,0.000226272,0.01293421219087676,0.000304949,0.000308606,0.01199216918238788,0.000349652,0.000350303,0.001861851212062282,1.324485835488201,1.5110243581183171,2.6577285377876585
1,4,f64,ijk-ilk-lj,0.000221392,0.000214871,0.02945454216954546,0.000216875,0.000212246,0.021344092219020117,0.000270114,0.000271096,0.0036355020472838007,0.000350022,0.0003434,0.018918810817605825,1.2406955873879162,1.5895637572316774,3.0148997386356067
1,4,f64,ijk-ilmk-mjl,8.3035e-05,8.0109e-05,0.03523815258625873,8.2694e-05,8.037e-05,0.028103610902846632,0.00014441,0.00013373,0.07395609722318397,0.000186067,0.000178193,0.042318089720369545,1.703890988585183,2.23258882842752,3.180317637260593
1,4,f64,ijkl-imjn-lnkm,0.001012779,0.000985518,0.026917027308030694,0.000983033,0.000982913,0.0001220711817405684,0.001079383,0.001074154,0.0048444342740251445,0.001226056,0.001231046,0.004069960915325188,1.0777832692682303,1.2297099013965331,3.825491624522391
1,4,f64,ijkl-imjn-nlmk,0.000979627,0.000980849,0.001247413556384247,0.000964789,0.000957887,0.007153895825926626,0.001037685,0.001036483,0.0011583476681267246,0.001235894,0.001247787,0.00962299355769991,1.0579920665431481,1.2668622353742391,3.8254199129847066
1,4,f64,ijkl-imkn-jnlm,0.00097066,0.000956073,0.015027919147796442,0.000955462,0.00095433,0.0011847671597614573,0.001053515,0.001048977,0.004307484943261497,0.001198034,0.001206611,0.007159229203845596,1.0912499864159246,1.2480705009132742,3.913847687179139
1,4,f64,ijkl-imkn-njml,0.000959369,0.000973716,0.014954621214569253,0.000951144,0.000950894,0.0002628413783822836,0.001024811,0.001043436,0.018174082830882954,0.001219815,0.001209355,0.008575070809917817,1.069906445034188,1.2566516139100579,3.8609356876734804
1,4,f64,ijkl-imln-jnkm,0.000963928,0.000959399,0.0046984837041770255,0.00096014,0.000954831,0.0055294019622138535,0.001049597,0.00105092,0.0012604837856815543,0.001186633,0.001203074,0.013855168362922443,1.0921296311139639,1.242460105956682,3.9224503712221783
1,4,f64,ijkl-imln-njmk,0.000972543,0.000956374,0.01662548596822966,0.000946375,0.000953538,0.007568881257429716,0.001025573,0.001025984,0.00040075157984853504,0.001219354,0.001205439,0.011411780336145205,1.0636170654237593,1.2570982915740476,3.873569548450246
1,4,f64,ijkl-imnj-nlkm,0.000956484,0.000961062,0.004786279749583011,0.000956003,0.000959219,0.003364006179896961,0.001033868,0.001046332,0.012055697632579854,0.001199517,0.001222029,0.018767553940461035,1.0848076591016884,1.262784964106449,3.9234370617086447
1,4,f64,ijkl-imnk-njml,0.000961432,0.000953849,0.00788719327003884,0.000948398,0.00094882,0.00044496087085788005,0.001024971,0.001036293,0.011046166184214057,0.001205919,0.001212872,0.00576572721716806,1.0762123473201806,1.2628956087123573,3.8947793240733155
1,4,f64,ijkl-minj-nlmk,0.001178868,0.001186453,0.006434138512539267,0.001178879,0.001181653,0.002353082886369151,0.00128142,0.001291458,0.007833497214028373,0.001481963,0.001514093,0.02168070322943283,1.0877473489870497,1.2665930401213081,3.9162842549851358
1,4,f64,ijkl-mink-jnlm,0.001154032,0.001199006,0.03897118970704461,0.001155155,0.001165053,0.008568547078097843,0.001239261,0.001268536,0.02362294948360355,0.001499617,0.001459151,0.026984223305017263,1.0658919582838784,1.2575367688176873,3.8947886821843993
1,4,f64,ijkl-minl-njmk,0.001180171,0.001189548,0.007945458751316359,0.001160344,0.0011688,0.007287494053487498,0.00126525,0.001259048,0.004901798063623897,0.001471114,0.00145284,0.012421878929845032,1.065236065491604,1.2338677230349768,3.891950764775806
1,8,f64,abc-bk-akc,0.000182891,0.000229488,0.2547801696092209,0.000178884,0.000221683,0.2392556069855325,0.000258612,0.00025725,0.005266576956985847,0.000154137,0.000155259,0.007279238599427806,1.2590004066836749,0.7551021128886181,2.9971937781510958
1,8,f64,abcijk-eiab-jkec,0.000578859,0.000573359,0.009501450266818146,0.000572428,0.000499471,0.127451836737546,0.000656865,0.000685899,0.04420086319106664,0.000990787,0.000848222,0.14389066469382406,1.1651140347727853,1.5912748689201754,4.697952547026155
1,8,f64,abcijk-eiac-jkeb,0.000555877,0.000545617,0.01845732059430416,0.000552269,0.000510602,0.07544692894223648,0.000655733,0.000674669,0.028877607196831523,0.001102206,0.001086156,0.014561706250918682,1.207745974616034,1.9867544253371041,4.911438996855222
1,8,f64,abcijk-eibc-jkea,0.000763794,0.000753014,0.01411375318475927,0.00071867,0.0007508,0.04470758484422621,0.000848792,0.000891944,0.05083931045532952,0.000687372,0.000642468,0.06532707180391406,1.1473073781111869,0.8762580538747544,3.6872185380904066
1,8,f64,abcijk-ejab-ikec,0.000558201,0.000552571,0.010085972615599181,0.000519729,0.000484784,0.06723696387925249,0.000655983,0.000663277,0.011119190588780636,0.000924695,0.000993102,0.07397790622854017,1.187693588042422,1.7254676986016146,4.891848862798356
1,8,f64,abcijk-ejac-ikeb,0.000576735,0.000561026,0.027237812860325894,0.00052533,0.000522024,0.006293187139512324,0.000713591,0.000642899,0.09906515076563449,0.00077756,0.000757492,0.025808940789135204,1.1907385356347062,1.3492000001225872,4.728687147246439
1,8,f64,abcijk-ejbc-ikea,0.000744058,0.000760759,0.02244583083576801,0.000743797,0.000709614,0.045957431933713155,0.000860615,0.000856107,0.005238114604091182,0.000698362,0.000709944,0.016584522067351948,1.140884119421933,0.9358912823036513,3.7429058580843515
1,8,f64,abcijk-ekab-ijec,0.000561336,0.000559433,0.003390126412700978,0.000543444,0.000560586,0.031543268487645326,0.000692111,0.000693103,0.0014332961042375914,0.000875503,0.000847701,0.031755459433034594,1.2359510671602676,1.5373214210529527,4.862321197926674
1,8,f64,abcijk-ekac-ijeb,0.000574211,0.000572157,0.0035770822920494494,0.000547211,0.000524578,0.04136064516246929,0.000663999,0.000672754,0.013185260821175993,0.001096485,0.001116833,0.01855748140649438,1.1660535492517947,1.930643577470716,4.756193227438416
1,8,f64,abcijk-ekbc-ijea,0.000751591,0.000764265,0.01686289484573389,0.000748155,0.000787008,0.051931752110190965,0.000842331,0.000833525,0.010454322588151155,0.000690027,0.000698122,0.01173142500221025,1.1055743037422083,0.9157689900220597,3.7026214891930094
1,8,f64,abcijk-ijma-mkbc,0.000757132,0.00065978,0.12857995699560976,0.000765017,0.00061667,0.19391333787353737,0.000856578,0.000746993,0.12793347482657735,0.000710786,0.000652116,0.08254242486486796,1.131765236085879,0.9632665652753956,3.9631222873031224
1,8,f64,abcijk-ijmb-mkac,0.000578118,0.000554524,0.04081173739617161,0.000560104,0.00054738,0.022717209661062943,0.000667885,0.000635194,0.04894704926746385,0.001122724,0.001041011,0.07278102187180457,1.1503648920115808,1.909394833415686,4.747308121870873
1,8,f64,abcijk-ijmc-mkab,0.000596012,0.000604477,0.014202734173137221,0.000540709,0.000555206,0.026811094322454432,0.000688013,0.000695437,0.010790493784274435,0.000837753,0.000889419,0.06167211576681919,1.1524174515848948,1.4381156249894236,4.548398111012436
1,8,f64,abcijk-ikma-mjbc,0.000748526,0.000773702,0.033634102222234175,0.000726905,0.000744779,0.024589182905606632,0.000831161,0.000839305,0.009798342318756648,0.000703883,0.00069742,0.009181923700387618,1.097519332151035,0.9206766570474781,3.6946168871482308
1,8,f64,abcijk-ikmb-mjac,0.000569862,0.000544596,0.0443370500226371,0.000585592,0.000553713,0.05443892676129469,0.000679848,0.000674468,0.007913533613395973,0.000833845,0.000849494,0.018767276891988205,1.2155267319167045,1.5107783402221717,4.823967467054472
1,8,f64,abcijk-ikmc-mjab,0.000588136,0.000551629,0.06207237781737551,0.000566216,0.00058465,0.03255648021249846,0.000679417,0.000683665,0.006252419353651728,0.001001899,0.00099714,0.004749979788381875,1.196540633702661,1.7547999529456768,4.7812680580887434
1,8,f64,abcijk-jkma-mibc,0.000766649,0.000753486,0.01716952608038358,0.000737926,0.000729351,0.011620406382211623,0.000821292,0.000836561,0.01859143885487735,0.000643951,0.000699664,0.08651745241485753,1.0905905315860558,0.88315167064842,3.693496876138721
1,8,f64,abcijk-jkmb-miac,0.000562499,0.000539907,0.04016362695755926,0.000538634,0.000545738,0.013188918634917446,0.000682132,0.000689455,0.01073545882615079,0.001076227,0.001079573,0.0031090095305172927,1.244419529166667,1.9559492958109856,4.917965447299774
1,8,f64,abcijk-jkmc-miab,0.000566477,0.000614627,0.0849990379132779,0.000563241,0.00057393,0.01897766675366297,0.000661404,0.000683415,0.03327920605257906,0.000845677,0.000918974,0.08667257120626437,1.1394065296273799,1.4940217286811746,4.587008237860928
1,8,f64,abcs-rc-abrs,5.6445e-05,5.8579e-05,0.03780671450084161,5.3861e-05,5.5023e-05,0.021574051725738563,0.000170017,0.0001712,0.00695812771663995,0.000160248,0.000158015,0.013934651290499533,2.966978088557538,2.7673350978313156,5.043048051229104
1,8,f64,abj-bka-kj,0.000163215,0.000160409,0.01719204729957413,0.000154819,0.000154688,0.0008461493744308379,0.000247982,0.000254474,0.026179319466735462,0.000249445,0.000253423,0.01594740323518229,1.5525206555686604,1.5538747695997177,6.859452277918362
1,8,f64,abjc-cbka-kj,0.000162052,0.000154208,0.048404215930689,0.000156913,0.000161421,0.028729295851841474,0.000220611,0.000247762,0.12307183232023777,0.000194733,0.00019304,0.008693955313172297,1.478939065159301,1.2264865267178404,3.4873187146433233
1,8,f64,abjc-kbac-jk,6.2276e-05,6.3288e-05,0.016250240863253884,6.0012e-05,6.1424e-05,0.023528627607811714,0.000168084,0.000160039,0.04786297327526723,0.000161952,0.000162013,0.00037665481130200185,2.612492552881011,2.5801624413259154,5.198462464666928
1,8,f64,abjcd-dkbac-jk,0.001043446,0.001055228,0.011291432426785875,0.00091709,0.00093869,0.023552759271173063,0.00113115,0.001167648,0.03226627768200507,0.001509845,0.00152825,0.012189993012527989,1.0952365468179004,1.4476222255108113,3.024996746375028
1,8,f64,abrs-qb-aqrs,5.6605e-05,5.5273e-05,0.02353149015104672,5.4252e-05,5.5273e-05,0.018819582688195835,0.000169416,0.000152093,0.10225126316286537,0.000157133,0.000159538,0.01530550552716492,2.8697754042738444,2.830621864095766,5.142321669243246
1,8,f64,adbjc-cbdka-kj,0.00307243,0.002939092,0.04339822225404655,0.00306196,0.002997541,0.021038485153300535,0.003357501,0.003301628,0.01664124597431249,0.002101329,0.002102101,0.0003673865444202562,1.107961210265503,0.6994009657412532,2.882407894691654
1,8,f64,ajb-kba-jk,0.000129592,0.000130954,0.010509908019013636,0.000126536,0.00012903,0.019709805905038902,0.000244025,0.000231191,0.05259297203155422,0.000197378,0.000195445,0.009793391360739312,1.8232832489867354,1.507693886405492,6.82148831193593
1,8,f64,ajbc-ckba-jk,8.9727e-05,9.2583e-05,0.03182988398141018,8.7483e-05,8.9106e-05,0.018552175851308084,0.000208298,0.000222154,0.06652008180587421,0.000177421,0.000175237,0.012309704037289926,2.3601652967421223,1.9345867893438204,4.653740086366804
1,8,f64,ajbdc-ckbad-jk,0.001006326,0.000947938,0.05802095941076757,0.000974107,0.000965631,0.008701302834288271,0.001139835,0.001178798,0.03418301771747667,0.001455925,0.001479178,0.015971289729896698,1.186810489174661,1.502520505915158,3.058706597656752
1,8,f64,aqrs-pa-pqrs,4.3671e-05,0.000183883,3.210643218611893,5.2698e-05,5.6295e-05,0.06825685984287833,0.000129933,0.000156532,0.20471319834068336,0.000149518,0.000149108,0.002742144758490439,1.5914534551800237,1.6662104482365636,2.1005289392054207
1,8,f64,ij-ik-kj,0.000408102,0.000487269,0.1939882676389728,0.000422017,0.000419403,0.006194063272332628,0.000688413,0.000706578,0.0263867765425696,0.000605529,0.000606732,0.0019866926274381136,1.5639967066629672,1.3592432070494673,6.498184374588721
1,8,f64,ij-ikl-ljk,0.000308154,0.000313355,0.016877924674026712,0.000301362,0.000304478,0.01033972431826169,0.000410726,0.000406519,0.010242838291220857,0.00057899,0.000581093,0.0036321870844053805,1.3149653314389234,1.8666209430895726,2.3675342222791795
1,8,f64,ij-kil-lkj,0.000445972,0.000432727,0.029699173939171097,0.000434471,0.000430914,0.00818696759967874,0.000562378,0.000550026,0.02196387483151896,0.00080387,0.000803869,1.243982235998864e-06,1.2660328595218553,1.829889048159342,2.525513979549399
1,8,f64,ijk-ikl-lj,0.000140302,0.000140232,0.0004989237501958899,0.000138518,0.000135362,0.022784042507110858,0.000265986,0.000269292,0.01242922559833981,0.000235178,0.000233796,0.005876400003401616,1.9080318508917864,1.6717117294731363,4.690030491350981
1,8,f64,ijk-il-jlk,0.000177181,0.000266467,0.5039253644578143,0.000129602,0.000131165,0.01205999907408839,0.000221834,0.00023033,0.03829890819261261,0.000213799,0.000218598,0.02244631639998307,1.0403010059470568,0.9949371249695624,2.9961067844896734
1,8,f64,ijk-ilk-jl,0.000311231,0.000691821,1.2228537645671547,0.000249635,0.000249065,0.0022833336671541637,0.000349802,0.000349842,0.00011435040394269791,0.000211715,0.00021447,0.01301277661006539,0.7538914592140757,0.4592200017271708,1.3266024549198823
1,8,f64,ijk-ilk-lj,0.000141083,0.000139099,0.01406264397553203,0.000137767,0.000138989,0.008870048705422962,0.000282036,0.000252731,0.10390517522585763,0.000234547,0.00023575,0.00512903597146841,1.9058213345750399,1.6785776839333164,4.694003310459213
1,8,f64,ijk-ilmk-mjl,7.9197e-05,0.000535158,5.757301412932309,7.6834e-05,0.00052528,5.8365567326964625,0.000192579,0.000194312,0.008998904345749015,0.00015523,0.000159468,0.027301423693873783,0.9396343789363119,0.7642390521530984,1.2599298683365778
1,8,f64,ijkl-imjn-lnkm,0.000894298,0.000859894,0.038470398010506446,0.000854133,0.000861306,0.008397989540270823,0.001005455,0.000983965,0.02137340805903787,0.000993693,0.001007559,0.013954007928002055,1.1342467808595293,1.1410318561222152,4.358261558908004
1,8,f64,ijkl-imjn-nlmk,0.000786186,0.00071328,0.09273378055574644,0.000753746,0.000686781,0.08884292586627329,0.000880312,0.000800433,0.09073941966030219,0.000859153,0.000767021,0.10723584739854253,1.120954867936526,1.0840422436065211,5.007464602112037
1,8,f64,ijkl-imkn-jnlm,0.000601883,0.000608826,0.011535464533804829,0.000594348,0.000595872,0.0025641543338246198,0.000705476,0.000697671,0.01106345219397975,0.000693283,0.000697421,0.0059687025356167656,1.158947661698235,1.1486828889034695,6.228455701808827
1,8,f64,ijkl-imkn-njml,0.000598366,0.000603115,0.0079366140455841,0.000586383,0.000594158,0.013259252058807958,0.000696178,0.000688103,0.011599045071806313,0.000708091,0.00070252,0.007867632832503135,1.1521349576410507,1.1740601958927692,6.211808263635044
1,8,f64,ijkl-imln-jnkm,0.000602534,0.000608566,0.010011053318152996,0.000591893,0.000597324,0.009175644922308601,0.000694876,0.000697631,0.003964736154364212,0.000694475,0.00069189,0.0037222362216061677,1.1497989814838458,1.1447277562768812,6.22923570472592
1,8,f64,ijkl-imln-njmk,0.000597404,0.000586804,0.017743436602366103,0.000588217,0.000589209,0.0016864524486712718,0.000695517,0.000698182,0.0038316820437171994,0.00068636,0.000692171,0.008466402471006385,1.176948887999437,1.164131622898633,6.309559623736122
1,8,f64,ijkl-imnj-nlkm,0.000612642,0.000600149,0.02039200707754285,0.000607854,0.000598847,0.014817702935244315,0.000693343,0.000701288,0.01145897485083136,0.000696269,0.000699515,0.004661991270615173,1.149977503805627,1.1509438027603571,6.203664762452915
1,8,f64,ijkl-imnk-njml,0.000610058,0.000619786,0.015946024804198933,0.000601161,0.000589229,0.019848260283019004,0.000689336,0.000688464,0.0012649854352595469,0.000699094,0.000700116,0.0014618921060687295,1.120339513508679,1.1377486910234886,6.065624375805441
1,8,f64,ijkl-minj-nlmk,0.000730533,0.00074537,0.02030982857721697,0.000725122,0.000736945,0.016304842495469707,0.000846389,0.000851248,0.005740859108518626,0.000864162,0.000859634,0.005239758286062157,1.1502895742107444,1.1680152165616307,6.276625133881746
1,8,f64,ijkl-mink-jnlm,0.000717768,0.000724601,0.009519789124062372,0.000721956,0.000709093,0.017816875266636778,0.000807877,0.000821552,0.016927081721598736,0.000851187,0.000844625,0.007709234281068622,1.129662311824804,1.1757174019085441,6.3527533299554895
1,8,f64,ijkl-minl-njmk,0.000760999,0.000714403,0.061230041038161764,0.000718901,0.000736604,0.024625087459886785,0.000818155,0.000821692,0.004323141702978095,0.000851759,0.000848382,0.003964736504105115,1.112009880076414,1.1528967383517275,6.254133027858199
1,1,c64,abc-bk-akc,0.002400597,0.002388264,0.005137472053826531,0.00242914,0.002425563,0.0014725376059018247,0.002466069,0.002451472,0.005919136893574262,0.00322254,0.003230475,0.002462343368895281,1.0268695715054201,1.347508629092052,1.0
1,1,c64,abcijk-eiab-jkec,0.010072614,0.010108232,0.0035361227979151533,0.010063357,0.010102131,0.003852988620000275,0.010648418,0.010676242,0.0026129703022552686,0.012198949,0.012250948,0.004262580325567367,1.056678945038642,1.2115388911953635,1.0
1,1,c64,abcijk-eiac-jkeb,0.010047708,0.010051686,0.0003959111869094034,0.010064679,0.010063859,8.147304052119608e-05,0.010507555,0.010552341,0.004262266531081638,0.015229621,0.015409259,0.011795303376229693,1.0477852611592318,1.5243421756973086,1.0
1,1,c64,abcijk-eibc-jkea,0.010651153,0.010618514,0.0030643630788139697,0.010674656,0.010687142,0.001169686404882908,0.011095091,0.011102717,0.0006873310007100564,0.012723487,0.012611762,0.008781004767010825,1.0436380045674365,1.19113442077616,1.0
1,1,c64,abcijk-ejab-ikec,0.010058899,0.01008588,0.002682301512322738,0.010057476,0.010086842,0.0029198180537544083,0.010670799,0.010636768,0.0031891707453209905,0.012720943,0.012776289,0.004350778083039852,1.0577211562107114,1.2656974196839548,1.0
1,1,c64,abcijk-ejac-ikeb,0.010030886,0.01005852,0.002754891242907176,0.010040013,0.010086822,0.00466224495924461,0.010466608,0.010565064,0.009406676929144542,0.013404828,0.013418426,0.0010144106287675037,1.0468931457670685,1.3351950739594056,1.0
1,1,c64,abcijk-ejbc-ikea,0.010627048,0.010620477,0.0006183278743071563,0.010691027,0.010689497,0.00014311066654315585,0.010961702,0.01101316,0.004694343998769446,0.013881837,0.013775562,0.007655687067929073,1.0342288243828386,1.301666718274953,1.0
1,1,c64,abcijk-ekab-ijec,0.010061393,0.010085078,0.0023540477943759797,0.010058257,0.01010166,0.004315161165597603,0.010658777,0.010638872,0.0018674750395846207,0.012078675,0.012063729,0.0012373873789964795,1.0571406980585245,1.1983446658037877,1.0
1,1,c64,abcijk-ekac-ijeb,0.010036196,0.01012862,0.009209066861587623,0.010041225,0.010130453,0.008886166777459792,0.010577535,0.010706157,0.012159921947788366,0.013844328,0.013781492,0.004538754065925077,1.0554783595574972,1.3700119416611292,1.0
1,1,c64,abcijk-ekbc-ijea,0.010608783,0.010624845,0.0015140285176915569,0.010690416,0.010696239,0.0005446934899446809,0.011091363,0.01110444,0.0011790255174228825,0.013860588,0.013733153,0.009194054393652062,1.0453138530074038,1.2995167207956375,1.0
1,1,c64,abcijk-ijma-mkbc,0.010593075,0.010607513,0.0013629658998921546,0.010661692,0.010661413,2.6168454312913703e-05,0.011089831,0.011098028,0.0007391456190810608,0.013822296,0.013679523,0.010329181201154891,1.0465682664595637,1.297202453954776,1.0
1,1,c64,abcijk-ijmb-mkac,0.010126034,0.010130945,0.0004849875084360633,0.010110104,0.01013891,0.002849228850662522,0.010624974,0.010701829,0.007233429465333119,0.013763016,0.013631072,0.009586852184143346,1.0528058081031555,1.3523127534538175,1.0
1,1,c64,abcijk-ijmc-mkab,0.010059229,0.010098574,0.00391133356244322,0.010052135,0.01007491,0.002265687836464414,0.010653798,0.010642137,0.0010945392431883638,0.011960113,0.011954476,0.0004713166171590455,1.0564629673803607,1.1863710489519368,1.0
1,1,c64,abcijk-ikma-mjbc,0.010646384,0.010711567,0.006122548275546036,0.010652475,0.010725192,0.006826300930065532,0.010918571,0.01094351,0.0022840901066631947,0.013951638,0.013678049,0.019609812123852488,1.0236079571013184,1.2935913701848338,1.0
1,1,c64,abcijk-ikmb-mjac,0.010033571,0.010057327,0.0023676515569581724,0.010046816,0.010092683,0.004565326965279226,0.010500762,0.010573069,0.006885881234142799,0.013405219,0.013364214,0.0030588832603182237,1.0489188529197653,1.3324153210154959,1.0
1,1,c64,abcijk-ikmc-mjab,0.010058628,0.010093975,0.003514097548890316,0.010050803,0.010086261,0.0035278773248266226,0.010635835,0.010655412,0.0018406641321531136,0.012754425,0.01306142,0.02406968561891265,1.0565022667230746,1.2809292820487461,1.0
1,1,c64,abcijk-jkma-mibc,0.01067644,0.010694967,0.0017353162664708321,0.010666662,0.010692201,0.0023942822974984956,0.011097846,0.011073523,0.002191686566924811,0.012710764,0.01260039,0.008683506357288984,1.0374311803362575,1.1843358210610935,1.0
1,1,c64,abcijk-jkmb-miac,0.010034744,0.010170268,0.013505476572197583,0.010013394,0.010156652,0.014306637689478707,0.010504218,0.010689336,0.017623206220586995,0.015332282,0.015361901,0.0019318063677671304,1.0489091647281754,1.5191705501103263,1.0
1,1,c64,abcijk-jkmc-miab,0.010072984,0.010106409,0.003318281851733218,0.010058047,0.010094507,0.0036249582051068874,0.010662694,0.01067574,0.0012235181840536402,0.012256106,0.012315588,0.004853254369699522,1.0574381144391711,1.2176607944627318,1.0
1,1,c64,abcs-rc-abrs,0.001078461,0.001084142,0.005267691645780337,0.001095984,0.001088681,0.006663418444064817,0.001127422,0.001116883,0.009347875063640876,0.001627495,0.001577272,0.030859080980279563,1.0377716106637283,1.4817257264820216,1.0
1,1,c64,abj-bka-kj,0.003765973,0.003798053,0.008518382898655918,0.003797331,0.003813341,0.0042161191636966855,0.003842797,0.003863436,0.005370827550869928,0.005582962,0.005543979,0.006982494238721326,1.0188059466436041,1.4710384104349499,1.0
1,1,c64,abjc-cbka-kj,0.001757798,0.001829852,0.040991058130684044,0.001748842,0.001810767,0.03540914502282089,0.001821477,0.001934969,0.06230767668216508,0.001911795,0.001936692,0.013022839791923424,1.04678233756434,1.0728980957994751,1.0
1,1,c64,abjc-kbac-jk,0.00117996,0.001188727,0.007429912878402778,0.001184339,0.00120089,0.013974883880375488,0.001212951,0.001257335,0.03659175020260497,0.001736548,0.001825825,0.05141061462165175,1.0427313352905658,1.503482109347087,1.0
1,1,c64,abjcd-dkbac-jk,0.008658627,0.008628622,0.003465330011328538,0.008689064,0.008633642,0.006378362502566404,0.009364072,0.009332305,0.003392434402469169,0.012224577,0.011869166,0.02907348041572322,1.0815126324798865,1.3935796135427025,1.0
1,1,c64,abrs-qb-aqrs,0.000929113,0.000925035,0.004389132430608456,0.000930225,0.000928572,0.001776989438039167,0.000970159,0.00096485,0.005472298870597525,0.00158721,0.001655758,0.043187731932132545,1.0436094621828078,1.7486475172473888,1.0
1,1,c64,adbjc-cbdka-kj,0.018493177,0.018502838,0.0005224088862612053,0.018474872,0.018480136,0.0002849275491598746,0.018933167,0.018987302,0.002859268077020527,0.013965925,0.014049823,0.0060073357117411685,1.024986924984801,0.7572605679668307,1.0
1,1,c64,ajb-kba-jk,0.003430507,0.003466094,0.01037368528908389,0.003497442,0.003566863,0.01984907826920357,0.003757838,0.003666698,0.024253307353856113,0.004645874,0.004856597,0.04535702001388753,1.0764832448052652,1.3775279645590155,1.0
1,1,c64,ajbc-ckba-jk,0.001567172,0.001601206,0.021716824956035552,0.001525966,0.001592289,0.04346296051157106,0.001638636,0.00178027,0.08643408298121136,0.002002435,0.002086351,0.041906978253975824,1.078207246624218,1.2903007945362188,1.0
1,1,c64,ajbdc-ckbad-jk,0.007363302,0.007312187,0.006941858421670055,0.007317185,0.007314562,0.00035847118803200573,0.008154207,0.008179184,0.003063081425330516,0.012202015,0.012145391,0.004640545024735654,1.1129762679099584,1.6590580280359377,1.0
1,1,c64,aqrs-pa-pqrs,0.001219755,0.001213603,0.005043635812109981,0.001225305,0.001223051,0.001839541991585869,0.001283914,0.001285397,0.001155061787627476,0.001456957,0.001462538,0.0038305866267844824,1.0558737280987804,1.1997819457610785,1.0
1,1,c64,ij-ik-kj,0.012214458,0.012219961,0.00045053165682840124,0.012219608,0.012213408,0.0005073812515098419,0.012394554,0.012411247,0.0013468011838102534,0.010593846,0.010487359,0.010051779117801085,1.0151989295240234,0.8627557948181385,1.0
1,1,c64,ij-ikl-ljk,0.003006035,0.0029867,0.006432060837614939,0.002998592,0.002988133,0.0034879703540862117,0.003088659,0.003074925,0.004446589927861955,0.003656839,0.003610293,0.012728479432646544,1.0285121533482486,1.2126384294807524,1.0
1,1,c64,ij-kil-lkj,0.004757893,0.004756901,0.00020849565133140846,0.004757552,0.004739209,0.0038555542850607916,0.004871816,0.004901171,0.006025473868471298,0.005412333,0.005457809,0.008402291581098176,1.0271313247970422,1.142436392490165,1.0
1,1,c64,ijk-ikl-lj,0.002512897,0.002525369,0.0049631958651708,0.002526392,0.00253077,0.001732906057333894,0.002555265,0.002568761,0.0052816439782175095,0.003939567,0.003936752,0.0007145455325420214,1.0170213177224237,1.5633042458703232,1.0
1,1,c64,ijk-il-jlk,0.002759657,0.002757583,0.0007515426736003361,0.002829697,0.002832392,0.0009523987904005438,0.00288498,0.002854404,0.010598340369777248,0.002916418,0.002886593,0.010226586175232866,1.0402489214946333,1.051782189213304,1.0
1,1,c64,ijk-ilk-jl,0.002405055,0.002408782,0.0015496527106448887,0.002436484,0.002427457,0.003704928905751026,0.002446052,0.002459707,0.005582465131567016,0.003189318,0.003240103,0.01592346702335723,1.019091727905188,1.33557126100722,1.0
1,1,c64,ijk-ilk-lj,0.00253641,0.002538705,0.0009048221699174963,0.002542611,0.002547762,0.0020258702569915243,0.002573379,0.002586744,0.005193560684221055,0.003698547,0.003738022,0.010673110278171416,1.0167466588497913,1.4652800948285774,1.0
1,1,c64,ijk-ilmk-mjl,0.000986039,0.000985307,0.0007423641458400576,0.000984706,0.000984165,0.0005494025627953425,0.00100832,0.001001017,0.007242740399873049,0.001277733,0.001304763,0.02115465437614894,1.0192649423201943,1.3099449400583807,1.0
1,1,c64,ijkl-imjn-lnkm,0.015318587,0.015355468,0.002407598037599712,0.015312626,0.015366639,0.0035273505667807736,0.015467054,0.015534382,0.004352994435785851,0.01666071,0.016570485,0.005415435476639363,1.0106712431079603,1.0833617054045708,1.0
1,1,c64,ijkl-imjn-nlmk,0.015294953,0.015348054,0.0034717988345567274,0.015302246,0.01531378,0.0007537455612725008,0.01546473,0.015497894,0.0021444926616889237,0.017083287,0.016913424,0.009943226967971674,1.0104312781101916,1.1094321678375982,1.0
1,1,c64,ijkl-imkn-jnlm,0.015362659,0.015401965,0.0025585414608237933,0.015353722,0.015402165,0.003155130723351718,0.015601033,0.01567314,0.004621937534520892,0.016587463,0.016634503,0.0028358767100187254,1.016560949963545,1.0798753728409927,1.0
1,1,c64,ijkl-imkn-njml,0.015295143,0.015339679,0.0029117740187194485,0.015314459,0.015338286,0.001555849932406872,0.015474537,0.015539582,0.004203356778945899,0.016899305,0.017015935,0.006901467249688542,1.0123800805761245,1.107075970631749,1.0
1,1,c64,ijkl-imln-jnkm,0.015305402,0.015338216,0.0021439489142460744,0.015297117,0.015314572,0.0011410646855873896,0.015692464,0.015582862,0.0069843716066514405,0.016548631,0.016575012,0.001594149993434435,1.0206089856822027,1.0809314841837674,1.0
1,1,c64,ijkl-imln-njmk,0.015278432,0.015307128,0.0018782032082873545,0.015289903,0.015319041,0.0019057020832637939,0.015519882,0.01549018,0.001913803210617293,0.016817051,0.016756992,0.0035713158032285586,1.0138791450562243,1.0977076783459998,1.0
1,1,c64,ijkl-imnj-nlkm,0.015304821,0.015296949,0.0005143477339590863,0.015305192,0.01530858,0.00022136278982975988,0.015457256,0.015468389,0.0007202442658644781,0.016695595,0.01662179,0.0044206271175121215,1.0105835060950477,1.0887378199189488,1.0
1,1,c64,ijkl-imnk-njml,0.015348422,0.015368553,0.0013116006322995144,0.015318476,0.015349307,0.0020126675786809045,0.015581076,0.015578164,0.00018689338271626887,0.01675708,0.016731965,0.0014987694753501035,1.0143982783311758,1.090245467676796,1.0
1,1,c64,ijkl-minj-nlmk,0.018974705,0.018987773,0.000688706359334601,0.019031281,0.01898672,0.002341460882218205,0.019308667,0.019333447,0.0012833615080729555,0.020560302,0.020351806,0.010140707077162525,1.017902686546686,1.0776846325094576,1.0
1,1,c64,ijkl-mink-jnlm,0.018659628,0.018598696,0.0032654455919485237,0.018578656,0.018586234,0.00040788741661401673,0.01888094,0.018876314,0.0002450089878998085,0.020112216,0.020114775,0.0001272361036697145,1.0133924491018769,1.0796793949309114,1.0
1,1,c64,ijkl-minl-njmk,0.018915525,0.018979948,0.0034058266952674554,0.018911717,0.018952687,0.002166381825616348,0.019269445,0.019310314,0.0021209225278673305,0.020316176,0.020066925,0.012268598185012691,1.0180580963325034,1.0656257051570017,1.0
1,4,c64,abc-bk-akc,0.00062738,0.000618504,0.014147725461442828,0.000621319,0.000629975,0.013931651856775584,0.000678456,0.000688785,0.015224273939651312,0.000797958,0.000784614,0.016722684652575648,1.097402873051042,1.270227327431463,3.84383028657805
1,4,c64,abcijk-eiab-jkec,0.002859202,0.002708462,0.052721003972437064,0.002856046,0.002780877,0.026319253961595845,0.002950342,0.002925726,0.008343439506335204,0.003714838,0.003598792,0.031238508920173547,1.0557697480703738,1.3139066782116051,3.6259758176482753
1,4,c64,abcijk-eiac-jkeb,0.002677603,0.002609597,0.025398089261178813,0.002714512,0.002585141,0.04765902674219158,0.002857208,0.002845898,0.003958409748257785,0.004360632,0.00457396,0.048921349015463855,1.078749925595849,1.6895112373398118,3.8018339468796025
1,4,c64,abcijk-eibc-jkea,0.002861105,0.002828666,0.01133792712955306,0.002806244,0.002816382,0.003612658058244511,0.002946806,0.003035382,0.030058307197691203,0.003346632,0.003342884,0.0011199319196135704,1.051295284905912,1.175728104491185,3.7382853627355983
1,4,c64,abcijk-ejab-ikec,0.002722837,0.002586935,0.04991191173030196,0.002729991,0.002699224,0.01127000052381133,0.002889168,0.002847641,0.014373342083257135,0.003618358,0.003547616,0.019550857046207182,1.0807504786606479,1.349958722195783,3.795146472443403
1,4,c64,abcijk-ejac-ikeb,0.002693263,0.002578258,0.04270099132539229,0.002683664,0.002615919,0.025243473102445013,0.002817144,0.002843503,0.00935663920623142,0.003699489,0.003680173,0.005221261639107411,1.0740606342073307,1.4002398013039887,3.8118352323094205
1,4,c64,abcijk-ejbc-ikea,0.00282011,0.002832293,0.004320044253593114,0.002765817,0.00283083,0.023505893556948987,0.00299724,0.003016035,0.006270769107578955,0.003661639,0.003652742,0.0024297862241471346,1.0638412715576537,1.2940323927505097,3.759033695562451
1,4,c64,abcijk-ekab-ijec,0.002716556,0.002672864,0.016083599969962004,0.002742565,0.002714162,0.010356363477255881,0.00283166,0.002859032,0.009666414753183528,0.003301948,0.003380715,0.02385470637332876,1.0559231203501473,1.239914198338295,3.738272236453636
1,4,c64,abcijk-ekac-ijeb,0.002679797,0.002570915,0.04063068956342586,0.002681922,0.002574331,0.04011712495740005,0.002853732,0.002822304,0.011012947256434757,0.003967689,0.004038442,0.017832294819478012,1.0812190298827937,1.525038927028049,3.8411821199170366
1,4,c64,abcijk-ekbc-ijea,0.002823876,0.002842681,0.00665928673921945,0.00280456,0.002823455,0.006737242205550942,0.002997029,0.003024331,0.009109688294641094,0.003634578,0.003647763,0.003627656360655873,1.0626084340413244,1.2851488416486512,3.7472029046205493
1,4,c64,abcijk-ijma-mkbc,0.002824758,0.002902353,0.02746960978604185,0.002826381,0.002923382,0.03431985991980557,0.003008871,0.003032215,0.007758391768872608,0.003664314,0.003652122,0.0033272257781402637,1.0549115327379786,1.2776245237643262,3.702133453120771
1,4,c64,abcijk-ijmb-mkac,0.002690136,0.002576054,0.042407521404122406,0.002680118,0.002575473,0.039044922648928115,0.002817955,0.002787048,0.01096788273765914,0.004007854,0.004043832,0.00897687390808155,1.06457104940767,1.5292831348091052,3.847512770328897
1,4,c64,abcijk-ijmc-mkab,0.002707499,0.002583348,0.045854495237117265,0.002729159,0.002674317,0.020094835075567308,0.002812955,0.002832222,0.006849380811282169,0.003312046,0.003319591,0.002278048070588401,1.0672580251378816,1.253761299251495,3.81098083244002
1,4,c64,abcijk-ikma-mjbc,0.002857248,0.002823836,0.011693769669276155,0.002803088,0.002845767,0.01522570821893554,0.002974386,0.003005706,0.010529904323110628,0.00365185,0.003623327,0.007810561770061675,1.0526359770680298,1.2806089313973104,3.7595326736123664
1,4,c64,abcijk-ikmb-mjac,0.00264911,0.002560645,0.033394234290006874,0.002738988,0.002598296,0.051366417085434435,0.002800543,0.002849184,0.017368417481895326,0.003717563,0.003670255,0.012725540898701704,1.0845677548782222,1.4182493895574668,3.856953178712059
1,4,c64,abcijk-ikmc-mjab,0.002729611,0.002641617,0.03223682788499882,0.002715144,0.00268617,0.010671257215086993,0.002841229,0.002827603,0.004795811953207441,0.003655037,0.003557775,0.026610400934381717,1.055545676092604,1.3429190147064634,3.752452302178022
1,4,c64,abcijk-jkma-mibc,0.0028208,0.002810261,0.003736174134997161,0.002796505,0.002880983,0.030208420868190977,0.002953758,0.003034409,0.027304538828164082,0.003333085,0.003327385,0.0017101274044916126,1.0633225856404882,1.1828107040994065,3.7952770178906903
1,4,c64,abcijk-jkmb-miac,0.002668837,0.002629173,0.014861904267664205,0.002693293,0.002629564,0.023662111771723282,0.00282089,0.002859463,0.013674053224337124,0.004383003,0.004344182,0.008857169388202468,1.072172612646871,1.6472870452839257,3.81371944011601
1,4,c64,abcijk-jkmc-miab,0.002802356,0.00269722,0.0375170035498702,0.002884308,0.002704283,0.062415317642914636,0.002925306,0.002910037,0.0052196248871058115,0.00361391,0.003651691,0.010454327860959456,1.061243560508967,1.321343822244071,3.669929053313428
1,4,c64,abcs-rc-abrs,0.000280483,0.000282968,0.00885971698819521,0.000282387,0.000281685,0.002485950132265269,0.00035394,0.000342128,0.033372888060123285,0.00045085,0.000464306,0.02984584673394708,1.2351997582733136,1.6240382375124316,3.838162627736035
1,4,c64,abj-bka-kj,0.000996278,0.001006166,0.009924940629021162,0.000995437,0.00100812,0.01274113781183539,0.001088039,0.001092107,0.003738836567439119,0.001568645,0.001564758,0.0024779347781046512,1.0887539351595326,1.564807201312013,3.7774091018780545
1,4,c64,abjc-cbka-kj,0.000449759,0.000454738,0.011070373244337572,0.00045603,0.000482099,0.057165098787360424,0.000536149,0.00057863,0.07923357126470454,0.000610188,0.000634503,0.039848374599303904,1.2316084741731546,1.375872264960109,3.96571874863855
1,4,c64,abjc-kbac-jk,0.000298496,0.000296372,0.0071156732418524715,0.000298888,0.000299097,0.0006992585851557376,0.00037523,0.000375129,0.0002691682434773357,0.00052505,0.000541701,0.03171317017426922,1.2613954294401275,1.7930496140520176,3.981868035686086
1,4,c64,abjcd-dkbac-jk,0.003127893,0.003117595,0.003292312109141937,0.003114168,0.003099411,0.004738665351387672,0.003338756,0.003340029,0.00038127973412849236,0.004044742,0.004027872,0.0041708469909822465,1.069379039356225,1.2925502933439064,2.767957677706734
1,4,c64,abrs-qb-aqrs,0.000248163,0.000249475,0.005286847757320912,0.000244656,0.000245639,0.004017886338369081,0.000310259,0.000310138,0.00038999674465534095,0.000463804,0.000464497,0.0014941656389337865,1.2466876411529146,1.865420180141709,3.725901075565984
1,4,c64,adbjc-cbdka-kj,0.00632211,0.00628413,0.006007488006377626,0.006567727,0.006369369,0.030201925262727913,0.00657928,0.006653919,0.01134455441932869,0.005782443,0.005298852,0.08363091516855425,1.0497220871238482,0.878199065569135,2.934751491702341
1,4,c64,ajb-kba-jk,0.000881053,0.000891793,0.012189959060351585,0.000878589,0.000903174,0.027982367181924594,0.000974156,0.000981491,0.0075295948492848375,0.001199667,0.001235654,0.029997490970411045,1.1031240904405701,1.373554035793708,3.8901493632858637
1,4,c64,ajbc-ckba-jk,0.000419071,0.000463604,0.1062660026582607,0.00041803,0.000427938,0.02370164820706644,0.000522584,0.000530229,0.014629227071628836,0.000623413,0.000642177,0.03009882694136956,1.194242167175859,1.435482522729923,3.5938880515074785
1,4,c64,ajbdc-ckbad-jk,0.003170372,0.003108608,0.01948162550009891,0.003237958,0.003155676,0.025411694654470462,0.003416211,0.003388911,0.00799130967027506,0.003946951,0.003882591,0.016306257665727242,1.083837898972281,1.2469630857655896,2.3373398266249796
1,4,c64,aqrs-pa-pqrs,0.000356165,0.000360252,0.011475018600929365,0.000361895,0.00035405,0.02167755840782537,0.000417038,0.000422367,0.012778212057414473,0.000402891,0.000405346,0.006093459521309796,1.1716664222037199,1.1281787333108932,3.3966109407026117
1,4,c64,ij-ik-kj,0.003124056,0.003116262,0.0024948336393458836,0.003161225,0.003118315,0.013573851908674661,0.003251764,0.003282972,0.00959725244513443,0.003405531,0.003429647,0.007081421370118246,1.0471688423964227,1.0953193070948952,3.9155756867571188
1,4,c64,ij-ikl-ljk,0.001727061,0.001741588,0.008411399481547122,0.001731209,0.001728544,0.001539386636737694,0.001829843,0.001853617,0.012992371476678422,0.001442801,0.001465904,0.016012603262681502,1.0619164929208207,0.8385509047775419,1.7276917801504068
1,4,c64,ij-kil-lkj,0.002603605,0.002557239,0.017808384912457842,0.002587546,0.002573911,0.005269471537897363,0.002762461,0.002794973,0.01176921592739233,0.002070431,0.002081111,0.005158346257373436,1.076870991323042,0.8044606307490849,1.8437251674277568
1,4,c64,ijk-ikl-lj,0.000918903,0.000930847,0.012998107526039249,0.000900419,0.000906601,0.0068656925275900615,0.000981491,0.000994515,0.01326960715890424,0.001260541,0.001237448,0.01831991184737347,1.0682547764033092,1.3504172615216365,2.7238035403287686
1,4,c64,ijk-il-jlk,0.001543929,0.001577863,0.02197898996650749,0.001589094,0.001580458,0.005434543205121933,0.001639207,0.001649286,0.0061487048310555625,0.001043225,0.001026094,0.016421193893934705,1.0534564285546637,0.6628789965438372,1.767435367684654
1,4,c64,ijk-ilk-jl,0.000862018,0.000827944,0.03952817690581856,0.000848452,0.000823195,0.029768331031101325,0.000907562,0.000876545,0.034176177495311655,0.000974807,0.000962836,0.012280379603347047,1.0557634218029472,1.1467713403469015,2.849066629551257
1,4,c64,ijk-ilk-lj,0.000772771,0.000756912,0.02052225044676881,0.000767631,0.000738097,0.038474214824570696,0.000825489,0.000790634,0.04222345785346626,0.000974286,0.001015163,0.04195585279887015,1.0563194714457471,1.3003582521161625,3.3179340117923988
1,4,c64,ijk-ilmk-mjl,0.000304127,0.000296883,0.023818996669154657,0.000300621,0.000293187,0.024728811360483882,0.00035917,0.000360462,0.0035971823927387625,0.00034319,0.000335966,0.02104956438124661,1.1974561461369153,1.1300426184479677,3.2802932966077925
1,4,c64,ijkl-imjn-lnkm,0.004262439,0.004268571,0.0014386129631414057,0.0042365,0.004260426,0.0056475864510801,0.004387983,0.004384187,0.0008650899513511501,0.004410575,0.004302594,0.02448229539232416,1.0282688034338392,1.0212744011331718,3.5955931070326135
1,4,c64,ijkl-imjn-nlmk,0.006092953,0.004225671,0.3064658466920719,0.004195985,0.004183903,0.0028794192543586394,0.004339262,0.004299859,0.009080576374507987,0.004468663,0.004456301,0.0027663755355908926,0.8512816840452841,0.8794563848425732,3.0195274227483133
1,4,c64,ijkl-imkn-jnlm,0.004299789,0.004225691,0.017232938639547113,0.004229959,0.004224479,0.0012955208312894761,0.004359109,0.004341758,0.003980400581861998,0.004409202,0.004347859,0.013912494823326349,1.0206086165241206,1.0271769927069014,3.608683725822132
1,4,c64,ijkl-imkn-njml,0.006127316,0.004209401,0.31301062324841744,0.004845988,0.004197197,0.1338820896791325,0.004292595,0.004293327,0.00017052622015367724,0.004426755,0.004452995,0.005927592559335393,0.8453015246773592,0.8742256764662182,3.0160575037068504
1,4,c64,ijkl-imln-jnkm,0.004233746,0.004234678,0.00022013602138626354,0.004206755,0.004238084,0.007447307960648741,0.00433805,0.004338953,0.00020815804336060673,0.004393033,0.004363699,0.006677391223785412,1.0246302033958676,1.0340392640007539,3.618571840111674
1,4,c64,ijkl-imln-njmk,0.004223797,0.004220531,0.0007732379183942317,0.004199482,0.004184385,0.0035949671888104717,0.004283639,0.004290723,0.0016537341265219219,0.004344181,0.004406058,0.01424365145006612,1.0153987049028343,1.0362009707857673,3.6220228330843116
1,4,c64,ijkl-imnj-nlkm,0.004179785,0.004253913,0.01773488349281105,0.004188101,0.004224068,0.00858790177218749,0.004311981,0.004331999,0.0046424137768694695,0.004324935,0.004346487,0.004983196279250368,1.0249703909301016,1.02822394072033,3.6286515275911024
1,4,c64,ijkl-imnk-njml,0.004211384,0.004229568,0.00431782045997231,0.004203098,0.004234567,0.007487096422686301,0.004288026,0.004295291,0.0016942527867134238,0.004291974,0.00434278,0.011837443563264882,1.0168679838899644,1.0229443984553732,3.639049206746209
1,4,c64,ijkl-minj-nlmk,0.0051802,0.005250913,0.013650631249758627,0.005214364,0.005215767,0.00026906445349794694,0.005403607,0.005375786,0.005148597964285906,0.005478978,0.005384863,0.017177473609129246,1.0334088789457605,1.0414692039322742,3.6394340731013366
1,4,c64,ijkl-mink-jnlm,0.005117473,0.005091345,0.005105644914980556,0.005134875,0.005132071,0.0005460697680078619,0.005251874,0.005265961,0.0026822806487742934,0.005268074,0.005348055,0.015182208905949235,1.0302720661656368,1.0398718518994456,3.64962880160893
1,4,c64,ijkl-minl-njmk,0.005186963,0.005193596,0.0012787829795584127,0.005172776,0.00662206,0.28017528692524096,0.005327865,0.00533,0.00040072336667673625,0.005325041,0.00532992,0.0009162370768600603,1.026714164618318,1.0264343238295641,3.6506151524359587
1,8,c64,abc-bk-akc,0.000497347,0.000495594,0.0035247020691789865,0.000497768,0.000492869,0.009841934395140028,0.000597103,0.000607603,0.017584905786773852,0.000396399,0.00039646,0.00015388535288929361,1.2132262827905367,0.7984968223394613,4.822897415012999
1,8,c64,abcijk-eiab-jkec,0.001664615,0.00168872,0.014480825896678873,0.001832257,0.001671056,0.08797947012891749,0.001847786,0.001891858,0.02385124684351969,0.002297624,0.002345494,0.020834566491297224,1.1151527988096366,1.384589128641471,6.0182880583116605
1,8,c64,abcijk-eiac-jkeb,0.001772816,0.001757558,0.008606646149402986,0.001725096,0.001760694,0.020635373335744722,0.001929147,0.001910092,0.009877422508497324,0.002907933,0.002916048,0.002790642012728606,1.0874846600521768,1.6496919986867042,5.693329184764233
1,8,c64,abcijk-eibc-jkea,0.002941435,0.002882886,0.0199049103583796,0.00281023,0.002834767,0.008731313807055052,0.002938139,0.002923562,0.004961303736821132,0.002099234,0.002056024,0.020583698625308178,1.006465657879332,0.7134296480341229,3.6520508943599728
1,8,c64,abcijk-ejab-ikec,0.001692927,0.001660317,0.019262496256483685,0.001650488,0.001687768,0.02258725904096237,0.001855821,0.001896366,0.021847473436285236,0.002529998,0.002494171,0.014160880759589545,1.1189598391259759,1.4983338065721556,6.0078281160799385
1,8,c64,abcijk-ejac-ikeb,0.00176936,0.001750775,0.01050379798345169,0.00173716,0.001759171,0.012670680881438745,0.001883372,0.001872402,0.005824659175138969,0.002453495,0.002419483,0.01386267345154557,1.0669506496599996,1.3843012319408499,5.707072879387928
1,8,c64,abcijk-ejbc-ikea,0.002898535,0.002960581,0.021405986127474685,0.002797347,0.002757393,0.014282818684989707,0.00284692,0.00298672,0.04910570019529881,0.002211625,0.002191587,0.009060306335838986,0.9954217789779894,0.7515490926494689,3.626607740924883
1,8,c64,abcijk-ekab-ijec,0.001747739,0.001730868,0.009653043160334662,0.001633626,0.001656068,0.013737538457394782,0.001847515,0.00184445,0.0016589851773869402,0.002124272,0.002060393,0.030071007855867693,1.061346438205224,1.2028454565435236,5.791598195002459
1,8,c64,abcijk-ekac-ijeb,0.001774168,0.001738773,0.01995019637373685,0.001760313,0.001736148,0.013727672294643,0.001924519,0.0019035,0.01092169004307042,0.002733728,0.002746022,0.0044971555326644985,1.0897295489896233,1.5599505871286137,5.7403832857874635
1,8,c64,abcijk-ekbc-ijea,0.002779443,0.002771108,0.002998802278010304,0.002678696,0.002647568,0.011620579565579714,0.00283623,0.00291626,0.028217034584642198,0.002212556,0.002220692,0.0036771950630853922,1.0362826609699052,0.7987036841397928,3.8255023448213397
1,8,c64,abcijk-ijma-mkbc,0.00279901,0.002736253,0.02242114176083687,0.002849503,0.002856257,0.0023702378976262484,0.002974366,0.002821502,0.051393809638759946,0.002208239,0.002173874,0.015562174203063939,1.0467839011185904,0.7916985902927167,3.8303411791787765
1,8,c64,abcijk-ijmb-mkac,0.001749352,0.001757759,0.004805779511499075,0.001732581,0.001729886,0.0015554828316829417,0.001850992,0.001877812,0.014489527777537647,0.002665711,0.00273457,0.025831382321639618,1.0631879795948755,1.5396882180026796,5.775989583902305
1,8,c64,abcijk-ijmc-mkab,0.001631413,0.001713165,0.05011116130618065,0.00182849,0.001851823,0.012760802629492085,0.001844009,0.001846814,0.0015211422503902394,0.0021078,0.002137236,0.013965271847423688,1.1038537600440639,1.2695779898167971,6.028799180091624
1,8,c64,abcijk-ikma-mjbc,0.002926217,0.002908084,0.0061967379726111105,0.002900068,0.002829026,0.024496666974705428,0.002989204,0.002874741,0.03829213395940856,0.002221452,0.002204943,0.007431625801502806,1.004894341775358,0.7586831039486815,3.660756393652785
1,8,c64,abcijk-ikmb-mjac,0.001740866,0.001796601,0.0320156749571765,0.001759882,0.00174268,0.009774518973431179,0.001871921,0.00190881,0.019706494024053445,0.00251486,0.002488361,0.01053696826065853,1.0688496484990015,1.4145070274729625,5.6801598705766825
1,8,c64,abcijk-ikmc-mjab,0.0016782,0.001734124,0.033323799308783375,0.001797411,0.001786953,0.005818368753724101,0.001808252,0.001913178,0.05802620431223082,0.002536269,0.002517775,0.007291813289520888,1.0902980449924544,1.4813039551339,5.906613491037211
1,8,c64,abcijk-jkma-mibc,0.002706257,0.002901912,0.072297272579803,0.002868108,0.002971392,0.03601119623110427,0.002907212,0.002883397,0.00819169706234013,0.002076813,0.002067796,0.004341748631195963,1.0331513195286433,0.7394791009487044,3.813083525437642
1,8,c64,abcijk-jkmb-miac,0.00171588,0.001745485,0.017253537543417963,0.001767536,0.001754342,0.007464628726090994,0.001913268,0.001866331,0.024532370791755298,0.002860204,0.002934763,0.02606772104367394,1.0918946101695937,1.6741081311026966,5.837378185485339
1,8,c64,abcijk-jkmc-miab,0.001681996,0.001653654,0.01685021843095935,0.001791821,0.001784929,0.003846366350210295,0.001865109,0.001859027,0.003260935419860167,0.00230028,0.00231657,0.007081746569982839,1.1165036711146097,1.384134403570181,6.049823503580606
1,8,c64,abcs-rc-abrs,0.00015046,0.000151182,0.0047986175727769975,0.000152685,0.000149559,0.020473523921799797,0.000277468,0.000266087,0.041017342540401125,0.000260626,0.000264934,0.01652943298059273,1.8015972427429887,1.7422767681295361,7.169431754043696
1,8,c64,abj-bka-kj,0.000511624,0.000508288,0.00652041342861176,0.000515551,0.000514509,0.0020211385488536626,0.000650433,0.000650223,0.0003228618474153677,0.000823806,0.000819208,0.005581411157481231,1.2752697690561283,1.6109393312422167,7.416324579165764
1,8,c64,abjc-cbka-kj,0.000264874,0.000250517,0.054203130545089406,0.000253323,0.000247452,0.023175945334612424,0.000399065,0.000399955,0.0022302131231755062,0.000357397,0.00034885,0.02391458238317623,1.5509190085623077,1.3707446162567463,6.962323511133171
1,8,c64,abjc-kbac-jk,0.000160138,0.000160108,0.00018733842061213757,0.000160059,0.000159628,0.002692757045839267,0.000261768,0.000256348,0.020705357415726988,0.000277708,0.000280273,0.009236320163625189,1.617780244710814,1.74233279058436,7.396410216203915
1,8,c64,abjcd-dkbac-jk,0.002297996,0.002289931,0.003509579651139627,0.002259533,0.002261758,0.0009847167534176027,0.002422819,0.002440341,0.0072320714011240295,0.002980668,0.002963898,0.005626255591028584,1.059985467903462,1.2956944454515626,3.7679870822790504
1,8,c64,abrs-qb-aqrs,0.00013432,0.000137146,0.021039309112566906,0.000135242,0.000133659,0.011704943730497797,0.000239677,0.000220822,0.07866837452070907,0.000263031,0.000262269,0.0028969969319206923,1.695010665344278,1.93515178059444,6.830483343669711
1,8,c64,adbjc-cbdka-kj,0.00375363,0.00373709,0.004406401270237059,0.003754351,0.003702586,0.013788002240600283,0.003889202,0.003942794,0.013779690538058942,0.004527183,0.004609687,0.01822413628960895,1.0455379099926043,1.2197118258870046,4.938924953398921
1,8,c64,ajb-kba-jk,0.000449468,0.000451732,0.00503706604252141,0.000453626,0.000447264,0.01402476930334684,0.000577807,0.000561727,0.027829361707282785,0.000590802,0.000583137,0.012973889729554045,1.2643410310919019,1.3026161569005206,7.652608684190641
1,8,c64,ajbc-ckba-jk,0.001124156,0.001220827,0.0859942926070758,0.0011098,0.001215557,0.09529374662101264,0.001441979,0.001362832,0.05488776188834921,0.000323884,0.000355804,0.09855380321349627,1.1966310698081108,0.2897742603589124,1.3522020251747793
1,8,c64,ajbdc-ckbad-jk,0.003816137,0.003689221,0.033257715852444525,0.003749322,0.003698518,0.013550183206456956,0.004024665,0.003981836,0.010641631042583755,0.002871214,0.002733588,0.047933034597908764,1.0669086544926683,0.7466550319666198,1.955602737011514
1,8,c64,aqrs-pa-pqrs,0.000213578,0.000209621,0.018527189129966537,0.000215081,0.000216985,0.008852478833555777,0.000302765,0.000295571,0.023761002757914484,0.000242342,0.000244747,0.009923991714189118,1.4138003763853906,1.1510054513175243,5.750147329797452
1,8,c64,ij-ik-kj,0.001582842,0.001591518,0.0054812798750600855,0.001583242,0.001582341,0.0005690854588243921,0.001779539,0.00186591,0.0485356038839273,0.001815926,0.001821787,0.003227554426777246,1.1480863172094844,1.1459701689633928,7.697460163520382
1,8,c64,ij-ikl-ljk,0.000964128,0.000962515,0.0016730143715356638,0.000960962,0.000951946,0.009382264855426148,0.001108767,0.001090013,0.016914284065092322,0.000967033,0.000963377,0.0037806362347510003,1.1412082000056651,1.0019537685384312,3.110439198557281
1,8,c64,ij-kil-lkj,0.001502592,0.001482395,0.013441439858591031,0.001506649,0.001495619,0.007320882302381149,0.001679652,0.001670255,0.005594611264714389,0.00139408,0.001387398,0.004793125215195704,1.1222730631565747,0.931841125534333,3.1876225109009235
1,8,c64,ijk-ikl-lj,0.000476268,0.000466911,0.019646501549547835,0.000467231,0.000462914,0.009239541040727328,0.000594799,0.000605078,0.017281468193456995,0.000612442,0.000626919,0.023638156756068174,1.2721784718942613,1.3140002412945038,5.342038483253573
1,8,c64,ijk-il-jlk,0.00050435,0.000503759,0.0011718052939426737,0.000497838,0.000500964,0.0062791510491364555,0.000609798,0.000602954,0.011223388728726746,0.000547802,0.00055245,0.008484817507055542,1.202977948472015,1.091392271388447,5.472861127391789
1,8,c64,ijk-ilk-jl,0.000699394,0.000692582,0.00973986050781106,0.000683675,0.000684416,0.0010838483197423976,0.000821031,0.000824147,0.0037952281947941646,0.000553132,0.000543724,0.017008598309264378,1.181913157657978,0.787965299628215,3.458316236289741
1,8,c64,ijk-ilk-lj,0.000477951,0.000486467,0.017817726084891516,0.000470638,0.00047174,0.002341502386122629,0.000590592,0.000594488,0.006596770697876009,0.000590522,0.000597995,0.012654905321054954,1.228844546708019,1.232390771874883,5.262564937606149
1,8,c64,ijk-ilmk-mjl,0.000216293,0.00023558,0.08917070825223194,0.000214931,0.000215381,0.002093695185896971,0.000331228,0.000338521,0.022018066105522482,0.000269052,0.000264173,0.01813404100322613,1.483426003997174,1.1810597944174517,4.366589734814788
1,8,c64,ijkl-imjn-lnkm,0.003042904,0.003034439,0.0027818820442577774,0.003037545,0.003034299,0.001068626143810314,0.003241946,0.003220026,0.0067613711024181455,0.003279005,0.003017428,0.07977328488367663,1.0632839203472069,1.0351568638790831,5.047281778167543
1,8,c64,ijkl-imjn-nlmk,0.002473042,0.002222264,0.10140466680307092,0.0024401,0.002207297,0.09540715544444911,0.002594258,0.002340004,0.0980064434609047,0.002450279,0.002428349,0.008950001203944624,1.0509965991610768,1.0405183632364419,6.535625538706285
1,8,c64,ijkl-imkn-jnlm,0.002159016,0.002157163,0.0008582613560992325,0.002157574,0.002188211,0.014199744713274898,0.002358067,0.002361564,0.0014829943339182972,0.002492067,0.002497037,0.001994328402888046,1.0934741444674223,1.1559071077192924,7.127740004697597
1,8,c64,ijkl-imkn-njml,0.002163224,0.002162323,0.00041650795294445597,0.002168864,0.002154268,0.00672979034185639,0.00230057,0.002296604,0.0017239205935921653,0.002376542,0.002353559,0.009670773754472006,1.0627956161355763,1.0935137836780817,7.082292781007735
1,8,c64,ijkl-imln-jnkm,0.002166581,0.00216647,5.123279489649413e-05,0.002159427,0.002195945,0.016910967585382686,0.002352177,0.002341788,0.004416759453051311,0.002461149,0.002511173,0.020325465869802883,1.083290620098461,1.1474756152804835,7.072060873734995
1,8,c64,ijkl-imln-njmk,0.002148747,0.002147095,0.000768820154257388,0.00214464,0.002151112,0.0030177558937629634,0.002307473,0.002301131,0.0027484611954289306,0.002340445,0.0023214,0.008137341403023801,1.0728048138378734,1.0851903869708959,7.119803009509596
1,8,c64,ijkl-imnj-nlkm,0.002166901,0.002153567,0.006153488322724554,0.002156481,0.002155821,0.0003060541688055807,0.002333783,0.002329324,0.0019106317939585615,0.002342648,0.002352196,0.004075729687089025,1.0793106385678104,1.0866546517703624,7.083009231307109
1,8,c64,ijkl-imnk-njml,0.00214479,0.002179585,0.016223033490458283,0.002158916,0.002151182,0.003582353366226254,0.002318845,0.002279431,0.016997255098982422,0.002320588,0.002313604,0.003009582054203652,1.0633342232633665,1.0716778166077143,7.103445652293736
1,8,c64,ijkl-minj-nlmk,0.00267551,0.002672825,0.0010035469873032055,0.002702149,0.002657055,0.016688198911310903,0.002905528,0.0028954,0.0034857691958226633,0.002962284,0.002946415,0.005357015060000969,1.0846216419909507,1.1047696965216416,7.0979997577944465
1,8,c64,ijkl-mink-jnlm,0.002588046,0.002584279,0.0014555382709581233,0.002594278,0.002581625,0.004877272212153061,0.00277794,0.002790194,0.004411182386948598,0.002888677,0.003002931,0.03955236255213013,1.0765220655676853,1.1388498621173921,7.203391909315493
1,8,c64,ijkl-minl-njmk,0.002640003,0.002656936,0.0064140078628698305,0.002652387,0.002639152,0.004989844996224124,0.002830659,0.00282574,0.0017377578860611198,0.002863249,0.002862449,0.0002794028741475163,1.0678668875260238,1.080950186594131,7.154247362895179
16,1,f64,abc-bk-akc,0.015400252,0.015392758,0.000486615413825664,0.01534543,0.015405621,0.003922405563089315,0.015675425,0.015630691,0.002853766325314977,0.018790254,0.018926689,0.0072609449558265204,1.0166620595509739,1.2248460722172108,1.0
16,1,f64,abcijk-eiab-jkec,0.01427833,0.014262249,0.001126252159741492,0.014255246,0.014262129,0.0004828397910496829,0.015075717,0.015092648,0.0011230643292123865,0.026619796,0.025676517,0.03543524525882924,1.0570340930283526,1.8320516045716477,1.0
16,1,f64,abcijk-eiac-jkeb,0.013802983,0.013913448,0.008002980225361389,0.013959395,0.013986555,0.0019456430597457608,0.015166306,0.015200018,0.002222822089967158,0.03495395,0.035422514,0.013405180244292936,1.0956153217271574,2.539124286413296,1.0
16,1,f64,abcijk-eibc-jkea,0.013725959,0.013702085,0.0017393320204438512,0.013860089,0.013837868,0.0016032364582940772,0.014556798,0.014588457,0.0021748601581199623,0.0171099,0.017091135,0.0010967334700963116,1.0626076305684853,1.2469369966047132,1.0
16,1,f64,abcijk-ejab-ikec,0.014387352,0.014410356,0.0015989043710058493,0.014409193,0.014458465,0.003419483658800182,0.015119338,0.01517444,0.0036444717354688905,0.021518462,0.022027101,0.02363733058617301,1.0519496048825088,1.5120163793099566,1.0
16,1,f64,abcijk-ejac-ikeb,0.013910604,0.013939757,0.0020957393366960453,0.014072786,0.014045746,0.0019214390100155132,0.014795484,0.014582116,0.014421157158495124,0.01934028,0.019328969,0.0005848415845065569,1.0548100702882859,1.3884656120377834,1.0
16,1,f64,abcijk-ejbc-ikea,0.01398381,0.01398371,7.151126910298622e-06,0.014033012,0.014020829,0.0008681671475802011,0.014706858,0.014782059,0.00511332876131676,0.017074775,0.017118015,0.0025323906171530464,1.0543952811448316,1.222588297413697,1.0
16,1,f64,abcijk-ekab-ijec,0.014385289,0.014329845,0.0038542152333540525,0.014389897,0.014359741,0.0020956369597363578,0.015150696,0.015172988,0.0014713515471500571,0.018106108,0.018307554,0.011125858743358918,1.056019182469171,1.268082978702673,1.0
16,1,f64,abcijk-ekac-ijeb,0.013875007,0.013937384,0.004495637371570327,0.01395156,0.014018545,0.0048012552001353015,0.014607073,0.014721636,0.007842981273524119,0.023685865,0.023731099,0.0019097465935906666,1.054514119619336,1.7048897982009845,1.0
16,1,f64,abcijk-ekbc-ijea,0.013822229,0.013874497,0.003781445091092017,0.013969784,0.013890065,0.0057065306092063395,0.014582115,0.01466976,0.006010444986889851,0.017172366,0.017117385,0.003201713730070943,1.0561463396774795,1.2380440915678077,1.0
16,1,f64,abcijk-ijma-mkbc,0.013776984,0.013649697,0.009239104872300063,0.013860199,0.013827328,0.0023716109703764143,0.014428349,0.014452724,0.001689382478896162,0.017055188,0.017128605,0.004304672572357671,1.0530393287768267,1.2463805702437636,1.0
16,1,f64,abcijk-ijmb-mkac,0.013861352,0.013862083,5.273655845416947e-05,0.01399499,0.013980834,0.0010115048313719122,0.014600761,0.014576656,0.0016509413447696186,0.023622877,0.023642133,0.0008151420337159099,1.0524455953216632,1.7048755355869598,1.0
16,1,f64,abcijk-ijmc-mkab,0.01440755,0.014379989,0.001912955360210522,0.014432547,0.014475437,0.0029717554358215104,0.015169742,0.015245653,0.005004106200355851,0.018258683,0.01802165,0.012981933034271975,1.056544437840581,1.260252754014088,1.0
16,1,f64,abcijk-ikma-mjbc,0.013907187,0.013731049,0.012665249989088356,0.013935379,0.013841535,0.006734226604098725,0.014543394,0.014527153,0.0011167269483313147,0.017122294,0.017065528,0.003315326789739781,1.0518447280778345,1.2369989589860055,1.0
16,1,f64,abcijk-ikmb-mjac,0.013879866,0.013831075,0.0035152356658197936,0.014062627,0.014017002,0.003244415143770718,0.014700206,0.014690658,0.0006495147074809804,0.019250072,0.019414468,0.008540020006158944,1.0606246827432382,1.3952702088396283,1.0
16,1,f64,abcijk-ikmc-mjab,0.014403452,0.014350463,0.0036789097502459844,0.014394285,0.014403713,0.0006549821682702017,0.01513153,0.015225486,0.006209286172647488,0.021886429,0.022042149,0.00711491125390995,1.0557491787952948,1.527735495831811,1.0
16,1,f64,abcijk-jkma-mibc,0.013625662,0.013575098,0.003710938962084853,0.013648474,0.013624861,0.0017300835243559964,0.01425742,0.014444299,0.013107490696072643,0.017198065,0.017096144,0.005926306244336099,1.0551602305121408,1.2607778900362352,1.0
16,1,f64,abcijk-jkmb-miac,0.013849379,0.013996564,0.010627552325631395,0.014035867,0.014149229,0.008076594057210729,0.014943109,0.015130639,0.012549597275908209,0.035237408,0.035322577,0.002417005246242887,1.079998742190669,2.5339748518837437,1.0
16,1,f64,abcijk-jkmc-miab,0.014287056,0.014274893,0.0008513300430822435,0.014263672,0.014288408,0.0017341957947434317,0.015016536,0.015144354,0.008511816573409492,0.025763909,0.025709047,0.0021294128930513523,1.0559721220475453,1.8021505265653066,1.0
16,1,f64,abcs-rc-abrs,0.009671828,0.009649647,0.0022933617099063497,0.009517891,0.009485771,0.003374697188694431,0.010268962,0.010246761,0.0021619517143017797,0.013794136,0.013777987,0.0011707148602855266,1.061809437760631,1.427020268348863,1.0
16,1,f64,abj-bka-kj,0.019708186,0.019762417,0.0027516992177769595,0.019724095,0.019756677,0.001651888210840502,0.019791882,0.019759672,0.0016274349250869902,0.028664901,0.028905549,0.00839521476107663,1.002051532287114,1.4585538856713742,1.0
16,1,f64,abjc-cbka-kj,0.036260937,0.036093745,0.004610801976793866,0.03623032,0.036069711,0.0044329997637340135,0.037617156,0.0375011,0.00308518804558211,0.026334273,0.026383225,0.001858870377777322,1.0381963518850146,0.7285999268764976,1.0
16,1,f64,abjc-kbac-jk,0.012162032,0.012221834,0.00491710595729411,0.012183943,0.012107721,0.006255938656311799,0.012111558,0.012146203,0.0028604907807896485,0.018664069,0.018095207,0.03047899147822486,0.9948303199274391,1.507348531635002,1.0
16,1,f64,abjcd-dkbac-jk,0.016474905,0.016619536,0.00877886701015873,0.016480736,0.016669288,0.01144075118975274,0.01810717,0.01826242,0.008573951644569755,0.02208579,0.021878143,0.009401837108837907,1.0989642023975268,1.32843647255272,1.0
16,1,f64,abrs-qb-aqrs,0.008523967,0.008505663,0.002147356975924497,0.008484875,0.008457654,0.0032081792601540426,0.008526081,0.008470778,0.006486332935377925,0.015048435,0.015002941,0.003023171512519407,0.9980709414972632,1.7646513120092162,1.0
16,1,f64,adbjc-cbdka-kj,0.041001808,0.041038387,0.0008921313908889505,0.041008942,0.041080586,0.0017470336103770912,0.043080135,0.043057192,0.0005325656477166429,0.029665125,0.029561222,0.0035025303281209785,1.0499406115070071,0.7219176130246244,1.0
16,1,f64,ajb-kba-jk,0.017803263,0.01774235,0.0034214514496583304,0.017795839,0.017794587,7.035352477624546e-05,0.017913799,0.017873264,0.0022627807758701657,0.020415515,0.020475176,0.0029223362721930712,1.0067935131734866,1.1503728326897655,1.0
16,1,f64,ajbc-ckba-jk,0.019782264,0.020813127,0.05211046622368398,0.019768659,0.020757683,0.050029898335542056,0.020523095,0.022495545,0.0961087984049187,0.018274513,0.018094897,0.009828770813208543,1.0589196893586401,0.8961780446354074,1.0
16,1,f64,ajbdc-ckbad-jk,0.016779294,0.016524889,0.01516184173183921,0.016696349,0.016549485,0.008796174540913082,0.018443347,0.018177251,0.014427750017391161,0.020787108,0.020710495,0.0036856016719593043,1.0995825862954514,1.2460519766449933,1.0
16,1,f64,aqrs-pa-pqrs,0.007428033,0.007332475,0.01286450935261052,0.008893817,0.008896201,0.0002680513889592451,0.009669694,0.009664644,0.0005222502387355332,0.015575018,0.01565166,0.00492082898395374,1.3098968217873757,2.1155937410965953,1.0
16,1,f64,ij-ik-kj,0.168279179,0.170972016,0.016002199535332995,0.127011796,0.12687835,0.001050658318381803,0.130444468,0.130224661,0.0016850618762921377,0.134716786,0.13341429,0.00966840167935723,0.7683900670814006,0.7903770525222413,1.0
16,1,f64,ij-ikl-ljk,0.01788734,0.017857124,0.0016892394285569212,0.017912146,0.017843127,0.00385319547975993,0.018430072,0.018372976,0.0030979803008908124,0.024724812,0.023775041,0.0384136793436487,1.0296144561104084,1.35658964607184,1.0
16,1,f64,ij-kil-lkj,0.021282341,0.021220877,0.0028880281544215736,0.021247887,0.021209475,0.001807803288863541,0.021795098,0.021788415,0.00030662858226193634,0.029944757,0.030550828,0.020239636608171407,1.0254178415119162,1.4232478170065614,1.0
16,1,f64,ijk-ikl-lj,0.015815025,0.015840392,0.0016039810243739794,0.015843679,0.015823942,0.001245733393108961,0.016430002,0.016413752,0.0009890443105240454,0.019451277,0.019819413,0.018926058170885218,1.0375399738208675,1.2405136554757044,1.0
16,1,f64,ijk-il-jlk,0.01769472,0.017681126,0.0007682517722802373,0.017604823,0.01732454,0.015920807610505294,0.018850306,0.019262755,0.021880228363401644,0.018503369,0.018541159,0.0020423307777088784,1.0773122441798781,1.0471696269784725,1.0
16,1,f64,ijk-ilk-jl,0.015102085,0.015151218,0.003253391832982011,0.015100082,0.015155686,0.003682364109016012,0.015256854,0.015295967,0.002563634678551807,0.018778642,0.018776248,0.0001274852569213003,1.0099008447635762,1.2413500585464625,1.0
16,1,f64,ijk-ilk-lj,0.015330752,0.015196993,0.008724881858371947,0.015312507,0.015233501,0.0051595731515420296,0.015450255,0.015373772,0.004950274283498812,0.019933165,0.019961799,0.0014365004252963054,1.0097119192925041,1.3068550160480155,1.0
16,1,f64,ijk-ilmk-mjl,0.007262485,0.007264388,0.0002620315222683356,0.007224283,0.0072384,0.001954103957444664,0.007381366,0.007397526,0.0021892966694780913,0.013468038,0.013500268,0.0023930731410173323,1.0173478691331317,1.8564412982922747,1.0
16,1,f64,ijkl-imjn-lnkm,0.250076592,0.2488076,0.005074413362127106,0.251367298,0.248797411,0.010223632988249798,0.25519625,0.254669974,0.0020622403346444163,0.252145129,0.252086976,0.0002306330494292741,1.02201595088928,1.0107230114398364,1.0
16,1,f64,ijkl-imjn-nlmk,0.248796544,0.24878592,4.270155778374196e-05,0.248689946,0.249529196,0.0033746840734767414,0.255304812,0.254946219,0.0014045681207137672,0.25737865,0.257688924,0.0012055156867130101,1.0254599830727236,1.035139937455033,1.0
16,1,f64,ijkl-imkn-jnlm,0.249141849,0.248873072,0.0010788111314048443,0.249165714,0.248788384,0.0015143736830501853,0.256253222,0.256018929,0.0009143026502120843,0.251038487,0.253400045,0.00940715516661017,1.0286281603743992,1.01288747842288,1.0
16,1,f64,ijkl-imkn-njml,0.248339734,0.247959058,0.0015328839806199035,0.248070451,0.248033777,0.00014783703521381586,0.253913879,0.253484423,0.0016913451194213724,0.25867034,0.256599012,0.008007597624064555,1.022364506413615,1.0382159872320036,1.0
16,1,f64,ijkl-imln-jnkm,0.248608354,0.248364795,0.0009796895240294923,0.24861164,0.248344717,0.0010736544757116162,0.25565127,0.255902814,0.0009839340911546035,0.252272408,0.25549383,0.012769616881763701,1.0293394816549315,1.0216972105237812,1.0
16,1,f64,ijkl-imln-njmk,0.247699159,0.247456911,0.0009779928239481706,0.247588273,0.247465948,0.000494066211286226,0.253529693,0.253454407,0.00029695141073671216,0.255112194,0.258001267,0.011324715430889754,1.023887589793287,1.0362498210186544,1.0
16,1,f64,ijkl-imnj-nlkm,0.249109309,0.248293963,0.0032730450872070493,0.248678596,0.248316024,0.00145799439852079,0.254885402,0.25453338,0.001381099102725436,0.252615278,0.256019811,0.013477146065567602,1.0241576070198617,1.0225593733944227,1.0
16,1,f64,ijkl-imnk-njml,0.247267334,0.247304608,0.00015074372905243827,0.247185122,0.24734878,0.0006620867739766112,0.252998202,0.252656218,0.0013517250213501697,0.255320694,0.255174465,0.0005727267841438843,1.0224079913348942,1.0321959176295286,1.0
16,1,f64,ijkl-minj-nlmk,0.305218143,0.305212677,1.7908502903174472e-05,0.30540383,0.305023544,0.00124519067098805,0.310297576,0.309683506,0.0019789713084965577,0.310101251,0.312063604,0.006328104106874344,1.015644619511745,1.0192174771180846,1.0
16,1,f64,ijkl-mink-jnlm,0.302577529,0.302223873,0.0011688111842569349,0.302450131,0.302143754,0.001012983525538691,0.306919527,0.30649036,0.0013983046442007652,0.302669901,0.30594368,0.010816334855840104,1.0142334983210115,1.0062888049199061,1.0
16,1,f64,ijkl-minl-njmk,0.303262176,0.302933046,0.0010852985503869705,0.303314834,0.303142216,0.0005691050375727924,0.310707752,0.310256504,0.0014523229533069948,0.306881166,0.30703161,0.0004902353636131451,1.024363375084286,1.0127312551687815,1.0
16,4,f64,abc-bk-akc,0.00407481,0.004108011,0.00814786456301042,0.004000191,0.004043762,0.010892229896022565,0.00422016,0.00418237,0.008954636791022041,0.005352753,0.005565365,0.0397201215897689,1.0268480984380317,1.334031078881666,3.763159741175581
16,4,f64,abcijk-eiab-jkec,0.004538565,0.004527713,0.0023910641359107254,0.004532353,0.004518415,0.0030752238406851484,0.005022728,0.005050677,0.005564505981610068,0.009106654,0.009300271,0.021261047142012934,1.1110814651143395,2.030151717951657,3.1479946803958305
16,4,f64,abcijk-eiac-jkeb,0.004649681,0.004650581,0.00019356166584327816,0.004681591,0.004660811,0.004438661984782488,0.004934272,0.00495583,0.004369033567667158,0.012097121,0.011893131,0.016862689891256055,1.06341934783139,2.5794310772527687,2.980153784641145
16,4,f64,abcijk-eibc-jkea,0.004296342,0.004650161,0.08235354634244674,0.004298557,0.004301331,0.0006453328407649561,0.004638822,0.004604696,0.007356609070147457,0.005182295,0.005172955,0.0018022902980243671,1.0340009043458724,1.15836919240558,3.068183005281328
16,4,f64,abcijk-ejab-ikec,0.004552771,0.004569731,0.0037252038373991603,0.004582656,0.00456939,0.0028948278029159447,0.005069885,0.005119004,0.009688385436750657,0.00731881,0.007578926,0.03554075047719496,1.1168852810523218,1.6328295398859507,3.15678183247644
16,4,f64,abcijk-ejac-ikeb,0.004637769,0.004619845,0.003864789298475224,0.004638551,0.00460145,0.007998402949541905,0.004896833,0.004926796,0.006118852736043845,0.006457954,0.006350658,0.016614550057185262,1.0611375368862443,1.3835299891172061,3.008377530331082
16,4,f64,abcijk-ejbc-ikea,0.004442595,0.00474628,0.06835757029393874,0.004425974,0.004394134,0.007193896755832707,0.004693023,0.00470328,0.002185584856498668,0.005208343,0.005235872,0.0052855581900039805,1.0231321202532841,1.1372324928114403,3.0452918646843306
16,4,f64,abcijk-ekab-ijec,0.004570534,0.004553651,0.0036938790959657464,0.004554584,0.004545726,0.0019448538000398363,0.005105111,0.00507385,0.006123471164485861,0.006889419,0.006898658,0.0013410419659480866,1.1155988641055345,1.5111593538068284,3.147144608674462
16,4,f64,abcijk-ekac-ijeb,0.004622591,0.004624403,0.0003919879565379425,0.004632099,0.004604827,0.005887611642151902,0.004888958,0.00490729,0.0037496742659683946,0.00866966,0.008675548,0.000679150047406818,1.0593962789925964,1.8757671232020035,3.0077148947028878
16,4,f64,abcijk-ekbc-ijea,0.004437306,0.004414903,0.005048784104589532,0.004395517,0.00438652,0.0020468581966581745,0.004700527,0.004685206,0.0032594217627088806,0.005242447,0.005211607,0.005882749029222367,1.0602721368675239,1.1809529111262964,3.1287970469329123
16,4,f64,abcijk-ijma-mkbc,0.004413742,0.004385808,0.006328870151449784,0.00436993,0.004372804,0.0006576764387529188,0.004680358,0.004689865,0.002031254874092836,0.005232709,0.005232976,5.102519555366669e-05,1.0648573382551316,1.189349197408418,3.116809816731295
16,4,f64,abcijk-ijmb-mkac,0.004632359,0.004619314,0.0028160598088360356,0.004616149,0.004612851,0.0007144483421136494,0.004884901,0.004900828,0.0032604550225276974,0.008970721,0.008673764,0.033102913355570696,1.057724993795202,1.906898726815939,2.996589108746098
16,4,f64,abcijk-ijmc-mkab,0.004572989,0.00456964,0.0007323437690317514,0.004564292,0.004587453,0.00507439050788161,0.005081898,0.005102222,0.003999293177470387,0.006863731,0.006873041,0.001356405138837724,1.1139137772489216,1.5024966852211672,3.148714416607504
16,4,f64,abcijk-ikma-mjbc,0.00440726,0.00648074,0.4704691803977983,0.004394135,0.004398973,0.0011010130549014008,0.00475067,0.00469287,0.012166704906886872,0.00522246,0.005244918,0.004300272285474804,0.8834867865738593,0.9792876496394461,2.585680561490505
16,4,f64,abcijk-ikmb-mjac,0.00462202,0.00466054,0.008334018459461578,0.004608715,0.004629092,0.0044214059667389005,0.004933852,0.004888235,0.009245717139468201,0.006464717,0.006415809,0.007565373704680356,1.0581203502442835,1.3876068724101334,2.9852903339757746
16,4,f64,abcijk-ikmc-mjab,0.004586153,0.00461257,0.005760165437132203,0.004586954,0.004561847,0.005473566990207401,0.005101675,0.005076214,0.004990713834181926,0.007282121,0.007530715,0.03413758161942115,1.1064469626416504,1.6100942417495792,3.125867008535343
16,4,f64,abcijk-jkma-mibc,0.004280513,0.004323393,0.01001749089419901,0.00429477,0.004289539,0.0012179930473574796,0.004666002,0.004653517,0.0026757382444326794,0.005170163,0.005178435,0.0015999495567160515,1.0831855181529682,1.2027936167618134,3.1614769868456762
16,4,f64,abcijk-jkmb-miac,0.004677984,0.004660961,0.003638960714700934,0.004657316,0.004657895,0.00012432053139610488,0.004939652,0.005009971,0.014235618217639745,0.011940349,0.01164017,0.025139884939711532,1.065365631328949,2.524765641168945,2.981664446034928
16,4,f64,abcijk-jkmc-miab,0.004538725,0.004567216,0.006277313562729425,0.004555085,0.004559081,0.0008772613463854384,0.005012659,0.005067027,0.010846139743397654,0.009590486,0.009444029,0.015271071768417244,1.1069244475823408,2.090288605964302,3.1366430132269367
16,4,f64,abcs-rc-abrs,0.002751902,0.002814121,0.02260945338896514,0.002692772,0.002498633,0.0720963379001267,0.00308296,0.002846912,0.0765653787269377,0.004926317,0.005327151,0.08136585607462932,1.064591761619936,1.840860230332947,3.4715396513210703
16,4,f64,abj-bka-kj,0.005612587,0.005592215,0.0036296987467632214,0.005595946,0.00562715,0.005576179612883925,0.005808563,0.005814458,0.001014880961091258,0.00915804,0.009395899,0.025972697214687868,1.037326560169033,1.6557583919189824,3.522653143072446
16,4,f64,abjc-cbka-kj,0.012631899,0.012422346,0.01658919217134336,0.012485476,0.012493167,0.0006159957377676051,0.013036213,0.013288769,0.01937341772491763,0.008314978,0.008689473,0.04503860383034075,1.0507078257864324,0.678564504784883,2.888014377648396
16,4,f64,abjc-kbac-jk,0.003310264,0.00362989,0.09655604507676752,0.003538579,0.003631463,0.026248954735785146,0.003720018,0.003792002,0.01935044400322794,0.006038432,0.006550329,0.08477316627892795,1.0834995912547702,1.8143271483873677,3.517168812785887
16,4,f64,abjcd-dkbac-jk,0.006990277,0.007027378,0.005307514995471552,0.006969429,0.007015195,0.0065666785614717504,0.00741552,0.007449534,0.004586866463848649,0.007343295,0.007372741,0.004009916529296609,1.0604532035672003,1.049823104120215,2.3608970885440543
16,4,f64,abrs-qb-aqrs,0.002351716,0.002403556,0.022043478039014852,0.002373156,0.002338815,0.014470603702411378,0.002389016,0.002418945,0.012527752011707083,0.003911224,0.004693231,0.19993920061852766,1.011120618699511,1.802074537739806,3.581421250368326
16,4,f64,adbjc-cbdka-kj,0.013376567,0.013467783,0.006819088933655459,0.013176956,0.013421417,0.018552160301666065,0.01386054,0.013940613,0.0057770476474943155,0.011771053,0.01216686,0.03362545389949401,1.0356443044805577,0.8916132695391572,3.056161183733415
16,4,f64,ajb-kba-jk,0.004824167,0.00473045,0.01942656628595152,0.004740812,0.004802214,0.012951789693411264,0.004872357,0.004887683,0.003145500216835684,0.006031819,0.00610519,0.012163992321387651,1.0215477497550067,1.2703147697625583,3.720428648377879
16,4,f64,ajbc-ckba-jk,0.007462337,0.007492003,0.003975430217102227,0.007450706,0.007480141,0.00395063232933901,0.007827418,0.007817921,0.0012132992003236476,0.00555991,0.005436545,0.02218830880355982,1.0462091207376338,0.7352905325233755,2.7137526686263467
16,4,f64,ajbdc-ckbad-jk,0.007008972,0.0070395,0.004355560273318293,0.007003201,0.007025024,0.00311614645931213,0.007457689,0.007440257,0.0023374533317225277,0.00680473,0.006818229,0.0019837671737159557,1.0604691369013273,0.9697128966585941,2.370598734079645
16,4,f64,aqrs-pa-pqrs,0.002324886,0.002494496,0.07295411473938951,0.002721496,0.002674481,0.017275424986845533,0.002896061,0.002993966,0.033806263058685504,0.004718821,0.004792225,0.015555580514709177,1.2227426124611196,1.9746635737309113,3.0645729976562412
16,4,f64,ij-ik-kj,0.042899238,0.043104988,0.004796122485905219,0.047629028,0.047700483,0.0015002405675801356,0.048828606,0.049017175,0.0038618550773292792,0.03580171,0.035729255,0.002023786014690332,1.1376868770504927,0.8317164902901945,3.9444745225734956
16,4,f64,ij-ikl-ljk,0.006596643,0.006630836,0.005183394038452693,0.006630476,0.006626017,0.0006725007375035785,0.006879069,0.006918662,0.005755575354746467,0.007654455,0.007625528,0.003779106415806144,1.0431103533001234,1.1551714934411634,2.702296534002851
16,4,f64,ij-kil-lkj,0.007518482,0.007812987,0.039170806021747495,0.007776704,0.00780353,0.0034495333755792945,0.008025197,0.00799183,0.0041577795535735484,0.00949023,0.009556344,0.006966532950202442,1.0449062734582855,1.2425407003243447,2.772794792862854
16,4,f64,ijk-ikl-lj,0.00427919,0.004399612,0.02814130711653351,0.004223176,0.004311227,0.02084947442398799,0.004462523,0.004261655,0.045012204979111736,0.006282306,0.006492518,0.03346096162778456,1.0050586465040467,1.471899474910904,3.6477908517464455
16,4,f64,ijk-il-jlk,0.005899453,0.006001204,0.01724753125416867,0.005908029,0.00597765,0.011784133083977633,0.006404685,0.006457714,0.00827972023604584,0.004747143,0.004815245,0.014345891834309787,1.0808445153774207,0.8035266473600974,2.972704490181692
16,4,f64,ijk-ilk-jl,0.00412889,0.004162891,0.008234900905570441,0.004533145,0.004029072,0.1111971931186847,0.004186548,0.00413587,0.01210496093679092,0.00534568,0.005610457,0.04953102318133529,1.0036846932794812,1.3209501294625938,3.64861511113414
16,4,f64,ijk-ilk-lj,0.004112751,0.004124369,0.0028248731809923378,0.004036518,0.004141451,0.02599592024611308,0.004286314,0.004172519,0.026548451653331973,0.0055819,0.005827451,0.04399057668535811,1.0268244177159207,1.3847946463041374,3.7060868759182775
16,4,f64,ijk-ilmk-mjl,0.002387212,0.002379711,0.003142159137940026,0.002361424,0.002327674,0.014292223675206106,0.002240539,0.002267422,0.01199845215816353,0.003537257,0.003538348,0.00030843108091960225,0.9456595842827309,1.4843146565895498,3.047435601567224
16,4,f64,ijkl-imjn-lnkm,0.065424989,0.065498685,0.0011264197537732556,0.065555382,0.065538781,0.00025323626365247875,0.067751126,0.067124993,0.009241661902416265,0.066388716,0.066758091,0.005563822020597575,1.0301779876461286,1.016976622071871,3.8104847034011273
16,4,f64,ijkl-imjn-nlmk,0.065594404,0.065093173,0.007641368309406205,0.065589976,0.065061525,0.008056886619382198,0.067687829,0.066469616,0.01799751916995318,0.06817629,0.068591858,0.006095491555788701,1.0265160903317536,1.0465304026067506,3.807447769883687
16,4,f64,ijkl-imkn-jnlm,0.064770558,0.064840295,0.0010766774620036834,0.064839306,0.064716134,0.0018996501905804708,0.066431536,0.066676174,0.003682558235594602,0.06655753,0.06631429,0.003654582734665901,1.0269780761139433,1.0251581060944142,3.8423859501784006
16,4,f64,ijkl-imkn-njml,0.065641262,0.064663178,0.014900444784257894,0.065727653,0.064800083,0.014112324990518066,0.067665367,0.066654606,0.014937641585539563,0.06864286,0.068893505,0.0036514358521773094,1.0308164015032635,1.055528202430777,3.808869658449361
16,4,f64,ijkl-imln-jnkm,0.064723711,0.064487353,0.0036517992610158867,0.064926729,0.064404498,0.00804338995731635,0.066639363,0.066767078,0.0019165099162188337,0.066828436,0.066794599,0.0005063263787888905,1.0324704319754134,1.0341471553513872,3.8462180048684678
16,4,f64,ijkl-imln-njmk,0.06562961,0.065041918,0.0089546776218844,0.065653164,0.06488737,0.011664236014581109,0.067371348,0.066400257,0.014414005787742212,0.068527254,0.067999065,0.007707721660640265,1.0237075755794254,1.0448081548738983,3.7893566121684423
16,4,f64,ijkl-imnj-nlkm,0.065689793,0.065177543,0.007798015134558134,0.065853838,0.065134122,0.010928990957216445,0.06779562,0.066465813,0.01961493972619477,0.06723248,0.067635551,0.00599518268551158,1.0258929373653005,1.0305739079223355,3.800844652799803
16,4,f64,ijkl-imnk-njml,0.065815947,0.06456766,0.018966330454836422,0.065852777,0.064850276,0.015223367117836228,0.067373743,0.066440689,0.013848926279782403,0.06761914,0.067386399,0.0034419396638288857,1.0263354044002144,1.035494639660567,3.793380317707066
16,4,f64,ijkl-minj-nlmk,0.079654186,0.079760535,0.0013351338497136211,0.079551063,0.07951599,0.0004408866290072089,0.081839392,0.081053093,0.009607830419854468,0.08340978,0.083052386,0.004284797298350296,1.0218041498355486,1.0442060704005456,3.8292006659288202
16,4,f64,ijkl-mink-jnlm,0.078393706,0.078317482,0.0009723229566414027,0.078332832,0.078179895,0.0019523997294008666,0.080302294,0.080977405,0.008407119726866252,0.080414774,0.079468155,0.011771705035196645,1.0291435291558069,1.0202216421454442,3.859337535895305
16,4,f64,ijkl-minl-njmk,0.079599945,0.07943746,0.002041270254646621,0.079347554,0.079102888,0.0030834724911621425,0.081622968,0.079720218,0.023311453217432776,0.081470062,0.082687605,0.014944667649817278,1.0144283357114605,1.032167479133951,3.8116532964789562
16,8,f64,abc-bk-akc,0.002311661,0.002263357,0.020895797437426977,0.002167934,0.002206641,0.01785432582357216,0.002337138,0.002298342,0.016599789999563463,0.003484188,0.003523104,0.011169316925493167,1.0132366763972525,1.5317042544383843,6.731061073244963
16,8,f64,abcijk-eiab-jkec,0.00367267,0.003666191,0.0017641116680778834,0.003684021,0.00362811,0.015176623586021898,0.003808352,0.003772288,0.009469712883683035,0.006724411,0.006659197,0.009698098465426797,1.0329337438786146,1.823641888187716,3.8889666382639456
16,8,f64,abcijk-eiac-jkeb,0.003614491,0.003578187,0.0100440144960936,0.003600966,0.003643759,0.011883755636681759,0.00376401,0.0037516,0.0032970156827426544,0.007386105,0.007482281,0.013021206711792077,1.0449092102933586,2.067138878125963,3.853441502685844
16,8,f64,abcijk-eibc-jkea,0.003688629,0.003690065,0.0003893045356417879,0.00369432,0.003694985,0.00018000606336210367,0.003815796,0.003711005,0.027462421995305908,0.003829302,0.003852849,0.0061491624322134175,1.0199734041006632,1.0411212414780666,3.7171936021705094
16,8,f64,abcijk-ejab-ikec,0.003625973,0.003683343,0.015821960064236418,0.003609772,0.003684374,0.02066667922516996,0.003814965,0.003764133,0.01332436863772024,0.005412684,0.005579135,0.030752026166685376,1.0369179547309293,1.5036834065254616,3.939983699525975
16,8,f64,abcijk-ejac-ikeb,0.003562093,0.003572235,0.0028472024733772194,0.003607168,0.003592253,0.0041348226642063945,0.003782224,0.003766818,0.004073264830427803,0.004794742,0.004781148,0.0028351890466683516,1.0581282368356317,1.342227330563718,3.9037136900480944
16,8,f64,abcijk-ejbc-ikea,0.003684732,0.003679837,0.001328454823851466,0.003677569,0.003690286,0.003457990862985927,0.003718385,0.003738716,0.005467696325151872,0.003902378,0.003912109,0.0024936077437911486,1.0125609430769442,1.0610916494077713,3.7975781308634886
16,8,f64,abcijk-ekab-ijec,0.003599663,0.003606119,0.001793501224975902,0.003672669,0.003639562,0.009014425204122656,0.003830223,0.003786866,0.011319706450512168,0.005326835,0.005299674,0.005098900191201738,1.057063433312859,1.4747155206323102,3.9850070399898807
16,8,f64,abcijk-ekac-ijeb,0.003569267,0.003533854,0.009921644976405575,0.003595155,0.003596681,0.000424460141495997,0.003735356,0.003778029,0.011424078454637332,0.007043516,0.006771116,0.03867386685854057,1.0577543578340824,1.9445139359542578,3.9155558107002113
16,8,f64,abcijk-ekbc-ijea,0.003671647,0.003678034,0.0017395463125948751,0.003672429,0.003692811,0.005550005187302309,0.00369476,0.003661983,0.008871212203228285,0.003914972,0.003900317,0.0037433217913180883,1.0009513012443154,1.0633493087237753,3.768420308202352
16,8,f64,abcijk-ijma-mkbc,0.003652501,0.00368178,0.008016151124941473,0.003654345,0.003652846,0.00041019662894437037,0.003774881,0.003736782,0.010092768487271475,0.0039298,0.003865562,0.016346378950582663,1.024180316526384,1.062838938436195,3.7395082319038955
16,8,f64,abcijk-ijmb-mkac,0.003574647,0.003559943,0.004113413156599743,0.003526968,0.003595379,0.019396546835695805,0.00375338,0.003753864,0.00012895043933736083,0.007109991,0.006531369,0.08138153761376066,1.0522342458280034,1.9102866164847256,3.8857865508929708
16,8,f64,abcijk-ijmc-mkab,0.003611565,0.003650973,0.010911613109552132,0.003651339,0.003666321,0.004103152295637402,0.003724487,0.00378393,0.01596005033713377,0.005396745,0.005424327,0.005110858489700831,1.0338386156954702,1.4900020016264595,3.963896591138348
16,8,f64,abcijk-ikma-mjbc,0.003675245,0.003644491,0.008367877515648603,0.003659294,0.003650943,0.0022821342040295622,0.003732301,0.003758613,0.007049806540254888,0.003912807,0.003931035,0.004658548198262835,1.02338853576196,1.0716083276395978,3.775808126933275
16,8,f64,abcijk-ikmb-mjac,0.003556783,0.003556817,9.559199984909839e-06,0.003619751,0.003599246,0.005664754288347451,0.003805547,0.003747663,0.015210428356291383,0.004782729,0.004761342,0.004471714788774395,1.061767347040577,1.3416620329173223,3.895481619267546
16,8,f64,abcijk-ikmc-mjab,0.003619431,0.00363378,0.003964435293834834,0.003649146,0.003686328,0.010189233316507451,0.003799516,0.003787467,0.003171193383578297,0.005388389,0.005472616,0.01563120257279116,1.0460178642041325,1.497364361494875,3.9643024918542853
16,8,f64,abcijk-jkma-mibc,0.003700141,0.003705774,0.0015223744176233733,0.003693408,0.003702508,0.002463849106299598,0.003710901,0.003787197,0.020559966434027688,0.003817931,0.003846847,0.0075737356175373804,1.0123950907273824,1.0349464816892513,3.6728373024705854
16,8,f64,abcijk-jkmb-miac,0.003529432,0.003561686,0.00913858093880271,0.003562594,0.003607852,0.012703664801546166,0.003823742,0.003746882,0.020100728553338665,0.007488026,0.007423101,0.008670509423979067,1.067576670478647,2.1027911116148723,3.9268620352723103
16,8,f64,abcijk-jkmc-miab,0.003641802,0.00366576,0.006578611357783926,0.003685253,0.003663076,0.006017768657945566,0.003769781,0.003743906,0.006863793944528851,0.006668837,0.00679474,0.01887930384263381,1.02820651102025,1.8423464158454512,3.9085675788186345
16,8,f64,abcs-rc-abrs,0.001975564,0.002064747,0.04514305788119244,0.001989671,0.002069686,0.040215191355756685,0.002126586,0.00207728,0.02318551894915144,0.0042196,0.004265908,0.010974499952602246,1.0406627786188665,2.1006921410650747,4.783337469016995
16,8,f64,abj-bka-kj,0.004417368,0.004348912,0.015497010889742424,0.004265686,0.00441726,0.035533323362291425,0.004649041,0.004494845,0.03316727041125245,0.006682764,0.006553361,0.01936369442344521,1.0429583078567708,1.509864618032551,4.502681784140799
16,8,f64,abjc-cbka-kj,0.008315249,0.008320623,0.0006462825106017256,0.008470457,0.008280548,0.02242015985678225,0.008663608,0.008743942,0.009272580199842784,0.005864798,0.006099454,0.040010926207518116,1.0463752991616606,0.7190456405103571,4.349305681560305
16,8,f64,abjc-kbac-jk,0.002417168,0.00245811,0.016938003481760555,0.002398944,0.002417735,0.007833029866474384,0.002631378,0.002585918,0.01727611920446248,0.004881554,0.004882226,0.00013766108087720497,1.0701506495425042,2.0027830797339217,5.001694783050628
16,8,f64,abjcd-dkbac-jk,0.004429852,0.004428581,0.00028691703469996277,0.004465068,0.004408374,0.012697231038810708,0.004810091,0.004800194,0.002057549430977468,0.005151889,0.005188256,0.0070589641974041495,1.0848735891307209,1.1672584929655017,3.7358893274100637
16,8,f64,abrs-qb-aqrs,0.001546824,0.001611843,0.04203387069246389,0.001523872,0.001585945,0.04073373616681719,0.001641942,0.001682345,0.024606837513139856,0.002909517,0.003067305,0.05423168175336324,1.0525787965855558,1.8919389190259144,5.392537154086484
16,8,f64,adbjc-cbdka-kj,0.008269393,0.00799665,0.03298222735332579,0.008111799,0.008013912,0.01206723687310296,0.008360663,0.008418325,0.006896821460211866,0.009145226,0.009268159,0.013442314055442717,1.0316736614345865,1.1321477269578457,5.044356652565206
16,8,f64,ajb-kba-jk,0.003079103,0.002784148,0.09579250840260944,0.002679297,0.002700923,0.008071520253260411,0.002883107,0.002889614,0.0022569401690606394,0.003828781,0.003877194,0.012644494422637376,0.9858072988485022,1.315923860619682,6.070117635571429
16,8,f64,ajbc-ckba-jk,0.005044628,0.005047514,0.0005720937202902121,0.005030752,0.005037376,0.001316701757510419,0.005310844,0.005327567,0.0031488403726411818,0.004154548,0.003925063,0.05523705587226335,1.0541268930970564,0.8002613958623168,4.021178248268784
16,8,f64,ajbdc-ckbad-jk,0.004382753,0.004378048,0.0010735261603835866,0.004401358,0.004387635,0.003117901338632323,0.0047721,0.004756883,0.003188742901447883,0.004723119,0.004736556,0.0028449420817051596,1.087682761432224,1.0797719090864921,3.801389406088361
16,8,f64,aqrs-pa-pqrs,0.001534602,0.00159398,0.03869276854845749,0.001713015,0.001711489,0.000890826992174576,0.001848598,0.001918084,0.03758848597694042,0.002769145,0.002778577,0.003406105494656142,1.2039701977736503,1.7735553754832514,4.718705722325043
16,8,f64,ij-ik-kj,0.021910543,0.021877058,0.0015282597058411396,0.024405446,0.024353441,0.002130876854289032,0.02513646,0.025027647,0.004328891180380934,0.019225356,0.01944644,0.011499605000812485,1.145621191993714,0.8831535516420892,7.747412485673901
16,8,f64,ij-ikl-ljk,0.003402626,0.003406917,0.0012610848209588799,0.003188437,0.003209449,0.006590062779976424,0.003462598,0.003469073,0.0018699831744835027,0.005052022,0.005054547,0.0004997998821067995,1.0179345885641993,1.4841775272074982,5.249171394534408
16,8,f64,ij-kil-lkj,0.00424712,0.004250609,0.0008214978620806335,0.004197639,0.004227986,0.007229540224874098,0.004503339,0.004546109,0.009497397375591632,0.006397502,0.006433345,0.005602655536488976,1.0649136600169202,1.5099090613074562,5.001710120536134
16,8,f64,ijk-ikl-lj,0.002397672,0.002413656,0.006666466472478261,0.002351896,0.002424176,0.030732651443771353,0.002565815,0.002453952,0.043597453440719525,0.004120776,0.004156343,0.008631141319013658,1.0430692178912044,1.7203334006034219,6.579385467770451
16,8,f64,ijk-il-jlk,0.002344142,0.002589524,0.10467881211974372,0.002329675,0.002552495,0.0956442422226278,0.002543864,0.002803393,0.10202157033552117,0.002593507,0.002605585,0.004657014613802746,1.0838944902273009,1.0551019036865048,7.17918059951752
16,8,f64,ijk-ilk-jl,0.002294098,0.002373452,0.03459050136480646,0.002205793,0.002210448,0.002110352149997663,0.002310339,0.002293243,0.007399779859146194,0.003468499,0.003434419,0.009825575847073775,0.9864309343854477,1.4791125301588373,6.482552146156061
16,8,f64,ijk-ilk-lj,0.002243344,0.002524694,0.12541545121925135,0.002212847,0.002214807,0.0008857367906593971,0.00237,0.002328909,0.017337974683544366,0.003638616,0.003707327,0.01888382835671587,0.9871840308431561,1.543285402315532,6.413694205549501
16,8,f64,ijk-ilmk-mjl,0.001706282,0.00171209,0.003403892205391612,0.001320793,0.001328705,0.005990340651411685,0.001574817,0.001590974,0.01025960476677601,0.001953052,0.001969289,0.008313654731159081,0.926100008879505,1.1474213613371127,4.249652712866207
16,8,f64,ijkl-imjn-lnkm,0.035781523,0.035714898,0.0018619945271753924,0.035653144,0.035628428,0.0006932347957868679,0.036648691,0.036511693,0.003738141697884889,0.035541916,0.03629024,0.021054689342015154,1.0232720249848692,1.0046417453995353,6.977731020451775
16,8,f64,ijkl-imjn-nlmk,0.036002325,0.035957991,0.001231420470761302,0.035894924,0.03586056,0.0009573498470146768,0.037164392,0.036671561,0.013260838492931581,0.036106158,0.036664468,0.015463013262169811,1.026042218196793,1.0112309407977849,6.914680006677435
16,8,f64,ijkl-imkn-jnlm,0.033658393,0.033452996,0.006102400670168762,0.033616165,0.033467813,0.004413114940386653,0.034180106,0.034849356,0.01958010311612246,0.036088405,0.036599818,0.014171116734031486,1.0285369145315226,1.0830764406823787,7.420755080992405
16,8,f64,ijkl-imkn-njml,0.034515362,0.034539931,0.0007118279680800033,0.034722107,0.034547535,0.005027690283887609,0.034803599,0.035630202,0.02375050350396246,0.036198331,0.036588307,0.010773314382920063,1.019892201914849,1.0540191016673113,7.186975188374661
16,8,f64,ijkl-imln-jnkm,0.033569147,0.033674659,0.003143124250371887,0.033701634,0.033055826,0.01916251301049665,0.034507477,0.034787522,0.008115487550712563,0.036269874,0.036704184,0.01197440057277288,1.0304966738830534,1.0851981728687938,7.390624217616927
16,8,f64,ijkl-imln-njmk,0.034529959,0.034494407,0.0010295986740094243,0.034754267,0.034520545,0.006724987179272057,0.035122804,0.035535887,0.011761105406049133,0.035885717,0.03617075,0.007942797966110193,1.0236601504540603,1.04391995146613,7.173641789366879
16,8,f64,ijkl-imnj-nlkm,0.036122208,0.036032322,0.002488386092013073,0.036064912,0.035999331,0.001818415639000981,0.037391426,0.036927921,0.012396023623169494,0.035669244,0.036031341,0.010151518770624923,1.0299832774043598,0.9936968103174347,6.893579511831138
16,8,f64,ijkl-imnk-njml,0.034617041,0.034542437,0.0021551235416106262,0.034635866,0.034499777,0.003929135191826805,0.035218724,0.035608373,0.011063688735571509,0.035719598,0.035983913,0.007399719336147026,1.0240977583781319,1.0367785823234457,7.151185096407712
16,8,f64,ijkl-minj-nlmk,0.04350637,0.043581609,0.0017293789392218706,0.043583795,0.043599031,0.0003495794709937883,0.044934744,0.044575601,0.007992545812656626,0.044641938,0.045482781,0.01883527099562743,1.0278072695421725,1.0348251405767062,7.0093605891046655
16,8,f64,ijkl-mink-jnlm,0.04093805,0.040471505,0.011396365972487721,0.040904407,0.040180253,0.017703569202213276,0.041692557,0.041907631,0.005158570629285375,0.04377443,0.043288092,0.011110093266777032,1.0269222598466865,1.0694394941382144,7.429241327270997
16,8,f64,ijkl-minl-njmk,0.040708612,0.040429557,0.0068549377217773655,0.040623023,0.040477717,0.0035769371471935374,0.041949547,0.041060754,0.021187189458803934,0.045564208,0.044384366,0.025894052630081932,1.023020788409956,1.108496393334964,7.471190505518733
16,1,c64,abc-bk-akc,0.055801871,0.056052439,0.004490315387453592,0.055776684,0.056049102,0.004884083822552121,0.056370041,0.056204011,0.002945358865359071,0.068996469,0.069354697,0.005191975838647611,1.0064360687042144,1.2368861723852151,1.0
16,1,c64,abcijk-eiab-jkec,0.051832207,0.051756517,0.0014602889666649466,0.051812991,0.051725288,0.0016926835974399035,0.053384162,0.053379724,8.313327087527966e-05,0.065338297,0.065825255,0.007452872547320855,1.0306518922645829,1.266186878309575,1.0
16,1,c64,abcijk-eiac-jkeb,0.05090017,0.051015525,0.0022662989141293277,0.050911521,0.051048667,0.0026938106995466615,0.052693744,0.052771019,0.0014664928724745785,0.081669534,0.081461167,0.0025513430748852484,1.0348239517636597,1.600643280914624,1.0
16,1,c64,abcijk-eibc-jkea,0.052089868,0.05218166,0.0017621853063631843,0.052071694,0.052179566,0.002071605352420347,0.053835263,0.053764762,0.0013095691573012935,0.061409028,0.061217402,0.003120485802185269,1.031921615229021,1.1760288752063417,1.0
16,1,c64,abcijk-ejab-ikec,0.051473658,0.051788787,0.006122141154219163,0.051485361,0.051720741,0.004571784977869697,0.052954601,0.053088962,0.0025372866089579116,0.064939794,0.064603056,0.005185387560668775,1.02693647896306,1.254502695117942,1.0
16,1,c64,abcijk-ejac-ikeb,0.050695808,0.050797389,0.0020037356934916595,0.050642419,0.05078221,0.002760353923851877,0.052172563,0.052239798,0.0012887041796278975,0.064751713,0.065883173,0.017473823433829416,1.028762466207626,1.2870818466121494,1.0
16,1,c64,abcijk-ejbc-ikea,0.052328633,0.052379439,0.0009709024885093953,0.052381712,0.052393314,0.0002214895152721219,0.053857404,0.05418187,0.006024538427437109,0.061354417,0.061201552,0.0024915076611354836,1.0318096535584391,1.1704531059653975,1.0
16,1,c64,abcijk-ekab-ijec,0.051503755,0.051664215,0.003115500995995335,0.051477526,0.051696274,0.004249388364157225,0.052695768,0.053037315,0.00648148822880823,0.058665091,0.058145673,0.008853953708177209,1.024859355468113,1.1322288345906033,1.0
16,1,c64,abcijk-ekac-ijeb,0.05066428,0.050719232,0.0010846300391518238,0.050682563,0.050726776,0.000872351305517105,0.052098644,0.052200946,0.001963621164497109,0.069031153,0.068971974,0.0008572796111343539,1.028762498872334,1.361198994399377,1.0
16,1,c64,abcijk-ekbc-ijea,0.052130654,0.052243125,0.002157483004145755,0.052086372,0.052199483,0.002171604503381497,0.053907508,0.053748623,0.0029473631020004998,0.061417705,0.061279247,0.0022543662287609623,1.0314475272384864,1.1755533457746388,1.0
16,1,c64,abcijk-ijma-mkbc,0.052275314,0.052278721,6.517416614659766e-05,0.052275123,0.052316472,0.000790988095809908,0.053850181,0.053918329,0.001265511066713021,0.061439685,0.061204318,0.0038308627396120842,1.0307444233054863,1.1730181165905658,1.0
16,1,c64,abcijk-ijmb-mkac,0.05071833,0.050752785,0.0006793401912090768,0.050656314,0.050718471,0.001227033613223405,0.05219282,0.052252121,0.001136190763403766,0.069391816,0.069283545,0.0015602848612579212,1.0293070120138788,1.3666482991546327,1.0
16,1,c64,abcijk-ijmc-mkab,0.051502763,0.05172583,0.004331165689110739,0.051490821,0.051708939,0.004236055975879616,0.052913834,0.053011307,0.0018421080581687566,0.05840203,0.05822963,0.002951952183853912,1.0261240648894523,1.1298401101845135,1.0
16,1,c64,abcijk-ikma-mjbc,0.052335836,0.052355764,0.00038077159978877617,0.052376863,0.05239626,0.00037033527571139757,0.054105999,0.054116869,0.00020090193695510017,0.061552276,0.061344208,0.0033803461629916542,1.0337302077217372,1.173888927986201,1.0
16,1,c64,abcijk-ikmb-mjac,0.050706047,0.050786207,0.001580876537269793,0.050668778,0.050765468,0.0019082757432991038,0.052172693,0.052198892,0.0005021592425753507,0.064668708,0.065905305,0.019122030395287704,1.0283702465179094,1.2864843657647087,1.0
16,1,c64,abcijk-ikmc-mjab,0.051563767,0.051727353,0.00317249901466643,0.05149602,0.051700082,0.003962675173731833,0.053139575,0.053230836,0.0017173829485839232,0.065073693,0.064571928,0.00771071959908598,1.0298126813969206,1.255139963626755,1.0
16,1,c64,abcijk-jkma-mibc,0.052161541,0.05217649,0.00028659045943446593,0.052135593,0.052211826,0.0014622064431109028,0.053888683,0.053951431,0.001164400325018189,0.061429397,0.061191413,0.0038741060733511468,1.0335646151069318,1.1752242125134396,1.0
16,1,c64,abcijk-jkmb-miac,0.050920548,0.050930887,0.00020304180544172823,0.050860625,0.050952608,0.0018085306659130218,0.052756441,0.052807347,0.0009649248325904747,0.081404931,0.080935938,0.005761235765926798,1.0364485907311074,1.5938920486365311,1.0
16,1,c64,abcijk-jkmc-miab,0.051810918,0.051724167,0.0016743768176429308,0.051791251,0.051767628,0.0004561195094515691,0.053345239,0.053390624,0.0008507788295784025,0.06664841,0.065698379,0.014254368558829889,1.030915180283398,1.2782471332022285,1.0
16,1,c64,abcs-rc-abrs,0.030097372,0.030162314,0.002157729917416029,0.030126135,0.03023006,0.0034496625604314435,0.031030502,0.031004865,0.0008261870852106501,0.040106048,0.040076504,0.0007366470014696924,1.0294676564999983,1.3306175063848866,1.0
16,1,c64,abj-bka-kj,0.074433118,0.07441208,0.0002826430030783422,0.074399737,0.074587577,0.0025247401076162745,0.075481814,0.075405663,0.0010088655262047164,0.099071219,0.098830681,0.0024279301539632536,1.0137207066024818,1.3295810577436666,1.0
16,1,c64,abjc-cbka-kj,0.073973161,0.073938737,0.0004653579694937626,0.073954726,0.074050877,0.0013001332734301485,0.075033829,0.075139376,0.001406658855167775,0.061899062,0.063412245,0.024445976257281732,1.0152879789019442,0.8471405993478028,1.0
16,1,c64,abjc-kbac-jk,0.035283284,0.035263897,0.0005494669940585561,0.03536692,0.035312378,0.0015421755697132555,0.036055524,0.036229178,0.004816293891610091,0.053301698,0.053096656,0.003846819288946479,1.0246262871836265,1.5081844368454975,1.0
16,1,c64,abjcd-dkbac-jk,0.041784008,0.041961339,0.004243992103390326,0.041784939,0.041990242,0.004913325349116704,0.044763885,0.044845608,0.001825645830338507,0.046033923,0.046216174,0.0039590586272648665,1.070025498032813,1.1015552158044413,1.0
16,1,c64,abrs-qb-aqrs,0.029852395,0.029812331,0.001342069874125662,0.029831476,0.029792273,0.0013141488540492352,0.030254865,0.03024143,0.00044406081468217895,0.04030592,0.040314517,0.00021329372955625203,1.0139375675144489,1.3512247540904019,1.0
16,1,c64,adbjc-cbdka-kj,0.076374208,0.075417725,0.012523638870336917,0.076346787,0.075466938,0.011524374955032557,0.07794074,0.077335933,0.007759831379584026,0.04958683,0.050071735,0.009778907020271399,1.0229698959604498,0.6565524392020271,1.0
16,1,c64,ajb-kba-jk,0.062823046,0.063002521,0.002856833780393364,0.062843353,0.063004434,0.002563214601232211,0.063338417,0.063373292,0.0005506136978448151,0.074963968,0.074983906,0.00026596777801302096,1.0070436090466997,1.1917134870811634,1.0
16,1,c64,ajbc-ckba-jk,0.054935204,0.054950594,0.0002801482269911837,0.054951445,0.054954131,4.8879515361255343e-05,0.05649303,0.056563803,0.0012527740147767474,0.042667796,0.042575574,0.002161395915551978,1.028857359319983,0.7757446594695088,1.0
16,1,c64,ajbdc-ckbad-jk,0.043531657,0.044094898,0.012938652898050629,0.043665978,0.044126807,0.010553502317067087,0.045628778,0.046815723,0.02601307885124582,0.045301198,0.044863611,0.009659501720020836,1.0549175462399827,1.0289758601414887,1.0
16,1,c64,aqrs-pa-pqrs,0.030388555,0.030314306,0.0024433211779896213,0.030382614,0.030281465,0.00332917371757413,0.031473559,0.031415961,0.0018300440696903397,0.039986716,0.040311421,0.00812032175885613,1.036022678880411,1.3227966397251427,1.0
16,1,c64,ij-ik-kj,0.514277283,0.513523049,0.0014665901546344617,0.513609899,0.513234381,0.0007311346621845516,0.515281206,0.513880766,0.0027178169583775835,0.527698655,0.529588471,0.003581240888324677,1.0013241524009473,1.0286878577613152,1.0
16,1,c64,ij-ikl-ljk,0.064441393,0.064459848,0.0002863842499494229,0.064258581,0.064370913,0.0017481245034030035,0.067576289,0.0672705,0.004525093113651124,0.080398422,0.079131612,0.015756652537284754,1.0461221522779514,1.2375754067259095,1.0
16,1,c64,ij-kil-lkj,0.075769079,0.075848439,0.001047392960920046,0.075771092,0.075857736,0.0011434967837073984,0.079397997,0.079480994,0.0010453286371947534,0.099081166,0.09857853,0.005072972193322811,1.0478933647077724,1.3036691709314867,1.0
16,1,c64,ijk-ikl-lj,0.058362996,0.058401039,0.0006518342547048306,0.058376011,0.058419914,0.0007520726279157675,0.058987301,0.058977313,0.00016932458055662902,0.074141584,0.07487877,0.009942949155227199,1.0102821458533562,1.2762366298183956,1.0
16,1,c64,ijk-il-jlk,0.060582546,0.060552792,0.0004911315546229922,0.060600068,0.060613586,0.00022306905662206056,0.062279792,0.062191368,0.0014197863730823768,0.063710219,0.063351662,0.005627935449413424,1.0275377474631673,1.048920827086953,1.0
16,1,c64,ijk-ilk-jl,0.055680123,0.055864889,0.003318347554656098,0.055860379,0.055809977,0.0009022853210503001,0.056425363,0.05639102,0.0006086447330432287,0.069267693,0.069247097,0.00029733919390118047,1.0113991698953166,1.2417854999542122,1.0
16,1,c64,ijk-ilk-lj,0.057239642,0.057240915,2.2239831618753314e-05,0.057280989,0.057197184,0.0014630508561924715,0.058065201,0.05799402,0.0012258805407389106,0.071374784,0.071515187,0.0019671232910489778,1.0137896095224554,1.2481586897691315,1.0
16,1,c64,ijk-ilmk-mjl,0.028712749,0.028411698,0.010484924310103505,0.02867034,0.028666383,0.00013801719826134207,0.029102837,0.029159884,0.0019601869054897136,0.041890346,0.041964354,0.001766707775581633,1.0199398898033407,1.4679499978191393,1.0
16,1,c64,ijkl-imjn-lnkm,0.983850095,0.981563483,0.00232414674920578,0.983782991,0.981490957,0.002329816657706374,0.984594875,0.984352264,0.00024640692955057997,1.043032662,1.041227948,0.0017302564586421099,1.0017985418623576,1.0604695431969262,1.0
16,1,c64,ijkl-imjn-nlmk,0.984748593,0.984124679,0.000633576939774283,0.984412266,0.98386766,0.0005532295957798583,0.98698807,0.987269054,0.00028468834481443217,1.051933314,1.04822663,0.00352368724392349,1.0027345239570358,1.0666795106876337,1.0
16,1,c64,ijkl-imkn-jnlm,0.976859992,0.976146189,0.0007307116739815323,0.976808887,0.975926219,0.0009036240473926371,0.98596873,0.985218439,0.0007609683524142374,1.045079231,1.034289968,0.010323870841521088,1.0093092264856367,1.0646875400058213,1.0
16,1,c64,ijkl-imkn-njml,0.978346776,0.977582789,0.0007808959141497596,0.977803103,0.976272365,0.0015654869526425808,0.984819629,0.985192001,0.00037811187859659867,1.051984682,1.045188885,0.006459977142519002,1.0071997378331867,1.072207687710852,1.0
16,1,c64,ijkl-imln-jnkm,0.97517971,0.973832044,0.0013819668171726196,0.975275259,0.973677876,0.0016378791374630497,0.984170158,0.983647369,0.0005311977768786003,1.044061496,1.038906229,0.004937704359131101,1.0096490818703832,1.0687271839795356,1.0
16,1,c64,ijkl-imln-njmk,0.97492655,0.974941193,1.5019593014642396e-05,0.975604063,0.973703053,0.0019485466205976243,0.983288275,0.98423203,0.0009597948272086487,1.037514658,1.028888916,0.008313850733085215,1.0090530938699147,1.0597567851858927,1.0
16,1,c64,ijkl-imnj-nlkm,0.982429133,0.983102804,0.0006857196894629602,0.982856711,0.982440108,0.0004238695176391749,0.986211628,0.986110123,0.0001029241565583261,1.036991603,1.036836289,0.00014977363321999615,1.0034544985542195,1.0550975890821976,1.0
16,1,c64,ijkl-imnk-njml,0.977114422,0.97569053,0.0014572418213678606,0.976950557,0.975803842,0.0011737697386869916,0.984805166,0.984962954,0.00016022255512826433,1.046649365,1.039008149,0.007300645522294702,1.0086868303408216,1.0680247756945414,1.0
16,1,c64,ijkl-minj-nlmk,1.199378647,1.197258579,0.0017676386062924765,1.19964819,1.197072753,0.002146826895975229,1.206371018,1.204987544,0.0011468063965045516,1.260685004,1.250259858,0.008269429688560037,1.0061427246627141,1.0476863895394035,1.0
16,1,c64,ijkl-mink-jnlm,1.188420702,1.188745011,0.00027289073596103997,1.188088472,1.188829098,0.0006233761352412159,1.200968253,1.203857657,0.0024058954037977642,1.253645197,1.252616162,0.0008208343177659172,1.01163506751543,1.0543064614149893,1.0
16,1,c64,ijkl-minl-njmk,1.187185509,1.187690415,0.00042529663323231937,1.188096899,1.187320134,0.0006537892663922573,1.202010118,1.20159121,0.00034850621781545854,1.248927189,1.245280652,0.0029197354594544533,1.0120955463512107,1.0502465440571007,1.0
16,4,c64,abc-bk-akc,0.014330947,0.014299183,0.0022164620384124145,0.014266928,0.014780568,0.036002144259787316,0.01446114,0.014416081,0.0031158677669949064,0.018603947,0.0184694,0.007232174978782702,1.0086298461885796,1.2948989636505446,3.906866583847104
16,4,c64,abcijk-eiab-jkec,0.013943795,0.013918913,0.001784449642296071,0.013882481,0.013922681,0.002895735999926652,0.014063238,0.014124136,0.004330297190447974,0.022654942,0.022915108,0.011483851956010316,1.011650391457532,1.6354952110826486,3.7178273430156805
16,4,c64,abcijk-eiac-jkeb,0.013294084,0.013394126,0.007525302232180842,0.013481954,0.013426737,0.004095622934183085,0.013903,0.01378234,0.008678702438322694,0.02722258,0.027333658,0.004080362698906548,1.0373596272144296,2.0442175861725884,3.8187778709476206
16,4,c64,abcijk-eibc-jkea,0.013729064,0.013372736,0.02595428209818229,0.013790629,0.013455059,0.024333190313509334,0.014191628,0.013886393,0.02150810322818486,0.016011742,0.016028764,0.0010630948212881908,1.0360488549856268,1.1823299986047304,3.847733402928446
16,4,c64,abcijk-ejab-ikec,0.013832458,0.013834817,0.0001705409118175627,0.013809064,0.013876355,0.004872958804449157,0.013836987,0.013887305,0.0036364853128791896,0.018337009,0.018466684,0.007071763993789837,1.002059163347141,1.330216462701559,3.732278098586539
16,4,c64,abcijk-ejac-ikeb,0.013460564,0.01339076,0.005185815393768056,0.013435557,0.013387033,0.003611610594186798,0.013845473,0.013441805,0.029155233627626953,0.017862744,0.017774815,0.004922479995234763,1.0161280780317368,1.3272183877517556,3.77983182957127
16,4,c64,abcijk-ejbc-ikea,0.013799727,0.013473925,0.02360930763340463,0.013933076,0.013486389,0.03205946770117385,0.014246209,0.013947317,0.020980458731161278,0.016094817,0.016154458,0.0037056028658168927,1.0337432371967288,1.182515677127648,3.8394392999132614
16,4,c64,abcijk-ekab-ijec,0.013832979,0.013475769,0.025823071082519578,0.013846744,0.013807026,0.0028683999646414993,0.01390326,0.013883899,0.0013925510995262957,0.016511454,0.01614505,0.022190898512026713,1.017605410401419,1.195852784080142,3.778154612886725
16,4,c64,abcijk-ekac-ijeb,0.013395974,0.013395669,2.2768034634856882e-05,0.013475873,0.013440744,0.002606806994990274,0.013724276,0.013758024,0.0024590003873428135,0.021213684,0.021161824,0.002444648463699184,1.0257780487991486,1.581667696493189,3.7841463143562155
16,4,c64,abcijk-ekbc-ijea,0.01383878,0.01351427,0.02344932139971878,0.013950658,0.013466992,0.03466976253019738,0.014474806,0.013865084,0.042122982511820894,0.016015108,0.016145521,0.008143123355771165,1.0359109650756568,1.1758333380829786,3.816066742619262
16,4,c64,abcijk-ijma-mkbc,0.013778858,0.013486498,0.021218013858623097,0.013771404,0.013463535,0.022355672667797588,0.014169707,0.01338568,0.05533120762482946,0.016059622,0.016072394,0.0007952864644011903,1.0102862583374594,1.1785601058439676,3.8349048570399606
16,4,c64,abcijk-ijmb-mkac,0.013454633,0.013410957,0.0032461680671632687,0.013388319,0.013468094,0.005958552376889248,0.013767216,0.013411668,0.025825700708117072,0.021155455,0.021346075,0.009010441987657547,1.0115763031769078,1.5819923811776735,3.7769966430424837
16,4,c64,abcijk-ijmc-mkab,0.013797934,0.013849834,0.003761432689850519,0.013380185,0.013848342,0.034988828629798574,0.013868906,0.01380995,0.0042509481281364225,0.016180557,0.016356183,0.01085413808684077,1.0011239236207483,1.1768155508239113,3.733702260034847
16,4,c64,abcijk-ikma-mjbc,0.013843529,0.013518527,0.023476817219077573,0.013852345,0.013512105,0.024561906305394565,0.014338742,0.013643721,0.048471546527582454,0.016104786,0.016113751,0.0005566668194163515,1.0224306177550087,1.1775726479283668,3.8264297093024675
16,4,c64,abcijk-ikmb-mjac,0.013334449,0.013411137,0.0057511187751364545,0.013457749,0.013398715,0.004386617702559326,0.013740636,0.01382614,0.00622271050626777,0.017911916,0.017817955,0.005245725806217516,1.0307030369704462,1.3359174231266655,3.794743534709688
16,4,c64,abcijk-ikmc-mjab,0.013835945,0.013782189,0.0038852423885755716,0.01380733,0.01379895,0.0006069240034096701,0.013920893,0.013865874,0.003952260821198705,0.018410156,0.018409016,6.192234329793767e-05,1.006105813116362,1.333154576154005,3.7399770064073588
16,4,c64,abcijk-jkma-mibc,0.016810191,0.01344441,0.2002226506528093,0.013881479,0.013483412,0.028676123055763725,0.014290892,0.013931938,0.02511767634938389,0.016074639,0.016081902,0.0004518297424904727,0.9385950014539767,1.069503282291448,3.470207455563644
16,4,c64,abcijk-jkmb-miac,0.013452669,0.013397933,0.004068783674079812,0.013430528,0.013447896,0.0012931732840286703,0.013543078,0.013854844,0.023020320786751647,0.026815281,0.02702853,0.007952517819969751,1.0203199557935927,2.0052995678869823,3.793272348415766
16,4,c64,abcijk-jkmc-miab,0.013936703,0.013935715,7.089194625153894e-05,0.013836605,0.013905198,0.0049573576755281845,0.014088736,0.014092838,0.00029115457909068,0.022651175,0.022715918,0.002858262319725302,1.0110918155421462,1.627668142440345,3.71460591331356
16,4,c64,abcs-rc-abrs,0.007947362,0.007957971,0.001334908363303411,0.00791417,0.007922434,0.0010442029928596774,0.00809628,0.008117568,0.002629355704101055,0.0124016,0.012312351,0.00719657141014074,1.0193963013356706,1.5538055912127902,3.788645255695881
16,4,c64,abj-bka-kj,0.019629109,0.019610602,0.0009428344404219802,0.019574978,0.01967373,0.005044807713193933,0.019838489,0.019781792,0.0028579293513735227,0.02668613,0.02668011,0.00022558535089201026,1.0096976718214352,1.3600060814911017,3.7932290854049064
16,4,c64,abjc-cbka-kj,0.020192039,0.020090607,0.005023365891874465,0.019953434,0.02014611,0.00965628272306418,0.020405566,0.020380818,0.0012128063490128849,0.018819409,0.019238059,0.022245650753432322,1.0125081106292602,0.9447067081805812,3.671863136891308
16,4,c64,abjc-kbac-jk,0.009051431,0.008801102,0.02765628992807878,0.009032636,0.009075642,0.004761179350081246,0.009033848,0.009311352,0.030718249853218582,0.017906586,0.017859582,0.0026249559798835476,1.0275799273250874,2.0036178485268397,3.9520506569824887
16,4,c64,abjcd-dkbac-jk,0.012848623,0.013029626,0.014087346169313397,0.012953819,0.013073879,0.009268309214448545,0.013630612,0.013706578,0.005573190697526931,0.014218618,0.014184798,0.0023785715320574496,1.0563988762872751,1.0976048133045466,3.236200710658074
16,4,c64,abrs-qb-aqrs,0.007573244,0.007980844,0.05382105739627585,0.007575879,0.007647472,0.009450124533403992,0.007759001,0.007706413,0.006777676662240384,0.011701944,0.01172152,0.0016728844369788831,0.9946348185448473,1.5064530066879436,3.8372683477622247
16,4,c64,adbjc-cbdka-kj,0.021934158,0.022504122,0.02598522359508859,0.022621339,0.023638535,0.044966215306706525,0.023926474,0.023461255,0.01944369237188892,0.018749599,0.019304634,0.02960249976546181,1.0664081376258794,0.8563183635361505,3.4160054356984424
16,4,c64,ajb-kba-jk,0.016142786,0.016073465,0.004294240163996488,0.016111639,0.015977036,0.008354395229436373,0.016264093,0.01628023,0.0009921856693759779,0.019992567,0.020052636,0.0030045666471945065,1.0101856463492533,1.2430139885581872,3.9056602298698953
16,4,c64,ajbc-ckba-jk,0.014650784,0.014590954,0.0040837405015322625,0.014700376,0.014617975,0.005605366828712377,0.014995196,0.014893678,0.00677003488317196,0.013515937,0.013535939,0.0014798826008142196,1.0221268023717214,0.9251134535602175,3.757848693232406
16,4,c64,ajbdc-ckbad-jk,0.015406944,0.015164353,0.015745562520380396,0.015249009,0.015132944,0.007611314282783832,0.015786953,0.01605415,0.0169251786586051,0.013061179,0.013082144,0.0016051384028961113,1.041532008923288,0.8551857558449303,2.8663325509496143
16,4,c64,aqrs-pa-pqrs,0.007909111,0.007929888,0.002626970338385659,0.007943715,0.007950397,0.0008411681436204521,0.008207367,0.008237421,0.003661832107666241,0.010389206,0.010413093,0.0022992132411274735,1.0382458314137495,1.3133597131304093,3.832493948469416
16,4,c64,ij-ik-kj,0.13005273,0.130166188,0.0008723999872972676,0.130019357,0.130205341,0.0014304331623482547,0.130637981,0.130651873,0.00010633967161521873,0.134399427,0.134397578,1.375749912979618e-05,1.004115613404021,1.0329649842883872,3.9497518506849616
16,4,c64,ij-ikl-ljk,0.022526102,0.022695428,0.007516879751321426,0.022686851,0.022695226,0.00036915656562475085,0.023390914,0.023542644,0.006486706761437588,0.0231041,0.023195218,0.0039438021822966185,1.0378605445339573,1.0238387092705565,2.850459577646872
16,4,c64,ij-kil-lkj,0.026294319,0.026234957,0.0022575979244794375,0.026247101,0.026110997,0.005185486961017061,0.027518632,0.027398203,0.00437627132046392,0.028282928,0.028311825,0.0010217117548791954,1.0454501223211696,1.0773950465334297,2.886344636534922
16,4,c64,ijk-ikl-lj,0.015050018,0.015412638,0.02409432334233741,0.015081457,0.015135972,0.0036147038048113256,0.01520088,0.015355651,0.01018171316397476,0.019910223,0.020083374,0.008696587677596623,1.0031398495795303,1.3129536696045945,3.833293537424356
16,4,c64,ijk-il-jlk,0.02025154,0.019772204,0.023669113558771215,0.01973198,0.019699309,0.0016557385523398027,0.019885186,0.019923086,0.0019059414380131479,0.016128901,0.016149579,0.001282046433293882,0.9946872822589261,0.806540949826631,3.026803854092773
16,4,c64,ijk-ilk-jl,0.014282207,0.014257977,0.0016965165117688308,0.014313435,0.014622026,0.021559534800696056,0.014499252,0.014454043,0.0031180229159408768,0.018484093,0.018473086,0.0005954849935022599,1.014473842863864,1.2949177440342028,3.908345481344477
16,4,c64,ijk-ilk-lj,0.01470773,0.014678881,0.001961485558954479,0.015083951,0.014703287,0.025236358829327843,0.014885902,0.014881869,0.0002709274856168564,0.019027447,0.018992664,0.0018280434574328153,1.0129710115635113,1.2937903390803587,3.8956724937776173
16,4,c64,ijk-ilmk-mjl,0.007980133,0.007957717,0.0028089757401287274,0.007960537,0.007963197,0.0003341483118537436,0.008101379,0.008129677,0.0034929855768999207,0.010910649,0.010949668,0.003576230891489507,1.0183962947058571,1.371596783654629,3.5841540867081108
16,4,c64,ijkl-imjn-lnkm,0.251899255,0.251878669,8.172314761312194e-05,0.251871964,0.252483067,0.002426244629592844,0.254933985,0.254475679,0.0017977438355265551,0.26132235,0.260437752,0.003385083595031091,1.0111786046836648,1.0356931649834136,3.9013465176955275
16,4,c64,ijkl-imjn-nlmk,0.250809623,0.25067011,0.0005562505869242118,0.250739903,0.250771401,0.0001256202129105155,0.252898689,0.252428658,0.0018585742846616293,0.26262048,0.261976328,0.002452786621972569,1.007672124518862,1.0460969772112645,3.9261272585396236
16,4,c64,ijkl-imkn-jnlm,0.248016654,0.248090727,0.00029866139553669235,0.247929131,0.248123159,0.0007825946036168485,0.250964101,0.251034993,0.00028247864821118185,0.263641935,0.2634223,0.0008330806705693083,1.011875883761283,1.0623994225807307,3.9366599795165556
16,4,c64,ijkl-imkn-njml,0.24866314,0.248558558,0.0004205770103280493,0.248624117,0.2484789,0.0005840825168219599,0.251440429,0.250973358,0.0018575811449957902,0.262745634,0.264027569,0.004878996390859092,1.0104417868869602,1.0594301434045523,3.933717025877213
16,4,c64,ijkl-imln-jnkm,0.247232091,0.24719034,0.00016887370822737946,0.247267447,0.247229045,0.00015530552228326666,0.250217529,0.250337683,0.00048019817188738045,0.263184482,0.263778886,0.0022585070194220958,1.0124039039881376,1.0658153870063607,3.9419961005360684
16,4,c64,ijkl-imln-njmk,0.247944309,0.248062123,0.0004751631544808177,0.248089971,0.247784137,0.0012327543865124913,0.251271064,0.2507755,0.0019722286844775505,0.261675107,0.263437068,0.006733391724570881,1.0121770630176912,1.0586742426824525,3.9311340985776346
16,4,c64,ijkl-imnj-nlkm,0.250812358,0.250348108,0.0018509853489755423,0.250998966,0.25027268,0.0028935816412883897,0.252626061,0.252305618,0.0012684479136141347,0.260391253,0.261493389,0.004232615294493147,1.0075251904773412,1.0413505006054633,3.9219627209942263
16,4,c64,ijkl-imnk-njml,0.24856647,0.247994836,0.0022997228870008657,0.248392625,0.2481627,0.0009256514761659673,0.251198809,0.250724412,0.0018885320431595298,0.261393833,0.262904558,0.005779497483400897,1.0107983109564236,1.0558546458378248,3.9326578677055664
16,4,c64,ijkl-minj-nlmk,0.305045655,0.30411626,0.003046740659197411,0.304731428,0.30450727,0.0007355919980791548,0.307147735,0.307178057,9.872122286691543e-05,0.317484613,0.316815928,0.0021061965607763744,1.0084781913023109,1.0412681934960752,3.934321924368878
16,4,c64,ijkl-mink-jnlm,0.300757046,0.30025375,0.0016734304538953415,0.300707213,0.300351094,0.0011842715591926511,0.305156,0.304602083,0.0018151928849504673,0.314513662,0.315279239,0.002434161349722075,1.0145542297483106,1.0478890906771832,3.955280903789704
16,4,c64,ijkl-minl-njmk,0.301445099,0.301237015,0.000690288217291557,0.301524517,0.301166515,0.0011873064371742403,0.305185565,0.304869614,0.0010352750465113525,0.318712733,0.317246508,0.004600459436303828,1.0122336790385258,1.0552123149417452,3.9405118497980043
16,8,c64,abc-bk-akc,0.007383901,0.007447616,0.008628907673599695,0.007375797,0.007706649,0.04485644059889404,0.007550301,0.007577939,0.0036605163158396348,0.010527314,0.010528197,8.387704593970646e-05,1.0200139574931166,1.4196595852660545,7.541714140935867
16,8,c64,abcijk-eiab-jkec,0.008769555,0.008852564,0.009465588618806864,0.008834546,0.008865429,0.003495708777791151,0.009065507,0.009072474,0.0007685174144149709,0.014575954,0.014684411,0.0074408165667920745,1.0292848944802409,1.6604409846823225,5.8783989383916575
16,8,c64,abcijk-eiac-jkeb,0.008081262,0.008087179,0.0007321876211907608,0.008110586,0.008064776,0.005648173880407725,0.008476889,0.008250462,0.02671109648834613,0.016730162,0.017059095,0.01966107680248408,1.0344732404396846,2.0897288841631885,6.303368181343803
16,8,c64,abcijk-eibc-jkea,0.010276806,0.010221475,0.00538406582745643,0.010308446,0.01024043,0.0065980847161638545,0.010501235,0.010436816,0.0061344213323479835,0.009824763,0.009865272,0.004123152894375037,1.0214528809585517,0.9605715261121162,5.08685911132876
16,8,c64,abcijk-ejab-ikec,0.008790534,0.008810666,0.0022901907893195794,0.008763114,0.008787504,0.0027832571846033716,0.008974407,0.009002875,0.003172131595992944,0.011652031,0.011651179,7.312029980022228e-05,1.0213662261108725,1.3239566181624496,5.866760885666637
16,8,c64,abcijk-ejac-ikeb,0.008999874,0.008406803,0.06589770034558273,0.008666724,0.008437101,0.02649478626526014,0.008446203,0.008921463,0.05626907143955684,0.011122634,0.011121282,0.00012155394126966979,0.9979646249916626,1.2786379789857507,5.834089264396202
16,8,c64,abcijk-ejbc-ikea,0.010486107,0.010452125,0.0032406688201827016,0.010508739,0.010467734,0.00390199052426754,0.010682353,0.010775037,0.008676365590989166,0.009880548,0.0099072,0.0026974212361501326,1.0247865286186095,0.9450538188658371,5.000813706501778
16,8,c64,abcijk-ekab-ijec,0.008779895,0.008841604,0.007028443962029174,0.008764546,0.008827818,0.0072190847078672515,0.009044168,0.009049461,0.000585239018116468,0.01039122,0.010362137,0.0027988051451127705,1.0267990919295789,1.1777354399072093,5.854693622642267
16,8,c64,abcijk-ekac-ijeb,0.009079193,0.009030967,0.005311705566783176,0.008998232,0.009073627,0.008378868204331757,0.008324475,0.008352633,0.003382555656663122,0.013308371,0.013481279,0.012992424091573751,0.9208722263647692,1.479235245799068,5.598175641361328
16,8,c64,abcijk-ekbc-ijea,0.010243705,0.010241492,0.00021603511620071902,0.010216173,0.010198282,0.0017512428577708405,0.01049855,0.010436035,0.005954631830109913,0.00988766,0.009919452,0.0032153209151610795,1.0219326560827815,0.9668975407563232,5.095080072250293
16,8,c64,abcijk-ijma-mkbc,0.010202879,0.010224751,0.00214370865321456,0.010269733,0.010187331,0.008023772380450267,0.010607984,0.01058386,0.002274136160084761,0.009890365,0.009954919,0.006526958307403241,1.0374107234353966,0.9714876558093365,5.118268486142714
16,8,c64,abcijk-ijmb-mkac,0.008921399,0.008893881,0.0030844938108922637,0.008388003,0.008575358,0.022336067357152878,0.0083752,0.00821156,0.019538637883274368,0.013373552,0.013338252,0.002639538097283345,0.9309970180007356,1.499376520654132,5.695741531956538
16,8,c64,abcijk-ijmc-mkab,0.008772902,0.008738041,0.00397371360126908,0.008695728,0.008674051,0.002492833262493943,0.009004754,0.008955366,0.005484658437087897,0.010358038,0.010397011,0.003762585153674891,1.0256493716825335,1.1852618981535157,5.895088377103203
16,8,c64,abcijk-ikma-mjbc,0.010518627,0.01042282,0.009108318034283358,0.010462212,0.010518638,0.005393314530426352,0.010527524,0.010560687,0.0031501234288326962,0.00992507,0.00989709,0.002819123693837744,1.0070175963258845,0.9465605552478468,4.999305623345965
16,8,c64,abcijk-ikmb-mjac,0.008549194,0.008942292,0.04598070882471483,0.008499562,0.008777364,0.03268427243662653,0.008367686,0.008249942,0.014071273706972254,0.011116382,0.011200298,0.0075488589722807475,0.9502571047120154,1.2761728776499497,5.803844350306358
16,8,c64,abcijk-ikmc-mjab,0.008740371,0.008785479,0.0051608793265183195,0.008763404,0.008736898,0.003024623764920631,0.009026384,0.008936631,0.009943405908722669,0.011700582,0.011650557,0.004275428350487109,1.0249346119111304,1.3323840361577057,5.893656090022095
16,8,c64,abcijk-jkma-mibc,0.010246319,0.010268292,0.0021444774459979943,0.010279101,0.010189075,0.008758158909032976,0.010466049,0.010538015,0.006876138263828047,0.009738783,0.009900566,0.016612239948256224,1.0238533287178222,0.9573027679710515,5.086037935558725
16,8,c64,abcijk-jkmb-miac,0.008533405,0.008041573,0.057636078446997585,0.008260216,0.008090765,0.020514112463887235,0.008221944,0.008558045,0.040878531889781744,0.016882897,0.016887816,0.00029135994847329094,1.0126115034689769,2.038349008033193,6.147598146113413
16,8,c64,abcijk-jkmc-miab,0.008767581,0.00875368,0.0015855000370114114,0.008797337,0.008786832,0.0011941113543793014,0.009016746,0.008980272,0.00404514000948919,0.014526122,0.01464111,0.00791594618302116,1.0271513393757552,1.6646641195591805,5.909111292914048
16,8,c64,abcs-rc-abrs,0.004683224,0.004656215,0.005767180899312052,0.004576605,0.00468593,0.023887794555134123,0.004815721,0.004845649,0.006214645740481917,0.009014602,0.009073756,0.006562020153524362,1.0344694200866418,1.9367691050311895,6.452197288398892
16,8,c64,abj-bka-kj,0.010797437,0.010750801,0.00431917315192476,0.010700356,0.010773002,0.006789119913393593,0.011127083,0.011065888,0.005499644426126826,0.015733363,0.015689643,0.002778808319619963,1.0299189477272355,1.458265366225665,6.907550636467284
16,8,c64,abjc-cbka-kj,0.012000461,0.011551101,0.037445228145818854,0.01201616,0.011892749,0.01027041916885263,0.012185817,0.011930719,0.02093400877429885,0.01263283,0.01262868,0.0003285091305748056,1.0241179516013592,1.0727997157009912,6.281486734840061
16,8,c64,abjc-kbac-jk,0.006830349,0.007120206,0.042436630983277546,0.006841359,0.00678952,0.007577295680580409,0.007004123,0.007258193,0.036274348694333325,0.010953338,0.010980699,0.002497959982609821,1.0224060517067521,1.572608111597141,5.0580361115888115
16,8,c64,abjcd-dkbac-jk,0.008933381,0.008776001,0.017617070177573302,0.008923112,0.008803673,0.013385352554131424,0.009181052,0.00929077,0.01195048236302343,0.010819178,0.010746974,0.0066737047860753185,1.0430756753245953,1.21782243861226,4.72904511028569
16,8,c64,abrs-qb-aqrs,0.0040911,0.004172544,0.01990760431179872,0.004094035,0.004088528,0.001345127728512363,0.00421976,0.00421823,0.00036257986236198914,0.008212046,0.008187395,0.0030018097804128674,1.021147535216655,1.9846231285348235,7.220496250906535
16,8,c64,adbjc-cbdka-kj,0.013575909,0.013420605,0.01143967597307849,0.013716011,0.013371343,0.025128880401160347,0.013835484,0.013974648,0.010058484401412882,0.014283158,0.014401062,0.008254757106236577,1.030142039258702,1.062524306958809,5.622630801713449
16,8,c64,ajb-kba-jk,0.008320187,0.008378691,0.0070315727278726925,0.008260005,0.008300625,0.004917672567994691,0.00849827,0.008430457,0.007979624088196746,0.011406163,0.011443231,0.003249822047957762,1.0137624259066789,1.3683257140951148,7.5350099100408645
16,8,c64,ajbc-ckba-jk,0.040009338,0.040363555,0.008853358183532167,0.04034277,0.040486504,0.0035628193106225226,0.040576485,0.041523516,0.023339404583713863,0.009904412,0.009901829,0.00026079286685576353,1.0214306464317295,0.24643175634025855,1.3672129993109172
16,8,c64,ajbdc-ckbad-jk,0.029303181,0.025415794,0.13266092169310906,0.025212271,0.026156525,0.03745215970429627,0.028736194,0.028653408,0.002880896475016881,0.009676958,0.009648377,0.002953510803704984,1.0514619003073065,0.35406853635886193,1.60541584760303
16,8,c64,aqrs-pa-pqrs,0.004403232,0.004378368,0.005646761288072066,0.004363969,0.004338424,0.005853616283708729,0.004577588,0.004521955,0.012153343638614755,0.005900214,0.005854999,0.007663281365726804,1.0361903761103577,1.3386140522814107,6.912528344497279
16,8,c64,ij-ik-kj,0.071431521,0.071162437,0.0037670204446578204,0.071020224,0.071072861,0.0007411550828113622,0.072800474,0.072557737,0.0033342777411038416,0.069327076,0.069026027,0.0043424447902576935,1.0193858784350556,0.970258654331909,7.207892253529538
16,8,c64,ij-ikl-ljk,0.016100738,0.016237171,0.008473710956603542,0.016081422,0.01624784,0.010348462965526162,0.016939633,0.016877874,0.0036458286906214665,0.014132728,0.014146194,0.0009528238284923773,1.0457618512787183,0.8744897660723051,3.9861076639800093
16,8,c64,ij-kil-lkj,0.018545738,0.018604611,0.0031744759901171093,0.018679597,0.018745554,0.0035309648275603234,0.019707053,0.019536988,0.008629651526283366,0.017820154,0.017813056,0.0003983130561049375,1.0563486707806602,0.9591633725108296,4.081191474485183
16,8,c64,ijk-ikl-lj,0.007936292,0.007781647,0.019485800169650958,0.008186298,0.007807906,0.04622260269538192,0.007984401,0.008046742,0.007807849330212724,0.011761335,0.011748167,0.0011196007936172814,1.0199681874683721,1.4957836563812121,7.429070736291712
16,8,c64,ijk-il-jlk,0.013426862,0.013444638,0.0013239132121862784,0.013450826,0.013442875,0.0005911161143561383,0.013521709,0.013522212,3.71994398045139e-05,0.008217196,0.008248137,0.0037653963712194205,1.0064167207870347,0.6127424048189473,4.507949345986065
16,8,c64,ijk-ilk-jl,0.007826186,0.007357437,0.059894947551719424,0.007367581,0.007585753,0.029612433171755992,0.007487183,0.007493942,0.0009027427271379729,0.010537052,0.010572277,0.0033429653758945133,0.9871338148818783,1.3909306259976726,7.349896177780054
16,8,c64,ijk-ilk-lj,0.007516698,0.007590852,0.009865236038484104,0.007615493,0.007577527,0.0049853633901312255,0.00777996,0.007812275,0.004153620327096874,0.010851739,0.010853891,0.00019830922951613594,1.0320925195721218,1.4367578706684827,7.57779627251043
16,8,c64,ijk-ilmk-mjl,0.004694255,0.004768704,0.015859598594452295,0.004331759,0.004325208,0.0015123186677745704,0.004583388,0.00451972,0.01389103431784533,0.005874576,0.005846492,0.0047806003360924,0.9619789198326684,1.2386608792640208,6.036739846536377
16,8,c64,ijkl-imjn-lnkm,0.135675608,0.135620517,0.0004060494057266384,0.135909694,0.135937687,0.00020596764790004052,0.138751023,0.138939741,0.00136011970160399,0.134235712,0.133859046,0.0028060044111063442,1.0235704826201633,0.9881987769805357,7.244527684908886
16,8,c64,ijkl-imjn-nlmk,0.133692388,0.133649015,0.0003244238557544854,0.13341412,0.133746207,0.002489144327451953,0.13522129,0.135226345,3.7383166511695265e-05,0.134367828,0.13426315,0.0007790406495221669,1.011618984104821,1.0048236379619127,7.364640033163514
16,8,c64,ijkl-imkn-jnlm,0.130077647,0.130375168,0.0022872569335454784,0.130089028,0.130319285,0.0017699955448973181,0.132469367,0.132732821,0.001988791869142137,0.136951246,0.136736611,0.001567236562418639,1.0182352230384397,1.0508158700676955,7.498507262423194
16,8,c64,ijkl-imkn-njml,0.13167746,0.131476742,0.001524315551044153,0.131815548,0.131553916,0.0019848341411137227,0.134391472,0.133834234,0.004146379169059244,0.134750302,0.134405019,0.0025623912887409173,1.019270082535746,1.02280402811871,7.432638239783267
16,8,c64,ijkl-imln-jnkm,0.12968809,0.129535176,0.001179090539462857,0.129845484,0.12951015,0.00258256190103634,0.131954837,0.132527733,0.004341606666529607,0.135817602,0.136712209,0.0065868266471085235,1.0202864874803905,1.051326890129123,7.518660100413553
16,8,c64,ijkl-imln-njmk,0.131149195,0.130954252,0.001486421628436263,0.131184842,0.130945536,0.0018241894135908598,0.133952634,0.133641219,0.0023248143071228355,0.134289322,0.134084194,0.0015275078982079915,1.0209470683082154,1.0239220998740568,7.439308046426903
16,8,c64,ijkl-imnj-nlkm,0.133219406,0.133324751,0.0007907631715455832,0.133357424,0.133371759,0.00010749307815061115,0.135340833,0.135124595,0.0015977291938199523,0.13437956,0.134417036,0.0002788816989724996,1.0147112798358904,1.0084505974781077,7.374132665993001
16,8,c64,ijkl-imnk-njml,0.130935627,0.130815948,0.0009140293038808478,0.131025605,0.130772136,0.0019344997491137494,0.133617569,0.133208216,0.003063616581738593,0.134686873,0.134488281,0.001474471829188806,1.0193845018279357,1.0283609902916344,7.460526787673436
16,8,c64,ijkl-minj-nlmk,0.159789369,0.159337249,0.002829474844474822,0.159531409,0.159426475,0.0006577638889906368,0.161216762,0.161302381,0.0005310800126352433,0.163216741,0.163006597,0.001287514985978011,1.0106316337083536,1.0222387582433257,7.5099930821471075
16,8,c64,ijkl-mink-jnlm,0.155326136,0.155358218,0.00020654605094905243,0.15540382,0.155415555,7.551294427643462e-05,0.158119966,0.15821395,0.0005943841399509431,0.162347481,0.163111925,0.004708690244476399,1.0181842106057637,1.0475535886339449,7.651385314214386
16,8,c64,ijkl-minl-njmk,0.157020586,0.156891026,0.0008251147400507586,0.157004476,0.156826446,0.0011339167171259268,0.159633249,0.159707274,0.00046371918421583835,0.16247084,0.162664814,0.0011939003946799254,1.0172944529977346,1.035755325389482,7.565429190305931
