size_mib,threads,dtype,case,plan_A_s,plan_A2_s,plan_AA_spread,packed_A_s,packed_A2_s,packed_AA_spread,upstream_A_s,upstream_A2_s,upstream_AA_spread,tblis_A_s,tblis_A2_s,tblis_AA_spread,upstream_over_plan,tblis_over_plan,plan_scaling
1,1,f64,abc-bk-akc,0.000615988,0.000616789,0.0013003500068182738,0.000615668,0.000615377,0.0004726573412944246,0.000634433,0.000634823,0.0006147221219576782,0.000918513,0.000915185,0.0036232475751568627,1.0295910842020082,1.487450988343967,1.0
1,1,f64,abcijk-eiab-jkec,0.002770346,0.002786483,0.005824904181643831,0.002746941,0.00276876,0.007943017341835779,0.002931847,0.002918469,0.004562993907935908,0.003754651,0.003747554,0.0018901889949292094,1.0528172403063356,1.350092521666452,1.0
1,1,f64,abcijk-eiac-jkeb,0.002706627,0.002707325,0.0002578855527561874,0.002701547,0.002705362,0.0014121538511082665,0.002845244,0.002821559,0.00832441787066407,0.005192942,0.005133417,0.011462673759883968,1.0466944571920869,1.9073289756172362,1.0
1,1,f64,abcijk-eibc-jkea,0.002830868,0.002839742,0.0031347275817876774,0.002849834,0.002845142,0.0016464116857332067,0.002984475,0.002977138,0.002458388828855962,0.003560758,0.003527955,0.00921236433366146,1.0513182505925025,1.2500675908869832,1.0
1,1,f64,abcijk-ejab-ikec,0.002770485,0.002801621,0.011238465467237502,0.002736252,0.002764072,0.010167192203057063,0.002941264,0.002971107,0.010146318045574976,0.003945046,0.003998391,0.01352202230341537,1.061068828742031,1.4255618770594403,1.0
1,1,f64,abcijk-ejac-ikeb,0.002727455,0.002737432,0.0036579888577445985,0.002712398,0.00271489,0.0009187442255893519,0.002833183,0.002823592,0.003385238440298366,0.004104623,0.004063413,0.010039898913980605,1.035113131589189,1.4946229726945701,1.0
1,1,f64,abcijk-ejbc-ikea,0.002864501,0.002855301,0.00321172867455799,0.002861525,0.002867775,0.0021841500598456243,0.003006936,0.002982098,0.008260235668467897,0.004060961,0.004029479,0.0077523522141680345,1.047062510589736,1.4144526703539406,1.0
1,1,f64,abcijk-ekab-ijec,0.002827061,0.002799978,0.0095799135568706,0.00275648,0.002783828,0.009921348966798194,0.002958817,0.002966188,0.0024911983404178883,0.003512259,0.003493401,0.005369194014450573,1.0529639198843137,1.245009278091371,1.0
1,1,f64,abcijk-ekac-ijeb,0.002742253,0.002739295,0.0010786750894246078,0.002692119,0.002706293,0.005264997572544061,0.0028266,0.002829733,0.0011083987829902942,0.004273448,0.004218551,0.012846067157012309,1.031886057713404,1.5491650884377945,1.0
1,1,f64,abcijk-ekbc-ijea,0.002851106,0.002869317,0.006387345822989499,0.002857507,0.002860341,0.0009917735984550369,0.002995385,0.002987156,0.0027472261495601336,0.00403854,0.003986559,0.012871235644564716,1.0458257468637149,1.4028632699649446,1.0
1,1,f64,abcijk-ijma-mkbc,0.00284258,0.002853026,0.003674830611627433,0.002843081,0.00287634,0.011698224566939919,0.002985667,0.002985253,0.00013866248312344176,0.004064829,0.003970079,0.02330971364355061,1.0483397250322162,1.410624757633962,1.0
1,1,f64,abcijk-ijmb-mkac,0.002722055,0.002728084,0.002214870750223641,0.002697921,0.002706033,0.0030067596493745796,0.002860994,0.002845222,0.005512769338208989,0.004284528,0.00422279,0.01440952188899225,1.0469820484156263,1.5608958201554284,1.0
1,1,f64,abcijk-ijmc-mkab,0.002789171,0.002816539,0.009812234531335617,0.002775365,0.002776294,0.0003347307471268657,0.002950702,0.002970546,0.0067251792963167745,0.003579985,0.00349306,0.024280827992296028,1.056295334047034,1.2616769566170247,1.0
1,1,f64,abcijk-ikma-mjbc,0.002866274,0.002878194,0.004158709181327547,0.002839254,0.002845613,0.002239672815464999,0.002990857,0.003009539,0.006246370187541483,0.004044771,0.003969206,0.018682145416885065,1.0445492664057674,1.3950183006887702,1.0
1,1,f64,abcijk-ikmb-mjac,0.002719691,0.002741439,0.007996496660833907,0.002698001,0.002718446,0.007577832624969361,0.002821711,0.002823703,0.0007059546495016278,0.004100776,0.004041672,0.01441288185455647,1.0337527973466807,1.4909548117071596,1.0
1,1,f64,abcijk-ikmc-mjab,0.00277818,0.002813803,0.012822423313104458,0.002770827,0.002788166,0.006257698513837173,0.002959368,0.002974133,0.004989240946039697,0.00396383,0.003960841,0.0007540686659115448,1.0610910348035774,1.4171772766754265,1.0
1,1,f64,abcijk-jkma-mibc,0.002857789,0.002861693,0.0013660910585071573,0.002847509,0.002850972,0.001216150677662453,0.003004591,0.003009569,0.0016567978803105898,0.003553616,0.003556658,0.0008560294640727051,1.0515216834083063,1.2431676514863368,1.0
1,1,f64,abcijk-jkmb-miac,0.002723888,0.002730258,0.002338568986683942,0.002697749,0.002693509,0.001571680686379584,0.002830497,0.002824073,0.0022695660868038425,0.005213701,0.005117106,0.018527146071475986,1.0367471291473407,1.8940384883085843,1.0
1,1,f64,abcijk-jkmc-miab,0.002769423,0.002804156,0.012541601626042675,0.002748385,0.002762397,0.005098266800320994,0.002913142,0.002919391,0.0021451065550528448,0.003725346,0.003743436,0.004855924791952182,1.0464807096130382,1.3400554865664682,1.0
1,1,f64,abcs-rc-abrs,0.000295902,0.000294349,0.005248359254077406,0.000294348,0.000292775,0.005344014567790434,0.00031142,0.000310178,0.003988183161004577,0.000693152,0.000692992,0.00023082960158815613,1.0531094580757785,2.348405659038578,1.0
1,1,f64,abj-bka-kj,0.001125418,0.001129565,0.00368485309458344,0.001138372,0.001139544,0.001029540431423115,0.001167858,0.001168107,0.00021321085268932727,0.001653172,0.001643823,0.005655188933758937,1.035914211738145,1.4620896566470978,1.0
1,1,f64,abjc-cbka-kj,0.000621709,0.000623542,0.0029483246985326783,0.000619555,0.000626668,0.011480820911783374,0.000661433,0.000655531,0.008923050407221966,0.000855986,0.000862147,0.007197547623442491,1.0575797182501487,1.3797409639326983,1.0
1,1,f64,abjc-kbac-jk,0.000328423,0.000339923,0.03501581801518161,0.000325216,0.000329083,0.011890558890091274,0.000346076,0.000353228,0.020665980882811796,0.000688644,0.000699253,0.015405637746063405,1.0464205140467928,2.07686130899107,1.0
1,1,f64,abjcd-dkbac-jk,0.003122152,0.003078998,0.013821876705554459,0.003027164,0.003043782,0.005489626594396668,0.003271891,0.003284552,0.0038696276862524304,0.00578729,0.005787285,8.639622345318898e-07,1.0573183262601564,1.8665659236839405,1.0
1,1,f64,abrs-qb-aqrs,0.000287005,0.000289559,0.00889879967247964,0.000287666,0.000287876,0.0007300132792891212,0.00030595,0.000305158,0.002588658277496325,0.000690658,0.00069244,0.0025801482064928827,1.0599230657704457,2.3988844636429287,1.0
1,1,f64,adbjc-cbdka-kj,0.007475599,0.008839594,0.18245962631221913,0.007506025,0.008929541,0.18964978134232147,0.007738599,0.009019028,0.16546005291138632,0.007671714,0.007907125,0.030685580823268443,1.0277130734884201,0.9581121473594655,1.0
1,1,f64,ajb-kba-jk,0.000891352,0.000891993,0.0007191322844397607,0.000871925,0.000888325,0.018808957192419262,0.000891312,0.000926536,0.039519270468702405,0.001309992,0.001302487,0.005729042620107649,1.0191560365006915,1.4649259614605128,1.0
1,1,f64,ajbc-ckba-jk,0.000467812,0.000452163,0.033451471958821144,0.000467682,0.000454827,0.02748662552760217,0.000490845,0.000478131,0.02590227057421368,0.000757923,0.000742323,0.020582565775151274,1.0533251338145129,1.6308942888634426,1.0
1,1,f64,ajbdc-ckbad-jk,0.003044536,0.002969675,0.024588640108049287,0.003029048,0.003036769,0.0025489856879126194,0.003187032,0.00337023,0.0574823221103522,0.005461473,0.005451098,0.0018996706566158927,1.089953483700825,1.814604034352891,1.0
1,1,f64,aqrs-pa-pqrs,0.000187098,0.000201665,0.0778575933468022,0.000280463,0.000284981,0.016109076776615883,0.000297194,0.00029509,0.007079550731172057,0.000661824,0.000647787,0.021209566289527082,1.5245702012290243,3.3708352919993625,1.0
1,1,f64,ij-ik-kj,0.002893715,0.00289795,0.0014635166213672335,0.003092646,0.003094036,0.0004494533160277481,0.003139634,0.003139471,5.1916879483471234e-05,0.003626532,0.003637459,0.0030130714412557325,1.0841626158564448,1.254213550576542,1.0
1,1,f64,ij-ikl-ljk,0.000730953,0.000741832,0.014883309870812544,0.000730692,0.000735901,0.00712885867095836,0.000754216,0.000758794,0.006069879185803595,0.001289204,0.001289393,0.0001466020893512443,1.0273355260989794,1.7508783319423091,1.0
1,1,f64,ij-kil-lkj,0.001099239,0.001135656,0.033129283076746896,0.001109879,0.00110588,0.0036030954725695397,0.001126611,0.001139865,0.01176448658853868,0.001830273,0.001827666,0.0014243776748059656,1.0142481843468745,1.6369555581172919,1.0
1,1,f64,ijk-ikl-lj,0.000661233,0.000664398,0.0047865124698858175,0.000658458,0.00065985,0.002114030052030591,0.000687942,0.000690637,0.003917481415584456,0.001038977,0.001065545,0.0255713071607937,1.039942710271811,1.5874404647052032,1.0
1,1,f64,ijk-il-jlk,0.000662215,0.000663326,0.0016777028608534472,0.000656013,0.00064951,0.00991291331116917,0.00069208,0.000681099,0.01586666281354754,0.000950463,0.000946404,0.004270550247616245,1.035905773814468,1.4310106767330883,1.0
1,1,f64,ijk-ilk-jl,0.000618093,0.00061723,0.0013962300171657116,0.00061719,0.000614926,0.003668238305870153,0.000631748,0.000632859,0.0017586126113577905,0.000931136,0.000913241,0.019218460031617424,1.023705395728411,1.4929622740095845,1.0
1,1,f64,ijk-ilk-lj,0.000661052,0.000671281,0.015473820516389125,0.000661433,0.00066029,0.0017280661835741284,0.000677112,0.000675629,0.0021901841940477063,0.001037724,0.001033686,0.0038912080668849214,1.0153468066382507,1.5547668004237523,1.0
1,1,f64,ijk-ilmk-mjl,0.000259484,0.000259524,0.0001541520864485335,0.000259083,0.000259023,0.00023158601683637148,0.000264043,0.000264573,0.002007248819321017,0.000574161,0.000571835,0.004051128516217584,1.0185117298308648,2.2080462013850535,1.0
1,1,f64,ijkl-imjn-lnkm,0.003811686,0.003829256,0.004609508758066649,0.003814061,0.003821932,0.0020636796317625716,0.003865607,0.003870072,0.001155057924926206,0.004654027,0.004599181,0.011784632964097486,1.012401110054033,1.2109854934931723,1.0
1,1,f64,ijkl-imjn-nlmk,0.003755793,0.00376154,0.0015301695274472227,0.003744662,0.003744979,8.465383524591807e-05,0.003812969,0.003809129,0.0010070892262695752,0.004576193,0.004435556,0.030732313956163937,1.01393662620955,1.1986503961734816,1.0
1,1,f64,ijkl-imkn-jnlm,0.003734323,0.003768373,0.009118118598739455,0.003736967,0.003746031,0.0024254963985499423,0.003833869,0.003806313,0.007187517361704421,0.004558049,0.004535913,0.0048564638072122746,1.0183287432623644,1.2121014516982322,1.0
1,1,f64,ijkl-imkn-njml,0.003736627,0.003759246,0.006053320280563046,0.003729814,0.00374019,0.0027819081594953055,0.003810194,0.003802897,0.0019151255815320622,0.004553059,0.004510536,0.0093394353115126,1.0156418289889475,1.2091368827104354,1.0
1,1,f64,ijkl-imln-jnkm,0.00373272,0.003753866,0.005665037827643049,0.00373843,0.003738547,3.129656032085926e-05,0.003790077,0.003797728,0.0020186924962211084,0.004502385,0.004570106,0.01504113930727824,1.0135235753913723,1.2118039432113363,1.0
1,1,f64,ijkl-imln-njmk,0.003729935,0.003737044,0.0019059313366049935,0.003736336,0.003728107,0.002202425049567247,0.00378115,0.003791716,0.0027943879507557057,0.004468392,0.004505236,0.00824547174912138,1.0141801739363128,1.2017653229449248,1.0
1,1,f64,ijkl-imnj-nlkm,0.003745003,0.003753675,0.0023156189728019694,0.003761924,0.003749407,0.0033272867819763574,0.003798653,0.003805172,0.0017161346403580247,0.004417306,0.004418534,0.0002779974944004948,1.0140223770509074,1.1783204750630654,1.0
1,1,f64,ijkl-imnk-njml,0.003722149,0.003726444,0.001153903296187142,0.003735976,0.003724651,0.0030313363897412904,0.003772123,0.003778091,0.0015821329262062367,0.004427405,0.004429986,0.0005829599957538623,1.0136428311368713,1.1891362699572152,1.0
1,1,f64,ijkl-minj-nlmk,0.004612349,0.004611695,0.00014179325979024604,0.00461254,0.00461506,0.0005463367255351681,0.004694242,0.004727199,0.0070207287992394285,0.005460461,0.005410583,0.009134393597903134,1.0213940198370006,1.178542687220986,1.0
1,1,f64,ijkl-mink-jnlm,0.004533002,0.004564076,0.006855059847756584,0.004534174,0.004560879,0.005889716627548891,0.004675888,0.004676374,0.00010393747668890896,0.005222747,0.005335984,0.021681502090758142,1.0280572012464422,1.160612822471232,1.0
1,1,f64,ijkl-minl-njmk,0.004577284,0.004599472,0.00484741606594663,0.004589507,0.004586257,0.0007081370613444271,0.004664907,0.004685582,0.004432028334112381,0.005355515,0.005325474,0.005609357830199335,1.0189323410207072,1.1639165271727725,1.0
1,4,f64,abc-bk-akc,0.000167342,0.000167351,5.3782075031927334e-05,0.000165499,0.000165248,0.001516625478099498,0.000225991,0.000218768,0.031961449792248464,0.000257521,0.00025756,0.00015144395991018023,1.3286813426291795,1.5389655556278674,3.683306015422431
1,4,f64,abcijk-eiab-jkec,0.000865444,0.000801764,0.07358072850467512,0.000815931,0.000984075,0.20607624909459266,0.000926267,0.000907021,0.020778026206266675,0.0013304,0.001408274,0.058534275405892844,1.1003580000296331,1.6432057161198848,3.335434709358752
1,4,f64,abcijk-eiac-jkeb,0.000764326,0.000769273,0.006472369119982835,0.000758794,0.000804119,0.05973294464637302,0.00086917,0.000859822,0.010755088187581197,0.001853916,0.00187241,0.009975640751792358,1.1273975300423198,2.429774336826233,3.530244948310294
1,4,f64,abcijk-eibc-jkea,0.0008417,0.000878968,0.044277058334323494,0.000906069,0.000830418,0.08349364121275538,0.001007409,0.000947866,0.05910509038533496,0.00102941,0.001033907,0.00436852177460878,1.1360859532284242,1.1994157115710935,3.296355603231335
1,4,f64,abcijk-ejab-ikec,0.00085264,0.000822994,0.0347696565959843,0.000792938,0.000830748,0.04768342543805448,0.000914746,0.000953247,0.04208927942838758,0.00136187,0.001374622,0.009363595644224398,1.1147354107300949,1.6333463476248176,3.3258404239918358
1,4,f64,abcijk-ejac-ikeb,0.000768804,0.000833774,0.08450788497458395,0.001492022,0.000742304,0.5024845478149785,0.000860414,0.000921377,0.07085310094907804,0.001204396,0.00116406,0.03349064593372941,1.1120912568568195,1.4789052275073,3.4128600182517097
1,4,f64,abcijk-ejbc-ikea,0.000885721,0.000941946,0.06347935749519329,0.000865244,0.000866835,0.0018387876714545115,0.000956714,0.000986028,0.030640295845989485,0.001128905,0.001136458,0.006690554121028702,1.063345051881414,1.2400634849575314,3.131042508590276
1,4,f64,abcijk-ekab-ijec,0.000795894,0.000816181,0.025489575244944662,0.000811453,0.000791505,0.024583062728217198,0.000896331,0.000953838,0.06415821833675284,0.001101714,0.001244659,0.12974782929144957,1.1472304431571567,1.452910192324233,3.490792575495232
1,4,f64,abcijk-ekac-ijeb,0.000810992,0.001196079,0.47483452364511636,0.000786646,0.000807194,0.026121025213374338,0.00089067,0.000851577,0.04389167705210684,0.001883962,0.001819812,0.03405058063803834,0.8842644308197716,1.8800141319071266,2.782818903082776
1,4,f64,abcijk-ekbc-ijea,0.000924284,0.001205527,0.30428201721548787,0.00089014,0.000849243,0.0459444581751185,0.000973906,0.000938079,0.036786917833959376,0.001132982,0.001125528,0.006579098344016154,0.9054970489036703,1.0697898385935267,2.7095973527408503
1,4,f64,abcijk-ijma-mkbc,0.000921569,0.000855294,0.07191539645973333,0.000859302,0.000855815,0.004057944703957483,0.000986239,0.000973644,0.01277073812737084,0.001117814,0.001122723,0.004391607190462832,1.1037470115535968,1.261825909644255,3.2076544081731506
1,4,f64,abcijk-ijmb-mkac,0.000833244,0.001258025,0.5097918496862863,0.00076181,0.000749317,0.016399102138328514,0.000859423,0.000852809,0.007695861060269427,0.001827487,0.001794404,0.01810300155349942,0.8361778135953947,1.7687095838864921,2.6616232641538082
1,4,f64,abcijk-ijmc-mkab,0.000876013,0.000850355,0.029289519676077846,0.000771167,0.000862016,0.11780716757848819,0.00092242,0.000918842,0.003878927169835844,0.001156847,0.00118038,0.020342361608752135,1.0666682401175303,1.3539214635589742,3.2474318418138846
1,4,f64,abcijk-ikma-mjbc,0.000877766,0.000888195,0.011881298660463058,0.00085858,0.000864261,0.006616739267162108,0.001000966,0.000993883,0.007076164425165232,0.001135247,0.001135777,0.00046685875408591926,1.129623594142404,1.2860213453089857,3.252934694689064
1,4,f64,abcijk-ikmb-mjac,0.000889178,0.0008375,0.05811884684506363,0.000778161,0.000812815,0.04453320071296307,0.00086328,0.000884017,0.02402117505328505,0.001164281,0.001156084,0.0070403966052869915,1.0123236566592586,1.3444258000657394,3.164188247694258
1,4,f64,abcijk-ikmc-mjab,0.000825359,0.000830888,0.006698903143965262,0.00078841,0.000784622,0.004804606740147932,0.000919665,0.000903103,0.018008731440252612,0.00139436,0.001382156,0.00875240253593046,1.1005018647306444,1.676383202330298,3.3762480422891956
1,4,f64,abcijk-jkma-mibc,0.0008691,0.000877686,0.009879185364169762,0.00086402,0.000872105,0.009357422281891736,0.000980628,0.000924473,0.057264324494099794,0.00101386,0.001016164,0.0022725031069377177,1.0901714397239723,1.162161372915002,3.2743276858458317
1,4,f64,abcijk-jkmb-miac,0.000852519,0.000790573,0.07266231016552127,0.000797367,0.000786546,0.01357091527489862,0.000897954,0.000877064,0.023263997933078984,0.001912395,0.001907936,0.0023316312791028526,1.0809849932269218,2.326739049447774,3.321799725884446
1,4,f64,abcijk-jkmc-miab,0.000797036,0.000815169,0.02275054075349181,0.000830408,0.000795422,0.04213109700291917,0.000934592,0.000982091,0.05082324693556117,0.001409137,0.001370744,0.027245753961467223,1.188568177883562,1.7242172644234603,3.457267120448789
1,4,f64,abcs-rc-abrs,0.000102692,8.9326e-05,0.1301561952245549,8.4828e-05,8.7964e-05,0.03696892535483576,0.000141053,0.000129301,0.08331620029350684,0.000228185,0.000229949,0.007730569494050821,1.410051114244629,2.391674423653759,3.081399325497365
1,4,f64,abj-bka-kj,0.000301261,0.000302934,0.005553324193971365,0.00030038,0.000301311,0.003099407417271438,0.000355072,0.000367565,0.03518441330209088,0.000468043,0.000462352,0.012159139224387494,1.1958585752956403,1.5398690179966195,3.7322186239633175
1,4,f64,abjc-cbka-kj,0.000253052,0.000219208,0.13374326225439814,0.000216063,0.000221673,0.02596464919953889,0.000282146,0.000297425,0.05415281450029408,0.000285001,0.000291624,0.023238514952579115,1.2299645575002849,1.2240572662806373,2.643585408602427
1,4,f64,abjc-kbac-jk,0.000383445,0.00010159,0.735059786931633,0.000100057,9.7101e-05,0.029543160398572743,0.000161561,0.000152724,0.054697606476810656,0.00023619,0.000231762,0.018747618442779168,0.7958750528043874,1.1854270917033873,1.6928950601237733
1,4,f64,abjcd-dkbac-jk,0.001283433,0.001302417,0.014791578524161242,0.001231075,0.00120164,0.023909997360030966,0.001373781,0.001339126,0.02522600035959155,0.002089326,0.00208725,0.0009936218665731467,1.0490781576170516,1.6152089417935926,2.398115497484018
1,4,f64,abrs-qb-aqrs,8.6782e-05,8.7483e-05,0.00807771196791962,8.596e-05,8.6952e-05,0.01154025127966496,0.00013945,0.00013457,0.03499462172821799,0.000231401,0.000228726,0.011560019187471071,1.5721961350725153,2.640363509345967,3.3085416352713364
1,4,f64,adbjc-cbdka-kj,0.005271018,0.005399803,0.024432661774253184,0.005238607,0.005198708,0.00761633770198844,0.005520313,0.005522151,0.0003329521351416176,0.002566796,0.002517601,0.01916591735377493,1.0349033263253562,0.47648904540939474,1.5237122190943948
1,4,f64,ajb-kba-jk,0.000228426,0.000241901,0.05899065780602908,0.000229488,0.000233716,0.018423621278672586,0.000291383,0.000300029,0.029672286989975483,0.000339212,0.000340033,0.002420315319033639,1.2578305052752063,1.4447893712136102,3.7932699053692693
1,4,f64,ajbc-ckba-jk,0.000144439,0.000148086,0.025249413247114605,0.000134551,0.000144079,0.07081329756003285,0.000221624,0.000208349,0.05989874742807633,0.000251338,0.000256208,0.019376298052821372,1.4692810149454125,1.7351066844488148,3.1447342597020875
1,4,f64,ajbdc-ckbad-jk,0.001222589,0.001223951,0.0011140293262903445,0.001187865,0.00121804,0.0254027183223684,0.001372118,0.001393727,0.015748645524656046,0.001966046,0.001951967,0.007161073545583374,1.1304785590558044,1.6014405287830165,2.4580615903444127
1,4,f64,aqrs-pa-pqrs,0.00011797,0.00023572,0.9981351190980758,9.104e-05,9.5548e-05,0.04951669595782082,0.000181238,0.000120835,0.33327999646873163,0.000212126,0.000211765,0.0017018187303773358,0.8874359087164175,1.2709838633482933,1.1648388099618285
1,4,f64,ij-ik-kj,0.000744288,0.00074066,0.004874457199363635,0.000802646,0.000801153,0.0018600977267686503,0.000908764,0.000899716,0.00995638031436108,0.001027365,0.00101966,0.007499768826074504,1.2178626883535226,1.3785106337867,3.900258283353306
1,4,f64,ij-ikl-ljk,0.000436634,0.00042921,0.017002798682649423,0.000458886,0.000440661,0.03971574639452924,0.000537152,0.000534046,0.005782348385559355,0.000730192,0.000737173,0.00956049915638646,1.2372123331888172,1.6947652642104192,1.7009980545607222
1,4,f64,ij-kil-lkj,0.000626528,0.000628681,0.0034363986924765832,0.000622441,0.000629132,0.010749613216352927,0.000743205,0.000737194,0.00808794343418029,0.001015814,0.001015623,0.00018802654816740816,1.1793963986575535,1.618407754694896,1.7802625419349314
1,4,f64,ijk-ikl-lj,0.000248323,0.000249185,0.0034712853823448686,0.000250738,0.000247932,0.011190964273464776,0.000331949,0.000329444,0.007546339949811465,0.000403032,0.000403542,0.0012654082058001226,1.3294042486611894,1.621230310754487,2.664538482792137
1,4,f64,ijk-il-jlk,0.000258342,0.000653999,1.531524103707489,0.000242291,0.000238595,0.015254384190910963,0.000301512,0.000298427,0.010231765236541124,0.000363287,0.000369649,0.017512324966211246,0.7297688244222366,0.8915252452613749,1.6124155072517432
1,4,f64,ijk-ilk-jl,0.00023577,0.000211825,0.10156084319463876,0.000228176,0.000206545,0.09479962835705769,0.000309467,0.000271216,0.12360283972119801,0.000352757,0.000317612,0.09962948998885912,1.296378877945294,1.497798503216095,2.7638695838052207
1,4,f64,ijk-ilk-lj,0.000218427,0.000189674,0.13163665664043356,0.000214169,0.00018785,0.12288893350578278,0.000279561,0.000239616,0.14288473714144678,0.000344262,0.000299127,0.13110654094846375,1.2715666755396575,1.5765773734601074,3.2727507214774274
1,4,f64,ijk-ilmk-mjl,9.0669e-05,7.6412e-05,0.15724227685316916,8.1632e-05,7.7023e-05,0.05646070168561346,0.000143498,0.000138067,0.0378472173828206,0.000184113,0.000173423,0.05806216834226807,1.6910547622968617,2.146769310910112,3.117696667322331
1,4,f64,ijkl-imjn-lnkm,0.001005024,0.000995566,0.009410720540006912,0.00098685,0.000989174,0.002354967826923904,0.001071568,0.001134053,0.05831174503157999,0.001248087,0.001282581,0.027637496424528285,1.1020550759360919,1.2648574590840556,3.819376878301166
1,4,f64,ijkl-imjn-nlmk,0.000957886,0.00098711,0.03050884969610168,0.000958217,0.000964637,0.006699943749693293,0.001037143,0.001048413,0.010866389687825162,0.001229332,0.001224582,0.003863887054107451,1.0723728996838973,1.261795110990327,3.865395863662968
1,4,f64,ijkl-imkn-jnlm,0.000967123,0.000970068,0.003045114220218137,0.000960621,0.000964788,0.004337818973351615,0.001055578,0.001084551,0.027447521642171457,0.00119649,0.001231986,0.029666775317804595,1.104658934544469,1.2534744261959707,3.872941492956526
1,4,f64,ijkl-imkn-njml,0.000971772,0.000956282,0.015939952993088813,0.000951404,0.000953798,0.002516281201256243,0.001032515,0.001058503,0.025169610126729358,0.001220866,0.001227547,0.0054723450403240115,1.084473764688932,1.2699244445512248,3.8878998178462996
1,4,f64,ijkl-imln-jnkm,0.000964278,0.000982251,0.01863881577719284,0.000971631,0.000965048,0.006775205813729701,0.001063573,0.001103597,0.03763164352611437,0.00118522,0.001233088,0.040387438618990634,1.1132085632679032,1.2421789126105427,3.8462695852684994
1,4,f64,ijkl-imln-njmk,0.000954229,0.000953337,0.0009347860943232922,0.000951464,0.000951713,0.00026170196665353807,0.00102963,0.001037374,0.007521148373687669,0.001209956,0.001209514,0.0003653025399270593,1.08357441867953,1.2683546593659834,3.9144000429209567
1,4,f64,ijkl-imnj-nlkm,0.000958287,0.00097646,0.01896404730524348,0.000956494,0.000977572,0.022036729974260094,0.001042554,0.001061508,0.01818035324788947,0.001209636,0.001208272,0.0011276119427662268,1.0875165834827072,1.2497831941452437,3.8759609409994713
1,4,f64,ijkl-imnk-njml,0.000953628,0.000950692,0.003078768660316089,0.000952376,0.000950321,0.0021577612203583785,0.00102967,0.001033866,0.0040750920197731855,0.001210998,0.00121272,0.0014219676663380643,1.0836068446718685,1.272748418801115,3.9114227726643658
1,4,f64,ijkl-minj-nlmk,0.00118008,0.001179138,0.0007982509660362513,0.001183046,0.001174669,0.007080874285530836,0.001274376,0.001283522,0.007176845766084794,0.001482474,0.001494245,0.007940105526302643,1.0842075012416625,1.261729930784199,3.909789053873989
1,4,f64,ijkl-mink-jnlm,0.001172336,0.001172555,0.00018680651280877925,0.001151687,0.001157618,0.005149836717788903,0.001236505,0.001257513,0.016989822119603204,0.00148603,0.00147568,0.006964866119795632,1.0635588308292416,1.263040341018894,3.87950867135911
1,4,f64,ijkl-minl-njmk,0.001167557,0.001172425,0.004169389588688066,0.001165994,0.001166013,1.6295109580344302e-05,0.00126563,0.001292098,0.020912905035436857,0.001457087,0.001451816,0.0036174916116881173,1.092998400048089,1.2431311519162611,3.9217177885783703
1,8,f64,abc-bk-akc,9.5118e-05,9.6219e-05,0.01157509619630348,9.3084e-05,9.3845e-05,0.008175411456318837,0.000251619,0.000251409,0.0008345951617325653,0.000154338,0.000152615,0.01116380930166272,2.6290591173498292,1.6042545143715337,6.4430672045864625
1,8,f64,abcijk-eiab-jkec,0.000559373,0.000576274,0.03021418624066574,0.000497568,0.000503699,0.012321933886423553,0.00064902,0.000687151,0.058751656343410064,0.000957586,0.000922289,0.03686039687297016,1.1762235450729888,1.6552254134603204,4.893616622965852
1,8,f64,abcijk-eiac-jkeb,0.000576064,0.000559272,0.029149538940117847,0.000470989,0.000476899,0.012548063755204453,0.000671162,0.000692581,0.03191330856037733,0.001106073,0.001073531,0.029421204567872117,1.2011633155385693,1.9197836303199083,4.769111711458083
1,8,f64,abcijk-eibc-jkea,0.000656804,0.00060661,0.07642158086735151,0.000544074,0.000584098,0.07356352260905696,0.000800453,0.000819878,0.02426750852329862,0.000634793,0.00066006,0.03980352650391539,1.283423117284883,1.0254986543986444,4.491863752736079
1,8,f64,abcijk-ejab-ikec,0.000517204,0.000569531,0.10117284475758126,0.000475096,0.000477691,0.005462053984878867,0.000609086,0.000632529,0.0384888176710676,0.000969257,0.000965289,0.004093857459889327,1.1436415039002101,1.782208580101798,5.133256574879898
1,8,f64,abcijk-ejac-ikeb,0.000531421,0.000575572,0.08308102239091042,0.000462132,0.000503007,0.08844875490119697,0.000598346,0.000646795,0.0809715448920858,0.000751441,0.000715193,0.04823798541735147,1.124838927397686,1.3255309902691552,4.940618058456176
1,8,f64,abcijk-ejbc-ikea,0.00063276,0.000631918,0.0013306782982489551,0.000568369,0.000565123,0.005711078542285142,0.000819228,0.000795763,0.028642819825494215,0.000677533,0.000677603,0.00010331600084434456,1.2768632660854191,1.0715267431985895,4.522729002032833
1,8,f64,abcijk-ekab-ijec,0.000545777,0.00057441,0.05246281906346373,0.000456031,0.000473262,0.03778471200422784,0.000708862,0.000681891,0.03804830841546025,0.000856507,0.000817874,0.04510529394389062,1.2417086776068142,1.4948239538503691,5.0248868677770755
1,8,f64,abcijk-ekac-ijeb,0.000504661,0.000530178,0.05056265493073564,0.000449468,0.000486898,0.08327622878603136,0.000603064,0.000640944,0.06281257047344879,0.001100161,0.001115078,0.013558924557405705,1.201935110889026,2.1412630520870657,5.298615911443907
1,8,f64,abcijk-ekbc-ijea,0.000601211,0.00065476,0.08906856328310675,0.000514058,0.000584699,0.13741834578977485,0.00083093,0.000836719,0.006966892518021961,0.000672835,0.000689835,0.02526622426003411,1.3289771258207725,1.0858563390432319,4.5587042588431785
1,8,f64,abcijk-ijma-mkbc,0.000507085,0.000489052,0.03556208525197946,0.000476999,0.000502356,0.05315944058582933,0.000750589,0.000785093,0.04596923216300808,0.000674537,0.00068165,0.010545010874125404,1.5415007795190143,1.3616506768775283,5.718620952378343
1,8,f64,abcijk-ijmb-mkac,0.000543984,0.000556327,0.022690005588399842,0.000474975,0.000458234,0.035246065582398955,0.00063799,0.000626518,0.017981473063841125,0.001086927,0.001097636,0.009852547595192718,1.1492528255931544,1.9855061095083213,4.953580045811856
1,8,f64,abcijk-ijmc-mkab,0.000554443,0.000586202,0.057280910751871694,0.000476979,0.000505462,0.05971541724059137,0.000649822,0.000677963,0.0433057052546697,0.000789041,0.000776657,0.015695001907378603,1.164254972162017,1.3731320859510512,4.916356357973759
1,8,f64,abcijk-ikma-mjbc,0.000636487,0.000578458,0.091170754469455,0.000622981,0.000586713,0.05821686375667956,0.00083109,0.000817063,0.016877835132175778,0.000693463,0.000662435,0.04474355517165296,1.3580667481557624,1.116998519641418,4.733563408816225
1,8,f64,abcijk-ikmb-mjac,0.00052029,0.000530558,0.019735147706086975,0.000478672,0.000454978,0.049499448474111696,0.000623382,0.000671261,0.07680523338819545,0.000721575,0.00078851,0.09276236011502603,1.2312143359371024,1.4356717958893932,5.197085986423195
1,8,f64,abcijk-ikmc-mjab,0.000529898,0.000523235,0.012574118037810944,0.000478071,0.000473172,0.01024743186681476,0.000687031,0.000636527,0.07351051117052931,0.000971261,0.000989014,0.018278300065585062,1.2558912892971423,1.8613355034221044,5.3098530332231695
1,8,f64,abcijk-jkma-mibc,0.000618193,0.000597373,0.03367880257460043,0.000564081,0.000502226,0.10965623731343543,0.000832722,0.000855113,0.026888925715905065,0.000636948,0.00066038,0.036787932452884586,1.388599285492617,1.0672449507652324,4.7058899248195845
1,8,f64,abcijk-jkmb-miac,0.00055221,0.000556056,0.006964741674363006,0.000482399,0.000469846,0.026022027408846182,0.000602112,0.000669197,0.11141614849064618,0.00099256,0.001102294,0.11055654066252929,1.145524111605521,1.8876249418434299,4.921359242526587
1,8,f64,abcijk-jkmc-miab,0.000559484,0.000560655,0.002092999978551724,0.000494281,0.000519789,0.05160627254537409,0.00065972,0.000637468,0.033729460983447646,0.000903585,0.000941194,0.04162198354333024,1.1578900823588953,1.6465783316685334,4.975698392150758
1,8,f64,abcs-rc-abrs,5.5954e-05,5.5283e-05,0.011991993423169034,5.4912e-05,5.5243e-05,0.006027826340326392,0.000172161,0.000156462,0.09118789969853791,0.000158675,0.000159498,0.005186702379076813,2.9509405243922338,2.860358733308659,5.306325197132644
1,8,f64,abj-bka-kj,0.000163955,0.000163795,0.0009758775273702724,0.000161351,0.0001613,0.0003160810902939071,0.000263501,0.000253673,0.0372977711659539,0.000257039,0.000256217,0.0031979582864856138,1.5776679514464034,1.5659966527088705,6.880181404883774
1,8,f64,abjc-cbka-kj,0.00017179,0.000163896,0.04595145235461906,0.00016091,0.000158365,0.015816294823193133,0.000269743,0.000247311,0.08316063808884755,0.000192599,0.000193461,0.00447562033032356,1.539266052299017,1.1503781150424224,3.710592957174628
1,8,f64,abjc-kbac-jk,6.2066e-05,0.000399815,5.4417716624238714,6.1825e-05,6.0743e-05,0.01750101091791345,0.000178633,0.000158496,0.11272833127137771,0.000160269,0.000162543,0.014188645340022177,1.0681532807681127,1.0245955816877306,2.1210486846933065
1,8,f64,abjcd-dkbac-jk,0.001041602,0.001073871,0.030980163248534476,0.000947256,0.000951904,0.004906804496355832,0.001088229,0.001131298,0.03957714782458477,0.001520274,0.001547784,0.018095422272564,1.0491116204488098,1.4504045409683706,2.9316003505531114
1,8,f64,abrs-qb-aqrs,5.4662e-05,5.6616e-05,0.035746954008269105,5.4281e-05,5.5083e-05,0.014774967299791886,0.000168684,0.000156652,0.07132863816366708,0.000157434,0.000158144,0.0045098263399265814,2.9220831316163927,2.836372554928321,5.182041840678689
1,8,f64,adbjc-cbdka-kj,0.003189747,0.003162003,0.008697868514336737,0.003160433,0.003061676,0.03124793343190624,0.003374471,0.003350844,0.007001690042676367,0.002053409,0.002141451,0.042876017393514765,1.0588164920505763,0.6602866911947558,2.559645963677228
1,8,f64,ajb-kba-jk,0.000147906,0.000131565,0.11048233337389968,0.00012871,0.000126255,0.01907388703286461,0.00022027,0.000224729,0.02024333772188691,0.000197769,0.000198099,0.0016686133822791938,1.5949392819298072,1.4189175793574595,6.39208091157895
1,8,f64,ajbc-ckba-jk,9.4876e-05,9.2512e-05,0.024916733420464632,9.2763e-05,8.9216e-05,0.03823722820521125,0.000234006,0.000201075,0.14072716084202974,0.000179715,0.000178673,0.005798069165066977,2.3153428908853297,1.9126892198506844,4.909146261593268
1,8,f64,ajbdc-ckbad-jk,0.000971631,0.000961011,0.01093007530636636,0.000987611,0.000965409,0.02248051105141602,0.001156736,0.001213812,0.04934228726347256,0.001438963,0.001464719,0.017899000877715343,1.2262470586202785,1.5024053120635736,3.1117174666903686
1,8,f64,aqrs-pa-pqrs,3.9684e-05,3.5787e-05,0.09820078621106743,5.1746e-05,5.4181e-05,0.04705677733544622,0.000115996,0.000127347,0.09785682264905682,0.000146674,0.000149859,0.021714823349741508,3.225117180123951,3.9341201192933637,5.15441605128442
1,8,f64,ij-ik-kj,0.000409905,0.000411557,0.004030202120003379,0.000419993,0.000421074,0.002573852421349887,0.000613284,0.000630996,0.02888058387305059,0.00060597,0.000605859,0.00018317738501894,1.5145636032536711,1.4752130292499985,7.050448058863342
1,8,f64,ij-ikl-ljk,0.000302765,0.00031117,0.027760804584413767,0.000304318,0.000303927,0.0012848402000538162,0.000399365,0.000404634,0.01319344459329197,0.000588378,0.000586873,0.002557879458443324,1.309677879445413,1.914470079507024,2.3990859856046196
1,8,f64,ij-kil-lkj,0.000436144,0.000433317,0.006481804174767958,0.00043451,0.000438708,0.00966145773399929,0.000566767,0.000553271,0.023812254418482337,0.000807786,0.000808527,0.0009173221620577543,1.2881113775853248,1.8589923802542134,2.5701096309338305
1,8,f64,ijk-ikl-lj,0.000143778,0.000142386,0.00968159245503497,0.000136635,0.000137386,0.005496395506275897,0.00025724,0.000275534,0.07111646711242425,0.000236601,0.000239196,0.010967831919560744,1.8607026881030224,1.6626673952896653,4.63245867885403
1,8,f64,ijk-il-jlk,0.000136485,0.000131525,0.03634098985236456,0.000127989,0.000130233,0.01753275672128063,0.000226964,0.000230841,0.017082004194497902,0.000216704,0.000213468,0.014932811577082039,1.7083952082612104,1.6052890274120002,4.946709421139973
1,8,f64,ijk-ilk-jl,0.000132377,0.000129912,0.01862105954961968,0.000131615,0.000132256,0.004870265547240127,0.000352206,0.000346296,0.016779952641351903,0.000212876,0.000211534,0.006304139499051065,2.6631229111093186,1.6181640175267067,4.709985000725417
1,8,f64,ijk-ilk-lj,0.000140712,0.000141063,0.0024944567627493974,0.000137756,0.000137015,0.0053790760475043164,0.000249696,0.000250046,0.001401704472638876,0.000233856,0.00023596,0.008996989600437821,1.7735507591635817,1.6673290861789707,4.7282220440464435
1,8,f64,ijk-ilmk-mjl,7.8937e-05,7.6893e-05,0.02589406742085476,7.4569e-05,8.1372e-05,0.09123094047124147,0.00023044,0.000196887,0.14560406179482732,0.000156642,0.000158425,0.011382643224677969,2.7340329412598723,2.02200514581329,3.3308904087418223
1,8,f64,ijkl-imjn-lnkm,0.000855024,0.000866615,0.0135563446172271,0.000860615,0.000851577,0.010501792322931913,0.000989504,0.000988883,0.0006275871547763989,0.001054156,0.001055857,0.001613613165413863,1.149155973638872,1.2256112555103724,4.438267822372718
1,8,f64,ijkl-imjn-nlmk,0.000784443,0.000839014,0.0695665586919636,0.000780966,0.000803337,0.02864529313696118,0.000900579,0.000918211,0.01957851559940882,0.000873058,0.000907591,0.03955407315436088,1.1208999600806178,1.0972392601567127,4.633064715283477
1,8,f64,ijkl-imkn-jnlm,0.000589188,0.000593987,0.008145108182787242,0.000591994,0.000609406,0.029412460261421636,0.000695707,0.000680127,0.022394485034648248,0.000711557,0.000707909,0.005126785345376472,1.1627672149302468,1.1997151634988175,6.341141799838577
1,8,f64,ijkl-imkn-njml,0.00061159,0.000609697,0.003095210843865992,0.000604608,0.000585952,0.030856356515295724,0.000690858,0.000685257,0.008107310040558313,0.000695898,0.000698191,0.0032950231212045544,1.1267664803955846,1.141491548581796,6.137662873379572
1,8,f64,ijkl-imln-jnkm,0.000594068,0.000613213,0.03222695045011692,0.000589228,0.000588146,0.001836301058333989,0.00069198,0.000692981,0.0014465736003930196,0.000708341,0.000697871,0.014781016487821597,1.147317660322751,1.1648902482457755,6.201951039558612
1,8,f64,ijkl-imln-njmk,0.000594248,0.00058459,0.016252473714678195,0.00058998,0.00060642,0.02786535136784285,0.000689245,0.00068676,0.0036053943082647866,0.000697501,0.000698772,0.0018222196097208432,1.1672926547916342,1.1844878467698639,6.334395589911061
1,8,f64,ijkl-imnj-nlkm,0.000595871,0.000614155,0.030684493791441447,0.000594529,0.000598305,0.006351246112468845,0.000704894,0.000704813,0.0001149108944039634,0.000698783,0.000703852,0.007254040238529047,1.1651550964585913,1.1593023580017268,6.197824838923022
1,8,f64,ijkl-imnk-njml,0.000602263,0.00058981,0.020677013198552863,0.000585282,0.000587655,0.004054455800793333,0.000684386,0.000680859,0.005153524473031301,0.000700025,0.000698502,0.0021756365844075587,1.1453283014148679,1.1732523823794256,6.24877690009515
1,8,f64,ijkl-minj-nlmk,0.000732395,0.000727826,0.00623843690904502,0.000732215,0.000723598,0.011768401357524882,0.000849163,0.000846217,0.0034692985916719987,0.000855596,0.000858069,0.0028903828442394808,1.1610473618596748,1.173570031163257,6.316913077661193
1,8,f64,ijkl-mink-jnlm,0.000715885,0.000718409,0.0035257059443905003,0.000706458,0.000704253,0.003121204657601795,0.000809449,0.000817023,0.009356982342309417,0.000842601,0.000845876,0.00388677440449281,1.1339773319195992,1.1772178076786983,6.342520441229292
1,8,f64,ijkl-minl-njmk,0.000726003,0.000724801,0.0016556405414303033,0.00071854,0.000723108,0.00635733570852004,0.000831591,0.000832391,0.0009620113733794788,0.000839625,0.000838753,0.001038558880452567,1.14693809693639,1.1568608506144629,6.325273659236062
1,1,c64,abc-bk-akc,0.002394845,0.002391767,0.0012852606327341531,0.002440601,0.002435278,0.002181020166754144,0.002488159,0.002500009,0.0047625573767591245,0.003093919,0.003113232,0.006242244868078339,1.0421055551892215,1.2967673665469255,1.0
1,1,c64,abcijk-eiab-jkec,0.010376437,0.010353966,0.002165579572256049,0.010425488,0.010327776,0.009372414989111233,0.010688028,0.010690783,0.00025776504328023364,0.012254359,0.012409667,0.012673694315630923,1.031278715725023,1.1897285113940514,1.0
1,1,c64,abcijk-eiac-jkeb,0.010349177,0.010253598,0.009235420362411428,0.010266943,0.010265611,0.00012973676779948207,0.01047993,0.010529122,0.004693924482320089,0.015338639,0.015404247,0.0042773025690219235,1.019727705898893,1.49218475740151,1.0
1,1,c64,abcijk-eibc-jkea,0.010754442,0.01068383,0.006565845071273779,0.010755934,0.010751576,0.00040517169406206754,0.011042929,0.011105486,0.0056648919865371905,0.012620671,0.012539678,0.006417487628034957,1.0331264943640384,1.1736186161526203,1.0
1,1,c64,abcijk-ejab-ikec,0.01046907,0.010471995,0.00027939444477875774,0.010451347,0.010481844,0.002917997077314549,0.010607197,0.010672569,0.006162985376815255,0.012832757,0.012868431,0.002779917051339842,1.0161692251609158,1.2273092840514042,1.0
1,1,c64,abcijk-ejac-ikeb,0.010266803,0.010271011,0.0004098646871864009,0.010266823,0.010280869,0.0013680960507451712,0.010492092,0.010502612,0.0010026599080525944,0.013288396,0.013292892,0.00033834030834123396,1.0222461750313359,1.2942608292056703,1.0
1,1,c64,abcijk-ejbc-ikea,0.010825585,0.010786903,0.003573201817730909,0.010783777,0.010802051,0.0016945825196497122,0.011017242,0.011087182,0.006348231254246661,0.013740089,0.013795749,0.0040509199030660525,1.0227581737206048,1.274070150979871,1.0
1,1,c64,abcijk-ekab-ijec,0.010461907,0.010515677,0.0051395983542961154,0.010510658,0.010530515,0.0018892252035980217,0.010619711,0.010612928,0.0006387179462793435,0.011972352,0.011914815,0.004805822615305599,1.0121617278096497,1.1387000607610318,1.0
1,1,c64,abcijk-ekac-ijeb,0.010343395,0.010313049,0.002933852956403582,0.010274407,0.010296147,0.0021159372020205236,0.010421521,0.010536907,0.011071896319164942,0.013931204,0.013873905,0.004112996981452621,1.014605078514081,1.3460729235561972,1.0
1,1,c64,abcijk-ekbc-ijea,0.010750464,0.010740145,0.0009598655462684791,0.010733142,0.010729976,0.000294974202335041,0.011086621,0.011091309,0.0004228520123490398,0.013792055,0.013838269,0.0033507697003818393,1.0319824841240164,1.2856912773751836,1.0
1,1,c64,abcijk-ijma-mkbc,0.010757176,0.010723003,0.0031767631207298974,0.010743321,0.010731349,0.0011143667772749444,0.011074248,0.011081942,0.0006947650079716094,0.013868408,0.013757789,0.007976330087779426,1.0314726289144145,1.2861164002893926,1.0
1,1,c64,abcijk-ijmb-mkac,0.010342073,0.010352853,0.0010423442186107135,0.010289855,0.010313239,0.002272529593468464,0.010567192,0.010578844,0.0011026581139057523,0.013798697,0.013881329,0.005988391512618874,1.021798080291887,1.3375214009526888,1.0
1,1,c64,abcijk-ijmc-mkab,0.010459171,0.010482124,0.002194533390839526,0.010532237,0.010509895,0.002121296738764933,0.010685043,0.010654666,0.002842945975977784,0.011949229,0.011952213,0.0002497232248206416,1.0190248596139402,1.1413552108796028,1.0
1,1,c64,abcijk-ikma-mjbc,0.010747689,0.010762026,0.0013339611892380088,0.010763769,0.010734154,0.0027513596770796234,0.011032781,0.011015308,0.001583734871561493,0.013834043,0.013771204,0.004542345285467153,1.0250292472039662,1.2833820257703201,1.0
1,1,c64,abcijk-ikmb-mjac,0.010276601,0.010284005,0.000720471681249446,0.010284786,0.010284617,1.643203854717612e-05,0.010473598,0.010542426,0.00657157167957001,0.013554131,0.01323788,0.023332443813624093,1.022144612645568,1.3029842685475022,1.0
1,1,c64,abcijk-ikmc-mjab,0.010497833,0.010507632,0.0009334307375625794,0.010524323,0.010498204,0.0024817748372032433,0.010619941,0.010640108,0.0018989747683155755,0.012926401,0.012842132,0.00651913862180209,1.0121195483284746,1.2267473257094967,1.0
1,1,c64,abcijk-jkma-mibc,0.010736989,0.01067853,0.00544463629421621,0.010756736,0.010729265,0.0025538416114330165,0.011034423,0.011057015,0.0020474110880106533,0.012622454,0.012570396,0.00412423764824188,1.0315654155282317,1.176384755238666,1.0
1,1,c64,abcijk-jkmb-miac,0.010324189,0.010287651,0.003539067330131096,0.010294985,0.01029206,0.0002841189180945447,0.010543318,0.010558637,0.0014529581674382896,0.0152155,0.015187022,0.0018716440471887585,1.0237796623017361,1.4750044843294212,1.0
1,1,c64,abcijk-jkmc-miab,0.010396775,0.010351811,0.00432480264312729,0.010439435,0.010362992,0.007322522722733593,0.010680513,0.010717323,0.003446463667054145,0.012234521,0.012345317,0.009056014534610801,1.031292184611671,1.1846419800969394,1.0
1,1,c64,abcs-rc-abrs,0.001083239,0.001088749,0.005086596771349594,0.001120399,0.001104488,0.014201190825768317,0.00112637,0.001136218,0.00874313058763998,0.001527929,0.001535451,0.0049230036212415396,1.0417064221865995,1.4104040272580165,1.0
1,1,c64,abj-bka-kj,0.00381305,0.003806153,0.0018087882403849953,0.003806827,0.003854463,0.012513308327381178,0.003918486,0.003923401,0.0012543109762290783,0.005557322,0.005550604,0.0012088556322632504,1.0292268984818544,1.4578858864207644,1.0
1,1,c64,abjc-cbka-kj,0.001798463,0.001793993,0.0024854556362848834,0.001820965,0.001821895,0.0005107182180876801,0.001951319,0.001929546,0.01115809357670372,0.002052988,0.00190476,0.07220110395189838,1.0802656808166022,1.10091099922409,1.0
1,1,c64,abjc-kbac-jk,0.001170652,0.001172405,0.0014974561184706303,0.00118525,0.001179338,0.004987977219995887,0.001255391,0.001257072,0.0013390250527525183,0.001795227,0.001764909,0.016888114984901614,1.0723013314799383,1.5193859562465464,1.0
1,1,c64,abjcd-dkbac-jk,0.008622137,0.00867173,0.005751822315047894,0.008628538,0.008681368,0.006122705839622045,0.009293889,0.009336038,0.004535130557294265,0.01193876,0.011778019,0.013463793559800097,1.0772579621492975,1.3713723944259752,1.0
1,1,c64,abrs-qb-aqrs,0.000936847,0.000935183,0.0017761704952889978,0.000935585,0.000935594,9.619649737890867e-06,0.000980017,0.000974236,0.005898877264373881,0.001594092,0.001585004,0.00570105113130237,1.0439176837082973,1.6982015598318447,1.0
1,1,c64,adbjc-cbdka-kj,0.018346717,0.018331162,0.0008478356100438678,0.018346788,0.018306125,0.0022163552552086907,0.019038478,0.019018672,0.0010403142520111208,0.014262803,0.014089417,0.012156516499596814,1.0376049353524186,0.7729916001896292,1.0
1,1,c64,ajb-kba-jk,0.003479668,0.003410736,0.01980993589043545,0.003489967,0.003483251,0.0019243734969413007,0.003627644,0.00363323,0.0015398423880621515,0.004889838,0.004909719,0.00406577886629389,1.0538185013279568,1.4222717919616379,1.0
1,1,c64,ajbc-ckba-jk,0.001600655,0.001616843,0.010113359843314074,0.001665926,0.001680982,0.009037616316690977,0.001817679,0.001784355,0.018333270065836627,0.002039723,0.001957147,0.04048392845499116,1.119480241455811,1.2419797834425952,1.0
1,1,c64,ajbdc-ckbad-jk,0.007653871,0.00759847,0.0072382981108513045,0.007556239,0.00760894,0.006974501468256733,0.008221329,0.008498127,0.03366827917968007,0.01214305,0.012156334,0.001093959095943564,1.096046493245174,1.593167938500303,1.0
1,1,c64,aqrs-pa-pqrs,0.001245502,0.001213812,0.025443556092242137,0.001215206,0.001222358,0.005885421895547083,0.001289535,0.001295294,0.004465950904783522,0.001458268,0.001433121,0.017244429693307306,1.0511212496800626,1.1757423857482132,1.0
1,1,c64,ij-ik-kj,0.01224425,0.012246041,0.00014627274026568493,0.012262022,0.012239088,0.0018703277485555558,0.01239462,0.012396061,0.00011626011930987445,0.010429345,0.010486452,0.0054756075285649075,1.0122656780359132,0.8540412645707425,1.0
1,1,c64,ij-ikl-ljk,0.003021103,0.002997516,0.0078074133851112615,0.003000004,0.002987317,0.004228994361340832,0.003078851,0.003133148,0.017635475052219185,0.003661297,0.003695337,0.00929725176624574,1.0320987924428384,1.2223089283301571,1.0
1,1,c64,ij-kil-lkj,0.004812963,0.004767475,0.009451142674481328,0.00477294,0.004757556,0.003223170624395033,0.004873927,0.004903138,0.00599331914491108,0.005435455,0.005420091,0.002826626289795353,1.0205307491546005,1.1331065960614646,1.0
1,1,c64,ijk-ikl-lj,0.002554683,0.00258126,0.01040324768278511,0.002565614,0.002579096,0.005254882456986909,0.002664128,0.002672481,0.003135359862589171,0.003641108,0.003674808,0.009255424447722982,1.0390835558233482,1.4244582414690594,1.0
1,1,c64,ijk-il-jlk,0.0026974,0.002737451,0.014848001779491415,0.002800081,0.002834021,0.012121077925959955,0.002953697,0.002886299,0.022818183449419438,0.002968014,0.002912427,0.018728685242050847,1.0745033572342133,1.0819685651576634,1.0
1,1,c64,ijk-ilk-jl,0.002406537,0.002420811,0.005931344500417213,0.002437285,0.002454344,0.006999181466262661,0.002478681,0.002485673,0.0028208551241566404,0.003068121,0.003091211,0.0075257788072895515,1.0283846904275489,1.2759211986586667,1.0
1,1,c64,ijk-ilk-lj,0.002523485,0.002562105,0.015304232044176969,0.002562848,0.002584326,0.008380520421031656,0.00259597,0.002628227,0.012425798449134495,0.003454191,0.003457994,0.0011009813875375585,1.027264890323054,1.3592097026195518,1.0
1,1,c64,ijk-ilmk-mjl,0.000990377,0.000993681,0.0033361033222700787,0.000989856,0.000993441,0.0036217389196007144,0.001017087,0.001011305,0.005684862750187536,0.001222019,0.001247946,0.02121652772992899,1.0223423768806228,1.2448387820086484,1.0
1,1,c64,ijkl-imjn-lnkm,0.015311439,0.015336331,0.001625712645297428,0.015327518,0.015331571,0.0002644263735329666,0.015475474,0.015512779,0.0024105885221998857,0.01628338,0.016306578,0.0014246427952917529,1.0111091530051848,1.06337134782903,1.0
1,1,c64,ijkl-imjn-nlmk,0.015277044,0.015280967,0.00025679051523308516,0.015271684,0.015277862,0.0004045395386651496,0.01543592,0.015440504,0.00029696966555925464,0.016653941,0.016777315,0.007408096377908624,1.0104199489345742,1.0940184760819398,1.0
1,1,c64,ijkl-imkn-jnlm,0.015458031,0.015477322,0.0012479597175085733,0.015438334,0.015482963,0.002890791195474973,0.015699632,0.015759659,0.0038234654162592197,0.016369501,0.016301218,0.004171355009538913,1.0169348915574314,1.0560944300580752,1.0
1,1,c64,ijkl-imkn-njml,0.015288916,0.015307546,0.0012185298159790303,0.01530158,0.015308378,0.00044426784684969967,0.015493969,0.015507189,0.0008532352168768575,0.016789715,0.016723806,0.003925557997857543,1.0132269844836612,1.0953378336004673,1.0
1,1,c64,ijkl-imln-jnkm,0.015399773,0.01545454,0.0035563511228378086,0.015421553,0.015429103,0.0004895745584119204,0.015702858,0.015823177,0.007662235753516988,0.016461633,0.016448843,0.0007769581547589777,1.0217649333121679,1.0666426233583284,1.0
1,1,c64,ijkl-imln-njmk,0.015258169,0.015292469,0.0022479761496938533,0.015262677,0.015278162,0.0010145664485987638,0.015477468,0.015477494,1.679861331371768e-06,0.01648157,0.016522701,0.002495575360842439,1.0132351903612922,1.0803134838548643,1.0
1,1,c64,ijkl-imnj-nlkm,0.015268338,0.015251672,0.0010915398912441088,0.015252308,0.015269055,0.001097997758765512,0.015410293,0.01544399,0.0021866553737817096,0.016419114,0.016310676,0.006604375851218203,1.010952132695968,1.0723985753877248,1.0
1,1,c64,ijkl-imnk-njml,0.015336044,0.015334807,8.065965381942597e-05,0.015308022,0.015286398,0.001412592691596548,0.015502485,0.015553144,0.003267798678727951,0.016529409,0.016441791,0.005300733982684935,1.012544050599937,1.0749973519851492,1.0
1,1,c64,ijkl-minj-nlmk,0.018912112,0.018969771,0.0030487869361179865,0.018888648,0.018971415,0.004381838234266189,0.019215307,0.019231469,0.0008411002749006968,0.020425694,0.020201997,0.010951745385003875,1.0149130426803807,1.0724683938102197,1.0
1,1,c64,ijkl-mink-jnlm,0.018671523,0.018644014,0.0014733131303750202,0.018722888,0.018674682,0.00257470962812989,0.019122584,0.019125752,0.00016566798712958075,0.019993689,0.019769021,0.011236945818252853,1.0249978785536253,1.065563818307284,1.0
1,1,c64,ijkl-minl-njmk,0.018873379,0.01887774,0.0002310662017650511,0.018860946,0.018861079,7.051608121866337e-06,0.019198205,0.019234775,0.0019048655850897322,0.020156723,0.019959936,0.00976284686751916,1.018061553560144,1.0626486756162405,1.0
1,4,c64,abc-bk-akc,0.000622731,0.000628491,0.009249579674048825,0.000627009,0.000628591,0.00252308978021043,0.000682523,0.000678735,0.005549996117346967,0.000771258,0.000777148,0.0076368737828327315,1.0879501429188279,1.2375191649863946,3.825589488189839
1,4,c64,abcijk-eiab-jkec,0.002746622,0.002745636,0.00035898642041032325,0.002765897,0.002757909,0.0028880323453838175,0.002911578,0.002920964,0.0032236814538368908,0.003587459,0.003783,0.05450682502573545,1.0619556732019884,1.3415001215627356,3.774475116643913
1,4,c64,abcijk-eiac-jkeb,0.002712026,0.00269357,0.006805244492493867,0.002674818,0.002713106,0.014314244931804776,0.002816371,0.00283892,0.008006402565571058,0.004304306,0.00445378,0.034726620272815145,1.0461897277690646,1.6199622414520578,3.8113601868054063
1,4,c64,abcijk-eibc-jkea,0.002896801,0.003349732,0.15635557982754067,0.002892172,0.002912177,0.00691694684825106,0.003006125,0.002999801,0.00210370493575629,0.003308578,0.003329535,0.006334141132534832,0.964018522728996,1.0654869114811383,3.4410664825874395
1,4,c64,abcijk-ejab-ikec,0.002725421,0.002753973,0.010476179643438499,0.002709603,0.003844885,0.4189846261611019,0.002829186,0.002834743,0.0019641691991971744,0.003621592,0.003573139,0.013378922860443732,1.03369153050112,1.3130403693065236,3.821836703375539
1,4,c64,abcijk-ejac-ikeb,0.002692149,0.002701124,0.0033337679303782064,0.002676371,0.002669755,0.002472004068195366,0.00280516,0.002853218,0.017131999600735748,0.003677046,0.00372902,0.01413471574736902,1.049118364042766,1.3731724467947761,3.8080479156658678
1,4,c64,abcijk-ejbc-ikea,0.00289119,0.002952763,0.021296767075148937,0.002879068,0.002971708,0.032177079527124786,0.003037654,0.003061906,0.007983792755857033,0.003669702,0.003680139,0.0028441001476413597,1.0437884035175364,1.2577516589944997,3.698464566136706
1,4,c64,abcijk-ekab-ijec,0.002743205,0.002718045,0.009171753478139588,0.002716545,0.002757248,0.014983370420883935,0.002828043,0.002840073,0.004253824994881583,0.003390992,0.003400697,0.0028619943662504532,1.0378875506528242,1.2436263020607101,3.8411971087105017
1,4,c64,abcijk-ekac-ijeb,0.002677583,0.00266646,0.00415411959218448,0.002705114,0.002692288,0.0047413898268243715,0.002784081,0.00283351,0.01775415298620997,0.003962268,0.004009953,0.012034774023362393,1.051149046034478,1.4917723632684672,3.8653256444923474
1,4,c64,abcijk-ekbc-ijea,0.002931055,0.002984192,0.018128967214876557,0.002886182,0.003256649,0.12835884916474427,0.002994252,0.003038733,0.01485546306723684,0.003639416,0.003653388,0.0038390774783647608,1.019917586570843,1.2329298980399697,3.6332335185087214
1,4,c64,abcijk-ijma-mkbc,0.002934972,0.002855231,0.027169254084877137,0.002900598,0.002883865,0.005768810431504012,0.00298718,0.003065192,0.026115600666849703,0.003643683,0.003650643,0.001910155191875873,1.045290327823906,1.2598892471604073,3.7100925597342664
1,4,c64,abcijk-ijmb-mkac,0.002677903,0.002646933,0.011565019345360916,0.002690637,0.002757319,0.02478297890053538,0.002784833,0.002835094,0.018048119941123764,0.003929236,0.003965922,0.009336675119539839,1.0553934989154523,1.4827135154600413,3.886555985951782
1,4,c64,abcijk-ijmc-mkab,0.002687832,0.002728685,0.01519923864289141,0.002687281,0.002764833,0.028858909805115296,0.002821932,0.002871461,0.017551450566491322,0.00330898,0.003415715,0.032256163530755666,1.0511071042319533,1.2413953742178523,3.866299705598266
1,4,c64,abcijk-ikma-mjbc,0.002867236,0.002909582,0.014768927287464262,0.002860543,0.002872514,0.004184869795699653,0.003043685,0.003041307,0.0007812897852438327,0.003610823,0.003652167,0.01145002122784744,1.0533748902488171,1.2572782220206864,3.723553025952294
1,4,c64,abcijk-ikmb-mjac,0.00267631,0.002644778,0.011781893726810377,0.002681009,0.002692428,0.004259217331982201,0.002807965,0.002845553,0.013386206736907269,0.00367382,0.003709944,0.009832817067793265,1.0624692373050322,1.3876495331164733,3.864052929981944
1,4,c64,abcijk-ikmc-mjab,0.002687121,0.002717184,0.011187810299573275,0.002743716,0.002766045,0.008138232965802406,0.002798158,0.002831267,0.0118324269036989,0.003630539,0.003684216,0.014784857014344288,1.0416537808112867,1.3534897137082584,3.886861997019418
1,4,c64,abcijk-jkma-mibc,0.002899566,0.002883344,0.0055946303688207966,0.002893014,0.002887441,0.0019263646840285142,0.002979626,0.003009549,0.010042535539695141,0.003327595,0.003347358,0.00593912420231435,1.0356591773406516,1.1542545198717744,3.70324343098585
1,4,c64,abcijk-jkmb-miac,0.002666171,0.002714579,0.01815637481616883,0.002713539,0.002676077,0.013805587463456503,0.002841679,0.0028389,0.0009779429696317177,0.004338489,0.004503853,0.03811557433936108,1.0557651293036592,1.6431080042722617,3.8308120239010757
1,4,c64,abcijk-jkmc-miab,0.002733487,0.002742962,0.0034662685427073736,0.002757922,0.002740136,0.006449058385262552,0.002931085,0.002950358,0.006575380789025198,0.003677647,0.00379904,0.033008333861297645,1.0739477761126353,1.3650656918757582,3.7886901409239937
1,4,c64,abcs-rc-abrs,0.000279591,0.000282756,0.011320106870392976,0.000280342,0.000282126,0.006363655820390779,0.000356815,0.000347798,0.025270798593108434,0.000444509,0.000457713,0.029704685394446484,1.2529033873349558,1.604240198969388,3.862411308834467
1,4,c64,abj-bka-kj,0.001014462,0.000994072,0.020099323582352113,0.001003842,0.000998942,0.004881246251900118,0.001075756,0.00108395,0.007616968903729093,0.001588723,0.001547784,0.025768494570796774,1.075312516308419,1.5615376338408307,3.793608927395984
1,4,c64,abjc-cbka-kj,0.00047205,0.000476899,0.010272216926173083,0.000471018,0.000467231,0.008040032440373768,0.000560114,0.000541709,0.03285938219719553,0.000623733,0.000616459,0.011662041290103398,1.160951381409781,1.3069057021941963,3.7857673286031104
1,4,c64,abjc-kbac-jk,0.000318995,0.000309748,0.028987915171084122,0.000299428,0.000298777,0.0021741453705064195,0.000376311,0.000356996,0.0513272266821857,0.000532222,0.000528304,0.00736158971256351,1.1660278900024958,1.686910989187171,3.7269755468136765
1,4,c64,abjcd-dkbac-jk,0.003106923,0.00311729,0.003336741850377356,0.003128223,0.003151574,0.007464621288188145,0.003317475,0.003323043,0.0016783849162389508,0.00407049,0.004038486,0.007862444079214104,1.0668858660067357,1.3028031161440559,2.778474946161353
1,4,c64,abrs-qb-aqrs,0.000246891,0.000251739,0.01963619573009945,0.000244246,0.000245858,0.006599903376104388,0.000308886,0.000321079,0.03947411018951974,0.00047733,0.000467402,0.02079902792617261,1.2632147337053357,1.8946402867954946,3.754522888593282
1,4,c64,adbjc-cbdka-kj,0.006435068,0.006360263,0.01162458578526293,0.006520918,0.006557851,0.00566377310679278,0.006569099,0.006579311,0.0015545510883607783,0.005848805,0.005774672,0.012674896837901128,1.0276116138898,0.9084125476937829,2.8665536298005403
1,4,c64,ajb-kba-jk,0.000896011,0.001745663,0.9482606798354036,0.000890511,0.000875832,0.016483794136175733,0.000974647,0.000979145,0.004615004201521167,0.001199858,0.001185409,0.012042258333902933,0.781106597946687,0.9535910398383842,2.754584396373692
1,4,c64,ajbc-ckba-jk,0.000420143,0.000425413,0.012543348336161664,0.000427467,0.000434189,0.015725190482540174,0.000514078,0.000476277,0.07353164305805726,0.000578989,0.000629864,0.08786868144299809,1.1704163212967422,1.4284156677894588,3.805211919703451
1,4,c64,ajbdc-ckbad-jk,0.003198063,0.003131836,0.020708472597319116,0.003193133,0.003183543,0.003003319936876969,0.003423663,0.003486687,0.018408353859594273,0.003928725,0.003952786,0.006124378774284178,1.0917142334272476,1.2451866423514308,2.4096869867300224
1,4,c64,aqrs-pa-pqrs,0.000353609,0.000358468,0.013741166090229573,0.000366664,0.000352497,0.03863755372766342,0.000435782,0.000437936,0.004942838391672755,0.000402531,0.000406017,0.008660202568249398,1.227024165790315,1.135494208891358,3.453512852005371
1,4,c64,ij-ik-kj,0.003129635,0.00312313,0.0020785171433729266,0.003111812,0.003117159,0.001718291464908539,0.003257414,0.003266458,0.0027764355405852648,0.003419506,0.003440592,0.006166387776479931,1.0433575004967743,1.0971257205533445,3.9167159148834427
1,4,c64,ij-ikl-ljk,0.0017378,0.001720767,0.009801473126942128,0.001742849,0.001718382,0.01403850821270236,0.001833659,0.001837144,0.0019005714803024265,0.001493584,0.001434393,0.03963017814866798,1.0613776928381464,0.846424009617268,1.740213727445744
1,4,c64,ij-kil-lkj,0.00261189,0.002599013,0.004930146369104382,0.002577225,0.002601999,0.009612664784797609,0.002740951,0.002793886,0.019312640028953387,0.002080449,0.0020657,0.007089335042579581,1.062119321523102,0.7956654396192172,1.8385218958613414
1,4,c64,ijk-ikl-lj,0.000916739,0.000906219,0.011475458118395676,0.000900078,0.000900448,0.000411075484568979,0.000983765,0.000994323,0.010732237882014717,0.00122826,0.001224612,0.0029700552000390124,1.0851005680587915,1.3455659053930165,2.817376898736803
1,4,c64,ijk-il-jlk,0.001581749,0.001566609,0.009571682991422747,0.001620532,0.001726397,0.06532731226535482,0.001645698,0.001609119,0.022227042871778346,0.001036322,0.000948167,0.08506525963937839,1.033760798702685,0.6297101362787378,1.7262224513099214
1,4,c64,ijk-ilk-jl,0.000839024,0.00072985,0.13012023493964409,0.000843773,0.000726454,0.13904095058742105,0.000896431,0.000785424,0.1238321744785712,0.000982753,0.000870903,0.11381293163185457,1.0722758359133266,1.1822330177862574,3.084414354146884
1,4,c64,ijk-ilk-lj,0.00076698,0.000650642,0.1516832251166914,0.000757513,0.000650733,0.14096127723220597,0.000829907,0.000722897,0.1289421585792142,0.000960841,0.000891962,0.07168615827176394,1.096452591356278,1.310496522385026,3.599446799509892
1,4,c64,ijk-ilmk-mjl,0.000312052,0.000283328,0.09204876110391857,0.000298897,0.000281234,0.059093935369040174,0.000355513,0.000337068,0.051882772219300044,0.000336898,0.000325957,0.032475704812732764,1.1642018148680595,1.114477074611684,3.336303358981959
1,4,c64,ijkl-imjn-lnkm,0.004249554,0.004235202,0.0033772955938433658,0.004233033,0.006969939,0.6465590984053278,0.004398551,0.004398517,7.72981829688657e-06,0.004428858,0.004435005,0.0013879424447564848,1.0368100844604724,1.0446821981874528,3.612101955079763
1,4,c64,ijkl-imjn-nlmk,0.004230458,0.004203384,0.006399779881989143,0.00419952,0.004237476,0.009038175791518999,0.004321358,0.004349125,0.006425526420166916,0.004474192,0.004470872,0.0007420334219006008,1.0280585305869443,1.0606209452712616,3.6232796632546425
1,4,c64,ijkl-imkn-jnlm,0.004254512,0.004228831,0.00603617994261163,0.004236399,0.004231546,0.0011455483772893071,0.00436631,0.004367229,0.00021047520675354647,0.004399522,0.004387837,0.0026559703531429113,1.0294973301721433,1.0358406462268865,3.6466153417858913
1,4,c64,ijkl-imkn-njml,0.004936644,0.004179349,0.1534027975280372,0.00419408,0.004182885,0.0026692385457598444,0.004305228,0.004310272,0.0011715988096332453,0.004430671,0.004420177,0.0023684900097524775,0.9483752082067098,0.974281278325471,3.3679909016899052
1,4,c64,ijkl-imln-jnkm,0.00428558,0.004210015,0.017632385814755458,0.004250936,0.004208383,0.010010265974364385,0.00436584,0.004331693,0.007821404357466144,0.004417066,0.0044158,0.0002866155950578264,1.0238023392881253,1.0397406340613564,3.6319392543415976
1,4,c64,ijkl-imln-njmk,0.004194771,0.004162607,0.007667641451702734,0.004187638,0.004211108,0.0056045914188380674,0.004303775,0.004280548,0.0053968899396459324,0.004351864,0.00435209,5.1931769926572e-05,1.0271588948979073,1.041477178276933,3.6555538110763406
1,4,c64,ijkl-imnj-nlkm,0.004190864,0.004188466,0.0005721970457642778,0.004190473,0.004194758,0.0010225575967199863,0.004320576,0.004285377,0.008146830422610218,0.004310386,0.004322556,0.0028234130307587257,1.0270369312125922,1.0302654001437663,3.6422967826064427
1,4,c64,ijkl-imnk-njml,0.004197135,0.004182825,0.0034094686017962506,0.004197346,0.005063326,0.2063160864031699,0.004295169,0.004292049,0.0007263974944873297,0.004300048,0.004323798,0.005523194159693157,1.0247340027423728,1.0291010780554708,3.660028889644163
1,4,c64,ijkl-minj-nlmk,0.005457646,0.005219056,0.043716649998919,0.005252433,0.005256517,0.0007775444256024056,0.005405579,0.005389854,0.002909031576450838,0.005509142,0.005476847,0.005862074348419344,1.011372056682187,1.0292209741941722,3.548970586607033
1,4,c64,ijkl-mink-jnlm,0.005096312,0.005082351,0.00273943196570392,0.005091564,0.005203497,0.021984011199702058,0.00524025,0.005280161,0.0076162396832213375,0.005264836,0.005300939,0.006857383591815536,1.0335684746517626,1.0380266304897932,3.666057316227392
1,4,c64,ijkl-minl-njmk,0.005181911,0.005248742,0.01289697951199864,0.005189215,0.005175946,0.002557034156418614,0.005348212,0.005355891,0.0014358069575401977,0.005304571,0.0053497,0.008507568284032763,1.0262368007071634,1.0214503459430297,3.619322169852542
1,8,c64,abc-bk-akc,0.00032697,0.000325436,0.004691561916995379,0.000322411,0.000325587,0.009850780525478386,0.000587756,0.000583738,0.006836170111406914,0.000397782,0.000399214,0.003599961788115058,1.7956461894085591,1.2216272024906965,7.336879553574143
1,8,c64,abcijk-eiab-jkec,0.001672728,0.001686543,0.008258963800450436,0.00171598,0.001841562,0.07318383664145256,0.001896376,0.001988496,0.04857686450366394,0.00224726,0.002260362,0.005830211012521902,1.1561474176754105,1.3418509780405836,6.171150266318134
1,8,c64,abcijk-eiac-jkeb,0.001581208,0.00161553,0.021706189192060688,0.001593682,0.001616824,0.014521090154748562,0.001891897,0.00193694,0.023808378574520672,0.002891551,0.002868876,0.007841812231567102,1.1977186528735455,1.8020602286534002,6.445239136980478
1,8,c64,abcijk-eibc-jkea,0.001558446,0.001554397,0.0025981009287457946,0.001521297,0.001603248,0.05386916558699584,0.003205136,0.003051818,0.04783509966503763,0.002074989,0.002074806,8.81932386149753e-05,2.009443003323849,1.3331216853983578,6.887007744031518
1,8,c64,abcijk-ejab-ikec,0.001660666,0.001704246,0.026242483437367792,0.001784377,0.001833487,0.027522210833248906,0.001896266,0.001898639,0.001251406711927583,0.002493328,0.00261323,0.04808914029762623,1.1278816711076867,1.5172992249371495,6.223883805859843
1,8,c64,abcijk-ejac-ikeb,0.001548638,0.001520484,0.018179845774157766,0.001613819,0.001597366,0.010195071442336445,0.001914109,0.001912334,0.0009273244104698319,0.002478261,0.002485632,0.0029742630013547267,1.2468072612369914,1.617432084810698,6.6920369237700905
1,8,c64,abcijk-ejbc-ikea,0.001550972,0.001575236,0.01564438300626958,0.001565038,0.001564525,0.00032778756809737075,0.003069393,0.003015249,0.017639969857232485,0.002196776,0.002214598,0.008112798027654966,1.9463146303886623,1.4111251957866249,6.9135209129140485
1,8,c64,abcijk-ekab-ijec,0.001698146,0.001736516,0.022595230327663307,0.001651309,0.001819892,0.10209052333633517,0.001886377,0.00193179,0.024074190896093306,0.002142314,0.002139127,0.001487643734765287,1.111648010957474,1.2466166980353852,6.107973422253683
1,8,c64,abcijk-ekac-ijeb,0.001547425,0.001589031,0.02688724817034749,0.001508232,0.001598419,0.059796503455701755,0.001896066,0.001927593,0.01662758574859735,0.002728498,0.002738203,0.0035569020024934783,1.2191675819923726,1.7431054126521206,6.5864910534101275
1,8,c64,abcijk-ekbc-ijea,0.001531155,0.001540421,0.006051640754854981,0.001542246,0.001666455,0.08053773522511976,0.002882153,0.003280072,0.1380631076837351,0.00219924,0.002200592,0.000614757825430523,2.0020315193674807,1.432441135299843,6.996637657729605
1,8,c64,abcijk-ijma-mkbc,0.001531455,0.001543767,0.00803941349892745,0.001542716,0.001575726,0.021397327829620005,0.003553796,0.003319136,0.06603080199313638,0.002194933,0.002193188,0.0007950128773862586,2.233653351866495,1.4269395256272424,6.984966929481472
1,8,c64,abcijk-ijmb-mkac,0.001556131,0.001590114,0.021838135735358977,0.001597589,0.001608758,0.006991159803929614,0.001913398,0.001901844,0.006038471870462914,0.002650051,0.002689472,0.014875562772188156,1.2126986534511142,1.6971624787213215,6.578041595103768
1,8,c64,abcijk-ijmc-mkab,0.001671958,0.001684229,0.0073392991929221996,0.00184501,0.001774858,0.03802255814331623,0.001880106,0.001859135,0.011154158329370834,0.002207005,0.002113479,0.042376886323320484,1.1141236129327021,1.2870261607032827,6.239647073995228
1,8,c64,abcijk-ikma-mjbc,0.001569426,0.001567511,0.001220191331098186,0.001636211,0.001558635,0.04741197803950714,0.002931656,0.003076413,0.04937721206035084,0.002217274,0.002193648,0.01065542643804962,1.9147104310660727,1.406103963218894,6.856916230693521
1,8,c64,abcijk-ikmb-mjac,0.001553276,0.00157788,0.01584006963347151,0.001616294,0.001581097,0.02177635999391203,0.001918457,0.001906253,0.00636136228229256,0.002461109,0.002458752,0.000957698338432067,1.2215324349199652,1.5713085936669964,6.5666608287444825
1,8,c64,abcijk-ikmc-mjab,0.001679501,0.001721208,0.024832971221809386,0.001783966,0.001821454,0.021013853403035743,0.001877931,0.001887989,0.0053558943326459385,0.00246734,0.002523062,0.02258383522335783,1.1074719468713958,1.467478170897665,6.17725380696634
1,8,c64,abcijk-jkma-mibc,0.001549409,0.001582418,0.021304252137427815,0.001551633,0.001674802,0.07938024004387634,0.003278403,0.003173054,0.03213424341058746,0.002078936,0.002059838,0.009186429981490551,2.0598057039722466,1.3215799718902863,6.8383818182014995
1,8,c64,abcijk-jkmb-miac,0.001580557,0.001567622,0.008183823803886825,0.001625411,0.001618256,0.004401963564907629,0.001897118,0.001879202,0.009443798435310846,0.002887164,0.002864609,0.007812164463120053,1.1995218110366155,1.8270172458748863,6.54727116773751
1,8,c64,abcijk-jkmc-miab,0.001703466,0.001682846,0.01210473235157028,0.001841584,0.001827386,0.00770966732986389,0.001856241,0.001908427,0.028113806343034176,0.002242381,0.002287714,0.020216457417361333,1.1116447834151377,1.337724389214198,6.127291860167125
1,8,c64,abcs-rc-abrs,0.000149779,0.000147856,0.012838916002910983,0.000151873,0.000151833,0.0002633779539482628,0.000277537,0.000270404,0.025701077694145202,0.000258162,0.000261868,0.01435532727512201,1.8408655093716217,1.7471992489080832,7.297617368989396
1,8,c64,abj-bka-kj,0.000513638,0.000507566,0.01182155525876194,0.00052039,0.000510281,0.019425815253944156,0.000652828,0.000650552,0.00348637006991126,0.000838413,0.000822903,0.01849923605669279,1.2763375909332995,1.6267787479646474,7.461128791628591
1,8,c64,abjc-cbka-kj,0.000253483,0.000255667,0.008615962411680611,0.000253272,0.00024701,0.024724406961685652,0.000404885,0.0004025,0.005890561517467918,0.000351135,0.000352097,0.0027396870149658525,1.5857584313320376,1.3811996695739788,7.055850475819888
1,8,c64,abjc-kbac-jk,0.000159918,0.000162943,0.018915944421516118,0.000161301,0.000161291,6.199589587163601e-05,0.000288007,0.000275713,0.042686462481814624,0.000278539,0.000282155,0.012982024061262587,1.7456758938476367,1.7366821980456248,7.257486018533758
1,8,c64,abjcd-dkbac-jk,0.002297534,0.002298643,0.00048269144221579907,0.002287055,0.00228611,0.0004131951352285279,0.002432154,0.002449856,0.007278322014148575,0.002988752,0.002960707,0.009383515259881015,1.062182341669413,1.2944220974345972,3.762648043198202
1,8,c64,abrs-qb-aqrs,0.000135552,0.000136835,0.009465002360717678,0.000131666,0.00013414,0.018789968556802927,0.000245358,0.000265625,0.08260174928064301,0.000262349,0.000259694,0.010120107185466742,1.8744895429611315,1.9165453550939842,6.872758344915344
1,8,c64,adbjc-cbdka-kj,0.003744862,0.00379339,0.012958554948086398,0.003734583,0.003771489,0.009882227814993039,0.003913757,0.003931857,0.004624712264966968,0.00448396,0.004603759,0.02671723208949217,1.0407924404829256,1.2054674793176687,4.865668557156875
1,8,c64,ajb-kba-jk,0.000449739,0.000443917,0.012945286043683057,0.000445881,0.00044572,0.0003610828898293894,0.000559202,0.000564261,0.009046820290342428,0.00059529,0.00057923,0.02697844747937972,1.257167692550852,1.3141914995141768,7.710131653282613
1,8,c64,ajbc-ckba-jk,0.000251319,0.000265605,0.056844090578109796,0.000238855,0.000263912,0.10490464926419785,0.001442991,0.001449312,0.0043804847015676,0.00033776,0.000343891,0.018151942207484506,5.5973436403815215,1.3191182484169477,6.226614927670972
1,8,c64,ajbdc-ckbad-jk,0.002299427,0.002321206,0.009471490071222055,0.002340774,0.00231269,0.011997740918174848,0.004125492,0.004029159,0.02335066944742581,0.002825268,0.002770223,0.01948310744325854,1.7647306235651234,1.2109341723889744,3.3009351339403867
1,8,c64,aqrs-pa-pqrs,0.000208218,0.000220391,0.05846276498669667,0.000208429,0.000207627,0.0038478330750518763,0.000286725,0.000296973,0.03574156421658392,0.000241932,0.000241681,0.0010374816064018244,1.3621821994351544,1.1287866109427982,5.739735306303598
1,8,c64,ij-ik-kj,0.001581839,0.001590053,0.005192690280110712,0.001587159,0.001576207,0.006900379861122907,0.001762837,0.001818078,0.031336419646286195,0.001816026,0.001816275,0.0001371125743794277,1.1288218175714606,1.145156635498945,7.7210614524654915
1,8,c64,ij-ikl-ljk,0.000970109,0.000959488,0.01094825426833479,0.000965751,0.000957074,0.008984717592837144,0.001114759,0.001089771,0.02241560731960912,0.000966882,0.000966932,5.171261849956643e-05,1.1424259945004145,1.002200611973926,3.119130033383315
1,8,c64,ij-kil-lkj,0.001500177,0.001491069,0.006071283588536591,0.001479198,0.001482683,0.0023560064305117034,0.001686054,0.001680632,0.0032157926139968485,0.00140527,0.001399238,0.004292413557536956,1.1255166712726585,0.9375740122754425,3.202803922569922
1,8,c64,ijk-ikl-lj,0.000480276,0.000467161,0.02730721501803135,0.000475116,0.000468523,0.013876611185478893,0.000624394,0.000575783,0.07785308635252752,0.00063262,0.000643199,0.016722519047769557,1.2658435921171718,1.3466830905780378,5.421327611968073
1,8,c64,ijk-il-jlk,0.000503949,0.000508868,0.009760908345884278,0.00049904,0.000503097,0.008129608848990166,0.000629103,0.000620897,0.013043968952619833,0.000550005,0.000549054,0.0017290751902255819,1.2341694568688866,1.0851630167144297,5.365991607924407
1,8,c64,ijk-ilk-jl,0.000464175,0.000460107,0.008763936015511287,0.000450821,0.000453055,0.004955403585902074,0.000811543,0.000793939,0.021692011390647137,0.000557319,0.000555245,0.003721387571570367,1.7369169073836128,1.203715795352064,5.222836377191153
1,8,c64,ijk-ilk-lj,0.00047743,0.000468243,0.019242611482311434,0.000474765,0.000471018,0.00789232567691378,0.000604497,0.000588988,0.025656041303761534,0.000599178,0.000590922,0.013778877061574324,1.2620012902101105,1.2584979420227307,5.377845564661314
1,8,c64,ijk-ilmk-mjl,0.000212046,0.000215742,0.01743018024390941,0.000215001,0.000217335,0.01085576346156536,0.000331809,0.000335655,0.011591005668923904,0.000267188,0.00026829,0.004124436726200331,1.5603005042783427,1.2517809120069707,4.63811351425901
1,8,c64,ijkl-imjn-lnkm,0.003069373,0.003029255,0.013070421874434968,0.003027294,0.00302087,0.002122027130499915,0.003240091,0.003221533,0.005727616909525057,0.003364543,0.00342346,0.01751114490140271,1.0595394833645333,1.1130198750892346,5.025461959475986
1,8,c64,ijkl-imjn-nlmk,0.002525679,0.002604794,0.03132424983539095,0.002514198,0.002574277,0.023895890458905722,0.002671731,0.002744986,0.027418553739130047,0.002466579,0.002483478,0.006851189440922001,1.0558218943797835,0.9649435452259897,5.9568863667136895
1,8,c64,ijkl-imkn-jnlm,0.002167782,0.002183228,0.0071252552147771375,0.002174124,0.002178621,0.0020684192805930923,0.002375479,0.002373723,0.0007392193321851259,0.002513046,0.002517361,0.0017170397995103226,1.0915239452957635,1.1561538233929454,7.109968011150153
1,8,c64,ijkl-imkn-njml,0.00216111,0.002164063,0.0013664274377518382,0.002162843,0.002158192,0.0021504103626567295,0.002298375,0.002309514,0.0048464676129873485,0.002412358,0.002393991,0.00761371239260511,1.065362382122462,1.1112422615760948,7.074043849651671
1,8,c64,ijkl-imln-jnkm,0.002169054,0.002154334,0.006786368619684069,0.002179454,0.002165826,0.006252942250673743,0.002363076,0.002360589,0.0010524418173599726,0.002493148,0.002539312,0.018516349611013894,1.0925902843909623,1.1639661826347236,7.136635256938681
1,8,c64,ijkl-imln-njmk,0.002159206,0.002149786,0.004362714812759849,0.00214497,0.002153202,0.0038378159135092904,0.002297644,0.0023069,0.004028474385065817,0.002361413,0.002373534,0.005132943707856219,1.0685899857215322,1.098851610816942,7.089985720200475
1,8,c64,ijkl-imnj-nlkm,0.002146362,0.002159164,0.0059645111122912375,0.002159336,0.002166608,0.003367701923183697,0.002328902,0.002329191,0.00012409281283631834,0.002363257,0.002381338,0.007650881812684807,1.0818918715989356,1.101974885606983,7.088597389670898
1,8,c64,ijkl-imnk-njml,0.002164045,0.002168953,0.002267975019003776,0.002160518,0.002154996,0.0025558685463393793,0.00230616,0.002290609,0.006743244180802743,0.002357195,0.002355219,0.0008382844864340822,1.0608695512986592,1.087564916662351,7.078440989511847
1,8,c64,ijkl-minj-nlmk,0.002665971,0.002670226,0.001596041367291745,0.002673755,0.002662642,0.004156326963390522,0.00288555,0.002895256,0.0033636568418498047,0.002963576,0.002973241,0.003261262744738147,1.0833182675910147,1.1125546939467266,7.099035354657987
1,8,c64,ijkl-mink-jnlm,0.002604706,0.002606257,0.0005954606777116567,0.002596912,0.002593824,0.001189104598076307,0.002783901,0.002805499,0.007758178182341924,0.002999222,0.002987869,0.0037853149916878825,1.0726152764876051,1.1489393613324292,7.16096593145812
1,8,c64,ijkl-minl-njmk,0.002650422,0.002643156,0.0027414502294351717,0.002647296,0.002643496,0.0014354269413016096,0.002819227,0.002820566,0.00047495288602150687,0.002858079,0.00287108,0.004548859566163133,1.065403807004887,1.0822830315530547,7.131500529629469
16,1,f64,abc-bk-akc,0.015344051,0.01546225,0.00770324603326733,0.015335856,0.015469474,0.008712783948936487,0.015582556,0.015706246,0.00793772215546662,0.01903698,0.018988533,0.0025448889477217573,1.0156619525029866,1.2343501426710357,1.0
16,1,f64,abcijk-eiab-jkec,0.014216341,0.014303701,0.006145041118526873,0.014195481,0.014283464,0.006197958350266486,0.015039303,0.015082844,0.002895147467937731,0.026071252,0.025843531,0.008734563265316186,1.0561785583825631,1.8202822809196428,1.0
16,1,f64,abcijk-eiac-jkeb,0.013876587,0.013842291,0.002471501097496054,0.013867471,0.013982092,0.008265458063694497,0.014791832,0.014793293,9.877072697972444e-05,0.035078599,0.034676865,0.011452395804062765,1.0673284686812692,2.516492931427695,1.0
16,1,f64,abcijk-eibc-jkea,0.013708153,0.013738037,0.0021800165200955846,0.013726167,0.013911661,0.013513896486907262,0.01439832,0.014518562,0.00835111318542725,0.017076107,0.017104993,0.0016916033613516568,1.0535760754028884,1.245386265117832,1.0
16,1,f64,abcijk-ejab-ikec,0.014330904,0.014460443,0.00903913667972378,0.014363675,0.014460904,0.006769089386943206,0.015228746,0.015186727,0.0027591897586314307,0.021663171,0.022058957,0.018269993806539375,1.0564198969753509,1.5185388547490808,1.0
16,1,f64,abcijk-ejac-ikeb,0.013843466,0.014048305,0.014796800165507662,0.014013082,0.014100943,0.006269926915435153,0.014793867,0.014776722,0.0011589261955646801,0.019339343,0.019312097,0.0014088379320847944,1.0602188549130422,1.3858020266041962,1.0
16,1,f64,abcijk-ejbc-ikea,0.013894702,0.01389535,4.66364805808972e-05,0.014053567,0.01411561,0.00441475107351752,0.014682439,0.014659415,0.0015681318342272155,0.017120059,0.017120652,3.463773109668722e-05,1.0558398730137644,1.2321211563106698,1.0
16,1,f64,abcijk-ekab-ijec,0.014239264,0.014459391,0.015459155754117715,0.01427517,0.014467316,0.013460154940361457,0.015177531,0.015245326,0.004466800298414952,0.018238804,0.018278871,0.0021967997462990496,1.0601080935125546,1.272489156533268,1.0
16,1,f64,abcijk-ekac-ijeb,0.013908898,0.013846289,0.00450136308426452,0.013902026,0.014084282,0.013110031588201565,0.014640351,0.014636311,0.00027594966814648014,0.023635456,0.023743577,0.004574525661785289,1.0548203551250133,1.7070333618875737,1.0
16,1,f64,abcijk-ekbc-ijea,0.013764258,0.013946756,0.013258833131433612,0.013941048,0.01399171,0.003634016610515989,0.014561954,0.014602618,0.0027924823825153933,0.017076659,0.0171468,0.004107419372840981,1.0524759626939915,1.2350370621130997,1.0
16,1,f64,abcijk-ijma-mkbc,0.013915679,0.01401839,0.007380954964540276,0.013951957,0.014069465,0.008422331003457018,0.014629669,0.014593191,0.0024934262012352715,0.017059134,0.017019052,0.002349591720189337,1.0461431442767717,1.2199580660089218,1.0
16,1,f64,abcijk-ijmb-mkac,0.014046143,0.013987412,0.004181290194753218,0.014170524,0.01398702,0.012949697555291628,0.01457086,0.014762386,0.013144454067913758,0.023686729,0.023803458,0.004928033752570782,1.0463419676565378,1.6940465724907892,1.0
16,1,f64,abcijk-ijmc-mkab,0.014499988,0.014490319,0.0006668281380647345,0.014477075,0.014485641,0.0005916941094799011,0.015237281,0.015201615,0.0023407063241794868,0.017983056,0.018459127,0.026473309097185593,1.0499673838440797,1.256939957948307,1.0
16,1,f64,abcijk-ikma-mjbc,0.013933372,0.013937538,0.0002989943855657984,0.014054899,0.014106063,0.0036402965257880116,0.014709068,0.014689441,0.0013343469484267123,0.017093258,0.017063726,0.001727698721917026,1.0548095766066727,1.2255420298422084,1.0
16,1,f64,abcijk-ikmb-mjac,0.013947398,0.013953518,0.00043879152226100615,0.014028119,0.01412048,0.00658399034111401,0.014892639,0.014622255,0.018155546508580422,0.019296672,0.019308981,0.0006378820140591213,1.0578024104659416,1.3836696962360557,1.0
16,1,f64,abcijk-ikmc-mjab,0.014299865,0.014526987,0.015882807285243494,0.014320264,0.014432822,0.007860050624765025,0.015203759,0.015296152,0.0060769839879728504,0.021752176,0.02221127,0.021105658578709496,1.058066200003545,1.5250507890211729,1.0
16,1,f64,abcijk-jkma-mibc,0.013651347,0.01399144,0.02491277966928851,0.013732518,0.013901131,0.012278374585054319,0.014309904,0.014310654,5.241125307353656e-05,0.017118535,0.017085877,0.0019077567093213066,1.0354500196650354,1.2374651446957778,1.0
16,1,f64,abcijk-jkmb-miac,0.013755392,0.013921689,0.012089586396374585,0.013926751,0.014180732,0.018236916851604557,0.014815686,0.015163003,0.023442518962672354,0.035463506,0.035266675,0.00555024085887057,1.0831062039461647,2.5555868372053903,1.0
16,1,f64,abcijk-jkmc-miab,0.014175144,0.014252566,0.005461814003441479,0.014203887,0.014299683,0.006744351035741225,0.014992656,0.015111877,0.007951959946256304,0.026063817,0.026453097,0.01493564814393844,1.058981134050036,1.8473407101528634,1.0
16,1,f64,abcs-rc-abrs,0.009255959,0.009355307,0.010733409687748274,0.009232135,0.009204366,0.0030078632948933315,0.009651547,0.009680013,0.0029493717432034217,0.014577892,0.01522025,0.04406384681680997,1.0387157151083584,1.600731621529838,1.0
16,1,f64,abj-bka-kj,0.019436731,0.019450734,0.000720440078118223,0.019994882,0.01945917,0.026792456189538738,0.0197146,0.019761585,0.002383259107463731,0.028940914,0.028958597,0.0006110035087349974,1.0151384153811793,1.4888991106389329,1.0
16,1,f64,abjc-cbka-kj,0.03698148,0.034535702,0.06613521146260226,0.037004152,0.034508151,0.06745191728755184,0.037359585,0.034639165,0.07281719001964293,0.026199879,0.024753489,0.05520598014975564,1.0066035112455827,0.7125930224341364,1.0
16,1,f64,abjc-kbac-jk,0.012093004,0.011995449,0.008067060922166136,0.012014428,0.012061181,0.00389140456790793,0.012271988,0.012502313,0.01876835277218336,0.019475605,0.019527989,0.0026897238879100005,1.0284360510563242,1.6191940048341296,1.0
16,1,f64,abjcd-dkbac-jk,0.016887434,0.016439311,0.026535884611007088,0.017015082,0.016441205,0.03372754830097202,0.01869951,0.018100398,0.032038914388665796,0.02191563,0.021825552,0.004110217228525781,1.1041689678428592,1.3126107597158938,1.0
16,1,f64,abrs-qb-aqrs,0.008471749,0.008518568,0.005526485735118047,0.008489101,0.008547312,0.006857145415044341,0.008601581,0.008627832,0.0030518808112136586,0.016417088,0.016342742,0.004528574129589846,1.014075159265101,1.9281494288543164,1.0
16,1,f64,adbjc-cbdka-kj,0.040983745,0.040841827,0.0034627875027039012,0.04097552,0.040842748,0.003240276145366927,0.043085029,0.042742889,0.007941041422996342,0.029283513,0.027246415,0.06956467279045386,1.0489063876357465,0.6904112674631491,1.0
16,1,f64,ajb-kba-jk,0.017673237,0.017759302,0.004869792670125994,0.017666445,0.017744725,0.004430998992723145,0.017880814,0.017843098,0.002109299945740495,0.020419242,0.020669376,0.012249916035081077,1.0082257293367374,1.1596114474021149,1.0
16,1,f64,ajbc-ckba-jk,0.019048268,0.01913713,0.004665096060177065,0.019030285,0.019171965,0.007444975206624571,0.020385189,0.020502876,0.0057731620736996,0.017817697,0.017812281,0.00030396745437988315,1.0707759637963272,0.9330811234597847,1.0
16,1,f64,ajbdc-ckbad-jk,0.016540057,0.016617574,0.004686622301241172,0.016613203,0.016510936,0.006155766591186551,0.01820603,0.018120005,0.004725082843431538,0.020778732,0.020818895,0.0019328898414012752,1.0955557232004336,1.2545444301078075,1.0
16,1,f64,aqrs-pa-pqrs,0.007744795,0.007714459,0.003916953256993816,0.008986217,0.009019211,0.003671622886471493,0.010028007,0.010077754,0.004960806269879825,0.015915153,0.015734738,0.011336051874587638,1.3005632850628572,2.047281047267035,1.0
16,1,f64,ij-ik-kj,0.171827825,0.170303427,0.008871659755921302,0.12747617,0.12867215,0.009381988806221653,0.130097627,0.130031064,0.0005116388479552425,0.133124109,0.133246957,0.000922808054249602,0.7603259365532,0.778571615996589,1.0
16,1,f64,ij-ikl-ljk,0.017841069,0.017849055,0.00044761891790212616,0.01784148,0.017866978,0.0014291415286176168,0.018498292,0.018557355,0.0031928893759489707,0.024207245,0.024986397,0.03218672756854413,1.0382592354502216,1.378181610037146,1.0
16,1,f64,ij-kil-lkj,0.021456817,0.021284548,0.008028637239158032,0.02138795,0.021292422,0.004466440215167955,0.021816878,0.02186001,0.0019770014756463894,0.030086366,0.031278924,0.03963782133076488,1.0218958021320532,1.4354758982253628,1.0
16,1,f64,ijk-ikl-lj,0.015410807,0.015415279,0.00029018597144192526,0.01537458,0.015400681,0.001697672391701044,0.015519199,0.015543438,0.0015618718466074988,0.020429556,0.020056018,0.018284195701561146,1.0076734318363039,1.3132984568675767,1.0
16,1,f64,ijk-il-jlk,0.017849326,0.017648311,0.011261769772147101,0.017702532,0.017656295,0.0026118862544635135,0.018903678,0.019116367,0.011251196724785473,0.018459721,0.018412054,0.002582216708475582,1.0710588901933569,1.038726475948615,1.0
16,1,f64,ijk-ilk-jl,0.015153008,0.015259749,0.007044211947885071,0.015168217,0.015229443,0.0040364665141592315,0.01523976,0.015231917,0.0005146406505089907,0.018682686,0.018676507,0.0003307340282870941,1.001943482864471,1.2284128858196732,1.0
16,1,f64,ijk-ilk-lj,0.015291305,0.015251354,0.0026126612476828903,0.015287959,0.015240824,0.0030831453695029376,0.015304951,0.015332895,0.0018258144047633706,0.019859046,0.019831459,0.0013891402436956302,1.0031169672124927,1.2995112628338452,1.0
16,1,f64,ijk-ilmk-mjl,0.007519293,0.007372279,0.01955157220233339,0.007487443,0.007400032,0.011674345968309852,0.007548938,0.007571571,0.002998170073724271,0.013210504,0.013254943,0.00336391404900227,1.0154219415660188,1.7772938594760581,1.0
16,1,f64,ijkl-imjn-lnkm,0.248632725,0.248565338,0.0002710302917686702,0.249152004,0.248509263,0.0025797143497990893,0.251898418,0.252077444,0.0007107071232181905,0.250231327,0.249839524,0.0015657631867971311,1.013631935310627,1.0057776554634685,1.0
16,1,f64,ijkl-imjn-nlmk,0.249876597,0.249058714,0.003273147664965226,0.249483607,0.250311669,0.0033191038479736257,0.252509812,0.253337499,0.0032778409418801058,0.25743996,0.256907703,0.0020674995443599187,1.0138535043475743,1.0308913146333307,1.0
16,1,f64,ijkl-imkn-jnlm,0.24968781,0.249481248,0.0008272810755159954,0.249514429,0.249435103,0.00031792149383080837,0.25529433,0.254936586,0.0014013002168907773,0.252870831,0.249427619,0.013616485485429597,1.022160380524679,1.006245646356608,1.0
16,1,f64,ijkl-imkn-njml,0.248543662,0.248601935,0.0002344577992094976,0.248967482,0.248223871,0.002986779614857382,0.253067536,0.253464999,0.001570580748057937,0.262804794,0.257938557,0.0185165457826465,1.0188813611080292,1.04742075609809,1.0
16,1,f64,ijkl-imln-jnkm,0.249678602,0.249504403,0.0006976929484729943,0.249325767,0.249218109,0.0004317965258681111,0.254857867,0.255017068,0.0006246658259916327,0.250306859,0.250416985,0.0004399639723815518,1.0214188706041574,1.003086758489655,1.0
16,1,f64,ijkl-imln-njmk,0.247979285,0.247576335,0.0016249341149603413,0.248068524,0.247520891,0.0022075876099461045,0.253058986,0.253600893,0.0021414256358396333,0.254832229,0.254704661,0.0005005960215496152,1.0224074478111174,1.0282136291341426,1.0
16,1,f64,ijkl-imnj-nlkm,0.249302123,0.249562462,0.0010442710911051645,0.249295803,0.250560311,0.005072319649119583,0.25219882,0.252612847,0.0016416690609415419,0.256206632,0.253303805,0.011330022869977863,1.011921032550285,1.0213237269455873,1.0
16,1,f64,ijkl-imnk-njml,0.247369236,0.248815624,0.00584708116250976,0.247792546,0.249046074,0.0050587800974448704,0.251957452,0.252785835,0.003287789241494643,0.252720125,0.253155875,0.0017242394130658756,1.0172514165916564,1.0195352628021954,1.0
16,1,f64,ijkl-minj-nlmk,0.304853681,0.305471748,0.0020274218043638825,0.304984367,0.305054662,0.0002304872236287281,0.308031393,0.30883652,0.002613782290690203,0.311980688,0.313669939,0.005414601175570244,1.0107193221468778,1.0251066686676793,1.0
16,1,f64,ijkl-mink-jnlm,0.303185226,0.30367223,0.0016062919899666461,0.30470032,0.303633227,0.0035021065944401686,0.308580438,0.309212989,0.0020498739456711323,0.300740158,0.301354461,0.0020426370860655574,1.0180204527329755,0.9921514410749988,1.0
16,1,f64,ijkl-minl-njmk,0.304936386,0.305322542,0.0012663493690121541,0.303614798,0.305322392,0.005624212031984044,0.30755576,0.308727319,0.0038092572221699594,0.313545447,0.311290847,0.0071906641336112465,1.0098698446377181,1.023880721392368,1.0
16,4,f64,abc-bk-akc,0.003966461,0.004104481,0.034796762151449334,0.00396101,0.004094142,0.03361061951371003,0.004042732,0.004101906,0.014637131523929758,0.005393068,0.005434721,0.00772343311821766,1.0092519772188606,1.3417631366534548,3.8174700900670517
16,4,f64,abcijk-eiab-jkec,0.004759088,0.004840433,0.017092560591441153,0.004825301,0.00481181,0.0027958877591263143,0.005007892,0.005048661,0.008140950324008633,0.00964949,0.009374815,0.028465234950240892,1.0476388811367938,1.9816618976012719,2.971078683289854
16,4,f64,abcijk-eiac-jkeb,0.004643442,0.004668353,0.00536477035785099,0.004651277,0.004643927,0.001580211197913961,0.004969901,0.004993529,0.004754219450246566,0.012008846,0.012009928,9.010024776734404e-05,1.0699803460382395,2.579401707641131,2.9767575394478203
16,4,f64,abcijk-eibc-jkea,0.004322594,0.004295978,0.006157413812169277,0.004288771,0.004296479,0.001797251473673711,0.004627913,0.004645019,0.003696266546065141,0.005160345,0.005171871,0.0022335715925969613,1.0759277106000769,1.1988365173481077,3.1845536139623403
16,4,f64,abcijk-ejab-ikec,0.004811425,0.004858907,0.009868594023600075,0.004802599,0.005085851,0.05897889871713202,0.005113658,0.005081192,0.006348879803850793,0.007442387,0.007318753,0.016612143388942346,1.054247279140176,1.5264005586855978,2.97729205680806
16,4,f64,abcijk-ejac-ikeb,0.004635898,0.004638837,0.0006339656308227415,0.004614939,0.004626764,0.002562330726364914,0.004906332,0.004946351,0.008156602529139745,0.006391108,0.006359124,0.005004453061973058,1.0623055236644983,1.374723107895011,3.007204002556019
16,4,f64,abcijk-ejbc-ikea,0.004454259,0.004383221,0.015948331697820173,0.004496368,0.004424417,0.01600202652451932,0.004762423,0.004709399,0.011133828305465387,0.005225517,0.005220421,0.0009752145098752552,1.0717964394061146,1.182042193996571,3.1446690510076594
16,4,f64,abcijk-ekab-ijec,0.004742887,0.00486011,0.02471553718231112,0.004744109,0.004851834,0.022707108963980538,0.005106154,0.005115536,0.00183739072499578,0.006779232,0.006783806,0.0006747076955029296,1.0645059391682388,1.412480692017257,2.988645015882208
16,4,f64,abcijk-ekac-ijeb,0.00463197,0.004647483,0.0033491149554076838,0.004617414,0.004610534,0.0014900115086062815,0.004897014,0.004916505,0.003980180575346548,0.008433353,0.008747126,0.0372061978195386,1.0575529998768176,1.8511476369057536,2.9910335414436062
16,4,f64,abcijk-ekbc-ijea,0.004391032,0.004471114,0.018237626143467134,0.004394488,0.004417846,0.005315294978618601,0.004676804,0.00469402,0.0036811463555026513,0.005223664,0.005246871,0.0044426670628126,1.0574403540273571,1.1815351272531813,3.1269564380911112
16,4,f64,abcijk-ijma-mkbc,0.004425717,0.004419438,0.001418753164741382,0.004413544,0.004449875,0.008231706764450397,0.00469607,0.004689662,0.0013645452474090325,0.005250654,0.005227124,0.004481346514167761,1.0611156251508669,1.184575535337981,3.1581003620939034
16,4,f64,abcijk-ijmb-mkac,0.004623895,0.004684192,0.013040304764705857,0.004624357,0.004615283,0.0019622187473846697,0.004888108,0.004896338,0.001683678020207413,0.008876339,0.00886812,0.00092594480674979,1.051198580265222,1.9063884358857337,3.0117984164915295
16,4,f64,abcijk-ijmc-mkab,0.004833256,0.004837528,0.0008838762109848464,0.004796337,0.004822129,0.005377436989936202,0.005077701,0.005129142,0.01013076587219297,0.006888876,0.006710339,0.02591670977965055,1.0554174684762914,1.4060953400122052,2.9977205794390382
16,4,f64,abcijk-ikma-mjbc,0.004427169,0.004429417,0.0005077737036918162,0.004365684,0.004413046,0.010848700913762999,0.004662477,0.004718446,0.012004134283128964,0.005243329,0.00521434,0.005528739470668342,1.0591842429994107,1.1807743025999062,3.1469135608740184
16,4,f64,abcijk-ikmb-mjac,0.004621762,0.004638066,0.0035276589318100626,0.004632942,0.004632976,7.338749330232375e-06,0.004930227,0.004878735,0.010444143849765775,0.006383684,0.006374874,0.0013800808436006395,1.059289875607871,1.3778414388502669,3.013118448570191
16,4,f64,abcijk-ikmc-mjab,0.004757965,0.004804156,0.009708142031309652,0.004763265,0.004826737,0.013325313624163337,0.005065709,0.005044163,0.004253303930407348,0.007538346,0.007250165,0.038228677749734374,1.0572933556304205,1.5462966200542163,3.0146338442401213
16,4,f64,abcijk-jkma-mibc,0.004347731,0.004288524,0.013617907823644027,0.004355386,0.004288444,0.015369935064308948,0.004615701,0.004615965,5.719607920862124e-05,0.005145958,0.005158656,0.0024675677492898007,1.0689683140081891,1.1932079751760616,3.200616979310906
16,4,f64,abcijk-jkmb-miac,0.004657178,0.004640169,0.0036522117041691837,0.004639335,0.004641542,0.0004757147306673204,0.004915809,0.005014678,0.02011245758327873,0.011642854,0.011878623,0.020250103625794935,1.0680478452459787,2.5297899182940107,2.9768306717066295
16,4,f64,abcijk-jkmc-miab,0.004861578,0.004850762,0.002224792032545886,0.004817557,0.004760074,0.011931981292592875,0.005045691,0.005009107,0.007250543087160888,0.009403872,0.009255253,0.015804022002851692,1.03525388113374,1.921117330031201,2.9269591261532892
16,4,f64,abcs-rc-abrs,0.002820686,0.002469143,0.12463032042559863,0.002794647,0.002469403,0.11638106709004759,0.00294676,0.002845154,0.03448058206301163,0.004968769,0.00474198,0.045642894648553756,1.0971721605721283,1.8393050762531358,3.52605628172946
16,4,f64,abj-bka-kj,0.005672379,0.005612402,0.010573517742731964,0.005630852,0.005550116,0.01433814989276938,0.005767336,0.005802617,0.006117382444858599,0.009503568,0.009066942,0.04594337621407041,1.0252802090348756,1.6451926342589336,3.446058167304821
16,4,f64,abjc-cbka-kj,0.012819156,0.012503408,0.02463095074277899,0.012316219,0.012865092,0.04456505685714096,0.012850975,0.013760802,0.0707982857331837,0.009268761,0.008754729,0.05545854510651438,1.0503789133193004,0.7115219096524422,2.8228146986406166
16,4,f64,abjc-kbac-jk,0.003571585,0.003621391,0.01394506920596883,0.003493078,0.003546321,0.015242430887601133,0.003772249,0.003721627,0.013419580732873193,0.006495342,0.006467586,0.004273216098551913,1.0418336818819984,1.802203851489952,3.348938316634871
16,4,f64,abjcd-dkbac-jk,0.007054905,0.007066082,0.0015842878111043124,0.007059935,0.007111616,0.0073203223542426255,0.007422571,0.007524897,0.013785789317475095,0.00736898,0.007385297,0.00221428203089169,1.058504085523333,1.0448471200452178,2.3598734630677405
16,4,f64,abrs-qb-aqrs,0.002258359,0.002314905,0.02503853461739247,0.002268417,0.002244464,0.010559346010896697,0.002354818,0.002346374,0.00358583975491944,0.004013608,0.004019182,0.0013887753861361318,1.0280499478924254,1.7566014478077479,3.7154101266617703
16,4,f64,adbjc-cbdka-kj,0.013338323,0.013457055,0.008901568810412153,0.01336871,0.013312335,0.004216936413461103,0.01381432,0.013904008,0.0064923934004714745,0.011775552,0.011626914,0.012622592979080638,1.0344491134254694,0.8733679260411219,3.0537450240138595
16,4,f64,ajb-kba-jk,0.004864273,0.00492995,0.013501914880188703,0.004944944,0.004804576,0.028386165748287562,0.005063575,0.004949577,0.0225133428457166,0.006031979,0.00602465,0.0012150241239233806,1.0223095977259442,1.2310213737411115,3.6177684675279456
16,4,f64,ajbc-ckba-jk,0.007577679,0.00751578,0.008168596215279211,0.007560106,0.007593915,0.004472027244062371,0.007884902,0.007928309,0.005505077932484115,0.005613028,0.005572558,0.007210012136051991,1.0476912153346223,0.7410896900455847,2.5299446415261126
16,4,f64,ajbdc-ckbad-jk,0.007020842,0.007033752,0.0018388107865123793,0.006989634,0.007051725,0.008883297752071195,0.007460081,0.007450429,0.0012938197319842804,0.006779082,0.006806949,0.004110733577201264,1.0608996009700489,0.9666595955660161,2.359196884477346
16,4,f64,aqrs-pa-pqrs,0.002162089,0.00229586,0.06187118106608924,0.002652362,0.002716414,0.02414904149584407,0.002856182,0.002891009,0.012193550691097288,0.004751544,0.004810888,0.012489413967333718,1.289757839669432,2.1459545342100177,3.4693508101767487
16,4,f64,ij-ik-kj,0.042880589,0.043041993,0.0037640341180948944,0.047843436,0.04778781,0.0011626673301642354,0.04883348,0.048801701,0.0006507625506106951,0.035829513,0.035492441,0.009407663453310122,1.1363176689794618,0.8300644796672928,3.9818223754906934
16,4,f64,ij-ikl-ljk,0.00666102,0.006680863,0.002978973190292278,0.006668935,0.006731939,0.00944738552707447,0.006916316,0.00694731,0.004481287436837844,0.007696489,0.007688231,0.0010729567728868794,1.0391042019571428,1.1531157033106199,2.675046886518343
16,4,f64,ij-kil-lkj,0.007812825,0.007812734,1.1647515463453217e-05,0.007833584,0.007793016,0.005178727897728441,0.007975108,0.007994222,0.0023967073549349127,0.009628869,0.009529203,0.01035074835891936,1.0219998248580122,1.2260561527721126,2.7353272823299952
16,4,f64,ijk-ikl-lj,0.0041168,0.004229965,0.027488583365720798,0.00412222,0.00429202,0.041191396868677455,0.004326981,0.004499327,0.03983054235736194,0.006440409,0.006188717,0.039080126743503474,1.0573481301241183,1.512894919663587,3.6935171003352116
16,4,f64,ijk-il-jlk,0.005384542,0.005497758,0.02102611512734054,0.005333567,0.005426686,0.017459047575478115,0.005626933,0.005784743,0.02804547343997177,0.004765057,0.004777906,0.002696504994588844,1.0486020746147944,0.8769718570802517,3.2620851328990943
16,4,f64,ijk-ilk-jl,0.00432636,0.004070919,0.05904293678750716,0.00390198,0.004467077,0.14482314107196848,0.004064742,0.00416273,0.02410681907978418,0.005388669,0.005417859,0.005416922063685936,0.9801624394979666,1.28749942911444,3.623394021684323
16,4,f64,ijk-ilk-lj,0.004096622,0.004097759,0.0002775457437860229,0.004078459,0.004018471,0.014708496517925163,0.004042231,0.004300166,0.0638100593459403,0.00570043,0.005639473,0.010693403830939086,1.0175763899609596,1.3838433034224846,3.727265447537856
16,4,f64,ijk-ilmk-mjl,0.002400753,0.002416725,0.00665291264865675,0.002330572,0.00233348,0.001247762351903381,0.002231618,0.002207986,0.010589626002299624,0.003531199,0.003572429,0.011675920841617726,0.9215538717712303,1.4745365499076533,3.091021513893217
16,4,f64,ijkl-imjn-lnkm,0.065948227,0.065162688,0.011911449871123914,0.066023708,0.065113066,0.013792651572977488,0.066680852,0.06671952,0.0005798966095995617,0.066376685,0.065902888,0.007138003351628619,1.0174802059369579,1.0089251436043316,3.7922623194709297
16,4,f64,ijkl-imjn-nlmk,0.065737626,0.06541596,0.004893179440340623,0.065721896,0.065370186,0.005351488946697569,0.065995406,0.066435722,0.006671918951449474,0.067555774,0.067432289,0.0018278970499249203,1.0097382644275574,1.029239204413159,3.8042127284401412
16,4,f64,ijkl-imkn-jnlm,0.065481079,0.06469152,0.012057819022805005,0.065043154,0.064701719,0.005249361062656943,0.067195574,0.065956638,0.018437761987121326,0.067039573,0.066364358,0.0100718869435521,1.022864245295045,1.0248291671152028,3.8347409636764143
16,4,f64,ijkl-imkn-njml,0.064857809,0.065269528,0.006348025108279476,0.064848883,0.065095804,0.003807636902550815,0.066376869,0.066588346,0.0031860044498333018,0.068049906,0.068165496,0.001698606314019191,1.021812291203374,1.0467903048477467,3.8204738024631
16,4,f64,ijkl-imln-jnkm,0.06511586,0.064539987,0.008843820844875672,0.064959038,0.064510693,0.006901964896709245,0.067182812,0.065867893,0.019572253093544156,0.0675685,0.06731473,0.003755744170730435,1.0261436154060182,1.0403257921782425,3.850099397845581
16,4,f64,ijkl-imln-njmk,0.064810814,0.065006668,0.0030219339630574993,0.064901322,0.065069615,0.002593059660633612,0.065840141,0.066366233,0.007990444613415804,0.068160946,0.067812398,0.005113602736675715,1.0183950240970618,1.0474171115093445,3.817328856773368
16,4,f64,ijkl-imnj-nlkm,0.065928187,0.065476002,0.006858750719172524,0.065928036,0.065508333,0.006366077703270134,0.066327991,0.066873778,0.00822860743664,0.067171914,0.06686923,0.004506109502849576,1.0136772694271357,1.0200709498689273,3.796435064915509
16,4,f64,ijkl-imnk-njml,0.064854136,0.065039078,0.002851660840875292,0.064926421,0.065089172,0.0025066990832591785,0.065946761,0.066309406,0.005499057034810129,0.067198454,0.067276068,0.0011549968098967245,1.0181887089939956,1.035270679390589,3.8199320774765617
16,4,f64,ijkl-minj-nlmk,0.079634656,0.079819852,0.0023255704149711676,0.079711239,0.079932021,0.0027697725285640296,0.079981403,0.081327541,0.016830637492067924,0.081835397,0.082644337,0.009884964571015509,1.0115953314596393,1.0315033280128727,3.827584025972219
16,4,f64,ijkl-mink-jnlm,0.078949411,0.078331958,0.007820868986597063,0.07932443,0.078323472,0.012618533785871522,0.081159869,0.079698055,0.01801153720442783,0.080610607,0.080188078,0.005241605487476431,1.022705500378385,1.0223675568964308,3.858447703512985
16,4,f64,ijkl-minl-njmk,0.079931702,0.07879999,0.014158487454702162,0.080262649,0.078824686,0.017915718181691243,0.081448299,0.080601959,0.010391131679742038,0.083015259,0.083415815,0.004825088843004366,1.020918788760919,1.048529251584105,3.84469105902949
16,8,f64,abc-bk-akc,0.00228031,0.002320796,0.01775460354074676,0.002196293,0.002645783,0.20465848591239877,0.002364717,0.002343809,0.008841649973337251,0.003374478,0.003479145,0.031017241777839377,1.0233760901293922,1.4894438501716123,6.695622075230787
16,8,f64,abcijk-eiab-jkec,0.003653338,0.003613806,0.010820789097532257,0.00365452,0.0036801,0.006999551240655322,0.003792207,0.003719053,0.019290613618929586,0.006780546,0.006687045,0.013789597474893611,1.0335580101204462,1.85319923302304,3.924558284362156
16,8,f64,abcijk-eiac-jkeb,0.003613073,0.003618195,0.0014176298126276077,0.003599759,0.00359388,0.0016331648868717075,0.00383162,0.003825982,0.0014714402785245273,0.007452287,0.007339892,0.015081947327042045,1.0589569969491424,2.0455272437017826,3.833195469521906
16,8,f64,abcijk-eibc-jkea,0.003722678,0.003548164,0.046878618027130003,0.003619885,0.003602465,0.004812307573306973,0.003716476,0.003712731,0.0010076750125656009,0.003757893,0.003823568,0.017476548693643013,1.0220751504037906,1.042982532863456,3.775915209802488
16,8,f64,abcijk-ejab-ikec,0.003603094,0.003602906,5.217737866403116e-05,0.003676812,0.003619818,0.01550092852177376,0.00377749,0.003737888,0.01048368096275576,0.005348477,0.005141625,0.03867493493942287,1.0429189094106404,1.4554624439183128,3.9954281980576636
16,8,f64,abcijk-ejac-ikeb,0.003638821,0.003632121,0.0018412557254121609,0.003601211,0.00362659,0.0070473515714575274,0.003743296,0.003785567,0.011292454564105991,0.004754881,0.004755335,9.548083327426404e-05,1.0354569641240368,1.3079763291765552,3.835958347035614
16,8,f64,abcijk-ejbc-ikea,0.003568971,0.003551761,0.004822118195973002,0.003597414,0.003596224,0.00033079317531992114,0.003733327,0.003713202,0.005390634144825768,0.003885822,0.00388901,0.0008204184339890563,1.0457525369430762,1.0918616308280351,3.902707356261534
16,8,f64,abcijk-ekab-ijec,0.003649521,0.003643502,0.001649257532700954,0.003647006,0.003667887,0.0057255184115407864,0.003754266,0.003707462,0.012466884339042639,0.005459675,0.005313595,0.026756171383827798,1.0231126036090394,1.4770669499237423,3.934969153696331
16,8,f64,abcijk-ekac-ijeb,0.003604077,0.003602927,0.000319083082853,0.003630346,0.003660844,0.008400852150180604,0.003767961,0.003766111,0.0004909817272524819,0.007017888,0.006950767,0.009564273468029127,1.0453819463372094,1.9381831777562863,3.851131030017784
16,8,f64,abcijk-ekbc-ijea,0.003553903,0.003584983,0.008745314658278547,0.003610899,0.003593449,0.004832591551300669,0.003694004,0.003743378,0.013365984443979961,0.003913884,0.003864344,0.012657503390493985,1.041799602064606,1.089545897027702,3.88165263673169
16,8,f64,abcijk-ijma-mkbc,0.003691509,0.003564044,0.03452923993954771,0.003592365,0.003584372,0.0022249966247861463,0.003710855,0.003675852,0.00943259706994748,0.003905809,0.00391599,0.002606630278132016,1.0182220712960428,1.078208605331044,3.8505944084111663
16,8,f64,abcijk-ijmb-mkac,0.003651074,0.003627032,0.006584911727343767,0.003609205,0.003597886,0.0031361477111996328,0.003736623,0.003748728,0.003239556144679412,0.007266582,0.006649876,0.08486878700329814,1.028479394571053,1.9102308370422894,3.8517777056961093
16,8,f64,abcijk-ijmc-mkab,0.003628432,0.003653099,0.0067982533502073395,0.003704825,0.003696311,0.0022980842549918945,0.003795964,0.00376083,0.009255619916311075,0.005334471,0.005381582,0.008831428645877049,1.0377976397144129,1.4716700279930774,3.981370364847819
16,8,f64,abcijk-ikma-mjbc,0.003592726,0.003579112,0.0037893232047196967,0.003595631,0.003581457,0.003942006284849642,0.003732686,0.003718982,0.003671350871731427,0.003906129,0.003858523,0.012187513520418802,1.0390180068810715,1.0826401891545672,3.8861669635559477
16,8,f64,abcijk-ikmb-mjac,0.003619545,0.003623314,0.001041291101505859,0.003612953,0.003591365,0.005975167681395166,0.003793108,0.003784505,0.0022680609146904507,0.004745594,0.004759332,0.0028948957706875778,1.046217956527635,1.312315669649641,3.852196916499115
16,8,f64,abcijk-ikmc-mjab,0.003685388,0.003613006,0.019640265828184122,0.003698211,0.003654383,0.01185113558961337,0.003810812,0.003879482,0.018019781610848273,0.005370047,0.005135593,0.043659580633093165,1.0537065569090178,1.4391577223547662,3.949824438617206
16,8,f64,abcijk-jkma-mibc,0.003537172,0.0035408,0.0010256781406163817,0.003617422,0.003652409,0.009671804948385931,0.003722517,0.003736105,0.003650218387182713,0.003840707,0.003810002,0.007994621823534165,1.0537779186756215,1.0809096715536515,3.9051720530248555
16,8,f64,abcijk-jkmb-miac,0.003578178,0.003617774,0.011065967092749318,0.003617491,0.003602576,0.004123023388309721,0.003814599,0.003774225,0.010584074499049634,0.007531616,0.007400816,0.017366790871972126,1.0545972914261845,2.075067368222824,3.846190247545389
16,8,f64,abcijk-jkmc-miab,0.003659169,0.003655455,0.00101498454977067,0.00366519,0.003698054,0.008966520153116164,0.003769294,0.003719604,0.013182840075621538,0.006721406,0.006600283,0.018020485594829383,1.0238030161347587,1.8211653901288158,3.886407317182611
16,8,f64,abcs-rc-abrs,0.00196379,0.001937912,0.013177580087483931,0.001936619,0.001913296,0.01204315355782426,0.002140248,0.002105885,0.01605561598468963,0.004175481,0.004189479,0.00335242813941683,1.0882654147511073,2.143970062448964,4.770074751285078
16,8,f64,abj-bka-kj,0.004325331,0.004100043,0.05208572476880957,0.004280006,0.004064296,0.05039946205682888,0.004525904,0.004365168,0.03551467286977361,0.006475006,0.006532217,0.008835667488184429,1.0554782070039057,1.5443527639546828,4.617168560144159
16,8,f64,abjc-cbka-kj,0.008275342,0.008456124,0.021845864497201495,0.008276383,0.008299391,0.002779958346538436,0.008491364,0.008460792,0.0036003638520265557,0.005975856,0.005671353,0.05095554511353695,1.013247617803925,0.6959287122818609,4.272161293891142
16,8,f64,abjc-kbac-jk,0.002455145,0.002441912,0.005389905687851471,0.002406815,0.002436221,0.012217806520235186,0.002542699,0.002566915,0.009523738358335088,0.004719124,0.004620813,0.020832468059750142,1.0433971406712266,1.9071564165636343,4.918942827186641
16,8,f64,abjcd-dkbac-jk,0.004557443,0.004561553,0.0009018214819143111,0.004530573,0.004565461,0.007700571208100859,0.004769629,0.004760004,0.0020179766602391735,0.005181516,0.005144681,0.007108923334406381,1.0450305173123775,1.1323760149455107,3.6543206554343555
16,8,f64,abrs-qb-aqrs,0.001564485,0.001524331,0.02566595397207383,0.001514122,0.001510395,0.0024614925349475403,0.001666085,0.001664933,0.0006914413130183483,0.002780061,0.002782356,0.0008255214543855249,1.0785036398917256,1.8009770074020908,5.501036095008751
16,8,f64,adbjc-cbdka-kj,0.008015878,0.008081475,0.008183383030530011,0.007900172,0.008094139,0.024552250254804564,0.008221441,0.008394187,0.02101164503886843,0.009777711,0.009192516,0.059849897383958295,1.0321490708634014,1.1779176499657649,5.083203948165295
16,8,f64,ajb-kba-jk,0.00282233,0.003099568,0.09823018569763287,0.002772546,0.002824716,0.01881664001246519,0.002860991,0.00286995,0.0031314324302313956,0.003813507,0.003879431,0.01728697495507414,0.9688151705270788,1.3004444619749944,5.989857859773335
16,8,f64,ajbc-ckba-jk,0.005109131,0.005048691,0.01182980041028503,0.005118027,0.005074389,0.008526332510555235,0.005330263,0.00531065,0.00367955577426482,0.004122502,0.004053566,0.01672188394329477,1.0475752866185113,0.8048892872890864,3.7592675447987522
16,8,f64,ajbdc-ckbad-jk,0.00451315,0.004527079,0.0030863144367017092,0.004515325,0.004532409,0.003783559322972474,0.00475459,0.00475309,0.00031548461591868193,0.004724455,0.004746508,0.004667839994242806,1.051709106850996,1.0476447628649894,3.667780954119421
16,8,f64,aqrs-pa-pqrs,0.001489516,0.001484999,0.0030325286871707435,0.001697743,0.00169531,0.001433079093832279,0.001835731,0.001896455,0.033078920604380446,0.002767979,0.00278408,0.0058168793910649,1.254556211498216,1.8665369161336347,5.197231165542006
16,8,f64,ij-ik-kj,0.021940074,0.021897529,0.0019391456929452877,0.024468936,0.024418168,0.00207479393464427,0.025106806,0.025084931,0.0008712776925905441,0.019334489,0.019564601,0.01190163339718997,1.144947543570376,0.8873301691775303,7.804441704043012
16,8,f64,ij-ikl-ljk,0.003538734,0.003510223,0.008056836145356017,0.003187149,0.003192532,0.0016889702991609301,0.003480216,0.003489415,0.0026432267422482614,0.005056342,0.005079939,0.0046668124901361185,0.9887536468764243,1.4379909605606362,5.063219289017975
16,8,f64,ij-kil-lkj,0.004342412,0.0043126,0.006865308957326177,0.004311484,0.004303462,0.0018606122625063337,0.004500016,0.004492394,0.001693771755478135,0.006433969,0.006460403,0.004108505962649112,1.0389887518522778,1.4898213194016672,4.9383260687327
16,8,f64,ijk-ikl-lj,0.002456417,0.002495011,0.015711501752349255,0.002402557,0.00241404,0.00477949118376797,0.002563688,0.002555193,0.003313585740542635,0.004031742,0.004042275,0.002612518360549876,1.0338491149541165,1.630692278484059,6.225885164931548
16,8,f64,ijk-il-jlk,0.002369496,0.002344631,0.010493792772809152,0.002332827,0.002324223,0.003688228917103631,0.002552115,0.002540666,0.004486083111458594,0.002585368,0.0025805,0.0018829040972118127,1.0803355479226984,1.0958418319851364,7.5300393134454175
16,8,f64,ijk-ilk-jl,0.002228643,0.002261476,0.014732283277312685,0.002174082,0.002174554,0.00021710312674505516,0.00236111,0.002372072,0.004642731596579575,0.003402761,0.003488963,0.02533295756005205,1.0541582196408543,1.5347854056488017,6.773402394541273
16,8,f64,ijk-ilk-lj,0.00226479,0.002271725,0.003062094057285636,0.002219105,0.002221972,0.0012919623001166336,0.002379535,0.002390476,0.0045979571638996575,0.003593517,0.003639244,0.012724859796127141,1.0514688094024824,1.5943130138305688,6.732628142862131
16,8,f64,ijk-ilmk-mjl,0.001723893,0.001718042,0.0033940621604705568,0.00134667,0.001363321,0.012364573355016617,0.001584933,0.001544138,0.025739258378745355,0.001978076,0.001933845,0.022360617084480117,0.9090263409081433,1.1364760200390152,4.326307096060448
16,8,f64,ijkl-imjn-lnkm,0.035544656,0.035505045,0.0011144009946250089,0.035573599,0.035538247,0.0009937706893248244,0.0365881,0.036561415,0.0007293354943272989,0.035603766,0.035614149,0.00029162645322400316,1.0295542482404674,1.0023676990709984,6.9978920207227935
16,8,f64,ijkl-imjn-nlmk,0.036038587,0.036000249,0.0010638041940989051,0.035981109,0.03594241,0.0010755366100582142,0.036831655,0.036973323,0.003846365307233812,0.036034599,0.036043379,0.0002436547164017533,1.0245147837506063,1.0005434800785167,6.925913007449343
16,8,f64,ijkl-imkn-jnlm,0.033883831,0.033968591,0.0025014880991467425,0.033712472,0.034013034,0.008915454197484962,0.034121154,0.034749547,0.01841652248924519,0.036102115,0.036309956,0.005757031132386681,1.0149658013357408,1.0671959391356967,7.356692510208469
16,8,f64,ijkl-imkn-njml,0.034491784,0.034288728,0.005887083138407689,0.034101487,0.034081261,0.0005931119660558259,0.034636113,0.034807485,0.004947783834750696,0.036379522,0.036275262,0.0028658980181212046,1.00964193418241,1.0563315639826596,7.2280322670136865
16,8,f64,ijkl-imln-jnkm,0.033711881,0.033680214,0.0009393424235212278,0.03365737,0.033845923,0.005602131123138898,0.034278798,0.034241771,0.0010801720643763835,0.036373271,0.036231209,0.003905670182920762,1.0167448654078732,1.0773422169482767,7.407145151288939
16,8,f64,ijkl-imln-njmk,0.033995981,0.034238475,0.007133019635467974,0.03417226,0.034378436,0.006033431795263056,0.034390997,0.034320427,0.0020519905253110204,0.036390403,0.036169253,0.006077151714972806,1.0069959621027098,1.0633891064036425,7.262585717307459
16,8,f64,ijkl-imnj-nlkm,0.036289686,0.036246548,0.0011887124071561228,0.036242227,0.036306409,0.0017709176646345526,0.037178682,0.037189155,0.00028169368672092965,0.035585543,0.035515726,0.001961948423830462,1.0252510409315703,0.9802169670892887,6.877453898260903
16,8,f64,ijkl-imnk-njml,0.034319354,0.034602002,0.008235819357205854,0.034242992,0.034234898,0.00023636953219507983,0.034973012,0.034793499,0.005132900763594517,0.035773043,0.035712813,0.001683670019349326,1.012267761195288,1.037217430434078,7.19932040251511
16,8,f64,ijkl-minj-nlmk,0.043603726,0.043581351,0.0005131442207485515,0.043583057,0.043501683,0.0018671017042242166,0.044510005,0.044631177,0.0027223542212588825,0.045271293,0.045095644,0.0038799201074287692,1.0224353254782232,1.036493541991906,7.000339474902006
16,8,f64,ijkl-mink-jnlm,0.04050912,0.040702383,0.004770851600824688,0.040447184,0.040685172,0.005883920126553255,0.040958857,0.041341936,0.009352775640199207,0.043068769,0.043165446,0.002244712404016136,1.013404892814462,1.0618496371101975,7.472574162003948
16,8,f64,ijkl-minl-njmk,0.042043028,0.041940171,0.0024464698403741103,0.042020156,0.04193913,0.0019282650925904754,0.043177843,0.043195502,0.0004089829128333111,0.045248751,0.045064686,0.0040678470881990725,1.0284605611848894,1.0753736252050001,7.266444607701032
16,1,c64,abc-bk-akc,0.055912178,0.055778348,0.0023935751528048055,0.05595602,0.055775783,0.0032210475298278807,0.056419423,0.056378777,0.0007204256590855884,0.069318541,0.069086784,0.0033433623480332297,1.0099180090798345,1.2391850524568366,1.0
16,1,c64,abcijk-eiab-jkec,0.051728273,0.051854945,0.0024487962318016088,0.051703406,0.051837933,0.0026018982192392848,0.053313214,0.053571444,0.004843639702532432,0.06524532,0.066063578,0.01254125200090983,1.0318701045169547,1.2676420870690794,1.0
16,1,c64,abcijk-eiac-jkeb,0.051000727,0.05102653,0.0005059339644315486,0.05103973,0.05097764,0.0012165033004680748,0.052562607,0.052588251,0.00048787534453920145,0.081454733,0.081298796,0.001914400726106269,1.0306153603219457,1.5951958749792783,1.0
16,1,c64,abcijk-eibc-jkea,0.051300155,0.051426205,0.0024571075857373614,0.051361309,0.051483683,0.002382610614538594,0.05276816,0.052788535,0.0003861229953820988,0.061045989,0.061228857,0.002995577645568126,1.0275529328497912,1.1902962521695983,1.0
16,1,c64,abcijk-ejab-ikec,0.051587692,0.051478152,0.0021233746995310554,0.051605835,0.0513641,0.004684257119374147,0.052910275,0.052947731,0.0007079154285249967,0.064651355,0.064783132,0.002038271278304915,1.0270915664443685,1.2558427506030028,1.0
16,1,c64,abcijk-ejac-ikeb,0.050720005,0.050737261,0.0003402207866500806,0.050712191,0.050718677,0.00012789824048420328,0.051965145,0.052026805,0.001186564571310278,0.064750259,0.066037891,0.01988612894969255,1.0249826091713792,1.2890334858611934,1.0
16,1,c64,abcijk-ejbc-ikea,0.051577453,0.051683986,0.0020654955567502853,0.051571932,0.051595521,0.0004573999670982598,0.053171362,0.053101228,0.0013190183091417174,0.061108347,0.061341868,0.0038214255738253655,1.0291607829942504,1.1858255964792321,1.0
16,1,c64,abcijk-ekab-ijec,0.051626214,0.05138591,0.004654689573014181,0.051590006,0.051344974,0.0047496020837833886,0.053077388,0.053038231,0.0007377341175870411,0.058103539,0.058779442,0.011632733765149839,1.0301302059206068,1.134636780477088,1.0
16,1,c64,abcijk-ekac-ijeb,0.050762716,0.050707055,0.001096493733708015,0.05075963,0.050791061,0.0006192125513917457,0.051938275,0.05190043,0.0007286533871215806,0.069010246,0.069209824,0.0028920053407721635,1.023346290259031,1.3621785616192656,1.0
16,1,c64,abcijk-ekbc-ijea,0.051466948,0.051548394,0.001582491349593873,0.051440218,0.051573911,0.002598997539240644,0.052860223,0.052941831,0.0015438451706872858,0.061206611,0.061349693,0.0023376886526194074,1.0270514424361006,1.1896893841409801,1.0
16,1,c64,abcijk-ijma-mkbc,0.05142834,0.0515471,0.002309232613768808,0.051384098,0.051542782,0.0030881927712342883,0.052957619,0.052917674,0.0007542824008005544,0.061265493,0.061301462,0.0005871004743240871,1.0281612380128082,1.1902549892801504,1.0
16,1,c64,abcijk-ijmb-mkac,0.050825438,0.050728906,0.0018992851571687508,0.050828444,0.050751507,0.0015136603434092732,0.051972304,0.051979476,0.00013799657602242554,0.068847365,0.069117741,0.003927180074357217,1.0236078794888726,1.3585327614771345,1.0
16,1,c64,abcijk-ijmc-mkab,0.051635036,0.051334394,0.005822441955884439,0.051639064,0.051374879,0.005115991258090924,0.053014025,0.053095497,0.0015368008748628537,0.057895467,0.058435661,0.009330505961719027,1.0304994696472418,1.129756371571189,1.0
16,1,c64,abcijk-ikma-mjbc,0.051461773,0.051671793,0.004081087528795324,0.051583861,0.051656705,0.0014121471054675538,0.053164475,0.053213356,0.0009194297507875149,0.06109666,0.061360523,0.004318779455374511,1.0314589562247591,1.187364670680528,1.0
16,1,c64,abcijk-ikmb-mjac,0.050768001,0.050764862,6.183028557693593e-05,0.050731715,0.050754894,0.00045689368080714665,0.051973978,0.051951935,0.0004241160836293556,0.065730422,0.065921022,0.0028997227493838817,1.0235691936705555,1.2966373861741207,1.0
16,1,c64,abcijk-ikmc-mjab,0.051682135,0.051465669,0.00418841056005137,0.051626742,0.05146623,0.0031090863723300943,0.052728463,0.052881979,0.002911444621475079,0.064763941,0.064698654,0.0010080763923865366,1.023876019553719,1.2551199211532775,1.0
16,1,c64,abcijk-jkma-mibc,0.051357581,0.051485596,0.0024926212938261028,0.051385803,0.051445441,0.0011605929365354761,0.052769581,0.052756996,0.00023848967078210492,0.061092844,0.061247262,0.0025275955396673044,1.0260929415128,1.1895791912870097,1.0
16,1,c64,abcijk-jkmb-miac,0.051004934,0.051016091,0.00021874354351680836,0.05098105,0.050977959,6.0630371481074086e-05,0.052554982,0.052544389,0.00020156033922724692,0.081563774,0.081583526,0.00024216633232287954,1.0301736440565616,1.599153701699361,1.0
16,1,c64,abcijk-jkmc-miab,0.0517273,0.05185799,0.0025265188788126114,0.051757226,0.051859593,0.001977830110137635,0.053232544,0.053334763,0.0019202351103115856,0.065148178,0.065708407,0.00859930418928978,1.0287883809845944,1.2632632481296617,1.0
16,1,c64,abcs-rc-abrs,0.03007769,0.030093863,0.000537707516767405,0.03008792,0.030086719,3.9916351811553064e-05,0.03100091,0.030837178,0.005281522381117232,0.040003698,0.040190211,0.004662393961678335,1.027692828076791,1.3327509596236218,1.0
16,1,c64,abj-bka-kj,0.074439076,0.074489633,0.0006791728580832768,0.074438766,0.074505462,0.0008959847614882221,0.075361615,0.075500727,0.0018459264706573997,0.099505755,0.099260063,0.002469123519539207,1.0129832425680132,1.3346364105287865,1.0
16,1,c64,abjc-cbka-kj,0.073822619,0.073868976,0.0006279511703586316,0.073735607,0.073780241,0.0006053249144608586,0.074895167,0.074946485,0.0006851977511446172,0.062485894,0.062023817,0.00739490099957596,1.0145577383288151,0.8430328056690036,1.0
16,1,c64,abjc-kbac-jk,0.035174395,0.035118258,0.0015959620627447046,0.035294448,0.035179342,0.0032613061408410804,0.036164799,0.036153668,0.00030778547946574975,0.05370527,0.05380025,0.001768541523019973,1.0288200276838348,1.5293989874889988,1.0
16,1,c64,abjcd-dkbac-jk,0.0418774,0.041789001,0.002110899912602049,0.041867661,0.041763374,0.002490872370443653,0.044511907,0.044605962,0.0021130301157394893,0.046077593,0.046011282,0.0014391159711836243,1.065157196251859,1.1006676685701076,1.0
16,1,c64,abrs-qb-aqrs,0.02981946,0.029660415,0.005333597590298389,0.029769056,0.029645608,0.004146856386712416,0.030195811,0.030182538,0.0004395642826086066,0.040344964,0.040232771,0.0027808427341761144,1.0151091170217774,1.354709386262402,1.0
16,1,c64,adbjc-cbdka-kj,0.076272815,0.076144127,0.001687206641055372,0.07628637,0.076131674,0.002027832757018233,0.0779398,0.0777872,0.0019579213700831044,0.049423466,0.049233458,0.0038444895790998856,1.0217170000599456,0.6472822174312077,1.0
16,1,c64,ajb-kba-jk,0.062759382,0.062903447,0.002295513362448265,0.062772898,0.06287799,0.0016741619926485818,0.063452233,0.063460415,0.000128947392600276,0.075335426,0.075174279,0.002139060048588548,1.0099464746148008,1.1977266375359719,1.0
16,1,c64,ajbc-ckba-jk,0.055032933,0.054907984,0.002270440501508375,0.055044865,0.054918755,0.002291040226913066,0.056453648,0.056527533,0.0013087728183658331,0.042753201,0.042634998,0.002764775437516298,1.0276540608407052,0.7766732774455897,1.0
16,1,c64,ajbdc-ckbad-jk,0.043523557,0.043040374,0.011101643186010701,0.043426065,0.043233725,0.004429137201355848,0.045343817,0.04555932,0.004752643563288972,0.045093931,0.045423005,0.0072975230303164995,1.050140591438369,1.0456751085583622,1.0
16,1,c64,aqrs-pa-pqrs,0.030369955,0.030269901,0.0032945060340063836,0.030361479,0.030292823,0.0022612864149338385,0.03137155,0.031334174,0.0011913979385780316,0.042097217,0.042568815,0.011202593273564876,1.0340690488489956,1.3961912081810255,1.0
16,1,c64,ij-ik-kj,0.513063985,0.513609975,0.0010641752607134514,0.513072592,0.513539074,0.0009091929821891664,0.513668811,0.513249706,0.0008159050949270163,0.527960715,0.529224429,0.00239357581747357,1.0002382613193443,1.0297178845359123,1.0
16,1,c64,ij-ikl-ljk,0.064475378,0.064497442,0.00034220815269980775,0.064362157,0.06447495,0.0017524738954910468,0.067503924,0.067519113,0.00022500914169065744,0.080688057,0.081209768,0.006465777209135215,1.0469107996670308,1.2552798858526488,1.0
16,1,c64,ij-kil-lkj,0.075756611,0.075702866,0.0007094430346152869,0.075748837,0.075688839,0.0007920649659611811,0.079578093,0.079602994,0.00031291275100042704,0.099693174,0.09953437,0.001592927515779552,1.0509814125009926,1.3153847959728338,1.0
16,1,c64,ijk-ikl-lj,0.058361984,0.058276538,0.001464069487425168,0.058472259,0.058435555,0.0006277164697877646,0.059031089,0.058981993,0.0008316973451056864,0.074372247,0.074238737,0.001795158885007253,1.0117849697544752,1.2741156296977887,1.0
16,1,c64,ijk-il-jlk,0.05904708,0.058868803,0.003019234820756611,0.058988541,0.058823579,0.002796509240667544,0.059691538,0.05967226,0.00032296034992440603,0.063390913,0.063509752,0.0018747008739250504,1.0122803631704596,1.076197295599348,1.0
16,1,c64,ijk-ilk-jl,0.05588708,0.055782,0.0018802199005566456,0.055906075,0.055786999,0.002129929529125496,0.056357846,0.056380555,0.0004029430081482488,0.069176039,0.068903544,0.003939152977521565,1.0095762284973306,1.2365049954108065,1.0
16,1,c64,ijk-ilk-lj,0.057636456,0.057621579,0.0002581178828899855,0.057587495,0.057614245,0.00046451056778895605,0.058218549,0.058169049,0.0008502444813593968,0.071451104,0.071393906,0.0008005194713297525,1.0098002143042561,1.2393496014253846,1.0
16,1,c64,ijk-ilmk-mjl,0.028328246,0.028622383,0.010383170211103021,0.028311796,0.028661286,0.012344324605899182,0.028791519,0.029084735,0.010184110119372258,0.042158173,0.041951925,0.0048922423654365055,1.0162536250056642,1.476910236745294,1.0
16,1,c64,ijkl-imjn-lnkm,0.981371413,0.981137358,0.00023849787847851633,0.981943465,0.981539993,0.0004108912726455971,0.984056553,0.983255024,0.00081451517959652,1.041159383,1.035079756,0.005839285607245115,1.0024472026730815,1.0579469927826113,1.0
16,1,c64,ijkl-imjn-nlmk,0.981569217,0.981295982,0.0002783654940148317,0.981338946,0.980564744,0.0007889241562822891,0.982529907,0.981908844,0.0006321059497276238,1.044745067,1.038867694,0.005625652789035929,1.0008016204363177,1.0615117599012212,1.0
16,1,c64,ijkl-imkn-jnlm,0.97716624,0.975998804,0.0011947158551035564,0.976686469,0.976062428,0.0006389368746337887,0.985436257,0.985955671,0.0005270904092582462,1.045358342,1.032808667,0.012005141678010367,1.0093321185439301,1.0639804831897681,1.0
16,1,c64,ijkl-imkn-njml,0.976257637,0.97462782,0.0016694537775994167,0.975602067,0.974934387,0.0006843773938005615,0.984873095,0.983072769,0.0018279776441654239,1.052184561,1.052572357,0.00036856271644158944,1.0087448856594494,1.0788729851941883,1.0
16,1,c64,ijkl-imln-jnkm,0.974528007,0.975161748,0.0006503055791602375,0.97458423,0.975150111,0.0005806383712980701,0.983827086,0.983113176,0.000725645807234887,1.029063261,1.035813596,0.006559689045200434,1.0088478083789718,1.0590741049554786,1.0
16,1,c64,ijkl-imln-njmk,0.971287633,0.972413638,0.0011592909883164637,0.971630888,0.972682892,0.0010827197992495652,0.982453797,0.981422968,0.001049239163355864,1.047756269,1.034400973,0.012746567493933103,1.0103799659447792,1.0712112969622791,1.0
16,1,c64,ijkl-imnj-nlkm,0.982729138,0.981113091,0.001644448035080015,0.982393458,0.981636741,0.0007702789486613293,0.981984963,0.981444276,0.0005506061909016369,1.037049,1.037554873,0.00048780048001573206,0.9997900036686838,1.056400806089972,1.0
16,1,c64,ijkl-imnk-njml,0.975637414,0.976285763,0.0006645388857544621,0.976117712,0.976560688,0.0004538141195002954,0.983375268,0.983773586,0.00040505187893336014,1.030424716,1.042195288,0.011423029569488818,1.00780038137266,1.0618177597787513,1.0
16,1,c64,ijkl-minj-nlmk,1.197434928,1.196850002,0.0004884824939732635,1.197160766,1.197769522,0.000508499791580963,1.204695605,1.204485493,0.00017441086290004293,1.241334553,1.238396805,0.0023666045490315923,1.006221578119047,1.0356869647160418,1.0
16,1,c64,ijkl-mink-jnlm,1.186599849,1.187746982,0.0009667395465848827,1.185840149,1.187365435,0.0012862492480849586,1.200513131,1.200579629,5.5391314166319816e-05,1.245386254,1.251987381,0.005300465601573823,1.011264659384343,1.0518114580844944,1.0
16,1,c64,ijkl-minl-njmk,1.185795042,1.18669925,0.0007625331258551693,1.185886034,1.187165652,0.0010790396069375596,1.200884031,1.201425208,0.00045064884371015523,1.246611843,1.246867673,0.00020522025475422367,1.0125669682813958,1.0509950191986352,1.0
16,4,c64,abc-bk-akc,0.014316286,0.014328099,0.0008251441749627109,0.014261043,0.014253761,0.0005106218388093442,0.014830944,0.014443554,0.026120387212034468,0.01846734,0.018494907,0.0014927434053850774,1.0219083847429096,1.2903834333758661,3.8992094024316115
16,4,c64,abcijk-eiab-jkec,0.013722259,0.013689869,0.0023603985320492793,0.013856288,0.013828107,0.002033805879323558,0.01405053,0.014017851,0.0023258197377608036,0.022924104,0.022754437,0.007401248921222958,1.0239402636140489,1.6663521264415415,3.778736654663249
16,4,c64,abcijk-eiac-jkeb,0.013438941,0.0134058,0.0024660425252256424,0.013429002,0.013413534,0.001151835408171098,0.013801076,0.013863353,0.004512474244761755,0.026574767,0.027336768,0.02867385441234549,1.0305325718674,2.0080726664685815,3.800645030883602
16,4,c64,abcijk-eibc-jkea,0.013723981,0.01380845,0.006154846760571875,0.013708824,0.013760791,0.0037907700908552666,0.014293192,0.014142192,0.010564470133753168,0.016043805,0.016002851,0.002552636360265037,1.0327862764427012,1.1639648039850274,3.7311186260676883
16,4,c64,abcijk-ejab-ikec,0.013609178,0.013597497,0.0008583178205178177,0.013608096,0.01358275,0.0018625676949957093,0.01385694,0.013883099,0.0018877905222942637,0.01837065,0.018468246,0.0053126046166032115,1.0196038002695362,1.3540342624111368,3.788253996084118
16,4,c64,abcijk-ejac-ikeb,0.013387986,0.013364913,0.0017234108251978908,0.013423322,0.013382286,0.0030570673936004544,0.013751193,0.013740835,0.0007532437367434586,0.017918738,0.017891882,0.0014987662635616017,1.0276283057500453,1.3385698218358784,3.7923853510382606
16,4,c64,abcijk-ejbc-ikea,0.014027077,0.013780538,0.017575935456831115,0.013840789,0.013745513,0.006883711614995347,0.01419503,0.014193608,0.00010017590663780052,0.016077467,0.016102868,0.0015799130547118345,1.0209345087012227,1.1572941368124086,3.713567044707975
16,4,c64,abcijk-ekab-ijec,0.01356711,0.013561189,0.00043642308494595827,0.013607846,0.013595654,0.0008959537020039043,0.013777151,0.013831623,0.0039537927689112795,0.016514011,0.016385685,0.007770734802102219,1.0177092533899206,1.2127353253312425,3.797209923325947
16,4,c64,abcijk-ekac-ijeb,0.013394098,0.013161785,0.017344430360297425,0.01340065,0.01341707,0.0012253136974698098,0.013758897,0.013780017,0.0015350067668942202,0.021210392,0.02115238,0.0027350743918359566,1.0370568255291657,1.5952907067261126,3.8211359283915796
16,4,c64,abcijk-ekbc-ijea,0.01393754,0.013892967,0.0031980536019985406,0.013756042,0.0137544,0.0001193657303459883,0.014209808,0.014197386,0.0008741849291701298,0.016113745,0.01602387,0.005577536444817732,1.0207226090961727,1.1547590759581072,3.701529473583025
16,4,c64,abcijk-ijma-mkbc,0.01377168,0.013964,0.013964890267563757,0.013820341,0.013834649,0.0010352855982351805,0.014209576,0.014233192,0.0016619778098938554,0.016092685,0.016095654,0.00018449376222817726,1.0255181050224413,1.1605669199662665,3.7128293654213556
16,4,c64,abcijk-ijmb-mkac,0.013378579,0.013354835,0.0017747774259133653,0.013357829,0.013364453,0.000495888965190483,0.013751543,0.013809883,0.004242433012789926,0.021144238,0.021193346,0.0023225239897506356,1.0309710209863046,1.5836949301952088,3.7987792422233855
16,4,c64,abcijk-ijmc-mkab,0.013586175,0.013593329,0.0005265646880008301,0.01365323,0.01362556,0.0020266266663639954,0.013882928,0.013855277,0.0019917268172823244,0.01634202,0.016463028,0.0074047149617979535,1.0205554957451886,1.2069692645780992,3.788479534821445
16,4,c64,abcijk-ikma-mjbc,0.014814594,0.013814451,0.06751065874636863,0.013902485,0.01377613,0.009088662926088342,0.014371037,0.014302562,0.00476479185183365,0.016141817,0.016065908,0.004702630441170252,1.0021651152900661,1.1256857163013856,3.604603052324615
16,4,c64,abcijk-ikmb-mjac,0.013407442,0.013372758,0.0025869215022522596,0.013378848,0.013410699,0.002380698248459101,0.013776349,0.013731006,0.0032913655134607644,0.017815034,0.017782418,0.0018308132333623162,1.0271521758044475,1.329245745478711,3.791343907291078
16,4,c64,abcijk-ikmc-mjab,0.013580565,0.01358854,0.0005872362453256397,0.013593168,0.013579423,0.0010111697287931154,0.01383583,0.013859455,0.0017075231482317488,0.018262618,0.018316043,0.0029253746642456946,1.0193665237286544,1.346331561559938,3.7965027300533465
16,4,c64,abcijk-jkma-mibc,0.013768825,0.013697754,0.0051617331181128545,0.01377098,0.013703925,0.004869297609901402,0.014142231,0.014125682,0.00117018312032946,0.016066126,0.016012368,0.0033460462092729237,1.0291781436850382,1.1679123324670513,3.74431200969574
16,4,c64,abcijk-jkmb-miac,0.013446815,0.013440334,0.0004819728686682456,0.013406179,0.013408925,0.00020483092162204564,0.013780627,0.013808701,0.002037207740982927,0.027156771,0.027007795,0.005485777377582823,1.0261152834726601,2.0145074771190536,3.7944159625764993
16,4,c64,abcijk-jkmc-miab,0.017068574,0.013666365,0.19932590736636813,0.013734231,0.013760651,0.001923660669461702,0.014034209,0.014029903,0.0003068217097237369,0.023032978,0.022813616,0.00952382275535546,0.9187475133148532,1.5008834975718222,3.3911157772925637
16,4,c64,abcs-rc-abrs,0.00788411,0.007905717,0.0027405756642158163,0.007900881,0.007904976,0.00051829663046421,0.008095413,0.008275256,0.022215420016248766,0.012304717,0.012406658,0.008284709026627812,1.0367242432461503,1.565006878716552,3.81078318108217
16,4,c64,abj-bka-kj,0.019502428,0.019406225,0.004932872973560043,0.019513729,0.01952681,0.0006703485530621389,0.01989507,0.019831157,0.003212504404357608,0.026688408,0.026700802,0.00046439637763318053,1.0210144519603523,1.3721721941313478,3.82766156549413
16,4,c64,abjc-cbka-kj,0.019983675,0.019900576,0.004158344248492818,0.020085144,0.019774842,0.015449329116086874,0.020257405,0.020492741,0.011617282667745421,0.018873636,0.019432294,0.02959991386927241,1.0216953778858542,0.9603274022116447,3.7030132091397294
16,4,c64,abjc-kbac-jk,0.008766775,0.008992292,0.025724054740768665,0.00902673,0.009120832,0.01042481607403789,0.009325686,0.009245033,0.008648479050227476,0.018039542,0.018179257,0.0077449305531149815,1.0457779879750797,2.039603213318619,3.95844550026318
16,4,c64,abjcd-dkbac-jk,0.01302013,0.012942115,0.005991875657155421,0.012997969,0.012878948,0.009156892126762295,0.013607394,0.013558885,0.003564900082999034,0.014478007,0.014002542,0.03284050076781975,1.0463793998630013,1.096850772940747,3.2226308642629977
16,4,c64,abrs-qb-aqrs,0.007550669,0.007625816,0.009952363161462863,0.007600923,0.007570753,0.003969254786556742,0.007765359,0.007760316,0.000649422647426956,0.011743261,0.011720258,0.001958825576643397,1.0230211087679295,1.5460625675791286,3.9192468829040306
16,4,c64,adbjc-cbdka-kj,0.02243875,0.02359283,0.051432455016433565,0.022198061,0.023625811,0.06431868080730108,0.024188059,0.024314264,0.005217657191922465,0.018710723,0.018545871,0.008810562798668986,1.0540027025108991,0.8096168771929806,3.3121785808262656
16,4,c64,ajb-kba-jk,0.016089749,0.016367391,0.017255831647839726,0.016051208,0.016042535,0.0005403331637096054,0.016307585,0.016287291,0.0012444515849526772,0.019992342,0.020054494,0.003108790355827118,1.0042801761696754,1.233881143541674,3.871793516633518
16,4,c64,ajbc-ckba-jk,0.014846282,0.014551525,0.019853927064028665,0.014564558,0.014543891,0.0014189925983335572,0.014961567,0.014928669,0.0021988338520958495,0.013639685,0.013233338,0.02979152377785843,1.0168010304383945,0.9140580236496059,3.7399515081103583
16,4,c64,ajbdc-ckbad-jk,0.015139429,0.015150712,0.0007452724934342569,0.015275573,0.015159709,0.0075849200550447415,0.015854271,0.015667044,0.01180924685846474,0.013061707,0.01319125,0.009917769553397626,1.0406277457166844,0.8667057446147166,2.8577809683445636
16,4,c64,aqrs-pa-pqrs,0.007978146,0.007954458,0.002969110868615399,0.007917271,0.007926856,0.0012106444253328075,0.008205949,0.008249298,0.005282630930316445,0.010374921,0.010475567,0.009700893144150236,1.032800921202128,1.3086541366480118,3.8060219458130615
16,4,c64,ij-ik-kj,0.130014587,0.130045295,0.00023618888240606317,0.130027671,0.130071714,0.0003387202097928643,0.130509639,0.13040214,0.0008236862872634809,0.134224951,0.133859554,0.002722273297756872,1.0032756943012933,1.0308558774638859,3.9478362217261718
16,4,c64,ij-ikl-ljk,0.022639339,0.022468152,0.00756148401682577,0.022637695,0.022472821,0.00728316200037149,0.023609086,0.023481691,0.005396015754273731,0.02317642,0.023070024,0.004590700375640355,1.043971694152338,1.0252544228330716,2.8592533976627554
16,4,c64,ij-kil-lkj,0.026206896,0.026131431,0.002879585586938682,0.026339102,0.026255002,0.0031929714232474815,0.027561058,0.027581404,0.0007382154923081252,0.028323889,0.028129586,0.006860039594139056,1.0535781085767186,1.078620631172279,2.893856827055903
16,4,c64,ijk-ikl-lj,0.014982624,0.015011201,0.0019073427992319925,0.015012249,0.015027262,0.001000050025815602,0.015283694,0.015238565,0.0029527547463329418,0.02001525,0.019979704,0.0017759458412959228,1.0176174426035436,1.333439678229798,3.8887518895005373
16,4,c64,ijk-il-jlk,0.020075231,0.020149771,0.0037130332398167543,0.019756889,0.019798957,0.0021292826011221067,0.019859991,0.019854581,0.00027240697138286585,0.01608089,0.016060417,0.0012731260521028354,0.9873123143528817,0.7990392558511309,2.93140944248889
16,4,c64,ijk-ilk-jl,0.014283802,0.014321146,0.002614429967595422,0.014373429,0.014780732,0.028337218627510596,0.014498191,0.014431171,0.004622645680416371,0.018623588,0.018448108,0.00942245930268637,1.0113393326536129,1.2959755168586862,3.903839493850277
16,4,c64,ijk-ilk-lj,0.014753007,0.014737281,0.0010659521818162654,0.014694437,0.014737993,0.002964114923218908,0.014875284,0.01489187,0.0011150039219418595,0.01905447,0.018880515,0.009129353899636095,1.0093883658105924,1.2863418474170607,3.908339261645719
16,4,c64,ijk-ilmk-mjl,0.007978003,0.007975247,0.0003454498575645726,0.007968947,0.007973604,0.0005843933960159031,0.008118866,0.008119585,8.855916577510392e-05,0.01089606,0.010886132,0.0009111550413636316,1.0178773119203968,1.365376337894689,3.5697973936039284
16,4,c64,ijkl-imjn-lnkm,0.251843558,0.251726067,0.0004665237456660254,0.251979932,0.251740354,0.0009507820646607046,0.254299815,0.25402865,0.0010663200836381614,0.260623568,0.260578849,0.0001715846358147921,1.00945009641928,1.0350156232472894,3.8971945745515937
16,4,c64,ijkl-imjn-nlmk,0.250823611,0.250873858,0.00020032803052183468,0.250770102,0.250893014,0.0004901381744464306,0.251650323,0.251809243,0.0006315112101009657,0.261814973,0.262642327,0.0031600713684163395,1.0035122250996147,1.0453643529077843,3.9124478617354317
16,4,c64,ijkl-imkn-jnlm,0.248236024,0.248031992,0.0008219274411195299,0.248216047,0.247925222,0.0011716607508457377,0.251123967,0.250839014,0.0011347104914123385,0.265175157,0.26318035,0.00752260137249583,1.0114755058942506,1.0646500860572528,3.9357057017649764
16,4,c64,ijkl-imkn-njml,0.248722916,0.248789193,0.0002664692142801961,0.248734838,0.248799282,0.00025908714886169193,0.251137395,0.251156025,7.41825007781749e-05,0.263278527,0.264020136,0.002816822961031029,1.0096104497258398,1.0598699742760198,3.921281026581971
16,4,c64,ijkl-imln-jnkm,0.247628641,0.247216322,0.0016650699141058656,0.247540006,0.247204399,0.0013557687317823364,0.250594408,0.25024088,0.001410757737259627,0.263557701,0.263029319,0.0020048057711657963,1.012105557359956,1.0641452921188317,3.940002373648516
16,4,c64,ijkl-imln-njmk,0.248073032,0.247991968,0.0003267747378521424,0.247960214,0.247882443,0.00031364305888204047,0.250923956,0.250305,0.002466707483282371,0.262136248,0.262540177,0.0015409124189493806,1.0104090805138466,1.0576764668349659,3.9182384784244246
16,4,c64,ijkl-imnj-nlkm,0.250899072,0.250897825,4.970125995429342e-06,0.25092961,0.250745902,0.0007321096940293703,0.251802536,0.251556984,0.0009751768345972467,0.260551027,0.262235289,0.006464230900920631,1.0031139353741199,1.0418231081628149,3.913618389877981
16,4,c64,ijkl-imnk-njml,0.248635889,0.248373509,0.0010552780656697403,0.24868931,0.248361708,0.0013173143630500483,0.251118766,0.25053042,0.002342899375349816,0.262164107,0.26226234,0.0003747004161787082,1.009334859480602,1.055164173933353,3.9273368857304343
16,4,c64,ijkl-minj-nlmk,0.305713802,0.305209488,0.0016496278437569956,0.305505644,0.305094573,0.0013455430630278098,0.306889354,0.306799892,0.000291512230170099,0.315004966,0.318303636,0.010471803165160276,1.0045278329068925,1.0366280633122826,3.919126531146276
16,4,c64,ijkl-mink-jnlm,0.300717818,0.300584927,0.0004419126238806026,0.30063265,0.300887582,0.000847985074142743,0.305124009,0.304480038,0.0021105222172141946,0.314436041,0.315042327,0.0019281695510215968,1.013804987285924,1.0468571724194515,3.9486708344806463
16,4,c64,ijkl-minl-njmk,0.301503437,0.300878104,0.002074049325016536,0.301688823,0.300854671,0.0027649416763443346,0.305144263,0.304330079,0.0026681936995814892,0.318017189,0.317374024,0.002022422127629042,1.0117742412284851,1.0547986394042614,3.938526061273499
16,8,c64,abc-bk-akc,0.00784007,0.007406968,0.05524210880770186,0.007380704,0.007404473,0.0032204245015110544,0.007541684,0.00758038,0.00513094953328741,0.010529132,0.010529368,2.2414003357562606e-05,0.9922005189871653,1.381711057175458,7.328343613333634
16,8,c64,abcijk-eiab-jkec,0.008867816,0.008832064,0.004031657851268022,0.008831027,0.008828026,0.0003398245753297724,0.009017184,0.008972295,0.0049781616966005915,0.014428018,0.014523473,0.006615946833445907,1.0163605455438147,1.635682993314125,5.852206447530671
16,8,c64,abcijk-eiac-jkeb,0.008343409,0.008340458,0.0003536923576441531,0.008325846,0.008322534,0.00039779741301970706,0.008181867,0.008191399,0.0011650152709643535,0.016859198,0.016949947,0.005382759013803584,0.9813830020047862,2.0264500871673605,6.115324183126465
16,8,c64,abcijk-eibc-jkea,0.008293886,0.008294572,8.271152991490283e-05,0.00833381,0.008284844,0.005875583916600036,0.010260451,0.010422098,0.015754375709215784,0.009885652,0.00975255,0.01346415997649919,1.2467655114209228,1.1838201566632882,6.192636033633559
16,8,c64,abcijk-ejab-ikec,0.00883259,0.008734281,0.011130257376375408,0.008844892,0.008736696,0.012232597074107843,0.008989803,0.008999796,0.0011115927679394844,0.011664938,0.011657581,0.0006306934507495088,1.0240798109474571,1.3276629092704562,5.86714616099894
16,8,c64,abcijk-ejac-ikeb,0.008277986,0.008246562,0.0037960924311781774,0.008347265,0.008331691,0.0018657608210592702,0.008299185,0.008305833,0.0008010425120057452,0.011156541,0.011178929,0.0020067151637770397,1.0048714611494631,1.3516556801175388,6.1398017048752624
16,8,c64,abcijk-ejbc-ikea,0.00847278,0.00829335,0.02117722872540062,0.008764373,0.008292749,0.05381149341772651,0.01051806,0.010504592,0.0012804642681254474,0.009947698,0.009839943,0.010832154333595523,1.2539477903163074,1.1802652632088226,6.159280518984856
16,8,c64,abcijk-ekab-ijec,0.008867295,0.008781018,0.009729799222874758,0.008931133,0.008772834,0.01772440293969424,0.009112752,0.008941999,0.018737808293257552,0.010348254,0.010434682,0.008351940336988273,1.0229963211900703,1.1776199027955851,5.836992730434893
16,8,c64,abcijk-ekac-ijeb,0.008336145,0.008351999,0.0019018383197511035,0.00828029,0.008390461,0.013305210324759287,0.008333971,0.008480518,0.017584294449788596,0.013564288,0.0132662,0.02197594153117366,1.0075331300347474,1.60765895655494,6.0803527056947315
16,8,c64,abcijk-ekbc-ijea,0.00840872,0.008363591,0.005366928616959532,0.008434308,0.008308127,0.014960444887713309,0.01048511,0.010402,0.007926478596791187,0.009941186,0.009841957,0.009981605816448802,1.24532750796941,1.1795014862633062,6.142008856733666
16,8,c64,abcijk-ijma-mkbc,0.008443645,0.008486069,0.005024370399276723,0.008512434,0.008345998,0.019552104603689058,0.010515416,0.010437998,0.007362333549143396,0.009888748,0.009836105,0.005323525283483788,1.2376663165675914,1.1651020615191072,6.082541904462958
16,8,c64,abcijk-ijmb-mkac,0.00836037,0.008324659,0.00427146166975878,0.008286212,0.008406621,0.014531247812631376,0.008433005,0.008251702,0.02149921647147135,0.01334575,0.013350947,0.00038941235974010446,0.9999239514135512,1.6000426275382402,6.086566030327438
16,8,c64,abcijk-ijmc-mkab,0.008798797,0.008771702,0.003079398240464104,0.00878442,0.008831182,0.005323288276289251,0.008924621,0.008886836,0.004233793233348493,0.010348875,0.010416929,0.006575980480970189,1.013712706700705,1.1818513052057837,5.860340877829108
16,8,c64,abcijk-ikma-mjbc,0.008364608,0.008316603,0.005739061531634282,0.008340002,0.00834718,0.0008606712564338537,0.010661027,0.010580454,0.007557714655445524,0.00995429,0.009837218,0.011760959345166744,1.2733737462110537,1.1864392635212653,6.1826314180279915
16,8,c64,abcijk-ikmb-mjac,0.008287944,0.00828239,0.000670130010530956,0.008336415,0.00832036,0.0019258878066890084,0.008311369,0.008330679,0.0023233236305595373,0.01124777,0.011221318,0.00235175505900298,1.0043272351649917,1.35598194289025,6.127388177858878
16,8,c64,abcijk-ikmc-mjab,0.008777447,0.008715456,0.007062531964021068,0.008790852,0.008703214,0.009969227101081835,0.00904741,0.008958249,0.009854864541343988,0.01166064,0.011636101,0.002104429945526176,1.0293060736745594,1.3317900614991376,5.896575574169924
16,8,c64,abcijk-jkma-mibc,0.008425602,0.008270807,0.018371981016905514,0.008282335,0.008292979,0.0012851448293265122,0.0104639,0.010394867,0.0065972534141189865,0.009875914,0.009767238,0.011004146046634244,1.2493434527910832,1.1765221863204218,6.159858536960003
16,8,c64,abcijk-jkmb-miac,0.00837102,0.008426177,0.006589041717735666,0.008404292,0.008369692,0.004116944056679728,0.008226791,0.008175771,0.006201689091165696,0.016728134,0.016930942,0.012123767062124369,0.9765064423237085,2.0038251897077193,6.073726135710982
16,8,c64,abcijk-jkmc-miab,0.008701756,0.008792731,0.010454786367257274,0.008751319,0.008764498,0.0015059444182070614,0.008939839,0.008892927,0.005247521795414878,0.014514539,0.014670738,0.010761554328387435,1.019346575727082,1.668254326589216,5.921100068253775
16,8,c64,abcs-rc-abrs,0.004637041,0.004626905,0.002185876726127689,0.00455595,0.004668673,0.024741930881594376,0.004876318,0.004816519,0.012263146086863075,0.009190858,0.009044379,0.0159374674268713,1.046277508301553,1.9683469215975862,6.495243694544791
16,8,c64,abj-bka-kj,0.01080767,0.010680991,0.011721212805350212,0.010999468,0.011053856,0.004944602775334372,0.011087622,0.011186332,0.008902720529253338,0.01575532,0.015769967,0.0009296542374257477,1.0365523623710204,1.4670914771550034,6.930691881417198
16,8,c64,abjc-cbka-kj,0.011888555,0.011642793,0.0206721506524552,0.011792015,0.011788786,0.00027382936673658875,0.012562641,0.012288748,0.0218021831555959,0.012796586,0.013285245,0.03818666947574911,1.056090583036845,1.1082525011092594,6.276718329563967
16,8,c64,abjc-kbac-jk,0.004875155,0.004931624,0.011583016334865137,0.004900653,0.004898521,0.00043504406453576117,0.007347242,0.00719935,0.020128913679446025,0.010755002,0.010859474,0.009713805725001246,1.483267986127944,2.204044962518558,7.167878050313102
16,8,c64,abjcd-dkbac-jk,0.00878425,0.008870445,0.009812448416199437,0.008814916,0.008953631,0.01573639499230617,0.009142878,0.009343087,0.02189780942062214,0.01064141,0.010851268,0.019720882852930277,1.0470359933136733,1.217348109382459,4.739099229836574
16,8,c64,abrs-qb-aqrs,0.00409952,0.004108338,0.002150983529779049,0.004085393,0.004107227,0.0053444062786616175,0.00423947,0.004239062,9.623844490003197e-05,0.008073475,0.008460041,0.04788099300487092,1.0329780173026948,2.013802604730215,7.246677109636953
16,8,c64,adbjc-cbdka-kj,0.012876586,0.013214623,0.026252067124003187,0.013353665,0.013897767,0.04074551817796834,0.013862484,0.014095566,0.0168138697220499,0.014221873,0.014099453,0.008607867613499298,1.0716032780609686,1.0855548573112264,5.842185443489188
16,8,c64,ajb-kba-jk,0.008266505,0.008387465,0.014632544225159139,0.008322138,0.008463507,0.016987101151170636,0.008481736,0.008478935,0.00033023899824280445,0.011380268,0.011459462,0.006958887084205667,1.0184429388553113,1.3714564848679642,7.545711989390116
16,8,c64,ajbc-ckba-jk,0.00860707,0.008919577,0.03630817455882207,0.008975316,0.008714965,0.029007446645889723,0.041230404,0.04124736,0.00041124991159424695,0.009658178,0.009672792,0.0015131218331241314,4.706597683459305,1.1031224675827023,6.2737799490061015
16,8,c64,ajbdc-ckbad-jk,0.009290994,0.009305747,0.0015878817702388304,0.009308407,0.009329682,0.0022855683040075014,0.02994883,0.031085497,0.03795363625223436,0.009602795,0.009766766,0.017075341085590168,3.281422319076742,1.0415197502985594,4.654719324830659
16,8,c64,aqrs-pa-pqrs,0.004301035,0.004617638,0.07361088668192672,0.004280507,0.00432362,0.010071937740085524,0.004496469,0.004482155,0.00318338678638741,0.005904093,0.005899777,0.0007310182952741107,1.0073556051812924,1.324335323878972,6.803480501670815
16,8,c64,ij-ik-kj,0.071058394,0.071174066,0.0016278442769195323,0.07115869,0.071281326,0.001723415650288329,0.0721513,0.072137151,0.00019610180273954558,0.069135671,0.069020031,0.0016726531807292888,1.0144554767731633,0.9713373395262137,7.218283044089606
16,8,c64,ij-ikl-ljk,0.01612608,0.016223001,0.006010202107393781,0.016076328,0.016151789,0.004693920153905795,0.016940659,0.017018505,0.004595216750422626,0.014143225,0.014089324,0.003811082691536072,1.0497740938797857,0.8727488815953641,3.9869261505545035
16,8,c64,ij-kil-lkj,0.018320559,0.018588841,0.014643767147061393,0.01862121,0.01867925,0.003116875863598656,0.019641271,0.019539103,0.005201700032548828,0.017775293,0.017792978,0.0009949203087677994,1.0615527710140173,0.9636896356490603,4.103655672733828
16,8,c64,ijk-ikl-lj,0.007837265,0.007874228,0.004716313662993521,0.007894901,0.007839755,0.006985014758259633,0.008043449,0.008029508,0.0017332117105485212,0.011710091,0.011828139,0.010080878107608049,1.0230087894450615,1.4981389179306226,7.423789291524669
16,8,c64,ijk-il-jlk,0.013456145,0.013472625,0.0012247192639498472,0.013441177,0.013506327,0.004847045760947966,0.013558135,0.013531595,0.0019574963665726086,0.008235997,0.008236414,5.063139289629426e-05,1.005976955953809,0.6117031739433914,4.378802682509282
16,8,c64,ijk-ilk-jl,0.007413916,0.007410294,0.0004885407387944518,0.00739527,0.007374497,0.0028089576175041042,0.007522227,0.007493178,0.0038617553019870687,0.01051826,0.010565725,0.004512628514602213,1.0128956179703863,1.4222634596938966,7.5328826219607175
16,8,c64,ijk-ilk-lj,0.007648422,0.007800841,0.019928162959627516,0.007570017,0.007903403,0.04404032381961631,0.007787963,0.007748865,0.005020311472974437,0.010843987,0.010776629,0.006211553001677306,1.0057136696896134,1.3995206989536402,7.46078590854033
16,8,c64,ijk-ilmk-mjl,0.004810965,0.004749253,0.012827364156671295,0.004342642,0.004336714,0.0013650676247315419,0.004505937,0.004572875,0.014855511739289673,0.005847266,0.00586884,0.0036895875781945975,0.9496388449699122,1.225529610094986,5.957087584517676
16,8,c64,ijkl-imjn-lnkm,0.136411557,0.135338977,0.007862823528947738,0.136432246,0.135484548,0.006946290395307253,0.137189507,0.137721088,0.0038747934271678997,0.134145444,0.134210674,0.0004862632531896782,1.011634525020452,0.9875167360497377,7.221785416783415
16,8,c64,ijkl-imjn-nlmk,0.133397512,0.133910955,0.0038489698368586733,0.133863169,0.133939288,0.000568632885121545,0.134296487,0.134383776,0.0006499723257840095,0.134708995,0.133996174,0.005291562007421979,1.005133684973557,1.005223374373989,7.343085024379308
16,8,c64,ijkl-imkn-jnlm,0.129907429,0.130527087,0.004769996641223795,0.129961459,0.130559077,0.004598424829933556,0.13192591,0.132628535,0.0053259060331665165,0.136631549,0.136727566,0.000702743990701693,1.0158187357936803,1.0496299649775689,7.499659621675708
16,8,c64,ijkl-imkn-njml,0.131657741,0.131782839,0.0009501758047028019,0.131614481,0.131726072,0.0008478626299486258,0.13357803,0.133863637,0.0021381285530264194,0.135125203,0.134708402,0.00308455410794084,1.015187351356927,1.0242663203784086,7.4054080664497866
16,8,c64,ijkl-imln-jnkm,0.129375108,0.129983134,0.004699713951156648,0.129432324,0.130000846,0.004392426732598986,0.131545021,0.132352601,0.006139190931445215,0.135980768,0.135437721,0.003993557383055735,1.017500386605112,1.046501123328855,7.517382114813204
16,8,c64,ijkl-imln-njmk,0.131154795,0.131265344,0.0008428895032013273,0.13107691,0.131400275,0.002466986748467237,0.133259517,0.133760145,0.003756789843385011,0.133521686,0.133643036,0.0009088411301216848,1.0175256266669783,1.0180800877744016,7.4068290822666745
16,8,c64,ijkl-imnj-nlkm,0.132948218,0.133368614,0.0031621033085227346,0.133229332,0.133142042,0.0006551860516722519,0.134031737,0.133953514,0.000583615505930668,0.134405665,0.133449194,0.007116299748228694,1.00626600076199,1.0057700183544012,7.374088960586521
16,8,c64,ijkl-imnk-njml,0.131078695,0.131110094,0.00023954312331242456,0.131068476,0.131320417,0.0019222089680817067,0.133235675,0.133653134,0.0031332374005685892,0.134722926,0.134004099,0.005335595220074207,1.0179248527120435,1.0249334708127826,7.444723669399653
16,8,c64,ijkl-minj-nlmk,0.159820005,0.159956587,0.0008545988970531937,0.159572995,0.159740215,0.0010479216737142583,0.160486057,0.160780483,0.001834589281485055,0.162635242,0.161472063,0.007152072242743168,1.004659010157226,1.0135364983413833,7.4873681715402265
16,8,c64,ijkl-mink-jnlm,0.155158078,0.15527447,0.000750151081402306,0.155386284,0.155683352,0.001911803232259368,0.157455411,0.157684522,0.0014550849573533586,0.162494079,0.161715246,0.004792993103459486,1.0151637574651822,1.0443763529250654,7.6485108796566434
16,8,c64,ijkl-minl-njmk,0.15716537,0.157239743,0.0004732149327806301,0.15701466,0.157352393,0.00215096475704879,0.15954226,0.159826024,0.0017786133905839385,0.161902308,0.161372187,0.0032743263919374765,1.015785538038794,1.0282086900586305,7.545978382584122
