size_mib,threads,dtype,case,plan_A_s,plan_A2_s,plan_AA_spread,packed_A_s,packed_A2_s,packed_AA_spread,upstream_A_s,upstream_A2_s,upstream_AA_spread,tblis_A_s,tblis_A2_s,tblis_AA_spread,upstream_over_plan,tblis_over_plan,plan_scaling
1,1,f64,abc-bk-akc,0.000617055,0.000613439,0.00586009350868244,0.00061431,0.000612727,0.002576874867737722,0.000633215,0.000632014,0.0018966701673207575,0.000901478,0.000895156,0.00701292765880035,1.0282324766230246,1.4600889030217619,1.0
1,1,f64,abcijk-eiab-jkec,0.002744557,0.002839508,0.03459611150360531,0.002722196,0.00281416,0.03378301929765515,0.002814378,0.002972107,0.056043999775438724,0.004240658,0.00376977,0.1110412582198328,1.036014319650819,1.432241903212503,1.0
1,1,f64,abcijk-eiac-jkeb,0.002706656,0.002728089,0.007918627265526057,0.002679937,0.002706169,0.009788289799349759,0.002802926,0.002815754,0.004576645976383409,0.005046887,0.005170454,0.024483805561725358,1.0338496193630184,1.8798808814938441,1.0
1,1,f64,abcijk-eibc-jkea,0.002793919,0.002806577,0.004530553677468907,0.002781106,0.002807057,0.009331179753666152,0.002965741,0.002967588,0.0006227785905783545,0.003462,0.003519081,0.01648786828422888,1.059431855181968,1.2464727167295353,1.0
1,1,f64,abcijk-ejab-ikec,0.002740409,0.002837624,0.035474631706434945,0.002720171,0.002810614,0.033249012653983945,0.002821591,0.002970293,0.05270147232536537,0.00392124,0.003981617,0.015397425304240375,1.0381534694138954,1.4169559075159417,1.0
1,1,f64,abcijk-ejac-ikeb,0.002739428,0.002717329,0.008067012529622941,0.002704743,0.00271208,0.0027126421992773597,0.002802065,0.002850118,0.017149138224844984,0.00420983,0.004086895,0.029201891762850374,1.035784639327076,1.5202953328573636,1.0
1,1,f64,abcijk-ejbc-ikea,0.002824156,0.002857191,0.011697300007506684,0.002811392,0.002836201,0.008824454220542677,0.002964659,0.003004938,0.013586385483119523,0.003933914,0.004019358,0.021719844409409994,1.0507300516151965,1.3998348383824666,1.0
1,1,f64,abcijk-ekab-ijec,0.002760707,0.002855608,0.03437561465233374,0.00270831,0.00283497,0.04676717214794479,0.002840126,0.002989048,0.052434997602218925,0.003553471,0.003509964,0.012243521897322363,1.0377095062483503,1.2578193328758507,1.0
1,1,f64,abcijk-ekac-ijeb,0.002731763,0.00272878,0.001091968812814259,0.002682871,0.002704495,0.008060022267190714,0.002817735,0.002847123,0.010429653604757005,0.004171318,0.00421769,0.01111687001566386,1.0374028032742515,1.53627232406581,1.0
1,1,f64,abcijk-ekbc-ijea,0.002825699,0.002836752,0.003911598510669467,0.00282046,0.002823629,0.0011235755869609676,0.002962064,0.002991904,0.010074056468732717,0.003908065,0.003934399,0.006738373082331162,1.0514712739424827,1.384989420221163,1.0
1,1,f64,abcijk-ijma-mkbc,0.00281526,0.002802459,0.004547004539545152,0.002832142,0.002836834,0.0016566965921904764,0.002996048,0.002994959,0.00036347882276910326,0.003933693,0.003986235,0.01335691422792773,1.0664510729220071,1.4097846961769989,1.0
1,1,f64,abcijk-ijmb-mkac,0.002722587,0.002727639,0.0018555880858903695,0.002696728,0.002705007,0.0030700167017216895,0.002793609,0.002831172,0.013446047746839218,0.004156621,0.004186401,0.007164473258447268,1.0320045425158528,1.5307571529858979,1.0
1,1,f64,abcijk-ijmc-mkab,0.002753294,0.002848966,0.03474819616067171,0.002736362,0.002827816,0.033421747561177995,0.002842751,0.002972327,0.04558119933824645,0.003625727,0.003464288,0.04452596679231513,1.0378815133785277,1.2654197771559204,1.0
1,1,f64,abcijk-ikma-mjbc,0.002861727,0.002873762,0.004205502481543499,0.002792958,0.002802168,0.003297579125786987,0.002980779,0.002997714,0.00568140073450607,0.004040282,0.003950438,0.02223706167044781,1.0423666013794055,1.3931214046860112,1.0
1,1,f64,abcijk-ikmb-mjac,0.00275678,0.002730454,0.009549546935192388,0.002697239,0.002695518,0.0006380598827171458,0.00282652,0.002838636,0.004286543169692791,0.004214078,0.004074842,0.033040679360941905,1.0324342363295882,1.5103868122590978,1.0
1,1,f64,abcijk-ikmc-mjab,0.002737604,0.002852342,0.04191183239065999,0.002715613,0.002815513,0.036787274180820395,0.002838834,0.002982826,0.05072223314219859,0.003920108,0.003955378,0.00899720109752078,1.041352699533957,1.4091489490242042,1.0
1,1,f64,abcijk-jkma-mibc,0.002824477,0.002822486,0.0007049092628477194,0.002785674,0.00281925,0.01205309738325444,0.002999535,0.002997464,0.0006904403515877178,0.00345124,0.003500285,0.014210834366778391,1.0619865961845634,1.2309895454695388,1.0
1,1,f64,abcijk-jkmb-miac,0.002727766,0.002715666,0.004435864366664877,0.002669046,0.0026856,0.006202216072709099,0.002801554,0.002827856,0.009388360888278546,0.004929938,0.005172187,0.04913834616175694,1.0341568449126841,1.8553083729356288,1.0
1,1,f64,abcijk-jkmc-miab,0.002741732,0.002838345,0.03523794448180917,0.002722265,0.002812057,0.03298429800184777,0.002824156,0.002982035,0.05590307334297395,0.004229377,0.003767186,0.109281106886428,1.0402928597973786,1.430874814493174,1.0
1,1,f64,abcs-rc-abrs,0.00029376,0.000291015,0.00934436274509809,0.000292487,0.000290534,0.006677219842249449,0.000313276,0.000310802,0.007897189698540474,0.000693388,0.000686065,0.0105611865218318,1.067213837716408,2.3589393532234615,1.0
1,1,f64,abj-bka-kj,0.001119826,0.001134805,0.013376185228776594,0.001122812,0.001136629,0.012305711018407273,0.001160552,0.00116888,0.0071758956082967895,0.001698379,0.001700034,0.0009744585866875433,1.0331928031685997,1.5073364995945624,1.0
1,1,f64,abjc-cbka-kj,0.000617947,0.000629419,0.01856469891430823,0.000620411,0.00062999,0.015439764930022193,0.000659965,0.000674673,0.022286030319789596,0.000847546,0.000844802,0.00323758238490901,1.0699453086118338,1.3567929164459753,1.0
1,1,f64,abjc-kbac-jk,0.000329967,0.000321813,0.024711562065297454,0.000323465,0.000321753,0.005292690090118013,0.000340137,0.00034164,0.004418807715714568,0.000684291,0.000685765,0.002154054342377698,1.046102521629903,2.102185450099372,1.0
1,1,f64,abjcd-dkbac-jk,0.002940504,0.003082163,0.048175074749090774,0.002928842,0.003005389,0.02613558532689697,0.003316478,0.003287517,0.008732456539738864,0.005872913,0.005760739,0.019100231861088335,1.0968162481479415,1.9320892970955998,1.0
1,1,f64,abrs-qb-aqrs,0.000290273,0.000286898,0.01162698563076836,0.000285655,0.000284593,0.0037177714375733473,0.000307826,0.000305081,0.008917375400388394,0.000693198,0.000686766,0.0092787342144669,1.0619232979022628,2.3909250519297647,1.0
1,1,f64,adbjc-cbdka-kj,0.008993424,0.008800873,0.02141019927449206,0.008902694,0.008794391,0.01216519404126426,0.009046523,0.009558382,0.05658074378410349,0.006968524,0.007675025,0.1013845973695433,1.0452197946191344,0.8220247391109775,1.0
1,1,f64,ajb-kba-jk,0.000887562,0.000900666,0.014764039019246056,0.000882722,0.000892051,0.010568446237886997,0.000910865,0.000922428,0.012694526631279013,0.001262713,0.001309492,0.037046423058921585,1.025208059551415,1.4382107027080215,1.0
1,1,f64,ajbc-ckba-jk,0.000451665,0.000413865,0.08369034572083289,0.000451255,0.000447388,0.00856943413369382,0.000488054,0.000484387,0.0075135128489880465,0.000762407,0.000734025,0.037226835535350555,1.1245858343006123,1.7302597067620007,1.0
1,1,f64,ajbdc-ckbad-jk,0.002978595,0.002886947,0.030768869215183736,0.002956354,0.002968179,0.003999859286134111,0.003234935,0.003179004,0.017289682791153393,0.005361065,0.005483911,0.022914476880993018,1.0935866073987361,1.8490370006368517,1.0
1,1,f64,aqrs-pa-pqrs,0.000189905,0.000185928,0.020942049972354604,0.000279724,0.000281066,0.004797586192103687,0.00029935,0.000296796,0.008531818941038938,0.000652782,0.00065145,0.0020404974401866394,1.5862734467529493,3.4704359293964955,1.0
1,1,f64,ij-ik-kj,0.002874801,0.002879402,0.0016004586056566072,0.003091527,0.003091831,9.833328319630574e-05,0.00312533,0.003136044,0.003428117990740276,0.003627049,0.003608178,0.005202852236073974,1.0881379810675638,1.2573773819018264,1.0
1,1,f64,ij-ikl-ljk,0.000741778,0.000730107,0.01573381793474593,0.00073715,0.000730869,0.008520653869633077,0.00075821,0.000755454,0.003634876881075222,0.001280717,0.001289004,0.0064705942062142086,1.0284153163671077,1.7459165797237388,1.0
1,1,f64,ij-kil-lkj,0.001110859,0.001074692,0.03255768733925746,0.001094639,0.001068772,0.023630621602190316,0.001122531,0.001107134,0.013716324983452433,0.001802895,0.00180454,0.0009124214111193574,1.0202997700486813,1.6508096417802858,1.0
1,1,f64,ijk-ikl-lj,0.000661148,0.000655658,0.008303738346028267,0.000658393,0.000653234,0.007835745519773063,0.000681265,0.00067271,0.012557521669247729,0.001064723,0.001052602,0.011384181613433908,1.0282150445744582,1.6079124084966714,1.0
1,1,f64,ijk-il-jlk,0.00064653,0.000659665,0.020316149289282937,0.000641381,0.000659826,0.02875825757233219,0.000679071,0.000680444,0.0020218798917934766,0.000952072,0.000953345,0.0013370837499684374,1.0408729554658585,1.4588272972201202,1.0
1,1,f64,ijk-ilk-jl,0.000616224,0.000615393,0.0013485355974450774,0.000615843,0.000613749,0.003400217263166083,0.000633306,0.000630962,0.0037012123681128273,0.000906487,0.000897912,0.009459595118297415,1.0265091459808886,1.465048822181763,1.0
1,1,f64,ijk-ilk-lj,0.000659364,0.000658413,0.0014422989426172705,0.000658392,0.000656179,0.0033612194558865216,0.000676045,0.000675565,0.0007100119074913147,0.001037863,0.001031282,0.006340913974195117,1.0256745008698014,1.5701708811238388,1.0
1,1,f64,ijk-ilmk-mjl,0.000259726,0.000259626,0.0003850211376604795,0.000258664,0.000258734,0.00027062134661193227,0.000263633,0.000264174,0.002052095147420774,0.000568354,0.00057146,0.005464903915517461,1.0162793876266034,2.1946768072267027,1.0
1,1,f64,ijkl-imjn-lnkm,0.00381974,0.00381738,0.0006178430992684891,0.003825099,0.003814695,0.002719929601822102,0.00385685,0.003860881,0.0010451534283157926,0.004549065,0.004557185,0.0017849821886475326,1.010555067327155,1.192366600826118,1.0
1,1,f64,ijkl-imjn-nlmk,0.003760539,0.003753891,0.001767831685830057,0.003754247,0.003743501,0.002862358283831523,0.003797548,0.00380167,0.0010854372347630648,0.004529107,0.004583925,0.012103489716626337,1.0112836044759053,1.212716159481209,1.0
1,1,f64,ijkl-imkn-jnlm,0.003770497,0.003725747,0.011868461903032812,0.003758235,0.003725888,0.008606965769836106,0.003785536,0.00381262,0.007154601092157042,0.004442396,0.004401694,0.0091621728454645,1.0136066966935913,1.1798113736444726,1.0
1,1,f64,ijkl-imkn-njml,0.003770557,0.003757318,0.003511152331074685,0.003769105,0.003735626,0.008882480058263087,0.003790756,0.003797151,0.0016869985828684708,0.004523597,0.004504927,0.004127246525276296,1.0079758284398992,1.199344922487947,1.0
1,1,f64,ijkl-imln-jnkm,0.003802949,0.003767607,0.009293314214836923,0.003779094,0.003750094,0.007673796947099021,0.003826061,0.003799576,0.006922262870351581,0.004476559,0.004345498,0.029277174722817212,1.0072805883875817,1.1651957325125555,1.0
1,1,f64,ijkl-imln-njmk,0.003784614,0.003721139,0.016771855729540652,0.003765749,0.003711871,0.014307379488117888,0.003803679,0.003767055,0.009628572758111242,0.004484083,0.004402285,0.01824185680773527,1.0086817602407316,1.1839330835615776,1.0
1,1,f64,ijkl-imnj-nlkm,0.003769957,0.003744764,0.0066825695889900505,0.003765328,0.003745294,0.005320652012254956,0.003818368,0.003789918,0.007450827159666051,0.004470207,0.004429376,0.009134028916334413,1.012449505856011,1.1842807398554878,1.0
1,1,f64,ijkl-imnk-njml,0.003752544,0.003726629,0.006905981648716142,0.003731455,0.00370009,0.008405568337283897,0.003791136,0.003768819,0.0058866260666987635,0.004500934,0.004383279,0.02614013002634552,1.0108025903822775,1.187763303718193,1.0
1,1,f64,ijkl-minj-nlmk,0.004657217,0.004612038,0.009700857829901488,0.004635757,0.004592802,0.009266016316213266,0.004712491,0.004694843,0.0037449408391443395,0.005512809,0.005433997,0.014296160088259735,1.0149067202332298,1.1809635530915576,1.0
1,1,f64,ijkl-mink-jnlm,0.004634795,0.004551043,0.018070270637643993,0.004584872,0.004572644,0.0026670319258641495,0.004677877,0.004600516,0.016537630211311827,0.005493923,0.005298333,0.03560115422076371,1.0100827108379469,1.174735721152045,1.0
1,1,f64,ijkl-minl-njmk,0.004630567,0.00460288,0.005979181383186982,0.004625068,0.00459175,0.0072037859767684065,0.004708343,0.004660629,0.010133926096718038,0.005527327,0.005424079,0.018679553426095508,1.0146690202000601,1.1860108710076702,1.0
1,4,f64,abc-bk-akc,0.000296114,0.000168215,0.4319248667742829,0.000166311,0.000165731,0.0034874422016583084,0.000226694,0.000217588,0.04016868554086117,0.000256791,0.000258935,0.00834920226955016,0.9951204530811666,1.1553762811926724,2.756676468677718
1,4,f64,abcijk-eiab-jkec,0.000809856,0.000855973,0.05694469140192826,0.000770753,0.000834603,0.08284106581485884,0.000903451,0.000924021,0.022768251958324326,0.001386785,0.001372751,0.010119809487411535,1.0973856761282386,1.6571679185702588,3.3529242409186804
1,4,f64,abcijk-eiac-jkeb,0.000778167,0.00082735,0.06320365679860496,0.000864238,0.000752058,0.12980220726235137,0.000873154,0.000859339,0.015821951225098885,0.001851346,0.00187993,0.015439577474982924,1.0795596518898178,2.325056949320311,3.386606661654761
1,4,f64,abcijk-eibc-jkea,0.000887161,0.000869729,0.019649195580058287,0.000795389,0.000835896,0.05092728212233277,0.000971969,0.000993411,0.022060374353503054,0.001013958,0.001039928,0.02561250071501986,1.1186584116912246,1.1690105279121286,3.187881650471556
1,4,f64,abcijk-ejab-ikec,0.001076024,0.000844952,0.2147461394913125,0.000797613,0.000784449,0.016504244539645163,0.000912869,0.000914824,0.0021415997256999386,0.001380084,0.00137797,0.0015317908185298323,0.9583982371449431,1.4462575647397982,2.924543723756056
1,4,f64,abcijk-ejac-ikeb,0.000810196,0.001163609,0.4362067944053043,0.000794347,0.000771796,0.02838935628887629,0.000869598,0.000869308,0.00033348742752403737,0.001169018,0.001181753,0.010893758693193867,0.8954627429588936,1.210529486749418,2.8099751153042183
1,4,f64,abcijk-ejbc-ikea,0.000836696,0.000876892,0.04804134357042478,0.000818763,0.000868837,0.06115811290935236,0.000990084,0.001004401,0.014460389219500547,0.001114846,0.001181333,0.059637833386853245,1.1642136555084384,1.3397899248546539,3.316324944746019
1,4,f64,abcijk-ekab-ijec,0.000811128,0.001075744,0.3262321113313804,0.000840102,0.000810127,0.03568019121487631,0.000947283,0.000925093,0.023424889922019188,0.001185839,0.001204226,0.015505477556396974,1.002151558426506,1.2792861602455219,3.005801454400809
1,4,f64,abcijk-ekac-ijeb,0.000800429,0.000780813,0.024506858197291703,0.000740726,0.000821919,0.10961273129335258,0.000870159,0.000872434,0.0026144647127708254,0.001812854,0.001772811,0.02208837556692378,1.1021245441333132,2.267658792812268,3.453590537384456
1,4,f64,abcijk-ekbc-ijea,0.000889876,0.000828622,0.06883430949930103,0.000842126,0.000839753,0.0028178681099977343,0.00092409,0.000979104,0.05953316235431605,0.001133401,0.001151567,0.016027866571495908,1.1077163624417843,1.3304342738810044,3.2970888979619764
1,4,f64,abcijk-ijma-mkbc,0.000851784,0.000845343,0.00756177622495835,0.000855491,0.000823011,0.03796650110872002,0.00100409,0.000957924,0.045977950183748506,0.001118694,0.001149633,0.02765635642990838,1.155767901008832,1.3364540943861458,3.3101499616300143
1,4,f64,abcijk-ijmb-mkac,0.000809606,0.000835855,0.03242194351326444,0.000788556,0.000834142,0.05780946438807133,0.000847907,0.000863658,0.018576329715405127,0.001839764,0.001737474,0.05559952254745726,1.040261867590452,2.1733910987216887,3.312699159755719
1,4,f64,abcijk-ijmc-mkab,0.000818723,0.000832098,0.016336416590226444,0.000793555,0.000808354,0.01864899093320549,0.000935962,0.000901779,0.036521781867212555,0.001242395,0.001199757,0.034319198000635875,1.1130724475719544,1.4791790907634939,3.393236990984403
1,4,f64,abcijk-ikma-mjbc,0.000885357,0.000856373,0.032737076682061605,0.000835404,0.000792394,0.051484072376957735,0.000938897,0.000990716,0.055191357518449946,0.001130737,0.001164751,0.030081265581651584,1.1076253028868523,1.3179734202895061,3.293432778593209
1,4,f64,abcijk-ikmb-mjac,0.000791461,0.000780221,0.014201584158916258,0.00075843,0.000739465,0.025005603681289013,0.000911837,0.000898663,0.014447757658441196,0.001153179,0.001167366,0.012302513313197538,1.1519495476857662,1.4764825045611543,3.4913622309365984
1,4,f64,abcijk-ikmc-mjab,0.000858146,0.000813153,0.05243047220403041,0.000779299,0.000820697,0.053122100759785296,0.000908711,0.000927046,0.0201769319398577,0.001322966,0.001440999,0.0892184681994852,1.0987447406619868,1.6528728867654172,3.3451791887521876
1,4,f64,abcijk-jkma-mibc,0.000876711,0.000932807,0.06398459697665482,0.00080661,0.000853689,0.058366496820024594,0.000968854,0.000937936,0.03191192893872552,0.001032813,0.001021774,0.010688285294627398,1.0541238630722782,1.1359628942190212,3.1222005324341673
1,4,f64,abcijk-jkmb-miac,0.000770612,0.00081682,0.05996273092035942,0.000749102,0.000757769,0.011569852970623629,0.000898933,0.000894575,0.0048479697597040294,0.00183817,0.001844464,0.0034240576225268438,1.130292836446606,2.3208488829312466,3.4305256281826173
1,4,f64,abcijk-jkmc-miab,0.000804396,0.000848429,0.05474045122054316,0.000817991,0.000819776,0.002182175598508973,0.000915604,0.00092378,0.008929624597533437,0.001334067,0.001370006,0.026939426580524062,1.11325694952502,1.6364673760648936,3.3767770563739576
1,4,f64,abcs-rc-abrs,8.8676e-05,8.7494e-05,0.013329423970409149,8.6412e-05,8.6071e-05,0.0039462111743739925,0.000140664,0.000142206,0.01096229312404029,0.000226324,0.000229369,0.013454163058270519,1.6056772666213754,2.586666761061714,3.3194171529481573
1,4,f64,abj-bka-kj,0.000308317,0.000301355,0.022580655623919532,0.000297718,0.000301996,0.01436930249430679,0.000369522,0.000371155,0.004419222671451228,0.000460602,0.000473797,0.028647292022179638,1.2149541004769204,1.5325728457012016,3.6982644014243067
1,4,f64,abjc-cbka-kj,0.00022461,0.00021875,0.026089666533101852,0.000207719,0.000227436,0.09492150453256554,0.00028868,0.000288591,0.00030829984758207196,0.000294291,0.000283691,0.03601877053664582,1.3021504491313975,1.303534994530963,2.813565069954344
1,4,f64,abjc-kbac-jk,9.8023e-05,0.000100679,0.02709568162574083,9.7542e-05,9.8164e-05,0.006376740275983783,0.000154138,0.000159519,0.03491027520793044,0.000233928,0.000232486,0.006164289866967598,1.578438362067814,2.34750250817923,3.2802247752818197
1,4,f64,abjcd-dkbac-jk,0.001311504,0.001300616,0.008301919018165349,0.001201118,0.001214635,0.011253681986282738,0.00133578,0.001408007,0.05407102966057287,0.002053474,0.002102287,0.023770936471559923,1.0500513059423355,1.5908573934668517,2.305044598623223
1,4,f64,abrs-qb-aqrs,8.7343e-05,8.5831e-05,0.01731106098943236,8.6763e-05,8.7173e-05,0.0047255166372763835,0.000139591,0.000144731,0.03682185814271688,0.000230271,0.000228888,0.006005966882499214,1.6416227123496105,2.651520548345717,3.332966453727659
1,4,f64,adbjc-cbdka-kj,0.005138699,0.005198606,0.011658009157570648,0.005097171,0.005197765,0.019735260990851655,0.005610142,0.005748878,0.02472949882551978,0.002640563,0.002570303,0.02660796201416138,1.098774144825924,0.5040462484804685,1.7212952481923882
1,4,f64,ajb-kba-jk,0.000233246,0.000233388,0.0006087992934498132,0.000228257,0.000229189,0.004083116837599876,0.000286797,0.000294852,0.028086067845898066,0.000345677,0.000344085,0.004605455381758161,1.2463584933506549,1.4781610314134535,3.832082680620106
1,4,f64,ajbc-ckba-jk,0.000134172,0.000145903,0.08743254926512223,0.000132167,0.00013834,0.04670606127096777,0.000218158,0.000209092,0.0415570366431669,0.000250018,0.000252052,0.008135414250173945,1.5264803653089858,1.7941867894577566,3.090114069724562
1,4,f64,ajbdc-ckbad-jk,0.00125539,0.001257415,0.001613044551892262,0.001263645,0.001253608,0.007942895354312363,0.001360987,0.001383632,0.016638660031286223,0.001973955,0.001966283,0.0038866134233048744,1.0922162567983305,1.5680611151309847,2.3339765199601055
1,4,f64,aqrs-pa-pqrs,0.000105007,6.0113e-05,0.4275334025350691,0.000291656,8.4788e-05,0.7092876539484873,0.000132148,0.000119053,0.09909344068771386,0.000212067,0.000213991,0.009072604412756258,1.5787273849282868,2.681272622128726,2.3650878215538076
1,4,f64,ij-ik-kj,0.000732311,0.000759573,0.037227352859645624,0.00080106,0.000798876,0.0027263875365141077,0.000885327,0.000882743,0.002918695578018049,0.001014629,0.001019399,0.0047012257682366165,1.1853223067798586,1.3636194869287257,3.8576471957738847
1,4,f64,ij-ikl-ljk,0.000447427,0.000439863,0.01690555107313596,0.000436678,0.000440294,0.008280701111574196,0.000509684,0.000524863,0.029781197761750366,0.00073192,0.000729696,0.0030385834517434596,1.1658795091219474,1.6473389992783636,1.6588626177973438
1,4,f64,ij-kil-lkj,0.000630229,0.000637003,0.010748473967399086,0.000622605,0.000624861,0.003623485195268117,0.000725168,0.000725759,0.0008149835624295942,0.001016102,0.001018838,0.0026926430614249153,1.1449739351672379,1.6058363701092426,1.7244537318090953
1,4,f64,ijk-ikl-lj,0.000247103,0.000249677,0.010416708821827436,0.000245699,0.000246362,0.002698423681008144,0.000321622,0.000326651,0.015636368158894687,0.000394889,0.000395962,0.002717219269212423,1.3049281276514821,1.5919740893728502,2.6506949386472822
1,4,f64,ijk-il-jlk,0.000479398,0.000552044,0.15153588458858813,0.000240711,0.000238276,0.010115865083024977,0.000303899,0.000294372,0.03134923115903643,0.000370784,0.000365114,0.015291921981530954,0.5814038841593093,0.7152202130141487,1.2694660943736558
1,4,f64,ijk-ilk-jl,0.000222717,0.000233137,0.046785831346507045,0.000223489,0.000229079,0.02501241671849619,0.000297878,0.000307215,0.03134504730124421,0.00034757,0.000350066,0.007181287222717714,1.3275721620824803,1.5307836754304476,2.7024850146935715
1,4,f64,ijk-ilk-lj,0.000210925,0.00021375,0.01339338627474218,0.000206696,0.000211666,0.0240449742617177,0.000268703,0.000273542,0.0180087308292054,0.000327653,0.00034169,0.042841054408169654,1.2768244076079913,1.5758182220918837,3.1030925161817535
1,4,f64,ijk-ilmk-mjl,8.0701e-05,8.3015e-05,0.028673746298063296,7.8927e-05,8.2074e-05,0.03987228705005896,0.000125274,0.000139291,0.11189073550776674,0.000175489,0.000184195,0.049609947062209114,1.6138912099691147,2.1965754422004635,3.1725907994041704
1,4,f64,ijkl-imjn-lnkm,0.000989201,0.000997568,0.008458341631276012,0.000989101,0.000993551,0.004499034982271777,0.001070083,0.001076275,0.005786467031061893,0.001249178,0.001272633,0.01877634732600142,1.0803309805875976,1.2692589244376171,3.8440238198497956
1,4,f64,ijkl-imjn-nlmk,0.000984863,0.000958746,0.026518409159446588,0.000953876,0.000958124,0.0044534090384913405,0.00103613,0.001041891,0.005560113113219467,0.001222809,0.001213813,0.00735683168835044,1.0692483137195887,1.2537631815526282,3.8665727339796883
1,4,f64,ijkl-imkn-jnlm,0.000965979,0.000975897,0.010267303947601336,0.000964665,0.00095549,0.009511073792456415,0.001044085,0.001044456,0.0003553350541383171,0.001203143,0.001204406,0.0010497505284077224,1.075541490949424,1.2398217346641145,3.860291903767771
1,4,f64,ijkl-imkn-njml,0.000957212,0.000979084,0.022849692649068443,0.000952252,0.00095028,0.002070880397205821,0.001030859,0.00104657,0.01524068762071229,0.001220084,0.001227318,0.005929099963609019,1.072925902794856,1.2640357988794322,3.8880128157928193
1,4,f64,ijkl-imln-jnkm,0.000969204,0.000964105,0.0052610183201884375,0.000965297,0.000964336,0.000995548520300038,0.00104684,0.001040188,0.006354361698062694,0.001210997,0.001217791,0.005610253369744189,1.0795090995825483,1.256284921402029,3.915825062560146
1,4,f64,ijkl-imln-njmk,0.000957472,0.000988842,0.03276336018181203,0.000953905,0.000978252,0.025523506009508257,0.001040117,0.001027325,0.012298616405654328,0.001211788,0.001219334,0.006227161846791729,1.0623522263028697,1.2492465889561548,3.856756755502574
1,4,f64,ijkl-imnj-nlkm,0.000958294,0.000954327,0.0041396481664290885,0.000957342,0.000957373,3.238132245320102e-05,0.00103595,0.001053373,0.016818379265408634,0.001201148,0.001212812,0.009710710087349694,1.0923517241135323,1.2621094365088736,3.929003673111092
1,4,f64,ijkl-imnk-njml,0.000958965,0.000952384,0.006862607081593142,0.000950519,0.000973934,0.024633910526775216,0.001046158,0.001027855,0.01749544523867319,0.001205386,0.001203754,0.0013539231416325181,1.0850684676491875,1.2604467983605576,3.913033378970253
1,4,f64,ijkl-minj-nlmk,0.001184617,0.001177375,0.006113368286965293,0.001181041,0.001179259,0.0015088383891838086,0.001292279,0.001269057,0.017969803734332768,0.00147988,0.001477537,0.001583236478633454,1.0843570880301323,1.2520914435244093,3.9243098473953038
1,4,f64,ijkl-mink-jnlm,0.001169629,0.001156696,0.01105735237412886,0.001150754,0.001154141,0.0029432876183790313,0.001267513,0.001256143,0.008970322197878966,0.001467687,0.001480372,0.008642850962091941,1.084830961606885,1.267268016175156,3.948544652238744
1,4,f64,ijkl-minl-njmk,0.001169108,0.001170492,0.0011838085104198814,0.001166213,0.001162738,0.0029797301179115276,0.001268394,0.001253478,0.011759752884356156,0.001460354,0.001474642,0.00978392910212178,1.0778886687319327,1.2544715914075317,3.9465751004277236
1,8,f64,abc-bk-akc,0.00018181,0.000237345,0.305456245531049,0.000179606,0.000178745,0.004793826486865549,0.000257753,0.000257092,0.0025644706366172443,0.000153468,0.00015452,0.006854849219381176,1.2392165897113685,0.7413142346185376,2.961752082653574
1,8,f64,abcijk-eiab-jkec,0.000623057,0.000579746,0.06951370420362823,0.000519993,0.000512801,0.013830955416707424,0.000675635,0.000683039,0.010958579706498384,0.000871602,0.000973153,0.11651074687758878,1.1303060448408349,1.5323815051934024,4.644884352084561
1,8,f64,abcijk-eiac-jkeb,0.000557624,0.000521417,0.0649308494612858,0.000517519,0.000517079,0.0008502103304419695,0.00061943,0.000624139,0.0076021503640444354,0.001131669,0.001090222,0.03662466675326448,1.153117215390749,2.05993662112417,5.039442296571409
1,8,f64,abcijk-eibc-jkea,0.000756025,0.000751999,0.0053252207268277285,0.00072678,0.000683971,0.05890228129557773,0.000812982,0.000805659,0.009007579503605201,0.000632844,0.00066216,0.04632421260215769,1.0733451211679401,0.8585252933118607,3.713801407661377
1,8,f64,abcijk-ejab-ikec,0.000536805,0.000529622,0.01338102290403409,0.00048595,0.000493174,0.014865726926638345,0.000667129,0.000682148,0.022512887312648777,0.000959285,0.000952905,0.006650786783906848,1.2651817838433659,1.7931117028244024,5.229905387074017
1,8,f64,abcijk-ejac-ikeb,0.000571279,0.000538228,0.057854393387469116,0.000498183,0.00051261,0.028959237870421095,0.000653042,0.000628247,0.037968461446583945,0.000760203,0.000709359,0.06688213542961552,1.1551237013721436,1.3243127420334984,4.9203249275184335
1,8,f64,abcijk-ejbc-ikea,0.000744734,0.000736028,0.011690079948008303,0.000760253,0.000672189,0.11583512330763579,0.00083328,0.000794588,0.046433371735791096,0.000688389,0.000682088,0.009153254918367382,1.0990532156919304,0.9255276690300754,3.836774006517396
1,8,f64,abcijk-ekab-ijec,0.000605203,0.000535103,0.11582890369016685,0.000540151,0.000488686,0.09527891274847222,0.000711993,0.000658313,0.07539399966010896,0.000825325,0.000825827,0.0006082452367248692,1.203053244370841,1.4507340692508306,4.9338986507107165
1,8,f64,abcijk-ekac-ijeb,0.000551803,0.000533088,0.033916089618940104,0.000493344,0.000498063,0.009565333722513891,0.000684821,0.000686856,0.002971579434626115,0.001091854,0.001065876,0.0237925583457127,1.2645322243002015,1.989042874350413,5.034012493064332
1,8,f64,abcijk-ekbc-ijea,0.000760754,0.000743633,0.022505303948451183,0.000721731,0.000718536,0.004426857097727499,0.000852495,0.000852447,5.630531557365703e-05,0.000701383,0.000691185,0.014539844849390415,1.1333868364146267,0.9257065158228694,3.764195615581713
1,8,f64,abcijk-ijma-mkbc,0.000746307,0.000723425,0.030660304673545857,0.000733974,0.000696264,0.05137784172191373,0.000820666,0.00083843,0.021645833993366503,0.000670064,0.000720119,0.07470181952768695,1.128914655971549,0.9453764153725123,3.8227277979881142
1,8,f64,abcijk-ijmb-mkac,0.00056092,0.000566681,0.010270626827354912,0.000574305,0.000520705,0.09333019911022888,0.000680524,0.000629539,0.07492020854517978,0.001110649,0.001119917,0.008344670548481092,1.1609493012168124,1.9781605885658062,4.833531357844867
1,8,f64,abcijk-ijmc-mkab,0.000600093,0.000594884,0.008680321216878117,0.000501198,0.000532978,0.06340807425408723,0.000673521,0.0007049,0.04658949015695124,0.000855942,0.000815417,0.04734549770895691,1.153224609100984,1.39825578489953,4.687534776906535
1,8,f64,abcijk-ikma-mjbc,0.000748992,0.000704239,0.05975097197299839,0.00072634,0.000688539,0.05204312030178715,0.000827478,0.000805649,0.026380157538931526,0.000698437,0.000668572,0.04275976215463961,1.1242231878056224,0.940890504541703,3.9485793851512168
1,8,f64,abcijk-ikmb-mjac,0.000601366,0.00057135,0.04991303133200087,0.000530443,0.000508923,0.04056986330293744,0.000671477,0.000743763,0.10765223529622014,0.000771535,0.000810528,0.05053950890108694,1.2056251653198604,1.34909109689835,4.680561282707318
1,8,f64,abcijk-ikmc-mjab,0.000610272,0.000505998,0.170864794714488,0.000559788,0.000506949,0.09439109091298836,0.000664444,0.000669634,0.007811042014074898,0.001010722,0.000978593,0.03178816727052536,1.2003608375170491,1.7897022724501144,5.028633560057933
1,8,f64,abcijk-jkma-mibc,0.00074788,0.000733314,0.019476386586083416,0.000728424,0.000708167,0.027809352794526232,0.000811229,0.0008225,0.013893734075088426,0.000645178,0.000625632,0.0302955153461526,1.1030081952157367,0.8579032322938782,3.812623949648108
1,8,f64,abcijk-jkmb-miac,0.0005767,0.000553817,0.0396792092942605,0.000507089,0.000502962,0.00813861077641187,0.000659594,0.000635861,0.03598122481405219,0.001097434,0.001059114,0.034917817381272975,1.1459385392283188,1.9076664545268684,4.815968263649191
1,8,f64,abcijk-jkmc-miab,0.00061975,0.000540292,0.1282097620008067,0.000578834,0.00049117,0.15144929288880749,0.000706262,0.000656479,0.07048800586751103,0.000967632,0.000932266,0.03654901863518367,1.176713680888854,1.6413549063570798,4.820838198791447
1,8,f64,abcs-rc-abrs,5.6145e-05,5.7007e-05,0.015353103571110527,5.5514e-05,5.5555e-05,0.0007385524372229835,0.000180298,0.00017072,0.05312316276386864,0.000158687,0.000158296,0.002463969953430345,3.1011160532276447,2.801470210856994,5.1681413192638965
1,8,f64,abj-bka-kj,0.000159309,0.000161392,0.01307521860033023,0.000159278,0.00015511,0.02616808347668864,0.000281968,0.000266379,0.055286415479770756,0.00025669,0.000248626,0.031415325879465494,1.7091837162463646,1.5754934027557872,7.030314218538179
1,8,f64,abjc-cbka-kj,0.000152415,0.000159038,0.043453728307581097,0.000167183,0.000151754,0.09228809149255601,0.000295894,0.000281097,0.050007773053863835,0.000191318,0.000189385,0.010103597152385069,1.8523876494841989,1.2226056465971966,4.005725917749596
1,8,f64,abjc-kbac-jk,6.2016e-05,6.1345e-05,0.010819788441692402,6.0353e-05,6.0253e-05,0.0016569184630425005,0.000140322,0.00015504,0.10488733056826449,0.000163536,0.00015997,0.021805596321299192,2.3913508671379,2.6223128128302857,5.283182161216302
1,8,f64,abjcd-dkbac-jk,0.001045617,0.001049626,0.0038340998663946024,0.000924671,0.000919111,0.006012949470676543,0.001142549,0.001157117,0.012750437836801742,0.001505078,0.001506963,0.0012524267845255288,1.0975452804825832,1.4375640074988105,2.873658001568327
1,8,f64,abrs-qb-aqrs,5.7267e-05,5.4893e-05,0.0414549391447081,5.4603e-05,5.4122e-05,0.008809039796348173,0.00016559,0.000174937,0.056446645328824374,0.00015994,0.000160812,0.005452044516693899,3.035618499379002,2.8604019993150347,5.147026230732579
1,8,f64,adbjc-cbdka-kj,0.003031445,0.003027289,0.0013709633524605636,0.002990959,0.002987455,0.001171530602726456,0.00334989,0.003336169,0.004095955389579964,0.002023197,0.002129679,0.0526305643988203,1.103538543529659,0.6852110728172679,2.936794941704558
1,8,f64,ajb-kba-jk,0.000129372,0.00012848,0.006894845870822119,0.000127108,0.000127279,0.0013453126475124755,0.00021411,0.000227627,0.06313110083601892,0.000198602,0.000199244,0.0032325958449561654,1.7123496646738485,1.5429310711328872,6.934949841569001
1,8,f64,ajbc-ckba-jk,9.8014e-05,9.1631e-05,0.06512334972554934,9.2353e-05,9.5849e-05,0.037854752958756066,0.00019763,0.000196138,0.007549461114203293,0.000176591,0.000174326,0.012826248223295589,2.077504804522645,1.851399302448321,4.562178771367435
1,8,f64,ajbdc-ckbad-jk,0.000968623,0.000992679,0.024835255821924473,0.00097762,0.000955429,0.022699003702870146,0.001209584,0.00117491,0.028666053783780288,0.001464431,0.001434737,0.020276817412360204,1.2157338554802943,1.4782190683528103,2.990496701327166
1,8,f64,aqrs-pa-pqrs,0.000175429,4.0456e-05,0.7693881855337487,0.000316312,5.1095e-05,0.8384664508460001,0.00012307,0.000122059,0.008214837084585924,0.000147586,0.000147706,0.0008130852519885323,1.4548520819650559,1.7525865949512631,2.2304805183638012
1,8,f64,ij-ik-kj,0.000414877,0.000410299,0.011034595795862523,0.000421769,0.000419065,0.006411092327790802,0.000588141,0.000549539,0.06563392111755517,0.000608158,0.000607809,0.0005738640287558106,1.377939274161942,1.4736076469010049,6.973408966888751
1,8,f64,ij-ikl-ljk,0.000302025,0.000309179,0.02368678089562115,0.000308488,0.000306524,0.006366536137548229,0.000410328,0.000407814,0.0061268058723752405,0.00057734,0.000583132,0.010032216718051767,1.3386597376956149,1.8987720076711554,2.408262315643683
1,8,f64,ij-kil-lkj,0.000435416,0.000439924,0.010353317287375763,0.000432159,0.000438361,0.014351199442797613,0.000554087,0.000555811,0.0031114247401582418,0.000802573,0.000807923,0.006666060283612829,1.2679774487187723,1.8398661905380258,2.4964936017219843
1,8,f64,ijk-ikl-lj,0.000136606,0.000139421,0.020606708343703817,0.000137377,0.000139181,0.013131746944539557,0.000252653,0.000273392,0.08208491488325897,0.000233898,0.000235201,0.0055708043677158425,1.9043911152225705,1.6995496326312354,4.770776182828828
1,8,f64,ijk-il-jlk,0.000135273,0.00013336,0.014141772563630473,0.000127037,0.000129333,0.01807347465698972,0.00022395,0.000223078,0.0038937262781870707,0.000218028,0.000217879,0.0006833984625826961,1.6641234873416808,1.6227270209709659,4.862254732439817
1,8,f64,ijk-ilk-jl,0.000306373,0.000249488,0.1856723666902761,0.000250048,0.000247344,0.010813923726644581,0.000349184,0.000348402,0.0022395069648094568,0.000216295,0.000214622,0.007734806629834279,1.2615876012679026,0.7793100617804128,2.2273860990957335
1,8,f64,ijk-ilk-lj,0.000140243,0.000141585,0.009569105053371718,0.00013876,0.000139521,0.005484289420582211,0.000244388,0.000260037,0.06403342226295905,0.000233968,0.000234699,0.0031243588866853855,1.7889915649356654,1.662970831076693,4.675871797799369
1,8,f64,ijk-ilmk-mjl,7.8928e-05,7.7696e-05,0.015609162781269115,7.987e-05,7.7445e-05,0.030361837986728535,0.00021949,0.000200675,0.08572144516834479,0.000154289,0.000156183,0.012275664499737493,2.680026730285285,1.9823004657132608,3.3160183508594065
1,8,f64,ijkl-imjn-lnkm,0.000858968,0.000852907,0.007056141788751136,0.000852907,0.000865762,0.015071983229121066,0.000989562,0.000984083,0.005536793045812227,0.000994151,0.001033325,0.03940447678471393,1.1529169859781017,1.1841461665195723,4.461288063483612
1,8,f64,ijkl-imjn-nlmk,0.000752518,0.000773749,0.02821327861924905,0.000732862,0.000781644,0.06656369139073925,0.000835384,0.000898292,0.07530429120021442,0.000819523,0.000888844,0.08458700976055589,1.1352547973933786,1.118497065979694,4.92387910095044
1,8,f64,ijkl-imkn-jnlm,0.000599261,0.000595716,0.005915619404566641,0.000591277,0.000586639,0.007844039257403845,0.00069964,0.000698128,0.0021611114287347633,0.000680273,0.000712545,0.04743977785389086,1.1697073105734634,1.1652527213492576,6.273044094729194
1,8,f64,ijkl-imkn-njml,0.000597147,0.000584104,0.021842192960862317,0.000583482,0.000582721,0.0013042390339375043,0.000688789,0.000686656,0.0030967393497863815,0.000698237,0.000701474,0.004635961715005132,1.164466485071548,1.1850085969222033,6.373177499483741
1,8,f64,ijkl-imln-jnkm,0.000601265,0.000589304,0.019893058801027874,0.000604641,0.000589904,0.024373140425475448,0.000711271,0.000698047,0.018592069689330692,0.000685704,0.000699791,0.02054384982441393,1.1837424633966376,1.1637236523434265,6.359022940220437
1,8,f64,ijkl-imln-njmk,0.000596697,0.000586268,0.017477882409329903,0.000584574,0.000582561,0.003443533239589902,0.000702204,0.00068853,0.019472973665772275,0.000697917,0.000692758,0.007391996469494289,1.1756229652191867,1.1756218284311049,6.344884491131447
1,8,f64,ijkl-imnj-nlkm,0.000616524,0.000599532,0.027560970862448242,0.000601866,0.000598231,0.006039550331801369,0.000702144,0.000699049,0.004407927718530713,0.0006946,0.000696615,0.002900950187158191,1.1523535018940345,1.1441490975745765,6.180153284646462
1,8,f64,ijkl-imnk-njml,0.000586047,0.000589745,0.006310074106684382,0.00058742,0.00058709,0.0005617786251744805,0.000701593,0.000684602,0.02421774447578584,0.000695412,0.000697927,0.0036165611177259027,1.178863029960368,1.1850256010460591,6.360959331061145
1,8,f64,ijkl-minj-nlmk,0.000747749,0.000723224,0.0327984390483973,0.000728363,0.000731069,0.0037151804800628074,0.00084968,0.000841476,0.009655399679879495,0.000862785,0.000844913,0.02071431469021834,1.1498315726723134,1.1610286959904965,6.302245839345025
1,8,f64,ijkl-mink-jnlm,0.000720518,0.000721862,0.001865324669196422,0.000707956,0.000709469,0.0021371384662323134,0.000818422,0.000819886,0.0017888082187429433,0.000830655,0.000831187,0.000640458433404989,1.1358366429807083,1.152153133213522,6.368266458676331
1,8,f64,ijkl-minl-njmk,0.00072658,0.00072628,0.00041289328084992416,0.000723985,0.000717284,0.009255716623963184,0.000834262,0.000840594,0.007589941768892716,0.000846465,0.000850623,0.004912193652425012,1.1527910921967621,1.1680980565626888,6.35533064868927
1,12,f64,abc-bk-akc,0.000146975,0.000153408,0.04376934852866121,0.000125455,0.000130384,0.03928898808337644,0.000344875,0.00037368,0.08352301558535702,0.000180157,0.000199513,0.10743962210738434,2.3907548498039066,1.26259897291246,4.097338939189003
1,12,f64,abcijk-eiab-jkec,0.000516647,0.000348924,0.32463751846038,0.000499004,0.0003578,0.28297167958573477,0.000479839,0.000489186,0.019479450398987908,0.000740026,0.00054994,0.2568639480234478,1.141096581186889,1.502514828079248,6.574993055877036
1,12,f64,abcijk-eiac-jkeb,0.000559888,0.000416911,0.25536714485754297,0.000516798,0.000351017,0.320784910158321,0.000437509,0.000490399,0.12088894171319908,0.000701323,0.00067268,0.04084138121806924,0.9587293590991673,1.4216446074436606,5.624365583555914
1,12,f64,abcijk-eibc-jkea,0.000845142,0.000769972,0.08894363314093967,0.000847927,0.000594614,0.2987438777158882,0.000747118,0.000751567,0.005954882628982361,0.000538177,0.000481111,0.10603574660381254,0.9289153567691002,0.6307872427385085,3.4713074298985918
1,12,f64,abcijk-ejab-ikec,0.000487583,0.000359533,0.2626219535955929,0.000538648,0.000452658,0.15964043308431475,0.000472214,0.000487963,0.033351404236215076,0.000687988,0.000635461,0.07634871538457055,1.1464872222586857,1.5792148736145601,6.660264244149183
1,12,f64,abcijk-ejac-ikeb,0.000621113,0.000425838,0.31439528716996745,0.000522438,0.000339436,0.3502846270753659,0.000479968,0.000494416,0.030102006800453385,0.000603931,0.000479689,0.20572217687119898,0.9472069669610943,1.0465645617433876,5.305099585488591
1,12,f64,abcijk-ejbc-ikea,0.000858978,0.000611325,0.28831122566584944,0.000888273,0.000598611,0.32609569355367096,0.000780631,0.000775232,0.006916199843459814,0.000520243,0.000510536,0.018658588390425224,1.0735237174147343,0.7111958433207463,3.9200073313586343
1,12,f64,abcijk-ekab-ijec,0.000390291,0.000345277,0.11533445557289312,0.000514893,0.000372758,0.2760476448504835,0.000470831,0.000492492,0.046005891710613644,0.000545792,0.000526195,0.03590561972326456,1.3117589068633002,1.4598520639772132,7.648589625404
1,12,f64,abcijk-ekac-ijeb,0.000404217,0.000360675,0.10771936855698794,0.000340017,0.000347301,0.021422458288850255,0.000527338,0.000492733,0.06562204885671064,0.000767597,0.000748291,0.025151218673340248,1.335011636146718,1.984890658304382,7.150566722258853
1,12,f64,abcijk-ekbc-ijea,0.000649596,0.000707025,0.0884072562023166,0.000628436,0.000786253,0.25112660636882667,0.000757338,0.000625371,0.17425112697368939,0.000495698,0.00056592,0.14166286731033817,1.0154877457975153,0.7815325098550807,4.177674291415168
1,12,f64,abcijk-ijma-mkbc,0.000621023,0.000696464,0.12147859258030724,0.000617586,0.000883936,0.4312759680433169,0.000789057,0.000719227,0.08849804260021776,0.000501649,0.00050721,0.011085440218160603,1.1454707424497332,0.7669917636271604,4.270962024181123
1,12,f64,abcijk-ijmb-mkac,0.000344185,0.000379971,0.10397315397242757,0.000355015,0.000533249,0.5020463924059546,0.000498273,0.000495658,0.005248127030764382,0.00073219,0.000679193,0.0723814856799464,1.3742113836460534,1.950012079448985,7.5355183782043715
1,12,f64,abcijk-ijmc-mkab,0.000359633,0.000385321,0.07142837281339598,0.00035237,0.00048581,0.37869285126429597,0.000503743,0.00046975,0.06748083844341257,0.00049182,0.000561973,0.1426395835874914,1.3067629096457316,1.4122764286214902,7.523654089860061
1,12,f64,abcijk-ikma-mjbc,0.000585265,0.000927347,0.5844907862250435,0.000586007,0.001034588,0.7654874429827627,0.000783607,0.000783747,0.00017866098694896415,0.015229829,0.000540262,0.9645260626366849,1.0637502787645654,3.8936087772952854,3.8926206939921824
1,12,f64,abcijk-ikmb-mjac,0.000364001,0.000345798,0.05000810437333947,0.000359443,0.000349014,0.029014336069974944,0.000509814,0.000486501,0.04572844213772087,0.000564537,0.000572142,0.013471216235605432,1.403735297106742,1.6019007085297388,7.733141553845644
1,12,f64,abcijk-ikmc-mjab,0.000358421,0.000377968,0.054536425042059467,0.00035249,0.000345407,0.020094187069136793,0.000502751,0.000487152,0.03102728786218223,0.000643926,0.000687608,0.06783698747992783,1.3445732803032224,1.8078575241459263,7.592099162656704
1,12,f64,abcijk-jkma-mibc,0.000615923,0.000627676,0.019081930695882487,0.000605824,0.000627265,0.03539146682864991,0.000729676,0.000717885,0.01615922683492388,0.00047551,0.000481532,0.012664297280814196,1.164022829165239,0.7695935715752488,4.541025565558744
1,12,f64,abcijk-jkmb-miac,0.000343483,0.000376395,0.09581842478375946,0.00035239,0.000514083,0.4588467323136298,0.000478817,0.000468908,0.020694753945661892,0.010668099,0.000681126,0.9361530109534979,1.3178138125036387,7.496916977133715,7.569499887935558
1,12,f64,abcijk-jkmc-miab,0.00052901,0.000368119,0.3041360276743351,0.000527898,0.000355105,0.3273227024917692,0.000498213,0.000480189,0.0361772976618433,0.002994626,0.000557203,0.8139323574963951,1.1083771749994853,2.9271970636342792,6.321483870744953
1,12,f64,abcs-rc-abrs,6.7387e-05,9.4848e-05,0.4075118346268569,6.7646e-05,7.7736e-05,0.14915885639949167,0.000250559,0.000254336,0.015074293878886813,0.000148938,0.000178734,0.2000563993070943,3.15759751699161,2.0408176245712824,3.6572265766773064
1,12,f64,abj-bka-kj,0.000263834,0.000337602,0.27960005154756384,0.000253514,0.000290545,0.14607082843551056,0.00040649,0.00043224,0.06334719181283677,0.000318636,0.029007237,90.03565510488457,1.404492821954776,10.186681230401279,3.7771828343248917
1,12,f64,abjc-cbka-kj,0.000133349,0.000339316,1.5445710129059833,0.000115436,0.00017618,0.526213659516962,0.000354354,0.000458429,0.29370347166957345,0.000167163,0.016024653,94.86243965470827,1.8947750628261935,7.694268622999472,2.931895503539935
1,12,f64,abjc-kbac-jk,0.000106039,0.000246612,1.3256726298814585,0.000111719,0.000105617,0.054619178474565655,0.000260578,0.000284303,0.09104759419444464,0.000179065,0.000206336,0.15229665205372345,1.6831378253831584,1.1886471207231752,2.0151024531116795
1,12,f64,abjcd-dkbac-jk,0.000767297,0.000836006,0.089546811730008,0.000736258,0.000829513,0.12666076293907835,0.001248147,0.001259889,0.009407545745813595,0.001352733,0.001154672,0.14641544192386824,1.565714463342479,1.5604466040988607,3.758826164948302
1,12,f64,abrs-qb-aqrs,7.3698e-05,0.000121517,0.6488507150804634,6.955e-05,6.8358e-05,0.017138749101365924,0.000300443,0.000255428,0.14982875287492148,0.000148868,0.000159669,0.07255420909799293,2.927311410975558,1.629163264899333,3.049444337042132
1,12,f64,adbjc-cbdka-kj,0.002256714,0.002414562,0.06994594795796005,0.002249731,0.002574963,0.14456483908520612,0.003730664,0.004367771,0.17077576538653716,0.001922539,0.017050103,7.868534266405,1.7292809452993765,2.4526955345937616,3.811254666782696
1,12,f64,ajb-kba-jk,0.000118381,0.000343533,1.9019268294743243,0.000113082,0.000280706,1.4823225623883554,0.000364522,0.000425216,0.1665029819873698,0.000257632,0.000778688,2.022481679294498,1.9522770005391827,2.221040154867214,4.433594821455958
1,12,f64,ajbc-ckba-jk,0.000104145,0.000195066,0.8730231888232753,9.0239e-05,0.000161603,0.7908332317512383,0.000281377,0.000353832,0.2575015015441915,0.000191849,0.018050486,93.08694337734364,2.2137717938441153,13.056122561988463,3.033385229368138
1,12,f64,ajbdc-ckbad-jk,0.000986938,0.000806691,0.18263254632003223,0.000896217,0.000719488,0.1971944294741118,0.001252104,0.001160634,0.07305303712790623,0.001031621,0.015044868,13.583716306666886,1.3510434135321807,4.415254447315944,3.286446692650085
1,12,f64,aqrs-pa-pqrs,0.000201257,6.9941e-05,0.6524791684264398,8.1242e-05,6.1134e-05,0.24750744688707815,0.000201667,0.000161432,0.19951206692220336,0.000162284,0.000120305,0.25867614798747884,1.5207954919206663,1.177709760894894,1.5837957837106513
1,12,f64,ij-ik-kj,0.002259259,0.000638436,0.7174135413425375,0.000565969,0.000686505,0.21297279532977953,0.000886259,0.000936394,0.05656924217412751,0.000499665,0.00050725,0.015180170714378605,0.7585215885400075,0.4191879579420595,2.3955947361409553
1,12,f64,ij-ikl-ljk,0.000266188,0.00028863,0.08430883435767211,0.000288831,0.000294231,0.018696054093916503,0.000492151,0.000536905,0.09093550556638097,0.000445635,0.000501469,0.1252908770630674,1.8545260532070769,1.705480352235779,2.655004486003133
1,12,f64,ij-kil-lkj,0.000473055,0.000463789,0.019587574383528428,0.000413914,0.000440835,0.06504008078972934,0.000711021,0.000694551,0.023163872797006158,0.000609902,0.000575889,0.05576797583874127,1.5002970102136586,1.2652704920717004,2.3326814534857925
1,12,f64,ijk-ikl-lj,0.000167974,0.00014999,0.10706418850536392,0.000156783,0.000132227,0.1566241237889311,0.000283912,0.000403035,0.4195771929330214,0.000162093,0.000200185,0.2350008945481914,2.1311355368039413,1.1348689440052067,4.147972245902855
1,12,f64,ijk-il-jlk,0.000181349,0.000155521,0.1424215187290805,0.000184776,0.000192491,0.041753257998874416,0.000266899,0.000368951,0.38236186722318166,0.000203541,0.000187531,0.07865737124215766,1.868554272718673,1.1633499729166819,3.8886956950424514
1,12,f64,ijk-ilk-jl,0.000112611,0.000228148,1.0259832520801702,8.5169e-05,0.000214812,1.5221853021639329,0.000280896,0.000364493,0.29760836750968345,0.000132057,0.00019758,0.4961721074990342,1.996267024889528,1.0077515237693875,3.841906928993254
1,12,f64,ijk-ilk-lj,0.000149089,0.000155872,0.045496314282073014,9.6981e-05,0.000142147,0.46572008950206745,0.000303919,0.000416079,0.36904569967655876,0.000141475,0.000196448,0.38857041880190835,2.33270580141303,1.0935957211531921,4.322201001901569
1,12,f64,ijk-ilmk-mjl,7.4098e-05,0.000100327,0.3539771653755839,9.9587e-05,0.000103564,0.03993493126612924,0.00026694,0.000341529,0.279422342099348,0.000100048,0.000138189,0.38122701103470313,3.50193810032912,1.363731231738591,3.0117550600370873
1,12,f64,ijkl-imjn-lnkm,0.000548988,0.000748792,0.36394966738799384,0.000546603,0.000745647,0.36414728788535733,0.001034857,0.00142016,0.37232487193882835,0.000544449,0.000712093,0.3079149745889882,1.8908051880221772,0.9711469193468281,5.955765292169216
1,12,f64,ijkl-imjn-nlmk,0.000661498,0.000706003,0.06727911497842776,0.000545301,0.000708437,0.29916688214399034,0.00093473,0.001359576,0.4545119981171031,0.000569796,0.000763149,0.33933723648463654,1.6495948594359449,0.9649322615128755,5.4979189925773575
1,12,f64,ijkl-imkn-jnlm,0.000557103,0.00069903,0.2547589942972843,0.000751718,0.000524422,0.3023687074142165,0.000700782,0.000972832,0.388209172039236,0.000562794,0.000545111,0.03142002224615048,1.3231062991792604,0.8875678170464604,6.006069095468212
1,12,f64,ijkl-imkn-njml,0.000522889,0.000533519,0.020329362445949295,0.000517949,0.000525624,0.014818061237689584,0.000967581,0.0009557,0.012279075343562984,0.000563515,0.000578263,0.026171441753990443,1.8206428537868995,1.0807761314449043,7.126266075872999
1,12,f64,ijkl-imln-jnkm,0.000525735,0.000909172,0.7293351213063615,0.000516056,0.000844402,0.6362604058474275,0.000942334,0.001000524,0.06175092907610269,0.000534651,0.000560259,0.04789666530129,1.40446109897981,0.7916316354200374,5.475030928790415
1,12,f64,ijkl-imln-njmk,0.000517178,0.00054452,0.05286767805281767,0.000515315,0.000515275,7.762242511855089e-05,0.000928799,0.000999793,0.07643634413904388,0.000535533,0.000515506,0.03739638827112435,1.8158876557457986,0.9901090767931706,7.071667021983612
1,12,f64,ijkl-imnj-nlkm,0.000533368,0.000765955,0.43607228030178047,0.000537947,0.000575037,0.0689473126534772,0.001006885,0.001074222,0.06687655491938016,0.000515024,0.000575508,0.11743918730000935,1.6271284957886585,0.8517738649625696,5.8784837100328
1,12,f64,ijkl-imnk-njml,0.000535743,0.000941945,0.7582030936475139,0.000521456,0.00052832,0.01316314319904266,0.000965698,0.000975287,0.009929605321746582,0.000563915,0.000564878,0.0017077041752746602,1.3661420477269908,0.7944985860396813,5.264170547497883
1,12,f64,ijkl-minj-nlmk,0.000698698,0.001077528,0.5421941954893243,0.000676266,0.001075104,0.5897649741373954,0.001158709,0.001250843,0.07951435606351542,0.000615262,0.000611536,0.006055956649362426,1.3874890333804535,0.7069391418414469,5.341345161577615
1,12,f64,ijkl-mink-jnlm,0.000634648,0.000632936,0.0026975583315477225,0.000614009,0.000632364,0.02989369862656721,0.001099599,0.001042963,0.05150604902332567,0.000580677,0.000583803,0.005383371478463905,1.689683106637663,0.9186585395967463,7.246434606928715
1,12,f64,ijkl-minl-njmk,0.000631041,0.000637905,0.010877264710216883,0.000628456,0.000623317,0.008177183446414715,0.001233589,0.001121711,0.09069309145914883,0.00066756,0.000612417,0.08260381089340285,1.8540393261143335,1.0077712863145816,7.276543347953461
1,1,c64,abc-bk-akc,0.00241484,0.002414071,0.0003184475990128943,0.002459634,0.002431143,0.011583430705543907,0.002493357,0.002476729,0.0066689206559670255,0.003169973,0.003057676,0.0354252228646742,1.0292296228881712,1.2894494279533601,1.0
1,1,c64,abcijk-eiab-jkec,0.010535691,0.010488774,0.004453148825264597,0.010539027,0.010493863,0.004285405094796579,0.010635477,0.010581608,0.005065029053233916,0.012413566,0.012133484,0.022562573880865466,1.0091609676143907,1.1674738546275365,1.0
1,1,c64,abcijk-eiac-jkeb,0.010296123,0.010351487,0.005377169639484647,0.0103427,0.01037455,0.0030794666769800028,0.010597667,0.010637603,0.003768376568163534,0.015179704,0.015402367,0.01466846784364173,1.0284632839317713,1.4811094523684367,1.0
1,1,c64,abcijk-eibc-jkea,0.010784677,0.010739825,0.004158863543154756,0.010786861,0.010756285,0.002834559562786554,0.011093986,0.011046779,0.004255188351598882,0.01258632,0.012591793,0.00043483718831249796,1.0286306620561234,1.1697444646095814,1.0
1,1,c64,abcijk-ejab-ikec,0.010546101,0.010540311,0.0005490180683838108,0.010573842,0.010516917,0.005383568243217507,0.010619237,0.010650728,0.002965467292989077,0.013006866,0.013009906,0.00023372271229660235,1.0087037325273964,1.2338169624675643,1.0
1,1,c64,abcijk-ejac-ikeb,0.010221372,0.01023582,0.0014135088714117838,0.010232484,0.010267469,0.003419013408669791,0.010496207,0.010554227,0.005527711105544952,0.01330761,0.013311581,0.0002984006895303537,1.0289955381616362,1.3012146213707807,1.0
1,1,c64,abcijk-ejbc-ikea,0.010810776,0.010765282,0.00420820855043158,0.010761073,0.010760173,8.363478251660617e-05,0.011040015,0.010957011,0.0075184680455597785,0.013727926,0.013696242,0.0023079961241049274,1.0195058936898276,1.2710482452616403,1.0
1,1,c64,abcijk-ekab-ijec,0.010558895,0.010553977,0.00046576843504930743,0.010538236,0.010531494,0.0006397655167333927,0.010629296,0.010608168,0.0019877139558442947,0.011957923,0.011875421,0.006899358692976976,1.0059007636016037,1.1288469825824798,1.0
1,1,c64,abcijk-ekac-ijeb,0.010240919,0.010338182,0.009497487481348044,0.010228666,0.010328645,0.00977439286804338,0.010487461,0.010556472,0.006580334363102791,0.013638138,0.013694218,0.004111998280117213,1.022593498352724,1.3281728753032809,1.0
1,1,c64,abcijk-ekbc-ijea,0.010795858,0.010745636,0.004651969301559977,0.010788254,0.010719647,0.006359416454228883,0.011094958,0.011072497,0.0020244330803235178,0.013757271,0.013750954,0.0004591753698826029,1.0290606522538246,1.2769912353768356,1.0
1,1,c64,abcijk-ijma-mkbc,0.010789265,0.010717201,0.006679231625138393,0.010808311,0.010715128,0.008621421052743439,0.011092002,0.011057139,0.0031430755241479424,0.01382078,0.01380201,0.0013580999046363118,1.0298873793440728,1.2844015700696207,1.0
1,1,c64,abcijk-ijmb-mkac,0.010324645,0.010343162,0.0017934757078814645,0.010336197,0.010339475,0.00031713791832732596,0.010603978,0.010627985,0.0022639616943753715,0.013624693,0.013724024,0.007290512894492229,1.0272961204379096,1.323243805682695,1.0
1,1,c64,abcijk-ijmc-mkab,0.010566348,0.010518209,0.004555878719875506,0.010532815,0.010515174,0.0016748608990093672,0.010624728,0.010614399,0.0009721660639218088,0.011900836,0.011972212,0.005997561851957212,1.0073334642754053,1.1322506572498632,1.0
1,1,c64,abcijk-ikma-mjbc,0.010838428,0.010748702,0.008278506809290098,0.010771462,0.01078033,0.0008232865696409242,0.011041267,0.011114867,0.006665901657844087,0.013765947,0.013851532,0.006217153095242844,1.0263616859771312,1.2793541777838195,1.0
1,1,c64,abcijk-ikmb-mjac,0.010238915,0.010245849,0.0006772201937412792,0.010281205,0.010230471,0.004934635580167934,0.010508029,0.010461072,0.004468678188840225,0.013522802,0.01346577,0.004217469131027718,1.0236412596619875,1.3174920290195717,1.0
1,1,c64,abcijk-ikmc-mjab,0.010541481,0.010513871,0.002619176565418213,0.010549357,0.010527196,0.0021006967533661047,0.010621501,0.010552845,0.006463869842878167,0.012887533,0.012973037,0.00663462898601308,1.0056470629852396,1.2282127071785125,1.0
1,1,c64,abcijk-jkma-mibc,0.010784356,0.010744062,0.003736338080827406,0.010777193,0.010756245,0.0019437343285955144,0.011097934,0.011086834,0.0010001861607754625,0.01253845,0.012625386,0.00693355239283977,1.0304892854309862,1.1688610794493235,1.0
1,1,c64,abcijk-jkmb-miac,0.010265745,0.010356767,0.008866575197416182,0.010306161,0.010348892,0.004146160728519588,0.010587688,0.01065734,0.006578584484166816,0.015429371,0.01521195,0.014091371579567302,1.0301907333449392,1.4857961082973425,1.0
1,1,c64,abcijk-jkmc-miab,0.010526243,0.010474828,0.004884458776032385,0.01051914,0.010463978,0.005243964810811463,0.010617544,0.010571228,0.0043622140864214565,0.012305684,0.012169262,0.011086096473792106,1.008938300309594,1.1653995712850727,1.0
1,1,c64,abcs-rc-abrs,0.001091232,0.001100211,0.008228314418932126,0.001099168,0.00111015,0.009991193338961812,0.001125757,0.001140786,0.013350127958342561,0.001531046,0.001487876,0.028196409513496112,1.034255601135382,1.3774661997877375,1.0
1,1,c64,abj-bka-kj,0.003772391,0.003806249,0.008975209621696179,0.003831873,0.003819333,0.0032725510474903574,0.003842372,0.003906657,0.016730550816006273,0.005702123,0.005593766,0.01900292224492528,1.0224578123920938,1.4904365426058062,1.0
1,1,c64,abjc-cbka-kj,0.001831468,0.001838524,0.003852647166098455,0.001718396,0.001834597,0.06762178217360848,0.001790101,0.001955593,0.09244841492183942,0.00199276,0.001962505,0.015182460507035644,1.0196325365634442,1.0777016935228285,1.0
1,1,c64,abjc-kbac-jk,0.001180129,0.001164151,0.01353919783345725,0.001194606,0.001186923,0.006431409184283199,0.001252154,0.001219334,0.026210833491726926,0.001858509,0.001786877,0.03854272430211525,1.0541946683759065,1.5547489227165703,1.0
1,1,c64,abjcd-dkbac-jk,0.008773803,0.008875392,0.011578673466910328,0.008851589,0.008864662,0.0014769099649791784,0.009363036,0.009365681,0.000282493840673137,0.012041509,0.011910337,0.010893319101451526,1.0611830782050646,1.3571091260998196,1.0
1,1,c64,abrs-qb-aqrs,0.000938757,0.000944769,0.006404213230900124,0.00093472,0.000937546,0.0030233652858611126,0.000973111,0.000987098,0.014373488738694817,0.0015759,0.001546126,0.01889333079510125,1.0406912794192187,1.6574764172599796,1.0
1,1,c64,adbjc-cbdka-kj,0.018642165,0.01845303,0.010145549081879701,0.018639349,0.018405491,0.012546468226975138,0.019177967,0.019156247,0.0011325496597214268,0.013784421,0.013894093,0.007956228266678744,1.0334143310682316,0.7461520687729005,1.0
1,1,c64,ajb-kba-jk,0.00343545,0.003418031,0.005070369238382111,0.003503147,0.003458638,0.012705433143399336,0.003641837,0.003615071,0.007349587584507544,0.005063799,0.004799749,0.05214464476176883,1.0588607567428312,1.4386915009946186,1.0
1,1,c64,ajbc-ckba-jk,0.001622437,0.001588104,0.021161376373936336,0.001633518,0.001542148,0.055934492304339556,0.001721252,0.00163378,0.05081882257798387,0.001969687,0.002049498,0.040519635860926106,1.0447096969477814,1.251696298446468,1.0
1,1,c64,ajbdc-ckbad-jk,0.007603683,0.007674714,0.00934165719428326,0.007534513,0.007448971,0.011353354888364975,0.008304385,0.008272874,0.003794501338750478,0.012170802,0.012361091,0.01563487763583704,1.08502274199013,1.6056278736318574,1.0
1,1,c64,aqrs-pa-pqrs,0.001227558,0.001251264,0.0193115111465203,0.001229592,0.001234983,0.004384381160580153,0.00130893,0.001293713,0.01162552619315016,0.00143165,0.001471406,0.02776935703558836,1.0499816195626068,1.1710871208437466,1.0
1,1,c64,ij-ik-kj,0.012236143,0.012222,0.0011558380774071564,0.012251663,0.012224325,0.002231370549451106,0.012424045,0.012366731,0.00461315135288054,0.010535871,0.01039525,0.013346879436925585,1.013597552859031,0.8557743786536991,1.0
1,1,c64,ij-ikl-ljk,0.003000857,0.002956878,0.014655480084522554,0.002998342,0.002981795,0.0055187166774171015,0.003134037,0.003058959,0.02395568399479653,0.00369153,0.003616943,0.02020490149070986,1.0394402609810591,1.2266895912192517,1.0
1,1,c64,ij-kil-lkj,0.004759449,0.00472021,0.008244441741050212,0.00473868,0.004697367,0.008718250652080428,0.00489373,0.004835486,0.011901760007192896,0.005255688,0.005237359,0.0034874596817772163,1.0263159263019996,1.106909107689281,1.0
1,1,c64,ijk-ikl-lj,0.002557317,0.002521081,0.014169537839853197,0.002565312,0.002541831,0.009153272584387473,0.002641254,0.002565485,0.028686752580402985,0.00364914,0.003942523,0.08039784716398923,1.0251894805316906,1.493814594037374,1.0
1,1,c64,ijk-il-jlk,0.00275666,0.002767423,0.0039043625256651726,0.002811582,0.002828478,0.0060094281440128405,0.002887635,0.002904279,0.005763886363754356,0.002960351,0.002961046,0.00023476945808131866,1.0484819071123916,1.0719260008542293,1.0
1,1,c64,ijk-ilk-jl,0.002409721,0.002391449,0.007582620560637632,0.002445307,0.002410164,0.014371610599405393,0.002469412,0.002444368,0.010141685551054103,0.003116213,0.003193731,0.02487570650658344,1.0234488184183008,1.3141616560543676,1.0
1,1,c64,ijk-ilk-lj,0.002546006,0.002548202,0.0008625274253084569,0.002551305,0.00255754,0.0024438473643881853,0.002608032,0.002615699,0.0029397645427662322,0.003479152,0.003464799,0.004125430564689281,1.0254245328873672,1.3631042963890592,1.0
1,1,c64,ijk-ilmk-mjl,0.000991085,0.000991327,0.0002441768364973562,0.000989702,0.000988992,0.0007173876581032523,0.001015801,0.001009511,0.006192157715930513,0.001219262,0.001242708,0.019229665158103648,1.021635385408402,1.2418500163142976,1.0
1,1,c64,ijkl-imjn-lnkm,0.01535401,0.015292009,0.004038098190635497,0.015335174,0.015294956,0.0026225982176660834,0.015444599,0.01546264,0.001168110612648432,0.016117709,0.016351064,0.014478174286432166,1.0085256746576396,1.059452481186198,1.0
1,1,c64,ijkl-imjn-nlmk,0.015292093,0.015251444,0.0026581711215070136,0.015284239,0.015240003,0.002894223258351314,0.015424571,0.01538273,0.002712620013872624,0.016742368,0.016746624,0.00025420537883302785,1.0086356360533189,1.0964356023012203,1.0
1,1,c64,ijkl-imkn-jnlm,0.015357686,0.015288723,0.004490455137577398,0.015348079,0.015300236,0.0031171979242483605,0.015619566,0.015572917,0.00298657465898855,0.016158366,0.016390557,0.014369707927150532,1.0178199701486976,1.0620551732105399,1.0
1,1,c64,ijkl-imkn-njml,0.015460259,0.015289104,0.011070642477593706,0.015425153,0.015285538,0.009051125781378011,0.01558925,0.015429738,0.010232179226069227,0.016832948,0.016757335,0.004491964212091637,1.0087707630665304,1.0924037109601812,1.0
1,1,c64,ijkl-imln-jnkm,0.01537576,0.015294956,0.005255284942012661,0.015378005,0.015277293,0.0065490939819566885,0.015644904,0.015470163,0.011169196052593255,0.016159577,0.016426304,0.01650581571534926,1.0144753161121152,1.0624108820660696,1.0
1,1,c64,ijkl-imln-njmk,0.015409764,0.015247346,0.010539940780403878,0.015387783,0.015258517,0.0084005603666234,0.015558282,0.015428816,0.008321355789797313,0.016618677,0.016473784,0.008718684405503274,1.0107691955659315,1.0794431769845096,1.0
1,1,c64,ijkl-imnj-nlkm,0.015367976,0.015214976,0.009955767760178702,0.015347057,0.015247317,0.006498965892939634,0.015502167,0.015390234,0.007220474402062749,0.016375482,0.016297233,0.004778424232031675,1.010124359651683,1.068341282756321,1.0
1,1,c64,ijkl-imnk-njml,0.015500293,0.015257476,0.015665316778205374,0.015466179,0.015289185,0.011443938415558241,0.015616932,0.015459584,0.010075474491404557,0.016439902,0.016392691,0.0028717324470668437,1.0103816722149925,1.0674890697342,1.0
1,1,c64,ijkl-minj-nlmk,0.019040701,0.018858309,0.00957905909031398,0.019076928,0.018912561,0.0086160098732877,0.019362883,0.019154774,0.010747831301774702,0.020485685,0.02026301,0.01086978541357042,1.0163205014597196,1.0751879395067736,1.0
1,1,c64,ijkl-mink-jnlm,0.018694302,0.018646924,0.0025343551206138404,0.018684033,0.018807975,0.006633578521296979,0.018891682,0.01906711,0.009285991580844977,0.019780605,0.019933132,0.00771093705172321,1.0165284122514038,1.0635289816778746,1.0
1,1,c64,ijkl-minl-njmk,0.018964458,0.0189547,0.0005145414648812796,0.018993482,0.018920416,0.0038468986360689073,0.019317588,0.019212893,0.0054196724767087145,0.02010894,0.019991762,0.0058271594624081935,1.0161180276451696,1.0575269663127589,1.0
1,4,c64,abc-bk-akc,0.000622396,0.000621735,0.001062024820210894,0.000629929,0.000627686,0.00356071874766839,0.000676266,0.000680585,0.006386540207551583,0.000781112,0.000791482,0.013275945062935834,1.0905960204889524,1.2639826759766515,3.88135302496808
1,4,c64,abcijk-eiab-jkec,0.002807977,0.002805404,0.0009163180467646193,0.002839355,0.002812407,0.00949088789531427,0.002908956,0.002914929,0.0020533139724354665,0.00375017,0.003667319,0.022092598468869462,1.0374999574833643,1.3213118894005265,3.745410272332926
1,4,c64,abcijk-eiac-jkeb,0.002712047,0.002683125,0.01066426946140675,0.002691909,0.002710286,0.006826753801855823,0.002845175,0.002889722,0.015657033398648545,0.004307363,0.004423484,0.026958721612271974,1.0629515398956508,1.6181504868481271,3.827094383218277
1,4,c64,abcijk-eibc-jkea,0.002907162,0.002932752,0.008802399040713782,0.002864783,0.002966767,0.0355992059433472,0.002996509,0.003039823,0.014454820592896711,0.003318512,0.003335948,0.005254162106389959,1.0336170273703607,1.1394861370363165,3.685784057738912
1,4,c64,abcijk-ejab-ikec,0.00274095,0.002756963,0.005842135026177031,0.00280468,0.002791188,0.0048105309696649945,0.002854073,0.002880004,0.009085612035851787,0.003658248,0.003600603,0.015757542954988213,1.0429489676018036,1.3202560489390824,3.835364554459906
1,4,c64,abcijk-ejac-ikeb,0.002658376,0.002645475,0.0048529628615365805,0.002680197,0.002678687,0.0005633914223469594,0.002820269,0.002807107,0.0046669307076735445,0.003651836,0.003646991,0.001326729896961365,1.0609983679236836,1.3761410310622066,3.857055451906277
1,4,c64,abcijk-ejbc-ikea,0.002863801,0.002857893,0.0020629925054150844,0.002886232,0.003223597,0.1168876930198266,0.003075727,0.003056725,0.0061780515630938115,0.003642518,0.003619439,0.006336001634034472,1.0717850044584436,1.2691912915740722,3.77091496661014
1,4,c64,abcijk-ekab-ijec,0.002753734,0.002790015,0.013175201381106616,0.002785664,0.003284582,0.17910200225152773,0.002825469,0.002887999,0.0221308391633388,0.003305007,0.003286195,0.005691969790079132,1.0305748270998858,1.1889636976409763,3.8084919748913055
1,4,c64,abcijk-ekac-ijeb,0.002687571,0.002688556,0.000366501945436859,0.00269741,0.002706389,0.003328748688556926,0.002832202,0.002810454,0.007678830817858251,0.003896664,0.003984222,0.022469989714278604,1.0495686176751255,1.4658135354746755,3.8278246583594506
1,4,c64,abcijk-ekbc-ijea,0.002865704,0.002931931,0.02311020258896246,0.002875492,0.002910691,0.012241035621034513,0.002978195,0.003019315,0.01380702069542128,0.003629684,0.003665134,0.009766690433657521,1.0345184483011869,1.2583075417036007,3.7157980859374593
1,4,c64,abcijk-ijma-mkbc,0.002941887,0.00287238,0.023626672268513338,0.002871805,0.002897697,0.00901593248845245,0.003033749,0.00304861,0.004898559505087663,0.003647007,0.003654835,0.002146417596675887,1.0461809734315093,1.255938129114449,3.6991562616687292
1,4,c64,abcijk-ijmb-mkac,0.002682882,0.00266947,0.004999101712263143,0.002684425,0.002726085,0.015519152146176607,0.002808387,0.002857342,0.017431714361304307,0.003944594,0.003992677,0.012189594163556583,1.0585132077126056,1.4829275573408098,3.861454477010378
1,4,c64,abcijk-ijmc-mkab,0.002773251,0.002735243,0.013705214565865154,0.002785584,0.002818739,0.01190235153562047,0.002851207,0.002832274,0.006640345650105406,0.003372403,0.003428421,0.01661070755778593,1.0317855950840942,1.234594278630065,3.8277256840625626
1,4,c64,abcijk-ikma-mjbc,0.002867207,0.002891285,0.008397719453112407,0.002864793,0.002916543,0.018064132382339615,0.003034911,0.002999999,0.011503467482242402,0.003649382,0.003651428,0.0005606428704914013,1.047993427954373,1.2678446953218352,3.7487474560948573
1,4,c64,abcijk-ikmb-mjac,0.00266069,0.002652608,0.003037557926703238,0.00272449,0.002700979,0.008629504971572666,0.002831239,0.002806055,0.008895045596645224,0.003654601,0.003658973,0.0011963002253871924,1.060968962743721,1.37646733798695,3.855380692820255
1,4,c64,abcijk-ikmc-mjab,0.002749507,0.00275004,0.00019385293436235962,0.002761388,0.002759859,0.0005537070487741103,0.002860525,0.002851,0.0033298083393783484,0.003608244,0.003602697,0.0015373128868224617,1.0385431899189261,1.3111877942595975,3.8285578787315715
1,4,c64,abcijk-jkma-mibc,0.002896282,0.002904199,0.002733504541339471,0.002891742,0.002897968,0.002153027483087877,0.003010365,0.003029814,0.006460678356279059,0.003345713,0.003351236,0.0016507692082374792,1.0413193860623877,1.1545513140225943,3.711485365494626
1,4,c64,abcijk-jkmb-miac,0.002687932,0.002704075,0.00600573228787038,0.002705554,0.002698133,0.002742876320339649,0.002865313,0.002827175,0.01331023870690573,0.004292094,0.004320051,0.006513603849310101,1.0557081534162405,1.5972045694870414,3.8246247730627525
1,4,c64,abcijk-jkmc-miab,0.002816332,0.002796758,0.006950174908356033,0.002811953,0.002845399,0.011894224405600173,0.002913413,0.002879634,0.011594305373114011,0.003737616,0.003744053,0.00172222079528761,1.0320489677586444,1.3329042866061818,3.741457157505988
1,4,c64,abcs-rc-abrs,0.000281787,0.000279804,0.0070372302483791005,0.000278601,0.000279364,0.0027386836371727785,0.000347871,0.000342441,0.01560923445760054,0.000463147,0.000444803,0.03960729530796914,1.2291773672507433,1.6164260670223076,3.902196201194163
1,4,c64,abj-bka-kj,0.001002626,0.001018047,0.015380610516783078,0.001006254,0.001006596,0.000339874425343778,0.001064953,0.001095492,0.02867638290140495,0.001573305,0.001575892,0.0016443092725186848,1.069095324822588,1.5585340371570156,3.7506242087212565
1,4,c64,abjc-cbka-kj,0.000487783,0.00049696,0.01881369379416653,0.000490569,0.000482083,0.01729828016038526,0.000560339,0.000556533,0.006792316793940767,0.000628316,0.000615002,0.021189974471444217,1.1342187926498413,1.2625636349740694,3.727007545402054
1,4,c64,abjc-kbac-jk,0.000304731,0.00029886,0.019266172460300934,0.000297587,0.000300363,0.00932836447828711,0.000378268,0.000366937,0.029954952573307825,0.000524952,0.000516728,0.015666194242521136,1.234534809781302,1.725832251178274,3.8839817861768244
1,4,c64,abjcd-dkbac-jk,0.003130189,0.003124993,0.001659963663535935,0.003161758,0.003115264,0.014705110258280474,0.003327608,0.00334821,0.006191234063627649,0.004094013,0.004097104,0.0007550049303703954,1.067241291073263,1.3094933517181722,2.821486043534602
1,4,c64,abrs-qb-aqrs,0.00024574,0.000245009,0.0029746886953689877,0.000246611,0.00024577,0.003410229065207826,0.000311723,0.00031484,0.009999262165448108,0.000459961,0.000468567,0.018710281958687736,1.2767340165499763,1.8919837781336253,3.838048563995909
1,4,c64,adbjc-cbdka-kj,0.006299632,0.006518599,0.03475869701595258,0.006462287,0.00641746,0.006936708320134932,0.006581069,0.006464678,0.01768572856476669,0.005847425,0.005914427,0.011458376977900642,1.017857422635427,0.917706789881981,2.8943249916799934
1,4,c64,ajb-kba-jk,0.000878644,0.000892271,0.015509125425086756,0.000881931,0.000895548,0.01543998340006203,0.000982118,0.000978773,0.0034059043821617063,0.001225595,0.00120117,0.019929095663738683,1.1073067894069744,1.3703164328170458,3.870124638390341
1,4,c64,ajbc-ckba-jk,0.00042205,0.000429604,0.017898353275678236,0.000418704,0.00043256,0.03309259046963975,0.000505927,0.000521707,0.03119027053310086,0.000643785,0.000637153,0.010301575836653587,1.206538404098867,1.5040981684740242,3.7697042592764554
1,4,c64,ajbdc-ckbad-jk,0.00313576,0.003182271,0.014832448911906493,0.003132093,0.003145451,0.004264879746546546,0.003461048,0.003493994,0.009519082081496766,0.003895612,0.003904182,0.0021999110794401755,1.1008417704666873,1.2345619465486792,2.4182606719399344
1,4,c64,aqrs-pa-pqrs,0.000395831,0.00035794,0.09572519585378614,0.000376464,0.000355525,0.05562019210336189,0.000418343,0.000423834,0.013125593113784584,0.000409286,0.000403235,0.014784282873101073,1.1186755110980193,1.079276041934741,3.292573410551916
1,4,c64,ij-ik-kj,0.003130028,0.003114053,0.005103788208923432,0.003100214,0.003106668,0.0020817917730839852,0.003234615,0.003261619,0.008348443323239252,0.003407418,0.003413924,0.0019093636295870464,1.0403771402485564,1.0924523916526605,3.917024612107059
1,4,c64,ij-ikl-ljk,0.001736791,0.001723918,0.007411945363604344,0.001726422,0.001722727,0.002140264662985003,0.001840436,0.001839315,0.000609094801449217,0.001451117,0.001445076,0.004162999951072166,1.0633012735635377,0.8368824817701319,1.721500967487092
1,4,c64,ij-kil-lkj,0.002579118,0.002543905,0.013653117073356147,0.002568377,0.002604668,0.014129934974499436,0.002755478,0.002730785,0.0089614215754944,0.00206229,0.002034861,0.013300263299536041,1.0709178997316762,0.7997535772998832,1.8504312252725403
1,4,c64,ijk-ikl-lj,0.000904923,0.000909033,0.004541822895428593,0.000911716,0.000904304,0.008129724607224276,0.000973943,0.000979805,0.006018832724297152,0.001232427,0.001222139,0.008347756094275738,1.0770626304149244,1.3531478933076686,2.7995617070107044
1,4,c64,ijk-il-jlk,0.001723677,0.001572205,0.08787725310484518,0.001733625,0.001593094,0.08106193669334483,0.001637705,0.001642727,0.0030664863330087666,0.001034576,0.001029137,0.00525722614868307,0.9963639489944872,0.6268090612674355,1.6778257116968567
1,4,c64,ijk-ilk-jl,0.000818552,0.000824565,0.00734589861120627,0.000809144,0.000835134,0.03212036423677356,0.000860691,0.000877603,0.019649328272283606,0.000954767,0.000959968,0.005447402350521102,1.0578816774105202,1.1653100524115514,2.9219875269783206
1,4,c64,ijk-ilk-lj,0.000745956,0.000759091,0.017608277163800645,0.000729055,0.00074783,0.02575251524233413,0.000798164,0.00081163,0.016871219448634678,0.000928348,0.000949639,0.0229342875731946,1.0696004737046314,1.2477602528627323,3.3848787047613067
1,4,c64,ijk-ilmk-mjl,0.000290374,0.000319769,0.10123151521830476,0.000284963,0.000297367,0.043528458080522636,0.000343162,0.000359654,0.048058934264283426,0.000322333,0.000335037,0.039412657096853154,1.1529089206884167,1.0784542537359165,3.252871264857386
1,4,c64,ijkl-imjn-lnkm,0.004545158,0.004252765,0.06433065693205808,0.004238664,0.004259568,0.004931742643436765,0.004367415,0.004369984,0.000588219805079282,0.004440072,0.004422623,0.003929891226989168,0.9936695217172908,1.0079170259068209,3.4852424660200363
1,4,c64,ijkl-imjn-nlmk,0.004194421,0.00421797,0.005614362506767723,0.004207316,0.004227517,0.004801398326153894,0.004322411,0.004324429,0.00046686906913762094,0.004456142,0.00445297,0.0007118265082216579,1.027873483762543,1.059050434336403,3.6307905355817613
1,4,c64,ijkl-imkn-jnlm,0.004263741,0.005652667,0.32575290103221577,0.004207256,0.004337283,0.030905416737179614,0.004349702,0.004375435,0.005916037466474622,0.004412639,0.004417574,0.0011183783672308323,0.8886244565156353,0.8993298477304985,3.1212344325003665
1,4,c64,ijkl-imkn-njml,0.004213998,0.004184577,0.00698173088833931,0.004175316,0.004188745,0.0032162835100384424,0.004293347,0.004289093,0.0009908353552602334,0.004417489,0.004427152,0.002187441779707866,1.0218985490557653,1.0531179386005227,3.661225306972941
1,4,c64,ijkl-imln-jnkm,0.004200313,0.004222899,0.005377218316825472,0.004190434,0.004210426,0.0047708662157666115,0.004347468,0.004349476,0.00046187804027519874,0.004412449,0.004411853,0.0001350723827061584,1.032501026147917,1.0476209910177705,3.6412142800277185
1,4,c64,ijkl-imln-njmk,0.004177099,0.005037014,0.20586416553689535,0.004189081,0.004183806,0.0012592260689158197,0.004267608,0.004264808,0.0006561052467799477,0.004344182,0.004341671,0.0005780144570370904,0.9300751462413127,0.9468005423803534,3.3417284678695793
1,4,c64,ijkl-imnj-nlkm,0.004195163,0.004194486,0.00016137632792811996,0.004206384,0.004220314,0.0033116329845304104,0.004287766,0.004292209,0.001036203934636326,0.00431126,0.004322586,0.0026270742196017327,1.0226856782169578,1.0291060566782166,3.645274001803622
1,4,c64,ijkl-imnk-njml,0.004195112,0.00436737,0.04106159740192861,0.004165988,0.004173917,0.0019032700046184292,0.004290101,0.004274045,0.0037425692308876712,0.00432745,0.004297919,0.006824111197125338,1.0003950410692295,1.0075424877212018,3.5927709317491825
1,4,c64,ijkl-minj-nlmk,0.005255858,0.005239834,0.0030487886088248484,0.005387154,0.00524822,0.025789869753120143,0.005409505,0.005382782,0.004940008374148874,0.005489335,0.005508658,0.0035200985183085898,1.0282567831649112,1.0478574297573968,3.6108734210210263
1,4,c64,ijkl-mink-jnlm,0.005117399,0.005241708,0.024291441804713765,0.005089698,0.005144365,0.010740715853867933,0.005241,0.005261855,0.003979202442282004,0.005267811,0.005281031,0.0025095813042648185,1.0139474934375439,1.018388294552698,3.6049328178531828
1,4,c64,ijkl-minl-njmk,0.005199443,0.005181104,0.0035271085768225907,0.00518243,0.005714543,0.10267635066947345,0.005321752,0.005361131,0.007399630798278434,0.005335267,0.005311669,0.004423021378311631,1.0291198616013515,1.02566140914474,3.6529111538880703
1,8,c64,abc-bk-akc,0.000489617,0.00049112,0.00306974635276136,0.000490608,0.000500958,0.021096272380393355,0.000595224,0.000599422,0.0070528070104698415,0.000393086,0.000396562,0.008842848638720202,1.218104371452837,0.8051508983942022,4.923763057188846
1,8,c64,abcijk-eiab-jkec,0.001723637,0.001731923,0.004807276706174202,0.001732533,0.001718208,0.008268240778097846,0.001865903,0.001913774,0.02565567449111783,0.002282733,0.002305348,0.009906984303464261,1.093711207822052,1.3277264623715246,6.084244838653998
1,8,c64,abcijk-eiac-jkeb,0.001716123,0.001763042,0.02734011489852417,0.00173605,0.001736593,0.00031277900982118467,0.001876803,0.00188477,0.004244984689389275,0.002968326,0.002902175,0.02228562496167874,1.081267101949743,1.6873767519669145,5.935163625444964
1,8,c64,abcijk-eibc-jkea,0.002828225,0.002879873,0.018261630527981243,0.002855405,0.002885043,0.010379613399850385,0.002762912,0.003178172,0.1502979465144021,0.002069354,0.002078873,0.004599986275910517,1.0383136857820545,0.726754497855556,3.7710173206337427
1,8,c64,abcijk-ejab-ikec,0.001715852,0.001744127,0.016478693966612612,0.001644628,0.001635944,0.005280221423932918,0.001867285,0.001844334,0.01229110714218773,0.002559912,0.002507647,0.020416717449662336,1.0727440768067271,1.4645923230832796,6.094578994521829
1,8,c64,abcijk-ejac-ikeb,0.001771376,0.001716144,0.031180280188960463,0.001743444,0.001715814,0.01584794234859277,0.00185915,0.001903756,0.023992684829088562,0.002477658,0.002450059,0.011139148340892913,1.0790227882060188,1.413112407436739,5.866562151207833
1,8,c64,abcijk-ejbc-ikea,0.002874641,0.002811907,0.021823246798469698,0.00286344,0.002791358,0.02517321822702767,0.002894438,0.003073466,0.061852421782743194,0.002269789,0.002170335,0.043816407604407304,1.0490689859764806,0.7806634496987217,3.794450185127689
1,8,c64,abcijk-ekab-ijec,0.001765144,0.001715664,0.02803170732812732,0.001648446,0.001677953,0.01789988874370163,0.00183214,0.00189031,0.031749757114631016,0.002130007,0.002131251,0.0005840356393194135,1.0693987066199448,1.2243388366398629,6.066121681158289
1,8,c64,abcijk-ekac-ijeb,0.001748673,0.001775856,0.0155449303557611,0.001720721,0.00174586,0.014609573545043109,0.001928801,0.001898696,0.015608142053016305,0.002722696,0.002739962,0.006341508563570741,1.0859585608225013,1.5499356615615514,5.838931450157314
1,8,c64,abcijk-ekbc-ijea,0.002903144,0.002836853,0.022834210083964135,0.002893376,0.002661735,0.0800590728615983,0.00306675,0.002947891,0.03875731637727242,0.002204867,0.002189851,0.00681038810957757,1.047712661920825,0.7656773086149085,3.753115582078186
1,8,c64,abcijk-ijma-mkbc,0.002777358,0.002995841,0.07866576797085578,0.002831971,0.003023453,0.06761439294399563,0.002957035,0.00305917,0.03453966557717458,0.002226778,0.002187637,0.017577414542446546,1.0426888427722745,0.7651573935970705,3.7278746963473233
1,8,c64,abcijk-ijmb-mkac,0.001769152,0.001760207,0.005056094671345379,0.00170952,0.001778371,0.04027504796668069,0.001913111,0.00193281,0.010296841113766941,0.002724439,0.002762294,0.013894603622984558,1.0896831129941416,1.554565583210459,5.855982654271572
1,8,c64,abcijk-ijmc-mkab,0.001770845,0.001699874,0.04007747713662124,0.001802474,0.001641655,0.08922125922482105,0.001894967,0.001896311,0.0007092471795022703,0.002107025,0.00215729,0.0238559105848295,1.0925893612028201,1.228826218592906,6.07623710766921
1,8,c64,abcijk-ikma-mjbc,0.002835427,0.002891395,0.019738825933448556,0.002726904,0.002873361,0.05370816134341361,0.003125341,0.003092241,0.010590844327067028,0.002185902,0.002228835,0.019640862216147026,1.0857314639028974,0.7708881238887079,3.7696255435102097
1,8,c64,abcijk-ikmb-mjac,0.001728907,0.001754216,0.014638728398924883,0.001743343,0.001742594,0.00042963432898746046,0.001893104,0.001935044,0.02215409190408968,0.002459935,0.002361133,0.04016447589062311,1.099019273314606,1.383868076917966,5.88130353671876
1,8,c64,abcijk-ikmc-mjab,0.001724067,0.00168217,0.024301259753826243,0.001782176,0.001678774,0.05802008331388142,0.001763791,0.001828124,0.03647427614723053,0.002514467,0.002550457,0.014313172533185092,1.0544217965412963,1.4870307926034019,6.181873671903627
1,8,c64,abcijk-jkma-mibc,0.002804139,0.002718762,0.030446778850834466,0.002905068,0.002635997,0.0926212398470534,0.003155507,0.002994499,0.05102444710152765,0.002055387,0.002051051,0.0021095783908335886,1.1132976587539738,0.7436176133910521,3.898486156849896
1,8,c64,abcijk-jkmb-miac,0.001737122,0.001754236,0.009851927498471635,0.001749745,0.001744607,0.0029364278794909993,0.001917029,0.001913194,0.00200049138536762,0.002949721,0.002926221,0.007966855170370324,1.0970708523331232,1.6830028891565068,5.906744276927586
1,8,c64,abcijk-jkmc-miab,0.001723737,0.001764635,0.023726357327132908,0.002005334,0.001727746,0.13842482100238662,0.001786484,0.00184211,0.031137138647757245,0.002283023,0.002271064,0.0052382301886576554,1.0401462297506807,1.305590206154393,6.020702938672781
1,8,c64,abcs-rc-abrs,0.000153176,0.000153989,0.0053076199926880285,0.000151954,0.000150081,0.0123260986877608,0.000263533,0.000258404,0.019462458212064493,0.000257842,0.000271809,0.054168832075457196,1.6991311723273015,1.7237272030091684,7.134381459865307
1,8,c64,abj-bka-kj,0.000514754,0.000511438,0.00644191205896405,0.000509083,0.000505507,0.007024394843277104,0.000647542,0.000632735,0.022866470437438724,0.000821939,0.000837509,0.018943011586017855,1.247522935238319,1.6170303588237733,7.385171522750846
1,8,c64,abjc-cbka-kj,0.000251692,0.000258254,0.02607154776472842,0.000255459,0.00024555,0.038789003323429605,0.000381845,0.000388658,0.017842318218125097,0.000350085,0.000345026,0.014450776240055863,1.5110162173057893,1.363183839327369,7.197407380657823
1,8,c64,abjc-kbac-jk,0.000162044,0.000159228,0.01737799609982471,0.000156283,0.000159138,0.01826814176845848,0.000251661,0.000295484,0.17413504674939717,0.000275907,0.000284262,0.030281942828561892,1.6976522998256574,1.7434703482068423,7.296980766155423
1,8,c64,abjcd-dkbac-jk,0.002284356,0.002288837,0.0019616031826914515,0.002292942,0.002284929,0.0034946370209102406,0.002406856,0.002601933,0.08105054893188446,0.002952677,0.003001542,0.016549388910469975,1.0944193990784004,1.301939660653046,3.8592097678833466
1,8,c64,abrs-qb-aqrs,0.000145382,0.000137879,0.051608864921379394,0.000134121,0.000133419,0.005234079674324099,0.000252774,0.000258574,0.02294539786528693,0.000259085,0.000262231,0.012142733079877122,1.805735953973936,1.8410211103461476,6.6517363875617805
1,8,c64,adbjc-cbdka-kj,0.003724873,0.003713946,0.002933522834201341,0.003732527,0.003797402,0.017380986125485665,0.003939945,0.003987458,0.012059305396395104,0.004587387,0.004521919,0.01427130521144171,1.0656623270714658,1.2245331640946502,4.986645440801891
1,8,c64,ajb-kba-jk,0.000440715,0.000452587,0.02693804386054488,0.00044357,0.000464931,0.04815699889532654,0.000557663,0.000559468,0.003236721819450228,0.000581498,0.000580166,0.002290635565384447,1.250672461420501,1.3005297638210722,7.672729030627771
1,8,c64,ajbc-ckba-jk,0.001097545,0.001118034,0.018668027279063804,0.001121579,0.001103387,0.0162199898535903,0.001437921,0.001423526,0.010010981131786778,0.000326341,0.00035778,0.09633787970251961,1.2915509458718484,0.30846449053092034,1.449054492073581
1,8,c64,ajbdc-ckbad-jk,0.003832784,0.003841685,0.0023223328003874055,0.003716267,0.00375901,0.01150159555274155,0.004040323,0.003994181,0.01142037406415275,0.002826651,0.002788863,0.013368470320531234,1.046896782885402,0.7316976110838926,1.9907881782479262
1,8,c64,aqrs-pa-pqrs,0.000221254,0.000214071,0.0324649497862185,0.000214461,0.000212428,0.009479579037680486,0.000292518,0.000307806,0.052263450454330895,0.000241492,0.000241583,0.0003768240769881359,1.3787653289884227,1.1098392372614958,5.694701977409062
1,8,c64,ij-ik-kj,0.001586029,0.001595528,0.005989171698625784,0.001580188,0.001583616,0.0021693621265317375,0.001775062,0.001779503,0.0025018844412194596,0.001825908,0.001826401,0.00027000265073606755,1.1172448171376232,1.14796788029142,7.687508953154665
1,8,c64,ij-ikl-ljk,0.000960237,0.000963324,0.003214831338513413,0.000973673,0.000953887,0.020320990722757948,0.001081695,0.001084141,0.0022612658836365096,0.0009617,0.000962673,0.001011750025995628,1.1259520274400443,1.000423294156392,3.09716216271011
1,8,c64,ij-kil-lkj,0.001494106,0.001498857,0.003179827937241253,0.001480862,0.00148419,0.0022473397251059346,0.001655689,0.001685316,0.01789406102232971,0.001396214,0.001403018,0.004873178466911154,1.1162442853666694,0.9352695832253284,3.167292656925461
1,8,c64,ijk-ikl-lj,0.000466624,0.000471724,0.010929570703607228,0.000473737,0.000465362,0.01767858537542988,0.000588241,0.000599202,0.01863351925486323,0.000621403,0.000620862,0.000870610537766936,1.265425991213713,1.3239045971662875,5.412004638624215
1,8,c64,ijk-il-jlk,0.000501058,0.000502762,0.0034008038989499223,0.0005024,0.000498994,0.006779458598726085,0.000611345,0.000618228,0.011258781866212875,0.000549108,0.00055507,0.010857609067797203,1.2248764781240584,1.0999616413848752,5.503058789208008
1,8,c64,ijk-ilk-jl,0.000687096,0.000676377,0.015600440113171854,0.000685182,0.000678631,0.009560963364478425,0.000819835,0.000822871,0.0037031841773038643,0.000551152,0.000549068,0.0037811710744041216,1.2048305756777324,0.8069481586374551,3.521363167305788
1,8,c64,ijk-ilk-lj,0.000466182,0.000479548,0.028671205666456423,0.000471773,0.000465592,0.013101639983636115,0.000593932,0.000600895,0.011723564313759871,0.000591567,0.000596757,0.008773308855970718,1.263495982107781,1.2566285957181724,5.3870728067775016
1,8,c64,ijk-ilmk-mjl,0.000221895,0.000215273,0.02984294373464924,0.000214752,0.00021314,0.0075063328863059775,0.000333845,0.000331441,0.00720094654705028,0.0002671,0.00026676,0.001272931486334672,1.521973230020769,1.2213180023275103,4.535188882115893
1,8,c64,ijkl-imjn-lnkm,0.003009834,0.003031297,0.007130958052836256,0.003013702,0.003030406,0.005542684711361545,0.003230396,0.003212788,0.0054507249266034785,0.003154534,0.003337151,0.05789032548072082,1.0665553527930258,1.0741625790360692,5.07291593203905
1,8,c64,ijkl-imjn-nlmk,0.002399882,0.002522614,0.05114084775834815,0.002386788,0.002536511,0.0627299114961195,0.002514056,0.002669821,0.06195764931250536,0.002458081,0.00244029,0.007237759862266602,1.0529510960656627,0.995401910709563,6.206812162560249
1,8,c64,ijkl-imkn-jnlm,0.002164231,0.002159425,0.0022206501986156146,0.002161476,0.00217292,0.00529453021916515,0.002360058,0.002379717,0.008329880028372205,0.002487316,0.002512065,0.009950082739788702,1.0962336408064268,1.1562721061142445,7.088063976330147
1,8,c64,ijkl-imkn-njml,0.002162708,0.002151119,0.0053585597315958244,0.002156126,0.002153954,0.0010073622784567693,0.002294064,0.002311169,0.007456200001394908,0.002375897,0.002362405,0.0056786973509372896,1.067548107996699,1.0983982180428602,7.128008986253095
1,8,c64,ijkl-imln-jnkm,0.002170232,0.002156459,0.006346326107070532,0.002172928,0.002160757,0.005601198014844488,0.002344499,0.002364618,0.008581364291475602,0.002483959,0.002493681,0.003913913232867383,1.0883832196928307,1.1504532506676826,7.088734775500922
1,8,c64,ijkl-imln-njmk,0.002146348,0.002148173,0.0008502815014155285,0.002143983,0.002166197,0.010361089616848673,0.002285017,0.002299727,0.006437588866953892,0.002333858,0.002332939,0.0003937686011744601,1.0675744316174138,1.0866863454398832,7.138556902803466
1,8,c64,ijkl-imnj-nlkm,0.002185491,0.002153814,0.01449422578267301,0.002177627,0.002158472,0.00879627227252433,0.002309693,0.002315727,0.0026124684103039364,0.002324742,0.002353277,0.012274480350937811,1.0659631701251122,1.078065869832054,7.047991370345438
1,8,c64,ijkl-imnk-njml,0.002145927,0.00215669,0.005015548059183805,0.002143542,0.00214107,0.001153231427235779,0.002302961,0.002292333,0.004614928346593716,0.002325303,0.002326608,0.0005612171833091484,1.0680235046088324,1.0811850954206315,7.148418452630665
1,8,c64,ijkl-minj-nlmk,0.002662614,0.002661425,0.0004465536499096423,0.002667183,0.002677885,0.004012473084898938,0.002887816,0.002897296,0.003282757627217192,0.002923693,0.002938503,0.005065511324205296,1.0866006760795563,1.101077103019706,7.118387384943517
1,8,c64,ijkl-mink-jnlm,0.002595769,0.002587436,0.003210224022245467,0.002602601,0.002594529,0.0031015126790469028,0.002760508,0.002752505,0.002899104077945025,0.002896963,0.002889111,0.002710424675772427,1.0636303823358042,1.1163124263428719,7.204276929285827
1,8,c64,ijkl-minl-njmk,0.002656393,0.002646016,0.003906424990579249,0.002633149,0.003466563,0.31650848470785364,0.002829296,0.002814962,0.005066277971622624,0.002881394,0.002857792,0.008191174133075796,1.0644691134856488,1.0823662338098419,7.151321099443902
1,12,c64,abc-bk-akc,0.000621073,0.000450864,0.27405635086374713,0.000481281,0.000433692,0.09887986436198393,0.000613248,0.000577542,0.058224405134627455,0.000406191,0.000404348,0.004537274336457342,1.1246457641737215,0.7658587759677566,4.562733417074813
1,12,c64,abcijk-eiab-jkec,0.002083941,0.001431231,0.3132094430696455,0.001949609,0.001433074,0.26494286803148737,0.001466745,0.001565291,0.06718686615601199,0.001935253,0.001844545,0.04687139097575366,0.8773588789571116,1.09399648182678,6.0869018590600605
1,12,c64,abcijk-eiac-jkeb,0.002250904,0.001478048,0.343353603707666,0.00218475,0.00143049,0.3452385856505321,0.001520066,0.001610627,0.05957701836630758,0.002271562,0.002358066,0.0380812850364638,0.8578393315993401,1.2688711415240892,5.659987552109798
1,12,c64,abcijk-eibc-jkea,0.002768472,0.002262027,0.18293304031971436,0.002755859,0.002398602,0.12963544216159095,0.002453032,0.002687232,0.09547368318065153,0.001754324,0.001678344,0.04331012971378145,1.0259713375944461,0.6856878160746999,4.300641225749068
1,12,c64,abcijk-ejab-ikec,0.002068261,0.001402406,0.3219395424465288,0.001956142,0.001417455,0.27538235976733805,0.001553949,0.001618421,0.04148913510031549,0.002000295,0.002118898,0.05929275431873804,0.93116057795828,1.2088223976812495,6.190605422449676
1,12,c64,abcijk-ejac-ikeb,0.002423878,0.001501622,0.3804877968280582,0.00206186,0.001492795,0.2759959454085146,0.00164535,0.001683624,0.023261919956240273,0.001988853,0.001837391,0.07615545241402955,0.8724007134942109,1.0019970550350874,5.3614249073678675
1,12,c64,abcijk-ejbc-ikea,0.00268203,0.002516042,0.06188894233099562,0.00252682,0.002574241,0.01876706690623009,0.002737244,0.002524278,0.0778030749176909,0.001751369,0.001802085,0.028957918062955335,1.011892992709566,0.6838891380865781,4.152889550976558
1,12,c64,abcijk-ekab-ijec,0.001495199,0.001486935,0.005527023493193894,0.00144217,0.001442843,0.00046665788360611415,0.001491261,0.001675027,0.12322859646969908,0.002288544,0.001854824,0.1895178768684369,1.0599667569944389,1.381769160985299,7.079813480742492
1,12,c64,abcijk-ekac-ijeb,0.00150138,0.001546547,0.0300836563694733,0.001479439,0.001529585,0.03389528057594804,0.001609683,0.001571774,0.023550599714353693,0.002128816,0.002117716,0.0052141659964975995,1.0438506221140331,1.3934007731753166,6.752501319525425
1,12,c64,abcijk-ekbc-ijea,0.00237745,0.002562379,0.077784601148289,0.002205198,0.002556287,0.1592097398963721,0.002726053,0.002508979,0.07962941292777503,0.001759534,0.014675967,7.3408260368938585,1.0595910504344854,2.0588505164002124,4.363824387908838
1,12,c64,abcijk-ijma-mkbc,0.002354237,0.002691641,0.14331777132038948,0.002531709,0.002463053,0.027118440547472034,0.00276681,0.002695619,0.025730353728662392,0.001770664,0.001789542,0.01066153714086937,1.0848888975491404,0.7071399420818563,4.271721789833927
1,12,c64,abcijk-ijmb-mkac,0.001472507,0.001481916,0.006389782866906613,0.001456186,0.001459223,0.0020855852205694525,0.001632596,0.001595227,0.02288931248147119,0.002235856,0.002143254,0.0414167996507826,1.092471540952648,1.4818978182869762,6.9955803608802505
1,12,c64,abcijk-ijmc-mkab,0.001458209,0.001974428,0.35400892464660405,0.001440366,0.002010586,0.3958854902156812,0.001671088,0.001561184,0.06576793083308607,0.001718257,0.001741372,0.013452585963566577,0.9519106118315478,1.0194344404125966,6.213020909949581
1,12,c64,abcijk-ikma-mjbc,0.002563138,0.002618294,0.021518934992965644,0.002459083,0.002489743,0.012468062281753012,0.002676851,0.002467131,0.07834578764376499,0.001766877,0.001761128,0.0032537635613570925,0.9920030426672937,0.6809314915045122,4.166447941427456
1,12,c64,abcijk-ikmb-mjac,0.001476764,0.001460175,0.011233345341571166,0.001444434,0.001455957,0.007977519222061913,0.001644098,0.001679625,0.021608809207236845,0.00191208,0.001978245,0.03460367767039041,1.1316497009051283,1.3244484675729453,6.974979599942
1,12,c64,abcijk-ikmc-mjab,0.001452359,0.001585389,0.09159581067766287,0.001442621,0.001427514,0.010471911888153662,0.001572955,0.001558279,0.009330209700849634,0.001945582,0.002058756,0.05816974046840495,1.0317532550000135,1.3189316752091547,6.937887075747037
1,12,c64,abcijk-jkma-mibc,0.002234874,0.002169173,0.02939807792296123,0.002465976,0.002652237,0.07553236527849427,0.002508155,0.002592556,0.0336506316395917,0.001657894,0.001699523,0.02510956671536313,1.1581575490271445,0.7623743683141001,4.888861615412765
1,12,c64,abcijk-jkmb-miac,0.002119427,0.001695636,0.1999554596596156,0.00204633,0.001411915,0.3100257534219798,0.001592952,0.001562647,0.019024427603593796,0.002574779,0.002325776,0.09670849420474548,0.8322546693845537,1.290857718616326,5.439159488337336
1,12,c64,abcijk-jkmc-miab,0.002071998,0.001732054,0.16406579543030442,0.001913883,0.001411344,0.2625756119888206,0.001504927,0.001605267,0.06667433038280257,0.001892242,0.001944672,0.02770787246028794,0.8204572859649635,1.0125958417706509,5.542870934074858
1,12,c64,abcs-rc-abrs,0.0001283,0.000157926,0.23091192517537018,0.000144701,0.000196047,0.354842053614004,0.000381595,0.000405389,0.06235406648409958,0.000309169,0.000415859,0.3450863443618215,2.76310362042355,2.519015716351407,7.69761865251533
1,12,c64,abj-bka-kj,0.000387976,0.000810809,1.0898431861764646,0.000402994,0.001055576,1.6193342828925492,0.000879156,0.00070531,0.19774192521008782,0.000548778,0.000664715,0.21126393550761868,1.403981166103121,1.076847923505522,6.756087055183899
1,12,c64,abjc-cbka-kj,0.000221434,0.000599092,1.7055104455503667,0.000191829,0.0003788,0.9746753619108686,0.000504545,0.000655598,0.2993845940401747,0.000277329,0.02999093,107.14206231587754,1.5790644295627883,7.918149489047992,5.038084026077902
1,12,c64,abjc-kbac-jk,0.000150882,0.0002986,0.9790299704404766,0.000135944,0.000185517,0.3646575060318955,0.000444593,0.000500688,0.12617157715033755,0.000270186,0.000314088,0.16248806377828617,2.222804584753639,1.3724403413710389,5.522119254389948
1,12,c64,abjcd-dkbac-jk,0.00188595,0.001797687,0.046800286327845275,0.001879418,0.001720092,0.08477411624236864,0.002604255,0.002161709,0.16993189990995516,0.002667724,0.002398031,0.10109479091540197,1.2886003425296624,1.3736488226490593,4.7925382203609574
1,12,c64,abrs-qb-aqrs,0.000138108,0.000172603,0.24976829727459648,0.000130184,0.000140754,0.08119277330547514,0.000360104,0.000347271,0.035636927109945926,0.00019257,0.000313127,0.6260424780599263,2.2904174488858065,1.590453535112741,6.099662749727362
1,12,c64,adbjc-cbdka-kj,0.003548873,0.002955135,0.16730325373717247,0.003615448,0.003327301,0.07969883676932976,0.004947281,0.004167195,0.15767974368142823,0.003906693,0.003738722,0.042995699943660814,1.4020752051020289,1.1801367566653218,5.7272761769543665
1,12,c64,ajb-kba-jk,0.00059265,0.00076366,0.2885514215810343,0.000323065,0.000745887,1.3087830622320586,0.00079617,0.000995474,0.25032844744212923,0.000388497,0.000586819,0.5104852804526161,1.3233316493881442,0.7097358655820615,5.093668165066246
1,12,c64,ajbc-ckba-jk,0.000300793,0.000492893,0.6386451812375953,0.000290744,0.000331321,0.13956263929780133,0.00048078,0.00067276,0.3993094554681975,0.000310241,0.010331239,32.300688819337225,1.4770428331067842,4.649600210104458,4.168820568914814
1,12,c64,ajbdc-ckbad-jk,0.002079373,0.002121403,0.020212823769472976,0.002072029,0.002041423,0.014771028783863493,0.002533263,0.002959673,0.16832441005927934,0.002219164,0.002761452,0.24436589634655226,1.3037196630449572,1.1786521669807788,3.637184334898725
1,12,c64,aqrs-pa-pqrs,0.000181439,0.000218519,0.20436620572203323,0.000250229,0.000247523,0.010814094289630649,0.00039561,0.000372338,0.05882561108162088,0.000182341,0.000203952,0.11851969661239092,1.9274911259399536,0.96849242073044,6.2242289800377115
1,12,c64,ij-ik-kj,0.001287971,0.001318951,0.024053336604628717,0.001279615,0.001286189,0.005137482758486023,0.002515409,0.002532313,0.006720179501623846,0.001347953,0.001349177,0.0009080435297075251,1.9364024545459964,1.034676216393548,9.382661285972437
1,12,c64,ij-ikl-ljk,0.000727201,0.000754763,0.03790148803425741,0.000743402,0.000691835,0.06936623791703544,0.000940431,0.001034417,0.09993928315846667,0.000864728,0.000865691,0.0011136449843187624,1.3313086635912852,1.1678543355832791,4.020747665994271
1,12,c64,ij-kil-lkj,0.001208522,0.001077859,0.10811801522851883,0.001242266,0.001082938,0.1282559451840426,0.001740738,0.001527571,0.12245783110381914,0.00090308,0.001004621,0.1124385436506179,1.428759565230912,0.8345569566796582,4.152893008753834
1,12,c64,ijk-ikl-lj,0.000264895,0.000376485,0.42126125445931417,0.000250759,0.000371015,0.47956803145649807,0.000643746,0.000849341,0.3193728582391191,0.000313016,0.000479178,0.53084187389782,2.341464604857217,1.2263684937776467,8.040350167912328
1,12,c64,ijk-il-jlk,0.000600314,0.00061942,0.03182667737217515,0.000410548,0.000472825,0.1516923721464969,0.000371826,0.000525955,0.4145191568099058,0.000287848,0.000403756,0.402670854061866,0.725207561291513,0.5590610745914161,4.529471459653882
1,12,c64,ijk-ilk-jl,0.000400851,0.000566381,0.4129464564139793,0.000387636,0.000548628,0.4153174627743552,0.000440274,0.000609331,0.38398133889350716,0.000286787,0.00040041,0.39619299340625624,1.087032009526592,0.7111911839692748,5.038115497092842
1,12,c64,ijk-ilk-lj,0.000267531,0.0003631,0.3572258915789197,0.000269254,0.000354153,0.3153119359415273,0.000623417,0.000875249,0.4039543355410584,0.000305922,0.000431118,0.4092415713809403,2.3700360454727303,1.1652074479442285,8.172340564425822
1,12,c64,ijk-ilmk-mjl,0.00017116,0.000216525,0.2650444028978731,0.000162394,0.000215163,0.3249442713400741,0.000397735,0.000570028,0.4331854123977019,0.000155812,0.000220082,0.41248427592226533,2.473374259939734,0.9619168903208449,5.148832413937954
1,12,c64,ijkl-imjn-lnkm,0.001820708,0.002432576,0.3360604775724607,0.001826128,0.002427126,0.32911055522942534,0.00313603,0.004626575,0.47529679244139866,0.001797465,0.002296582,0.27767828580806864,1.8099498792133977,0.9654234433360627,7.280979746668406
1,12,c64,ijkl-imjn-nlmk,0.001806081,0.002421355,0.34066799883283205,0.00179495,0.002417878,0.34704476447811916,0.002957436,0.003843689,0.2996693757700928,0.001742151,0.001779723,0.02156644286287479,1.6122558171156671,0.8420177727146209,7.302828505409929
1,12,c64,ijkl-imkn-jnlm,0.001828062,0.001796214,0.017421728584697926,0.001802805,0.001795533,0.004033714128815924,0.001943829,0.003175226,0.6334903944739996,0.001744466,0.001791415,0.026913106933583064,1.3710138767819824,0.9755619628346469,8.456175718537454
1,12,c64,ijkl-imkn-njml,0.001786574,0.001771908,0.008209007855258132,0.001772548,0.00177272,9.703545404682323e-05,0.003176075,0.003377536,0.06343080689215452,0.001767258,0.001621707,0.08235979126986559,1.8408325238244947,0.9514918761526975,8.64108566965588
1,12,c64,ijkl-imln-jnkm,0.00181089,0.003212066,0.7737499240704848,0.001835005,0.002123958,0.15746714586608745,0.00346661,0.003063658,0.11623805389126562,0.001694442,0.001776998,0.048721644057453606,1.3512458362283872,0.719479721584666,6.358492249937656
1,12,c64,ijkl-imln-njmk,0.001792035,0.001796003,0.0022142424673625705,0.001773119,0.001798599,0.014370157896903546,0.003390858,0.002927213,0.13673382960890723,0.001729658,0.001706526,0.013373742092367302,1.7561240536967497,0.9576565909600929,8.544139863435271
1,12,c64,ijkl-imnj-nlkm,0.001792355,0.001805181,0.007155948458871242,0.001805149,0.001784583,0.011392965345243034,0.002931117,0.003440373,0.17374127337803302,0.001686617,0.00175093,0.03813135999459272,1.7654155587180866,0.9553669998985304,8.501030608277995
1,12,c64,ijkl-imnk-njml,0.001814908,0.00182608,0.00615568392447452,0.002147319,0.002243832,0.044945813826450465,0.003475335,0.00227484,0.3454328863260664,0.001614782,0.001640382,0.015853533170421708,1.5444951813252996,0.894009718571549,8.447420127778765
1,12,c64,ijkl-minj-nlmk,0.002223413,0.002646256,0.19017744341694498,0.002225997,0.002216502,0.004265504400949305,0.003713532,0.004110479,0.1068920370148958,0.002143543,0.001987803,0.07265541209110349,1.6106968303652023,0.8509945381089898,7.81208288140963
1,12,c64,ijkl-mink-jnlm,0.002114338,0.002126442,0.005724723294005196,0.002136359,0.002121914,0.006761504035604493,0.003649471,0.003796491,0.040285290662674056,0.00206191,0.002002731,0.02870105872710249,1.7554649691553295,0.9583677352588695,8.805301864995455
1,12,c64,ijkl-minl-njmk,0.002151186,0.002134478,0.007766878363842045,0.002166355,0.002203096,0.016959824220868613,0.003750581,0.004147738,0.10589212711310592,0.002086576,0.001955723,0.06271183029038974,1.8406453139363992,0.9427270153258438,8.847974295892174
16,1,f64,abc-bk-akc,0.015246612,0.015298675,0.0034147258420427207,0.015242614,0.015242731,7.675848775035021e-06,0.015488324,0.015487058,8.17389925469314e-05,0.018541752,0.018590501,0.0026291474505750756,1.0140820404940674,1.215646621280802,1.0
16,1,f64,abcijk-eiab-jkec,0.014271706,0.01427569,0.000279153732567039,0.014240397,0.014290026,0.003485085422829215,0.015289131,0.015188208,0.006600963782702807,0.028512333,0.025456031,0.10719228061765418,1.067599027160278,1.8874489901877907,1.0
16,1,f64,abcijk-eiac-jkeb,0.013712709,0.013940512,0.016612545340238816,0.013912192,0.014131439,0.015759342596767034,0.014777803,0.015155207,0.025538572952962024,0.035294313,0.035339062,0.0012678813156101754,1.0823927645201565,2.554341051688285,1.0
16,1,f64,abcijk-eibc-jkea,0.013696729,0.01392398,0.016591625635580698,0.013759246,0.0138915,0.00961200926271677,0.014616762,0.014621206,0.00030403450504290497,0.017264671,0.017093226,0.00993039485084879,1.058588224917895,1.2439446133923346,1.0
16,1,f64,abcijk-ejab-ikec,0.014328402,0.014406364,0.005441081287361982,0.014358499,0.014352443,0.0004217711057402651,0.015381915,0.015340583,0.002687051644739924,0.02203871,0.021914928,0.0056165719318417295,1.0691781264408802,1.5296322746914637,1.0
16,1,f64,abcijk-ejac-ikeb,0.013934133,0.013851184,0.0059529358590160175,0.014048188,0.01404084,0.0005230567814153986,0.015030828,0.01507703,0.0030738160266354786,0.019418564,0.019330778,0.00452072563141126,1.0835923418392672,1.394600437177186,1.0
16,1,f64,abcijk-ejbc-ikea,0.013804,0.013947264,0.010378441031585028,0.013880654,0.014017054,0.009826626324667354,0.014822196,0.014767109,0.0037165208178328024,0.017251286,0.017000492,0.014537698812714717,1.0662450552415574,1.2342254477337895,1.0
16,1,f64,abcijk-ekab-ijec,0.014372394,0.014359486,0.000898110641831873,0.014392853,0.014353064,0.0027644970736517838,0.015423603,0.015359178,0.004177039567213936,0.018214259,0.018107306,0.005871938023940482,1.0713784370931443,1.2641501773431338,1.0
16,1,f64,abcijk-ekac-ijeb,0.013942519,0.013787475,0.011120228704726842,0.014026867,0.013995274,0.002252320493236315,0.01495705,0.015029662,0.0048547006261261405,0.023685594,0.023505617,0.0075985850302087155,1.0813955751635713,1.7018253032843973,1.0
16,1,f64,abcijk-ekbc-ijea,0.013837383,0.013759863,0.005602215390005383,0.013948891,0.01395611,0.0005175321823076562,0.014700779,0.014696678,0.00027896480859967987,0.017261093,0.017048843,0.012296440323912305,1.0652357373879884,1.2432187919870163,1.0
16,1,f64,abcijk-ijma-mkbc,0.013803718,0.013874668,0.005139919549211225,0.013963949,0.013947214,0.0011984432197511552,0.014759609,0.014702629,0.0038605358719191463,0.017272715,0.017102724,0.009841591203235911,1.064450784699337,1.241948559472366,1.0
16,1,f64,abcijk-ijmb-mkac,0.014026816,0.013985175,0.002968670865861389,0.014067112,0.014162157,0.006756539650782711,0.014972268,0.014976121,0.0002573424413723213,0.023659776,0.023475581,0.007785154009911199,1.0691286400270925,1.6826740084557343,1.0
16,1,f64,abcijk-ijmc-mkab,0.014292404,0.014402967,0.007735787485436241,0.014351234,0.014434216,0.005782220539362726,0.015336199,0.015319083,0.0011160522890971691,0.01821535,0.01831778,0.00562327926721129,1.0683083613492994,1.2731411482453943,1.0
16,1,f64,abcijk-ikma-mjbc,0.013956846,0.014010092,0.0038150453189782496,0.013991541,0.01401487,0.00166736458836092,0.014742167,0.014768472,0.0017843374043990945,0.017306789,0.017038985,0.015473927601474813,1.0551988480621453,1.2280497835629873,1.0
16,1,f64,abcijk-ikmb-mjac,0.013872027,0.013882893,0.0007833029736750152,0.014032608,0.014077327,0.0031867917923738,0.015073617,0.015087109,0.0008950738233564071,0.019423823,0.019411088,0.0006556381820406187,1.086680318071384,1.3992082084205832,1.0
16,1,f64,abcijk-ikmc-mjab,0.014354441,0.014425921,0.00497964358208014,0.014368737,0.014481765,0.007866244611478557,0.015380342,0.015406757,0.0017174520566578533,0.021796036,0.02175584,0.0018441885487803233,1.0697288179685336,1.5132537865630515,1.0
16,1,f64,abcijk-jkma-mibc,0.013589788,0.013685414,0.007036607193577904,0.013639742,0.013904714,0.019426467157516614,0.014616501,0.014497114,0.008167960307326694,0.01714172,0.01708975,0.0030317844417011575,1.0673999459997592,1.2550462847119206,1.0
16,1,f64,abcijk-jkmb-miac,0.013764245,0.01375282,0.000830049159979307,0.013908115,0.01388636,0.0015641947165377923,0.014794475,0.014892494,0.006625378730911402,0.035023265,0.035177219,0.004395763787299778,1.078850878216536,2.5511558458484447,1.0
16,1,f64,abcijk-jkmc-miab,0.01431192,0.014331794,0.0013886326921894732,0.014340244,0.01431359,0.001858685249707115,0.015243516,0.015255945,0.0008153630697800285,0.028632668,0.025572489,0.10687718657583711,1.0647874018298138,1.8893750693795732,1.0
16,1,f64,abcs-rc-abrs,0.0088916,0.008915689,0.00270918619820959,0.008946473,0.008870174,0.00852838878516704,0.009829888,0.009810114,0.0020116200713579113,0.014126663,0.014031161,0.006760407606523855,1.1029197097761314,1.581245062498415,1.0
16,1,f64,abj-bka-kj,0.019638144,0.019707774,0.0035456507498876633,0.019642232,0.019827598,0.009437114885925357,0.020217749,0.019739442,0.02365777713433881,0.029570344,0.029369721,0.0067846014912777974,1.0154646964478433,1.4979906136070829,1.0
16,1,f64,abjc-cbka-kj,0.038671325,0.0384935,0.0045983684293207094,0.038643264,0.038570644,0.0018792408425953866,0.040217801,0.04000967,0.005175096470341534,0.026017801,0.025950376,0.002591494953781859,1.0396889263498867,0.6734709921651392,1.0
16,1,f64,abjc-kbac-jk,0.012141988,0.012160768,0.0015466989425456656,0.012172925,0.012138035,0.0028661969083025873,0.012344827,0.012255605,0.007227480790131802,0.020460615,0.019864417,0.029138811321165248,1.0122422966010423,1.6590972834611977,1.0
16,1,f64,abjcd-dkbac-jk,0.016956373,0.016434332,0.030787303393243426,0.016830707,0.016424494,0.02413523092048353,0.018601323,0.018307741,0.015782855875358992,0.021833576,0.022128487,0.013507223919709599,1.1054695592467787,1.3167271413931092,1.0
16,1,f64,abrs-qb-aqrs,0.008306234,0.008277444,0.003466071386864278,0.008331491,0.00828071,0.006095067497522311,0.008780482,0.008692031,0.010073592770875162,0.015244056,0.015222653,0.0014040226564374647,1.0535850639143096,1.8371526143526986,1.0
16,1,f64,adbjc-cbdka-kj,0.041192578,0.041033708,0.003856762740122699,0.041134979,0.04108275,0.00126969798623211,0.043213682,0.043092313,0.0028085780795074067,0.041757175,0.04134963,0.009759879589555598,1.049616551495742,1.010698219290541,1.0
16,1,f64,ajb-kba-jk,0.017810461,0.017830377,0.001118219230821893,0.0178046,0.017838111,0.0018821540500768563,0.017860375,0.01788003,0.0011004808129728705,0.020052691,0.020116669,0.00319049448276032,1.0027936261076054,1.127058665747455,1.0
16,1,f64,ajbc-ckba-jk,0.021992433,0.02194814,0.002014010910025177,0.021968008,0.021898908,0.0031454831953812157,0.02297322,0.02314415,0.007440402346732489,0.018227984,0.018043846,0.01010193996220321,1.0495328920784188,0.8254644523227992,1.0
16,1,f64,ajbdc-ckbad-jk,0.017008871,0.016754432,0.014959193940620619,0.017112315,0.016745836,0.02141609712069925,0.018654472,0.018468522,0.009968119172710788,0.020893826,0.020840135,0.00256970647692778,1.0995246062202166,1.236108669930461,1.0
16,1,f64,aqrs-pa-pqrs,0.007440493,0.007433574,0.0009299114991440094,0.008974465,0.009132295,0.017586563655883847,0.010176266,0.009851994,0.03186551923858916,0.015720228,0.015448626,0.017277230330247084,1.346345750330507,2.0954372462163198,1.0
16,1,f64,ij-ik-kj,0.169291875,0.170884832,0.009409530138407174,0.127386781,0.127525664,0.001090246561768593,0.13029765,0.130381773,0.0006456217744528203,0.135024529,0.134980837,0.00032358565013035356,0.7663142778382792,0.7937296037496056,1.0
16,1,f64,ij-ikl-ljk,0.017838283,0.017942414,0.005837501288661118,0.017865424,0.017886981,0.0012066324314496946,0.018433567,0.018469301,0.001938528771995074,0.02464746,0.025040389,0.0159419672453065,1.031366353091282,1.3886399629673856,1.0
16,1,f64,ij-kil-lkj,0.021350067,0.021258295,0.004298440843300444,0.021336993,0.021267733,0.00324600565787303,0.021636243,0.021714039,0.0035956334933011647,0.030362368,0.030365462,0.00010190246030861161,1.0174132661237218,1.425259454515788,1.0
16,1,f64,ijk-ikl-lj,0.015538327,0.015479341,0.003796161581616775,0.015523931,0.015510941,0.0008367725932303394,0.01592408,0.01601261,0.005559504850515706,0.022036853,0.0210582,0.04440983474364513,1.0296268901771621,1.3890153596377393,1.0
16,1,f64,ijk-il-jlk,0.016872135,0.017610002,0.04373287672247761,0.017711806,0.017507881,0.01151350686654995,0.018700918,0.019038448,0.018048846586033784,0.01862724,0.01871425,0.004671116064430381,1.0946682213733216,1.0831678100700295,1.0
16,1,f64,ijk-ilk-jl,0.015293619,0.01523863,0.0035955518442037926,0.015255609,0.01517981,0.004968598762592813,0.015575507,0.015714672,0.00893486163885382,0.018964271,0.019225608,0.013780492801436894,1.0248154426107048,1.250777391094922,1.0
16,1,f64,ijk-ilk-lj,0.015333785,0.015354037,0.0013207437041800052,0.015300151,0.015358074,0.003785779630540942,0.015686515,0.015727336,0.0026022988535057134,0.02045397,0.020257411,0.00960982146742173,1.023657896542663,1.3266146863788562,1.0
16,1,f64,ijk-ilmk-mjl,0.007300987,0.007473377,0.023611876038130086,0.007297812,0.007498996,0.027567714816440825,0.007479021,0.007530785,0.006921226722053531,0.01332824,0.013290802,0.002808923008589259,1.0159989699546683,1.8018256421150365,1.0
16,1,f64,ijkl-imjn-lnkm,0.247405205,0.24848304,0.004356557494414881,0.247564405,0.248549775,0.003980257177925051,0.253199394,0.253278091,0.0003108103805333773,0.252515094,0.252488142,0.00010673421367823899,1.0213564858036557,1.018383543608595,1.0
16,1,f64,ijkl-imjn-nlmk,0.249350043,0.248879445,0.001887298651879421,0.249377215,0.249146475,0.0009252649645637989,0.25477469,0.254428289,0.0013596366263856074,0.25778121,0.259201548,0.00550985853468533,1.0220251923740435,1.0376363703311235,1.0
16,1,f64,ijkl-imkn-jnlm,0.250604698,0.249982305,0.002483564773394731,0.250770289,0.249677483,0.0043577969477874845,0.253285388,0.253369198,0.00033089157121057866,0.25211084,0.255293292,0.012623225562216955,1.0121217044007218,1.0135991162987157,1.0
16,1,f64,ijkl-imkn-njml,0.250976248,0.250375183,0.0023949079037950405,0.251227058,0.250492062,0.0029256243569113494,0.252853283,0.253508742,0.002592250305091026,0.257142906,0.261102005,0.015396493185777516,1.0099940548041395,1.0336664633407695,1.0
16,1,f64,ijkl-imln-jnkm,0.249770184,0.249643285,0.0005080630440661427,0.248945831,0.24946445,0.0020832604342748695,0.253185619,0.252949537,0.0009324463250812709,0.254306399,0.259634559,0.020951733896400926,1.01345908490133,1.0290338297539319,1.0
16,1,f64,ijkl-imln-njmk,0.251707143,0.249508164,0.00873625982080306,0.251696985,0.249562927,0.008478679234079745,0.253300267,0.252337414,0.003801231682081241,0.259114644,0.258330118,0.003027717723279255,1.0088311821190372,1.0323889555784715,1.0
16,1,f64,ijkl-imnj-nlkm,0.249737468,0.249220628,0.0020695332748388306,0.250036108,0.249211612,0.003297507734362881,0.255263225,0.254606476,0.002572830457657771,0.258047439,0.255679957,0.009174599868824851,1.0218684808453187,1.029589900418228,1.0
16,1,f64,ijkl-imnk-njml,0.250269325,0.249424813,0.003374412745149602,0.250454543,0.249212986,0.004957214930615073,0.252901674,0.252146411,0.002986389880519358,0.258181762,0.255049228,0.012133056865573533,1.0107147616028953,1.027072611106953,1.0
16,1,f64,ijkl-minj-nlmk,0.304083892,0.304498609,0.0013638242962239477,0.304053174,0.30418376,0.00042948408754339695,0.311972945,0.312140864,0.0005382485971661133,0.312968008,0.312743643,0.0007168943606530309,1.0255206653085276,1.0281461511414385,1.0
16,1,f64,ijkl-mink-jnlm,0.303993647,0.30231895,0.005508986837478247,0.304190446,0.301964045,0.007319102323154469,0.307620229,0.306735813,0.002875025491252736,0.305552057,0.30678197,0.004025215906172219,1.0132689836561126,1.0099330455408655,1.0
16,1,f64,ijkl-minl-njmk,0.303488214,0.305180482,0.005576058383604865,0.303250119,0.304981791,0.005710375335417517,0.309219217,0.308910309,0.0009989935392663574,0.315761228,0.311056278,0.014900341089375213,1.015547278743328,1.0297921916374149,1.0
16,4,f64,abc-bk-akc,0.004415028,0.004524905,0.024887044883973752,0.003999871,0.004079541,0.01991814236009093,0.004097694,0.00418025,0.020146941182040523,0.005405733,0.005364408,0.007644661695277999,0.925975350199866,1.2048049201716988,3.416977504260839
16,4,f64,abcijk-eiab-jkec,0.004773189,0.004798889,0.005384241017902358,0.004710542,0.004779582,0.014656487512477279,0.00498733,0.004982372,0.0009941190977938996,0.009335944,0.009120814,0.023043197345656852,1.0415436127244284,1.9280631343824173,2.982372126158427
16,4,f64,abcijk-eiac-jkeb,0.004679714,0.004663946,0.0033694366792499375,0.004686447,0.004646914,0.00843560164021906,0.004985297,0.004964489,0.0041738736929815,0.011617026,0.012010897,0.03390463273474631,1.0648694847515163,2.5284175099532535,2.959474344744239
16,4,f64,abcijk-eibc-jkea,0.004288391,0.004284896,0.0008149909837978919,0.004314079,0.004300084,0.0032440296063191987,0.004650179,0.004645211,0.0010683459711980925,0.005156707,0.005122494,0.00663466045288208,1.0842270234037563,1.1989736162092695,3.2216087503852733
16,4,f64,abcijk-ejab-ikec,0.004701856,0.004811613,0.023343335057475212,0.004766827,0.004769934,0.0006517962577621272,0.005086285,0.005036143,0.009858275735630362,0.007544639,0.007169088,0.04977719941272207,1.064067957604348,1.5462196241534734,3.020619792686168
16,4,f64,abcijk-ejac-ikeb,0.004634199,0.004637046,0.0006143456506721989,0.00461927,0.00462885,0.002073920771030968,0.004926396,0.004950623,0.004917793859852138,0.006398363,0.006386903,0.001791083125480597,1.0653358586526733,1.3790231481050808,2.9969216101724836
16,4,f64,abcijk-ejbc-ikea,0.004388017,0.004385064,0.0006729691338934751,0.004432801,0.004406062,0.006032077686320747,0.004723576,0.004739498,0.0033707513121414845,0.005218824,0.005229115,0.001971900182876407,1.0786474149005862,1.1909082480436626,3.163187000587749
16,4,f64,abcijk-ekab-ijec,0.004770303,0.004769063,0.00025994155926789553,0.004789319,0.004733536,0.011647376171852408,0.004969667,0.005041213,0.01439653803765939,0.006830672,0.006766925,0.00933246392155851,1.0494014400920288,1.4254037100214987,3.011927348550533
16,4,f64,abcijk-ekac-ijeb,0.004660899,0.004614023,0.010057287231497458,0.004638607,0.004621847,0.0036131536903213357,0.004908031,0.004904737,0.0006711449051565177,0.008849433,0.008909648,0.006804390744582056,1.0580027277625523,1.914755265120844,2.9897733606138392
16,4,f64,abcijk-ekbc-ijea,0.004413686,0.004376087,0.008518730149811304,0.004369463,0.004386737,0.003953346212109077,0.004689692,0.004685948,0.0007983466718070042,0.005239923,0.005230998,0.0017032693037665192,1.0666629308965023,1.1912722882234892,3.139715850438548
16,4,f64,abcijk-ijma-mkbc,0.004390171,0.00438882,0.0003077328878533514,0.004381155,0.004383421,0.0005172152092314253,0.004683441,0.004717206,0.007209442800709898,0.005241576,0.005250635,0.0017282969854868213,1.070804887827323,1.195149558013818,3.1527877625081917
16,4,f64,abcijk-ijmb-mkac,0.004892923,0.004614934,0.056814505358044665,0.004628077,0.004605115,0.004961455913546908,0.00491252,0.004941196,0.0058373299243565935,0.008675497,0.008640224,0.004065818938096655,1.0368149923842773,1.821976390596144,2.9474508024198416
16,4,f64,abcijk-ijmc-mkab,0.004818625,0.004822974,0.0009025396248929507,0.004803286,0.004833453,0.006280492146417904,0.005048545,0.005075947,0.005427702437038828,0.006860719,0.006792443,0.009951726633899538,1.0500805880908348,1.416050664664458,2.976182780394558
16,4,f64,abcijk-ikma-mjbc,0.004407915,0.004429898,0.004987165133628846,0.004391485,0.004430449,0.008872625091512543,0.00468305,0.004711255,0.006022784296558781,0.005239563,0.005228343,0.0021413999602638567,1.0629656591305723,1.184448275817142,3.1644677059208037
16,4,f64,abcijk-ikmb-mjac,0.004644028,0.004614013,0.006463139326463918,0.004628909,0.004632177,0.000705997892808119,0.004923461,0.004966453,0.00873206876219812,0.006364429,0.006394327,0.004697672014253085,1.0682467847099733,1.3781304298192811,2.9979413288675674
16,4,f64,abcijk-ikmc-mjab,0.004842729,0.004732624,0.02273614732519602,0.004774251,0.004751359,0.004794888245297502,0.005023989,0.005034941,0.002179941078692682,0.007586067,0.007066426,0.06849939500929803,1.0505710975338054,1.529368569240255,3.0058605796966367
16,4,f64,abcijk-jkma-mibc,0.004304481,0.004305856,0.0003194345613328764,0.00428273,0.004310324,0.006443086535924403,0.004598151,0.004628719,0.006647889553866415,0.005135848,0.00514115,0.001032351424730571,1.0715979505384383,1.1935649862906972,3.1677081531638023
16,4,f64,abcijk-jkmb-miac,0.00468818,0.004946976,0.05520180539143116,0.004633698,0.004670378,0.007915923739527209,0.004960589,0.004985378,0.004997188841889599,0.011630441,0.011921951,0.02506439781604164,1.0326273624712445,2.445117403922085,2.856932871402896
16,4,f64,abcijk-jkmc-miab,0.004819966,0.004823946,0.000825731965744092,0.004842419,0.00475717,0.017604631073849686,0.004981159,0.005026646,0.009131810488282044,0.009262706,0.009539188,0.029848944789999887,1.037722293508514,1.9494021364017253,2.97013385694825
16,4,f64,abcs-rc-abrs,0.002585472,0.002774176,0.0729862864498243,0.002490233,0.002708874,0.08779941475355924,0.002768054,0.002859897,0.03317962727605761,0.00489116,0.004905929,0.0030195291096588583,1.050571344236628,1.8290671069412614,3.3245317849996874
16,4,f64,abj-bka-kj,0.005620876,0.005619375,0.0002670402264700611,0.005594647,0.005570694,0.004281414001634065,0.005791836,0.00577097,0.003602657257560371,0.009693143,0.00935374,0.035014752181000586,1.0286947574306997,1.694255667418057,3.5004428939423398
16,4,f64,abjc-cbka-kj,0.012914536,0.012679831,0.018173707518411852,0.012773551,0.012353328,0.03289789973046642,0.01324767,0.01286158,0.029143992868179924,0.008950913,0.008330604,0.06930119865984619,1.0200483933335396,0.6748010924686718,3.0150331430252946
16,4,f64,abjc-kbac-jk,0.003493793,0.003570899,0.022069424261826676,0.00355631,0.003281757,0.07720165002488533,0.003750684,0.003777796,0.007228548179478711,0.00671763,0.005924047,0.11813437179481445,1.0657052876443078,1.785993685336435,3.440234388453405
16,4,f64,abjcd-dkbac-jk,0.007058449,0.006965076,0.013228543551139893,0.007069419,0.00697754,0.012996683320086189,0.007396752,0.007511029,0.015449618967892764,0.00738994,0.007380313,0.0013027169368087232,1.063047518257103,1.0532713621657355,2.380811098737665
16,4,f64,abrs-qb-aqrs,0.002286171,0.002299116,0.0056623061004621444,0.002246617,0.002294508,0.02131694009259255,0.002394654,0.002382513,0.005070043521945067,0.004315371,0.003951021,0.08443074766920389,1.0418476770672263,1.8010631506205184,3.616724339788142
16,4,f64,adbjc-cbdka-kj,0.013126262,0.013195596,0.005282082591373083,0.013368326,0.013368631,2.281512285096099e-05,0.013939054,0.013722774,0.015516117521318096,0.012592273,0.011653288,0.07456834838317117,1.0508786436368132,0.9204310601903252,3.1238834957382733
16,4,f64,ajb-kba-jk,0.004807203,0.004759745,0.009872268760025338,0.004698129,0.004886673,0.04013172052108405,0.005034679,0.005074044,0.007818770571073053,0.006038219,0.006007262,0.0051268428654210885,1.0566348568770063,1.2590838194611509,3.7254588364095076
16,4,f64,ajbc-ckba-jk,0.007495597,0.007449914,0.006094644629373702,0.007501999,0.007444845,0.007618502748400702,0.007909523,0.007860052,0.006254612319858022,0.005589287,0.005596383,0.0012695715929420537,1.0551376309318643,0.7484334261694775,2.9400638055282853
16,4,f64,ajbdc-ckbad-jk,0.007022651,0.006970877,0.007372429585351781,0.006972678,0.006932395,0.005777263771538088,0.007440384,0.007439394,0.00013305764863746905,0.006807248,0.006859207,0.007632893645126426,1.063340124957227,0.976626463817468,2.412727894798086
16,4,f64,aqrs-pa-pqrs,0.002200641,0.002388905,0.08554961940634564,0.002716718,0.00266941,0.017413658686694644,0.002861509,0.002841403,0.007026362663895114,0.004807774,0.004731573,0.015849538684638564,1.2436264083815525,2.0801792262879886,3.243587746263934
16,4,f64,ij-ik-kj,0.042729698,0.042910223,0.004224813383890469,0.047611991,0.047693743,0.001717046447395898,0.048768457,0.048892719,0.0025479994169181897,0.035432894,0.035785197,0.009942823185709715,1.1403713686701897,0.8315908865841957,3.9721397344504568
16,4,f64,ij-ikl-ljk,0.00660568,0.006663461,0.0087471691029537,0.006627291,0.006666216,0.005873440595863366,0.00687286,0.006907938,0.005103843232657113,0.007659253,0.007604343,0.007169106438969952,1.0385664010193447,1.150311233193159,2.6965486851165132
16,4,f64,ij-kil-lkj,0.0077964,0.007749335,0.006036760556154097,0.007793244,0.007735489,0.0074109061643650165,0.008016152,0.008021354,0.0006489397905626859,0.009627389,0.009584622,0.004442222081189495,1.0316384947808277,1.2358406628476086,2.740845539985715
16,4,f64,ijk-ikl-lj,0.004175189,0.004324369,0.035730119043712705,0.004239469,0.004204185,0.008322740418670316,0.004333254,0.004474381,0.03256836548238362,0.006310978,0.006224599,0.013687102062469592,1.0362728307094922,1.475042656964322,3.6498828039731652
16,4,f64,ijk-il-jlk,0.005480042,0.005927983,0.08174043191639768,0.005409921,0.005912655,0.09292815920971864,0.005792567,0.006389758,0.10309608848719387,0.004812281,0.004771778,0.008416590801742396,1.0674125872250972,0.8407564087168738,3.0242612525349934
16,4,f64,ijk-ilk-jl,0.004524393,0.004071285,0.10014779883179903,0.00397847,0.004038665,0.015130188238192233,0.004113674,0.004230283,0.02834667987788997,0.005423727,0.005361382,0.011494863218594942,0.9719719535715451,1.2564388980368253,3.5569862147069737
16,4,f64,ijk-ilk-lj,0.00412797,0.004173157,0.010946542731657516,0.004009689,0.004063531,0.01342797408976093,0.004163537,0.004225555,0.01489550831420483,0.005679847,0.005626088,0.009464867627596352,1.0105841106428277,1.3619806920700093,3.69687995254399
16,4,f64,ijk-ilmk-mjl,0.00236046,0.002355382,0.0021512755988238874,0.002331526,0.002320797,0.004601707208068961,0.002283466,0.002244464,0.01708017548761409,0.003564555,0.003525152,0.011054114749246335,0.9601179698265606,1.503358597001621,3.132710296786435
16,4,f64,ijkl-imjn-lnkm,0.065812344,0.065245789,0.008608643387629455,0.065744428,0.06528379,0.00700649490782701,0.067230691,0.067615087,0.005717567293782588,0.065551897,0.066338947,0.012006517523055038,1.0289059291340783,1.0063452377192394,3.7837537881048378
16,4,f64,ijkl-imjn-nlmk,0.065074323,0.065327122,0.0038847734151610247,0.065144795,0.065306863,0.002487811957962327,0.066971716,0.067569321,0.008923244552969223,0.067368239,0.068277117,0.01349119427034462,1.0317367463903961,1.0401921998098944,3.8207414188445883
16,4,f64,ijkl-imkn-jnlm,0.064593403,0.064446492,0.002274396349732477,0.064723897,0.06433853,0.005954014171921651,0.065424169,0.066634881,0.01850557704447109,0.066361234,0.066729158,0.005544260976219739,1.0233547197624286,1.0313862212575489,3.879319186543374
16,4,f64,ijkl-imkn-njml,0.064967513,0.065356968,0.005994611491438651,0.064925275,0.065297146,0.005727676933212855,0.065905089,0.067601292,0.025737056511675238,0.06773118,0.068410537,0.010030195841855827,1.024337104281658,1.0446282142033494,3.8469618712644955
16,4,f64,ijkl-imln-jnkm,0.064481143,0.064572237,0.0014127230964251503,0.064449905,0.064517184,0.0010438960305683143,0.06514651,0.066732383,0.02434317663371388,0.066905053,0.067035572,0.0019508093058382414,1.02182050767738,1.037869715423544,3.8698217535432518
16,4,f64,ijkl-imln-njmk,0.064820099,0.065357208,0.008286149023005951,0.064868159,0.065064941,0.0030335684414908304,0.065422106,0.067206272,0.027271607551123456,0.067482134,0.068338262,0.012686735721783693,1.0187451922977613,1.0433374059374565,3.8502467214130074
16,4,f64,ijkl-imnj-nlkm,0.065331948,0.065516416,0.002823549666695957,0.065323572,0.065566711,0.003722071413976069,0.067196139,0.067759238,0.008379930876683206,0.066942053,0.067497417,0.008296190139253756,1.0313796230944579,1.027437045371055,3.8132561149693838
16,4,f64,ijkl-imnk-njml,0.064957927,0.065434312,0.007333746965170196,0.065122256,0.065396502,0.004211248455520122,0.065658009,0.067496295,0.02799789436198097,0.066938718,0.067730012,0.011821170521969293,1.021092233779276,1.0327861919804402,3.8322584469359473
16,4,f64,ijkl-minj-nlmk,0.079222442,0.079578536,0.004494862705696434,0.079346043,0.079460976,0.0014485032353785954,0.081263615,0.081852506,0.0072466749110289275,0.082699233,0.083487138,0.00952735559228235,1.0271691656192252,1.046498095498013,3.8323686506229326
16,4,f64,ijkl-mink-jnlm,0.077968534,0.078243305,0.0035241267970997914,0.078175712,0.078163015,0.00016241617345280623,0.079080186,0.080533956,0.01838349242122428,0.079758907,0.080332618,0.00719306497016059,1.0217392568041017,1.0248310607602849,3.8813397626302137
16,4,f64,ijkl-minl-njmk,0.07981354,0.078823913,0.012399237021688436,0.079754089,0.078755645,0.012519032096272809,0.081904626,0.081183582,0.00880345879364608,0.08300675,0.081103874,0.02292435253759484,1.0280660993264743,1.0344517117062324,3.8369135148471196
16,8,f64,abc-bk-akc,0.002261936,0.002304106,0.018643321473286623,0.002197005,0.002196314,0.00031451908393476113,0.002329573,0.002334863,0.002270802417438711,0.003472033,0.003413063,0.0169842855756267,1.0215919917411291,1.5079005192470805,6.6899396465369945
16,8,f64,abcijk-eiab-jkec,0.003562762,0.00371578,0.042949262398105814,0.003580075,0.003591477,0.0031848494794104454,0.003727531,0.00373681,0.0024893153135412405,0.00664739,0.006734304,0.013074906090961846,1.0257528635348587,1.8388806219163598,3.9229980963967384
16,8,f64,abcijk-eiac-jkeb,0.003612175,0.003558084,0.01497463439617408,0.003617575,0.003608309,0.0025613843527777513,0.003768107,0.003787113,0.005043911969591086,0.007494555,0.007362741,0.017587968865396264,1.0537152259493663,2.0720498407394286,3.8566346829737825
16,8,f64,abcijk-eibc-jkea,0.00372158,0.003704228,0.0046625358046851195,0.003703867,0.003711873,0.0021615246983761605,0.003704087,0.00369968,0.0011897668710265652,0.003831125,0.003815006,0.004207380338673294,0.9970343835501172,1.0296704256880491,3.719440299199524
16,8,f64,abcijk-ejab-ikec,0.003659794,0.003615241,0.012173636002463573,0.003622043,0.003627655,0.0015494018154946776,0.003819273,0.003752188,0.017564861165986323,0.005423236,0.005454777,0.005815900322243106,1.0407243098984065,1.4952740798239768,3.9498365428159867
16,8,f64,abcijk-ejac-ikeb,0.003579323,0.003572281,0.001967411155684995,0.003587909,0.003554648,0.009270302005987219,0.003747708,0.003748531,0.00021960088672856592,0.004744386,0.00475663,0.002580734366891768,1.048190390426924,1.3285149340709907,3.885171306144725
16,8,f64,abcijk-ejbc-ikea,0.003620371,0.003636832,0.004546771587773835,0.003683809,0.003660336,0.006371937307281694,0.003728723,0.0037002,0.007649535779407635,0.003878554,0.003886279,0.0019917216570917162,1.023657096786763,1.0699506589363557,3.8239202609880465
16,8,f64,abcijk-ekab-ijec,0.003573853,0.003629419,0.015547925446290023,0.003638595,0.003613389,0.006927399174681548,0.003774188,0.003727111,0.012473411499374198,0.005349389,0.00531745,0.005970588416733369,1.0413843132902074,1.4808698831789626,3.98884451316288
16,8,f64,abcijk-ekac-ijeb,0.003564686,0.003521987,0.011978334136583224,0.003600373,0.00359322,0.001986738596251092,0.003756966,0.003772406,0.004109699156180868,0.006814182,0.006852796,0.005666710985999579,1.0624862815675744,1.9285737520835569,3.912987647611615
16,8,f64,abcijk-ekbc-ijea,0.003659373,0.003686054,0.007291139766293142,0.003675554,0.003669503,0.0016462824379671614,0.003701893,0.003738082,0.009775809295406557,0.003885687,0.003877072,0.0022171111569202484,1.0128663815178027,1.056821534029467,3.757074868666377
16,8,f64,abcijk-ijma-mkbc,0.003681225,0.003654716,0.0072011354915823,0.003654795,0.003649105,0.0015568588662291383,0.003701893,0.003714478,0.0033996120363284366,0.003901187,0.003876882,0.0062301550784414905,1.0109689736902034,1.0602704968190972,3.77299596287743
16,8,f64,abcijk-ijmb-mkac,0.003554807,0.003565028,0.002875261582415023,0.003554808,0.003594233,0.011090613051394138,0.003737539,0.00376383,0.007034307869429712,0.007078227,0.006998398,0.011278106791432374,1.05358209238394,1.9770701352574378,3.9343592813232586
16,8,f64,abcijk-ijmc-mkab,0.003682637,0.003671617,0.0029924209201178664,0.003594211,0.003582761,0.0031856783032493396,0.003732871,0.003782615,0.013325935988679927,0.005284366,0.005366311,0.015507063666672538,1.0219023997619345,1.448192259190638,3.901849217559045
16,8,f64,abcijk-ikma-mjbc,0.003666376,0.003632294,0.009295827814714053,0.003661387,0.003664765,0.0009226011891121377,0.003679531,0.003742811,0.017197843964352977,0.003891458,0.003893923,0.0006334386751700727,1.0169185846823916,1.0666964655966988,3.8318203496353163
16,8,f64,abcijk-ikmb-mjac,0.003586827,0.003570689,0.004499241251390118,0.003560539,0.003590416,0.008391145273229705,0.003757597,0.003750906,0.0017806592883696792,0.004776816,0.004752522,0.005085814483957396,1.049039793145366,1.3313740764788322,3.877740325171659
16,8,f64,abcijk-ikmc-mjab,0.003670395,0.003621092,0.013432614200923898,0.00367358,0.003561512,0.030506481415948472,0.003820896,0.003710641,0.02885579717427522,0.005389534,0.005495885,0.019732874864506034,1.0328348800286948,1.492857122669761,3.9471963931035337
16,8,f64,abcijk-jkma-mibc,0.003706923,0.003706482,0.00011896659304766466,0.003672458,0.003688699,0.004422378690239759,0.003768528,0.003752088,0.004362446026671352,0.003827018,0.003834693,0.0020054778942768525,1.0144593536219604,1.0334936738784932,3.6791507299102326
16,8,f64,abcijk-jkmb-miac,0.003543677,0.003560008,0.004608489994996745,0.003569655,0.003601435,0.008902821140978512,0.003810727,0.003781624,0.0076371254094035335,0.007517599,0.007343304,0.023184929124312137,1.0687854661789393,2.0918607920301096,3.8736423904663395
16,8,f64,abcijk-jkmc-miab,0.003605032,0.00362473,0.0054640291681182784,0.003592057,0.003677198,0.02370257487562144,0.003702384,0.003732221,0.008058861533541739,0.006691271,0.006739754,0.007245708625461367,1.02832883329782,1.8577357518056528,3.9619303403333457
16,8,f64,abcs-rc-abrs,0.00194891,0.001943731,0.0026573828447696846,0.001961072,0.001913124,0.02444989271174125,0.00206678,0.002018672,0.023276788047106978,0.004291016,0.004055376,0.05491473348036913,1.0494603430792506,2.1432935533965733,4.574603326432438
16,8,f64,abj-bka-kj,0.004309922,0.00436182,0.012041517224673726,0.004343294,0.004245813,0.022444025202991047,0.004615124,0.004591911,0.005029767347529579,0.006622472,0.006526264,0.014527505741058544,1.0617440677092422,1.5162604580353742,4.5373306806625235
16,8,f64,abjc-cbka-kj,0.008553539,0.00854215,0.0013314956534365985,0.008616698,0.008508647,0.012539722292692734,0.008624232,0.008247117,0.04372737189815867,0.007129301,0.006222947,0.1271308365294157,0.9866310451276579,0.7792288259573301,4.5136898094993665
16,8,f64,abjc-kbac-jk,0.002481869,0.002350373,0.05298265138087466,0.002401358,0.002325386,0.03163709867499975,0.002585853,0.002570955,0.0057613483829126455,0.004926427,0.004481564,0.09030134821849578,1.0675576373861466,1.94546313338815,5.031153632695301
16,8,f64,abjcd-dkbac-jk,0.004457809,0.004390704,0.015053359172634062,0.004439585,0.00437231,0.015153443396173416,0.004822131,0.004757301,0.0134442635424048,0.005164001,0.005141842,0.004291052615985169,1.0826099372229048,1.164728531418432,3.7732423519238387
16,8,f64,abrs-qb-aqrs,0.001591621,0.00151066,0.050867009168640065,0.001555383,0.001532251,0.014872221182821166,0.00163927,0.001643488,0.0025730965612742462,0.003377184,0.002774477,0.17846436557794898,1.0585352354206197,1.974079918924513,5.347453431975737
16,8,f64,adbjc-cbdka-kj,0.008018497,0.008121823,0.012885956058847459,0.008139384,0.008306729,0.020559909693411926,0.008386115,0.008423978,0.0045149631265490875,0.009234985,0.009276446,0.004489557914820752,1.041515584911309,1.146926696545986,5.094559307212574
16,8,f64,ajb-kba-jk,0.002742496,0.002807439,0.02368025331668666,0.002713642,0.00285623,0.05254488248634126,0.002911462,0.0028616,0.017126103655139557,0.003786491,0.003808163,0.0057235049548514105,1.040235955262093,1.3685102773501847,6.422286527888665
16,8,f64,ajbc-ckba-jk,0.005111493,0.005076529,0.006840271521451835,0.005105763,0.005079054,0.0052311476267111745,0.005347434,0.005328711,0.0035013054859582837,0.003960758,0.004071757,0.028024686183806047,1.047916018779037,0.7883566928153165,4.312987294162598
16,8,f64,ajbdc-ckbad-jk,0.004420178,0.004365496,0.012370995014228003,0.004426831,0.004389542,0.00842340717321266,0.00477319,0.004704452,0.014400851422214589,0.004681577,0.004741391,0.012776463999203624,1.0787534688881082,1.0725370271722512,3.842960509225807
16,8,f64,aqrs-pa-pqrs,0.001606519,0.001517653,0.055315872392421084,0.001705904,0.00167115,0.020372775959256906,0.001852529,0.001769154,0.045006043090283554,0.002786749,0.002756714,0.010777791613094667,1.159407623029116,1.7750705037420642,4.762889602939674
16,8,f64,ij-ik-kj,0.021920071,0.021930187,0.0004614948555596854,0.024402029,0.024442622,0.001663509210648062,0.025162203,0.025200222,0.0015109567314117722,0.019541837,0.01932641,0.011023886853625875,1.14850890933669,0.8863722313406599,7.757605128221761
16,8,f64,ij-ikl-ljk,0.003346768,0.003511838,0.04932221175773166,0.003159117,0.003199523,0.012790282854354684,0.003435504,0.003493694,0.01693783503090085,0.00504607,0.00507169,0.005077218508661385,1.0105495672922986,1.4756146035257598,5.218394654220726
16,8,f64,ij-kil-lkj,0.004226926,0.004181843,0.010665670513275938,0.004213441,0.004178116,0.008383883861195707,0.004497894,0.004531217,0.007408578325767579,0.006426665,0.006419895,0.0010534235097051647,1.0737813443215485,1.5277792571807411,5.067195396453198
16,8,f64,ijk-ikl-lj,0.002399203,0.002469235,0.029189693410687,0.002384546,0.002741325,0.1496213534987374,0.002474704,0.002525581,0.02055882238845541,0.004199575,0.004056118,0.03415988522648117,1.0271351011572745,1.6956774757101163,6.371822251236288
16,8,f64,ijk-il-jlk,0.002567759,0.002491597,0.029660883283828543,0.002555115,0.002486698,0.02677648559849566,0.002818889,0.002741675,0.027391642593944,0.00260629,0.002579061,0.010447417593590802,1.0990841470120674,1.0250053831926738,6.814730628568656
16,8,f64,ijk-ilk-jl,0.002218455,0.002253491,0.015792973037541902,0.00221605,0.002187217,0.01301098801922329,0.002316227,0.002333992,0.007669800930565129,0.003542604,0.003427199,0.03257631956605922,1.0398890751873988,1.5583956946274673,6.827706903852637
16,8,f64,ijk-ilk-lj,0.00223714,0.002284679,0.02124989942515887,0.002204118,0.002220719,0.007531810910305081,0.002323962,0.002366543,0.018322588751451097,0.003676896,0.003597088,0.021705264440440963,1.0373194826862568,1.6086332008957605,6.7869835999786075
16,8,f64,ijk-ilmk-mjl,0.001732354,0.001730782,0.0009074357781377884,0.001416984,0.001354588,0.04403437159488033,0.001598604,0.001503577,0.059443739662855766,0.002069646,0.001945103,0.060175991449745614,0.8953519379953325,1.1587235388463908,4.265890726969502
16,8,f64,ijkl-imjn-lnkm,0.035769869,0.035726659,0.0012079999510202777,0.035742598,0.035808462,0.0018427311859088302,0.036777355,0.036849883,0.001972083092979471,0.036033021,0.035500305,0.014784105945488069,1.0298012754386665,1.0004871207295216,6.935821613614364
16,8,f64,ijkl-imjn-nlmk,0.036026088,0.035939167,0.002412723801707206,0.036062226,0.035970205,0.0025517282266492858,0.03679585,0.037237679,0.012007576941421405,0.036372588,0.036209133,0.004493906235102152,1.0287223269050922,1.008564339699057,6.923196883912206
16,8,f64,ijkl-imkn-jnlm,0.033501321,0.033281719,0.006555025098860967,0.033505789,0.033359585,0.004363544460928903,0.034469624,0.034952629,0.014012482410600269,0.036922728,0.036343624,0.015684214882497383,1.0394996700861039,1.097051877519525,7.495755246949078
16,8,f64,ijkl-imkn-njml,0.033553929,0.033495319,0.001746740299772398,0.033524695,0.033479219,0.0013564925795745975,0.03421087,0.034897957,0.02008387977271564,0.036707445,0.036400111,0.00837252497415708,1.030666858085824,1.090346873589164,7.4773584669923325
16,8,f64,ijkl-imln-jnkm,0.03347963,0.033217088,0.007841842935540355,0.033369063,0.033198373,0.005115217049996068,0.034470716,0.034801075,0.009583757993306685,0.036991488,0.036499176,0.013308791471162262,1.0386049270046427,1.1018470856082292,7.487884517830742
16,8,f64,ijkl-imln-njmk,0.03355432,0.03324458,0.009231002148158418,0.033491222,0.033407525,0.0024990727421053682,0.033978846,0.034623512,0.01897256899189581,0.036694541,0.036310652,0.010461746884911305,1.0269640130156066,1.0929067471963188,7.503355167670143
16,8,f64,ijkl-imnj-nlkm,0.036196599,0.036093126,0.0028586387356447363,0.036110157,0.036091231,0.0005241184634006135,0.037113526,0.037279617,0.004475214777491132,0.03582872,0.03586081,0.0008956501934760386,1.0290955429685071,0.9916982843267718,6.902202760535389
16,8,f64,ijkl-imnk-njml,0.033696347,0.033529093,0.004963564744866811,0.033704521,0.033498756,0.006104967342511758,0.034362173,0.034779825,0.012154411771339246,0.036044795,0.036078889,0.0009458785935667624,1.028493834549926,1.0728661524996186,7.433123098981518
16,8,f64,ijkl-minj-nlmk,0.043820577,0.043951095,0.0029784637477503484,0.043843149,0.043888997,0.0010457278057285357,0.044862208,0.045184905,0.007193069944305908,0.044783311,0.045260517,0.010655889199438606,1.0259190953857782,1.0258738493329964,6.933706726608905
16,8,f64,ijkl-mink-jnlm,0.040322095,0.040006114,0.007836423181880825,0.040618391,0.040150876,0.01150993400994138,0.041689146,0.041954625,0.006368060405938625,0.043652893,0.043539513,0.002597307811878502,1.04127800017115,1.0854593667377823,7.547970788809131
16,8,f64,ijkl-minl-njmk,0.041900972,0.040516932,0.03303121464580827,0.041924777,0.040488829,0.03425058170255757,0.042565968,0.041746975,0.019240558560773335,0.044710935,0.044141009,0.012746904085096822,1.0230890533875692,1.0781959074777099,7.386164353502619
16,12,f64,abc-bk-akc,0.002031084,0.002092599,0.03028678282139019,0.0020396,0.00202404,0.007628946852323959,0.004043603,0.003121854,0.22795239789860677,0.003071602,0.002804764,0.08687258310158674,1.723390124859478,1.4237170428718149,7.408096557688442
16,12,f64,abcijk-eiab-jkec,0.003508942,0.003294338,0.06115917561475803,0.003610672,0.003527632,0.022998488923945404,0.003615662,0.00340551,0.05812268956556221,0.005894079,0.005455292,0.07444538832954228,1.0320787104807263,1.667803205708675,4.198211624081577
16,12,f64,abcijk-eiac-jkeb,0.003688277,0.003417591,0.07339090854618557,0.003418432,0.003467578,0.014376766891955217,0.003555138,0.003527271,0.007838514285521403,0.006803362,0.007652829,0.1248598854507521,0.9974148657097015,2.0323616240195803,3.8942980161118066
16,12,f64,abcijk-eibc-jkea,0.003694289,0.004323993,0.17045336734619299,0.003800578,0.003641299,0.04190915171323939,0.003762657,0.003815642,0.01408180442703122,0.003502239,0.003532611,0.00867216657686698,0.9480324455272751,0.8800611992033679,3.455271694168056
16,12,f64,abcijk-ejab-ikec,0.003539329,0.003314223,0.06360132104136129,0.003638063,0.003462621,0.048224013712791725,0.003669612,0.003548169,0.033094234485825824,0.005386608,0.005233691,0.028388366110917995,1.0535639248868827,1.550280892061923,4.194930209823111
16,12,f64,abcijk-ejac-ikeb,0.003515033,0.004291288,0.22083860948104905,0.003363619,0.004449292,0.32276931483619276,0.003369911,0.003500157,0.03864968540712188,0.005162408,0.005234363,0.013938262919164668,0.8842894501072951,1.3384419710860294,3.5770490102741537
16,12,f64,abcijk-ejbc-ikea,0.003971668,0.003823968,0.03718840547598645,0.003886098,0.003618852,0.06876975310452804,0.003760944,0.003738229,0.00603970705227197,0.003419404,0.003606582,0.054739948833188556,0.9621389380655956,0.9011135487016013,3.5604377128157427
16,12,f64,abcijk-ekab-ijec,0.003743301,0.0035712,0.04597573104594044,0.003624358,0.003541129,0.02296379110452107,0.003591095,0.003614185,0.006429793698022435,0.004695824,0.004908439,0.04527746355059281,0.9853356023271671,1.3130859156153092,3.9291584499729817
16,12,f64,abcijk-ekac-ijeb,0.003831106,0.003174123,0.1714865106838599,0.003429073,0.003445905,0.0049086152438282404,0.003587569,0.003320747,0.0743740399139361,0.006594911,0.006432442,0.024635510623266965,0.9897922879195509,1.8677487258323877,3.9759327618464653
16,12,f64,abcijk-ekbc-ijea,0.0037701,0.003720841,0.01306570117503525,0.003685392,0.003756574,0.01931463464402161,0.003763879,0.003889725,0.03343518747547414,0.00344393,0.017700151,4.139521128478221,1.0215985900988638,2.0845804119569333,3.684147800769197
16,12,f64,abcijk-ijma-mkbc,0.003736277,0.003730638,0.0015092564068456271,0.004221827,0.003676063,0.12927199527597888,0.003862233,0.003812008,0.013004135172580256,0.003421218,0.003427172,0.0017403158758080295,1.027744233702665,0.9171645002913164,3.7067922906624964
16,12,f64,abcijk-ijmb-mkac,0.003885217,0.004263159,0.09727693459593123,0.003613648,0.004376716,0.2111627917273624,0.003455702,0.003479943,0.0070147831034041985,0.006946159,0.006416457,0.07625826014060433,0.8520808442104999,1.6403880572647735,3.44143916769227
16,12,f64,abcijk-ijmc-mkab,0.003363018,0.00430377,0.27973445280399933,0.003697565,0.004128156,0.11645258433590766,0.003614921,0.003468215,0.040583459500221464,0.004638457,0.004936255,0.06420195336509527,0.9307076606556297,1.257756116268634,3.771286286178427
16,12,f64,abcijk-ikma-mjbc,0.004006103,0.004633723,0.15666596690100087,0.003638354,0.004233591,0.16360062819615684,0.003749432,0.003807433,0.015469276413067279,0.00364677,0.003481698,0.04526526213608206,0.876945867464326,0.8270345366732347,3.245548078642706
16,12,f64,abcijk-ikmb-mjac,0.003307634,0.004337321,0.3113062086071192,0.003319627,0.004275644,0.28798928313331595,0.003547163,0.003556178,0.00254146764611618,0.00519553,0.005170193,0.00487669207953767,0.9376976164815021,1.3683550517247614,3.6638732808365506
16,12,f64,abcijk-ikmc-mjab,0.003876139,0.003481158,0.10190062843463565,0.003563273,0.00389212,0.09228790496826944,0.003620892,0.003593323,0.007613869731546874,0.005431663,0.005250974,0.03326587087600974,0.9819613072805562,1.4538674168005523,3.917449242990172
16,12,f64,abcijk-jkma-mibc,0.004241483,0.003698235,0.12807973060365918,0.003795659,0.003912305,0.030731422395952723,0.003762587,0.003740979,0.005742857241573307,0.003613337,0.003471102,0.039363889944391994,0.9472831077830128,0.8941941091229162,3.443334336193261
16,12,f64,abcijk-jkmb-miac,0.003713725,0.003555328,0.04265178493291777,0.003381163,0.00337704,0.00121940290959055,0.003506907,0.003531326,0.006963115930932906,0.007198001,0.0070321,0.023048204633480784,0.9684703367725691,1.95795976538083,3.786407654520623
16,12,f64,abcijk-jkmc-miab,0.00344967,0.003718261,0.07785991123788638,0.003648373,0.003870004,0.06074790050249801,0.003452216,0.003616736,0.0476563459528605,0.005735622,0.005843002,0.018721596367403448,0.9866171795837002,1.616402698420822,3.998899751313879
16,12,f64,abcs-rc-abrs,0.001487777,0.001458101,0.019946537686763466,0.001843793,0.001500961,0.18593844319834163,0.002782,0.002637801,0.05183285406182614,0.003249886,0.003241672,0.002527473271370151,1.8392334335836034,2.2037172653773562,6.045116708167539
16,12,f64,abj-bka-kj,0.003901728,0.004093528,0.04915770653413043,0.003698667,0.005479534,0.48148887153128417,0.006374989,0.006383236,0.0012936492910025077,0.005764396,0.005706108,0.010111727230398437,1.5961834104454857,1.4350582175874484,4.922566921151619
16,12,f64,abjc-cbka-kj,0.00789693,0.007048292,0.10746429308604732,0.007048621,0.007323808,0.039041253601236336,0.010808362,0.010349505,0.042453888942653895,0.005992704,0.006620872,0.10482213037720545,1.4176487593532383,0.8443022006383377,5.171507258723695
16,12,f64,abjc-kbac-jk,0.002031905,0.002767704,0.3621227370374107,0.002021526,0.003605233,0.7834215340292432,0.003455672,0.003488213,0.009416692324966114,0.003727702,0.018043477,3.8403753840838135,1.4640510991562243,3.4583519483031417,5.1240561606188955
16,12,f64,abjcd-dkbac-jk,0.004740569,0.005238062,0.10494373143814584,0.004767659,0.004762832,0.0010124465696895735,0.005670099,0.005633132,0.006519639251448606,0.004176792,0.005333651,0.27697309322561425,1.1341480006147122,0.9471814153995234,3.3499780035056994
16,12,f64,abrs-qb-aqrs,0.001159101,0.001208824,0.04289790104572422,0.00112677,0.001123785,0.0026491653132405535,0.001856587,0.001914556,0.031223422333561457,0.002534276,0.002451863,0.03251934674834156,1.5927569627354574,2.105876402671254,7.004998220369759
16,12,f64,adbjc-cbdka-kj,0.008044627,0.008207443,0.020239098717690585,0.007377487,0.008303864,0.12556809656187795,0.01020335,0.009378267,0.0808639319439205,0.00810493,0.008687583,0.07188871464651769,1.203859473979774,1.0326834662169775,5.059679111290065
16,12,f64,ajb-kba-jk,0.0023707,0.002453285,0.03483570253511625,0.002474765,0.00254138,0.02691770733786858,0.002849758,0.003662219,0.28509824342979306,0.003680222,0.003589814,0.024565909339164804,1.3395651637466401,1.5071645845037829,7.389338159781397
16,12,f64,ajbc-ckba-jk,0.003989672,0.004808116,0.2051406732182497,0.004077897,0.005037035,0.23520407700341628,0.004652453,0.004832492,0.0386976504652492,0.003528689,0.003394889,0.03791776492629417,1.0826061859185891,0.7902480202539345,5.01625302713712
16,12,f64,ajbdc-ckbad-jk,0.005253519,0.006009311,0.14386395100122407,0.005265571,0.005756523,0.09323813124920366,0.005440128,0.004574896,0.15904625773511205,0.005048846,0.005188953,0.027750301752123008,0.8878869606761259,0.9109581728509066,3.0044508538377164
16,12,f64,aqrs-pa-pqrs,0.001168708,0.001168919,0.0001805412472575263,0.001355469,0.001213012,0.10509794027012043,0.001783801,0.001679015,0.058743099706749735,0.001927971,0.001905729,0.01153648057984269,1.4806597548887797,1.6399688634253413,6.362890850990815
16,12,f64,ij-ik-kj,0.013398524,0.033071495,1.468293895655969,0.016189,0.032029444,0.9784695781085924,0.032113844,0.033318017,0.037497005964156616,0.013828548,0.013311624,0.037380931099924575,1.5539259750367846,0.6445378390482844,8.080056960047067
16,12,f64,ij-ikl-ljk,0.003809485,0.00288257,0.24331766629872542,0.003552283,0.002652018,0.25343279237605787,0.004676117,0.004209785,0.09972633276712284,0.004288532,0.003651379,0.14857135262136323,1.3389044269508017,1.1941522990501459,5.3987584437094105
16,12,f64,ij-kil-lkj,0.004388489,0.006184905,0.40934727191978837,0.004344827,0.005913206,0.3609761677507528,0.005081457,0.004861015,0.04338165215212886,0.004846917,0.004722055,0.025761117840474634,0.9539675110919283,0.9182782297385409,4.089213747309169
16,12,f64,ijk-ikl-lj,0.001749797,0.003772246,1.1558192178864175,0.002851901,0.002387412,0.16286995937095983,0.003249205,0.002403562,0.2602615101232454,0.003044331,0.003426669,0.1255901542900557,1.0877331988995658,1.2571531147046848,6.036490549440628
16,12,f64,ijk-il-jlk,0.002317791,0.002873853,0.2399103284118369,0.002280902,0.002022769,0.11317145585386823,0.003452997,0.003653373,0.05802958994751517,0.001790704,0.001842411,0.028875235661505183,1.3761814416834441,0.7037781022191962,6.67875192690588
16,12,f64,ijk-ilk-jl,0.001592142,0.002862832,0.798100923158864,0.001526749,0.002043398,0.33839812569060146,0.00274433,0.0029898,0.08944624006588131,0.002459055,0.002456362,0.001095136139695807,1.341684505611952,1.1511753335397927,7.15054698255926
16,12,f64,ijk-ilk-lj,0.001936466,0.001523644,0.21318319040974643,0.001525377,0.001501172,0.015868208318337018,0.003057907,0.003063188,0.0017269982376835191,0.002600841,0.002615109,0.00548591782427299,1.7817725814780996,1.5182913162251541,8.932834446790329
16,12,f64,ijk-ilmk-mjl,0.001620274,0.001295506,0.20044017246465717,0.001127772,0.001256103,0.11379161745459188,0.002024241,0.002042026,0.008786009175784981,0.001383842,0.001354717,0.021046477849349765,1.4032911824195107,0.9450474142324452,5.098416221207319
16,12,f64,ijkl-imjn-lnkm,0.028065793,0.028447034,0.01358383139218633,0.027195973,0.032019315,0.1773550076697017,0.02920166,0.037877518,0.2971015346387842,0.0247377,0.024872328,0.005442219769824952,1.1770295654304292,0.8778710403937666,8.774969935390839
16,12,f64,ijkl-imjn-nlmk,0.028498623,0.025676885,0.09901313477496787,0.026858292,0.025739994,0.04163697378820663,0.039758161,0.033801273,0.1498280566850162,0.025085361,0.025260385,0.006977136984394949,1.3551786975854194,0.9305657290441697,9.209077597200345
16,12,f64,ijkl-imkn-jnlm,0.023876507,0.025872161,0.08358232634279372,0.023978167,0.02410443,0.005265748628741962,0.033674687,0.038170838,0.13351723209780686,0.025224491,0.024955844,0.01065024463724562,1.4425002013022092,1.0094750468688947,10.070417816174729
16,12,f64,ijkl-imkn-njml,0.024556991,0.024717979,0.006555689172179191,0.024506326,0.025241059,0.029981360731102802,0.027812839,0.029007133,0.042940384474954296,0.025227938,0.025179213,0.0019313905084117344,1.1528717809800297,1.022981779184798,10.174612921535301
16,12,f64,ijkl-imln-jnkm,0.023765118,0.024512955,0.03146784291161531,0.025085572,0.029266309,0.1666590261525629,0.031310249,0.033708309,0.07659025643647865,0.025288682,0.025018052,0.010701625335792553,1.3459964746803303,1.0421302960992929,10.345760483552706
16,12,f64,ijkl-imln-njmk,0.02450284,0.025303425,0.032673151357148766,0.02439068,0.024590891,0.008208504231944191,0.043736371,0.034181705,0.21846042050448133,0.02494593,0.025291885,0.013868194130264966,1.5528173190002688,1.0087709839649281,10.064501832128366
16,12,f64,ijkl-imnj-nlkm,0.026903647,0.027347995,0.016516273797377856,0.027169213,0.026672009,0.018300272444402466,0.030855979,0.032687187,0.05934694212748859,0.025221386,0.025013042,0.008260608675510484,1.1708199529776167,0.9259753094993476,9.19740945851869
16,12,f64,ijkl-imnk-njml,0.024658021,0.024601561,0.0022897214662928045,0.026806535,0.024815923,0.07425845973752299,0.033147741,0.033504017,0.010748123077225502,0.025249188,0.025254434,0.00020776905776132004,1.353053494564433,1.0252554498166313,10.144092424281505
16,12,f64,ijkl-minj-nlmk,0.031573233,0.032281927,0.02244603838954351,0.031983882,0.031923105,0.0019002383763171427,0.037657126,0.039555981,0.05042485185937973,0.031616693,0.031358748,0.008158506647105823,1.208900097828731,0.9862756836477926,9.53125549257634
16,12,f64,ijkl-mink-jnlm,0.032338395,0.029002314,0.10316161330826712,0.031990003,0.032094487,0.0032661453642250926,0.037775007,0.057019162,0.5094414674761014,0.029774093,0.030432002,0.02209669325611352,1.5154343812802542,0.9828991881256348,9.898955757997367
16,12,f64,ijkl-minl-njmk,0.030271915,0.03151451,0.04104778306889423,0.032547758,0.02997185,0.07914240974754705,0.045277428,0.042125134,0.0696217550166498,0.030679108,0.030604616,0.0024281018861435077,1.4139573015255513,0.9920638038846277,9.85312664946423
16,1,c64,abc-bk-akc,0.055810684,0.055811037,6.324953838676706e-06,0.055839478,0.055851042,0.00020709362648418939,0.056399767,0.056446998,0.0008374325376201419,0.069348636,0.06927719,0.0010302437671593223,1.01097487214436,1.24192501555776,1.0
16,1,c64,abcijk-eiab-jkec,0.051834086,0.051883841,0.0009598895985163391,0.051614825,0.051839859,0.004359871412912941,0.053381003,0.053563868,0.0034256568764734485,0.071754981,0.065990604,0.08033417220192707,1.0311113040744535,1.3269155886962787,1.0
16,1,c64,abcijk-eiac-jkeb,0.051025332,0.051013621,0.0002295134502995344,0.050997871,0.050993694,8.19053799324676e-05,0.052713533,0.052610652,0.001951699955303643,0.082811726,0.081813331,0.012056203248317798,1.032195375881748,1.6133253601029927,1.0
16,1,c64,abcijk-eibc-jkea,0.052302443,0.05245512,0.002919117946364347,0.052358749,0.052470399,0.0021324038891761266,0.053873615,0.053999063,0.002328561021939901,0.061996156,0.062215673,0.003540816304804517,1.0297368183646116,1.1857069159345761,1.0
16,1,c64,abcijk-ejab-ikec,0.051794873,0.051982025,0.003613330608996712,0.051771659,0.052004747,0.004502231616722918,0.053015399,0.053205717,0.0035898626359485153,0.066194137,0.064945436,0.018864223579197148,1.0235526430211364,1.2636130354314465,1.0
16,1,c64,abcijk-ejac-ikeb,0.050772809,0.050732034,0.0008030873375550751,0.050781546,0.05075113,0.0005989577394905909,0.051973147,0.052069879,0.0018611918958841844,0.065283612,0.066120967,0.012826419592102178,1.0250051756365943,1.2945384450118815,1.0
16,1,c64,abcijk-ejbc-ikea,0.052453597,0.05258272,0.002461661494825629,0.052532304,0.052572261,0.0007606176953518506,0.053998079,0.054176475,0.0033037471573758026,0.062080674,0.062213088,0.002132934317046864,1.029877015174977,1.1833410475101809,1.0
16,1,c64,abcijk-ekab-ijec,0.051801766,0.051884563,0.0015983431916202218,0.051798851,0.051835942,0.0007160583542673571,0.053318066,0.052925222,0.00736793416325332,0.058944482,0.058474345,0.007975928942763555,1.024653844026203,1.1324339897696882,1.0
16,1,c64,abcijk-ekac-ijeb,0.050734978,0.050757872,0.00045124686956610205,0.050765616,0.050763592,3.986950537537837e-05,0.052003083,0.052098062,0.0018264109456742617,0.069629622,0.069697146,0.0009697596807289877,1.0256988972166405,1.3727740937622643,1.0
16,1,c64,abcijk-ekbc-ijea,0.052429352,0.052450683,0.00040685225329495367,0.052382114,0.052495537,0.0021653001633343827,0.053794839,0.053900799,0.0019697056812457703,0.061979105,0.06225144,0.004393980842414491,1.0268454630211914,1.184498546993911,1.0
16,1,c64,abcijk-ijma-mkbc,0.052304696,0.05232648,0.0004164826806374311,0.052313072,0.052341959,0.0005521946789894816,0.05391938,0.053745739,0.003220381985104437,0.061986958,0.062194363,0.0033459457713669316,1.0289952328386596,1.186846552212825,1.0
16,1,c64,abcijk-ijmb-mkac,0.05079011,0.050702148,0.0017318726027566456,0.05075264,0.050726653,0.0005120324775224061,0.051965071,0.052021509,0.0010860756834143448,0.069396733,0.069704409,0.00443358046840614,1.0245767094757048,1.3705563036133759,1.0
16,1,c64,abcijk-ijmc-mkab,0.051745649,0.051807879,0.0012026131897582282,0.051779543,0.051848274,0.0013273774934630111,0.053189543,0.052970166,0.004124438519804485,0.058932408,0.058543455,0.0065999848504407765,1.0251654728706732,1.1344397683353709,1.0
16,1,c64,abcijk-ikma-mjbc,0.052436182,0.052579454,0.0027323118223976373,0.052419662,0.052448649,0.0005529795289409556,0.054052189,0.05407229,0.0003718813312074687,0.062028476,0.062154027,0.002024086485697296,1.0296045605756297,1.1825149076162396,1.0
16,1,c64,abcijk-ikmb-mjac,0.050704029,0.050653436,0.000997810252909015,0.050761737,0.050683152,0.0015481148724284521,0.051991139,0.052010198,0.00036658169770054094,0.065002054,0.066088477,0.01671367184796968,1.0260847408710554,1.293304300234678,1.0
16,1,c64,abcijk-ikmc-mjab,0.051781978,0.051832715,0.0009798196584920316,0.051780525,0.051881597,0.001951930769338528,0.053114383,0.053173586,0.0011146321703483508,0.066446709,0.06516099,0.019349626480372528,1.0258001271545765,1.2701039834304928,1.0
16,1,c64,abcijk-jkma-mibc,0.052211332,0.052284893,0.001408908702041911,0.052281433,0.052335417,0.0010325654233693804,0.053856513,0.05391186,0.0010276751485933655,0.061815117,0.061965585,0.002434161857203909,1.0313136717650468,1.1845465347252788,1.0
16,1,c64,abcijk-jkmb-miac,0.051044237,0.050976351,0.0013299444558255713,0.051041973,0.051004103,0.0007419384043010346,0.052627551,0.052547554,0.0015200593316606614,0.082590972,0.082128301,0.005601956107260664,1.030920326212709,1.6145629319429493,1.0
16,1,c64,abcijk-jkmc-miab,0.051757302,0.051870797,0.0021928306850307333,0.05172941,0.051646206,0.0016084467230537136,0.053379911,0.053358443,0.00040217376907958347,0.071805595,0.066011223,0.08069527172638857,1.0300142228529126,1.3287422881324849,1.0
16,1,c64,abcs-rc-abrs,0.029890352,0.029852134,0.0012786065550516312,0.029879141,0.02983893,0.001345788354491284,0.030649834,0.030664886,0.0004910956450856485,0.040492225,0.040470282,0.0005419065018036351,1.026317028361183,1.3551916904269727,1.0
16,1,c64,abj-bka-kj,0.074102002,0.073962294,0.0018853471732113158,0.07405813,0.07387992,0.0024063529554418928,0.075310094,0.0753637,0.0007118036527746785,0.098184609,0.099074411,0.009062540545432984,1.0176244753663233,1.3322394814677443,1.0
16,1,c64,abjc-cbka-kj,0.074525857,0.074467731,0.0007799440669297164,0.074393889,0.074441502,0.0006400122461671653,0.075159684,0.075107289,0.000697115756899791,0.062386865,0.062121997,0.004245573166723471,1.0085465912838665,0.8356640807081266,1.0
16,1,c64,abjc-kbac-jk,0.035983182,0.035862142,0.0033637936745005703,0.035881883,0.035830342,0.001436407336816825,0.036474783,0.036330438,0.003957391603947258,0.052185492,0.052680422,0.009484053537331727,1.0133600515386239,1.4595924832388865,1.0
16,1,c64,abjcd-dkbac-jk,0.042415788,0.042487952,0.0017013476208433964,0.042425947,0.042421878,9.59082893304819e-05,0.044804792,0.044850337,0.0010165207328713954,0.046884226,0.046558676,0.006943699998374742,1.0559623146836374,1.1005683454128692,1.0
16,1,c64,abrs-qb-aqrs,0.029320666,0.029472994,0.005195243518684167,0.029203987,0.029287176,0.002848549412105994,0.030207215,0.030205987,4.0652539467722626e-05,0.040792367,0.04034104,0.011064006165663276,1.0275496500298449,1.3799519197265875,1.0
16,1,c64,adbjc-cbdka-kj,0.075975241,0.07586029,0.0015130060594346073,0.076227845,0.076158047,0.0009156496553194282,0.077440135,0.077251876,0.002431026237234679,0.052526992,0.050304693,0.042307752935862086,1.0188125253566762,0.6770990814346253,1.0
16,1,c64,ajb-kba-jk,0.062791753,0.062624398,0.0026652385385705912,0.062849131,0.062643925,0.003265057077718403,0.063483389,0.063377349,0.001670358209767353,0.0745544,0.073980609,0.007696272788728864,1.0115188962151267,1.1843293848110243,1.0
16,1,c64,ajbc-ckba-jk,0.055179469,0.055174585,8.851118157737758e-05,0.055214534,0.055174464,0.0007257147185196766,0.056520961,0.05651214,0.00015606599470241456,0.043526949,0.043030257,0.011411137500126678,1.0242768314294037,0.7843461825782552,1.0
16,1,c64,ajbdc-ckbad-jk,0.04381611,0.044014201,0.004520962723528088,0.043726212,0.043971791,0.0056162880059220655,0.045639404,0.04596809,0.007201803073502155,0.046665706,0.045829351,0.017922261799703687,1.0430013999401955,1.053070516126839,1.0
16,1,c64,aqrs-pa-pqrs,0.030527366,0.030654417,0.004161872334481842,0.030493151,0.030621535,0.004210256919660482,0.031557955,0.031693383,0.00429140608128753,0.04072936,0.04044222,0.007049951190001513,1.0338261864191842,1.326722484472124,1.0
16,1,c64,ij-ik-kj,0.518885511,0.514869594,0.007739504986871815,0.518886064,0.514983188,0.007521643518258125,0.515921679,0.516772981,0.0016500605317655292,0.530662457,0.530194199,0.000882402728557885,0.998981380301396,1.0262242504107386,1.0
16,1,c64,ij-ikl-ljk,0.064796678,0.064747998,0.0007512730822403224,0.064885524,0.064641909,0.0037545354492320993,0.067521469,0.067646096,0.0018457388715875656,0.080648052,0.08194185,0.01604252015907348,1.043404648209649,1.255047839582899,1.0
16,1,c64,ij-kil-lkj,0.076232256,0.075768678,0.006081126603415643,0.076270387,0.075837909,0.005670326544953808,0.07955675,0.079653194,0.0012122667152691946,0.099243804,0.100129514,0.008924587372729054,1.0474320851189063,1.3116516629645434,1.0
16,1,c64,ijk-ikl-lj,0.058573369,0.058533068,0.0006880430592953735,0.058566907,0.058532968,0.0005794910767612516,0.058988116,0.059170301,0.003088503453814395,0.075433802,0.073370517,0.027352260462756406,1.0089819703415503,1.2705537494550547,1.0
16,1,c64,ijk-il-jlk,0.05931613,0.059264828,0.0008648912193024438,0.059162131,0.059351911,0.003207795202644137,0.059639656,0.059728958,0.0014973594079750185,0.063906573,0.06459425,0.010760661505038183,1.0066421605978255,1.083639372754716,1.0
16,1,c64,ijk-ilk-jl,0.05577459,0.056150145,0.00673344259455777,0.055759261,0.05608882,0.005910390383401909,0.0564048,0.056582975,0.003158862366323456,0.069141123,0.069183555,0.0006137013423979099,1.0095022389496724,1.2358791842431542,1.0
16,1,c64,ijk-ilk-lj,0.057680348,0.057835091,0.0026827681414127724,0.057644741,0.057834108,0.0032850698383743993,0.058203828,0.058228889,0.0004305730544045261,0.071445457,0.07113514,0.0043434112262730196,1.0079416204440388,1.2342972374239434,1.0
16,1,c64,ijk-ilmk-mjl,0.028455058,0.02834085,0.004013627383925855,0.028414752,0.028289905,0.004393738857900287,0.028874103,0.028818686,0.0019192630849866887,0.041931866,0.041778007,0.0036692619403104754,1.0157928811632717,1.4738720410012396,1.0
16,1,c64,ijkl-imjn-lnkm,0.993530663,0.984753802,0.008834011195485436,0.993694202,0.984796584,0.008954080623688743,0.988557675,0.989052779,0.0005008347135637692,1.036152543,1.032636391,0.0033934694497970153,0.999669102389398,1.0457577478120543,1.0
16,1,c64,ijkl-imjn-nlmk,0.989907009,0.983539961,0.006431965772655701,0.989680675,0.983320904,0.0064260838477016025,0.988278919,0.989459142,0.0011942205558672647,1.040159108,1.049340329,0.008826746724982737,1.00217945174966,1.0588022748010772,1.0
16,1,c64,ijkl-imkn-jnlm,0.987726738,0.978569274,0.009271252511137251,0.988076067,0.978548275,0.009642771764453606,0.987763206,0.990947332,0.0032235721888187463,1.041488037,1.052473829,0.01054816916730461,1.0063232713093369,1.0649239706154003,1.0
16,1,c64,ijkl-imkn-njml,0.986543696,0.978436937,0.00821733394361479,0.986444056,0.97853894,0.008013749945491089,0.986373602,0.988124165,0.0017747464008064373,1.053957509,1.056163083,0.002092659316116796,1.0048515296912472,1.0738718550181,1.0
16,1,c64,ijkl-imln-jnkm,0.985476457,0.976089211,0.009525591335359462,0.986493871,0.976675872,0.009952417636459931,0.987588777,0.987754974,0.00016828563048765233,1.048962621,1.044432742,0.00431843700558332,1.0070355513159113,1.0672160854665356,1.0
16,1,c64,ijkl-imln-njmk,0.982423994,0.975043813,0.007512215749079121,0.983521575,0.975687369,0.007965464306159298,0.985412031,0.986065279,0.0006629186365190165,1.038916428,1.044020092,0.004912487532635179,1.007164055050703,1.064101828133058,1.0
16,1,c64,ijkl-imnj-nlkm,0.990922444,0.985135204,0.005840255244031978,0.991849135,0.985571151,0.00632957551553448,0.989381118,0.990189875,0.0008174372699116805,1.041226847,1.048202614,0.0066995650564511955,1.0017821693620619,1.0573713672455156,1.0
16,1,c64,ijkl-imnk-njml,0.98641064,0.977702682,0.008827923835047047,0.988391301,0.977520211,0.01099877142686434,0.985200062,0.986679108,0.0015012646233472093,1.039195079,1.034641944,0.004381405466605259,1.0039634543106262,1.0558720740100893,1.0
16,1,c64,ijkl-minj-nlmk,1.211179382,1.200559124,0.008768526081135097,1.210435314,1.200400318,0.008290402538602692,1.211530815,1.211347195,0.00015156032164131972,1.241092447,1.2629761,0.017632572861834506,1.0046286066599515,1.0382540204351287,1.0
16,1,c64,ijkl-mink-jnlm,1.200242048,1.188361509,0.009898452582791095,1.198006418,1.188593405,0.007857230861679776,1.204314729,1.203984916,0.00027385947548264067,1.248653437,1.259113638,0.00837718512602792,1.0082583212733243,1.0498922152421923,1.0
16,1,c64,ijkl-minl-njmk,1.1950322,1.186691373,0.006979583479005846,1.195011013,1.185960756,0.007573367024693689,1.201332944,1.201140721,0.00016000809847094288,1.245564939,1.24897579,0.002738396765357143,1.0087183990467774,1.0473733065306021,1.0
16,4,c64,abc-bk-akc,0.014293017,0.014331695,0.0027060766806616954,0.014695662,0.014335521,0.02450661970859158,0.014456013,0.014464503,0.0005872988631097087,0.018599914,0.018532653,0.003616199515761198,1.010334746946837,1.297219688367069,3.8994915616026353
16,4,c64,abcijk-eiab-jkec,0.013714484,0.013703357,0.0008113320194913509,0.013817226,0.013716332,0.007302044563793131,0.014094746,0.014131629,0.0026167906821450426,0.023116652,0.022765081,0.015208560478394584,1.029488544600029,1.673377192374165,3.7828625385563495
16,4,c64,abcijk-eiac-jkeb,0.013422206,0.013425878,0.00027357648958736824,0.013451432,0.013243907,0.01542772546447102,0.013512355,0.013761847,0.018463990917941375,0.027029891,0.026872554,0.005820852181756875,1.0158289549271908,2.0076745840220087,3.80060466446434
16,4,c64,abcijk-eibc-jkea,0.013796848,0.013777236,0.0014214840954978047,0.013858123,0.013706955,0.010908259365283501,0.014199162,0.014231777,0.0022969665392928995,0.016005795,0.016092733,0.00543165772146903,1.0310742320147277,1.1640792268577453,3.7991281320091796
16,4,c64,abcijk-ejab-ikec,0.013564352,0.013633697,0.005112297292196422,0.01356247,0.013601447,0.0028738865413158177,0.013845299,0.013866974,0.001565513319719658,0.018318256,0.018318752,2.707681342584145e-05,1.0189096503724426,1.3470498225392007,3.8156070147692325
16,4,c64,abcijk-ejac-ikeb,0.013404414,0.013383879,0.0015319580550108292,0.013366112,0.013374451,0.0006238912258105245,0.013422508,0.013751628,0.024520007736259064,0.018027962,0.018048436,0.0011356802283031264,1.0143293131529412,1.3467227191369078,3.7891501572563095
16,4,c64,abcijk-ejbc-ikea,0.013769507,0.013823262,0.003903916095180371,0.014382956,0.013778068,0.042055888928534624,0.014184905,0.014434337,0.017584326437152686,0.016079163,0.016126636,0.00295245467690064,1.037163371325497,1.167183515607015,3.8066653243987196
16,4,c64,abcijk-ekab-ijec,0.013583449,0.013612608,0.002146656567120875,0.01342933,0.013436467,0.0005314487022063386,0.013829369,0.013849552,0.0014594302892634303,0.016505831,0.016589754,0.005084445611978072,1.017755241166434,1.2169226449835313,3.81255104513884
16,4,c64,abcijk-ekac-ijeb,0.013404303,0.01342684,0.0016813257653158775,0.013433968,0.013429565,0.0003277512645556424,0.013796087,0.013730098,0.0047831678649170595,0.021124441,0.021130038,0.00026495375664614684,1.0259017147281309,1.5748301716093822,3.782652241869849
16,4,c64,abcijk-ekbc-ijea,0.013813449,0.013736479,0.005572105851333831,0.013843957,0.013772486,0.00516261355044656,0.01432651,0.014200879,0.008769128001167137,0.016072781,0.016114484,0.002594634991915701,1.0354736209236315,1.168328411017196,3.8069225500327155
16,4,c64,abcijk-ijma-mkbc,0.013821605,0.016090729,0.16417225061778296,0.013815473,0.013845433,0.0021685830083415514,0.014256949,0.014230525,0.0018534119747498634,0.016065727,0.016154468,0.005523621806843959,0.9551171876147214,1.0802628043011706,3.5080356855438435
16,4,c64,abcijk-ijmb-mkac,0.013420463,0.013352511,0.005063312644280726,0.013401408,0.013370083,0.002337440961427406,0.013748307,0.013785962,0.002738882685700883,0.021218187,0.02115736,0.002866738802895785,1.0284375556628238,1.5827767147871719,3.790858153566931
16,4,c64,abcijk-ijmc-mkab,0.013622572,0.013592129,0.002234746859844039,0.013602243,0.013569707,0.0023919584439124897,0.013864014,0.013816189,0.00344957816690028,0.016665911,0.016162884,0.030182988496698426,1.0171039175867247,1.2061481563119596,3.805060143443916
16,4,c64,abcijk-ikma-mjbc,0.013881788,0.013973694,0.00662061688307003,0.013929326,0.013802503,0.009104747781766287,0.014277077,0.014306377,0.002052240805313188,0.016055158,0.016171891,0.0072707475068136684,1.02613893247188,1.156936110283706,3.7700338435786156
16,4,c64,abcijk-ikmb-mjac,0.013413751,0.013356598,0.00426077686994486,0.013396028,0.013401912,0.0004392346746362463,0.013738749,0.013814074,0.005482668036223659,0.017967398,0.017990107,0.0012639003154493178,1.0292276290014108,1.3431868137264402,3.7861920800984
16,4,c64,abcijk-ikmc-mjab,0.013590021,0.013599142,0.000671154224117787,0.013580683,0.013527939,0.0038837516493095414,0.013847803,0.013844622,0.00022971152896966718,0.018431147,0.018399614,0.0017108539148430468,1.0185097046019669,1.3546113785761769,3.810881799047013
16,4,c64,abcijk-jkma-mibc,0.013796718,0.013847627,0.0036899355339437,0.013847232,0.013869539,0.001610935672920144,0.014197017,0.014170231,0.001886734375256327,0.016023889,0.016080971,0.0035623062541183526,1.0261514047707603,1.1613537486384713,3.780027209966165
16,4,c64,abcijk-jkmb-miac,0.013446312,0.013376014,0.005228050635743053,0.013425172,0.0134323,0.0005309429182731584,0.013539757,0.013482574,0.004223340197316627,0.026922309,0.026953256,0.001149492786818529,1.0074578656870707,2.00861555213847,3.803581978867129
16,4,c64,abcijk-jkmc-miab,0.013711919,0.01374789,0.0026233381337799067,0.013702241,0.014181393,0.034968878448423224,0.014048179,0.013956933,0.006495219060064672,0.023315835,0.022735745,0.024879657966356272,1.019853684308228,1.6769222904540335,3.773810872492715
16,4,c64,abcs-rc-abrs,0.007992298,0.007960961,0.003920899846326931,0.007974885,0.008025672,0.006368367694330468,0.008085732,0.008145828,0.007432351208276566,0.012302058,0.012352036,0.004062572294814437,1.0174397634885954,1.5453952641722868,3.7448516966705445
16,4,c64,abj-bka-kj,0.019551996,0.019510695,0.0021123674534301307,0.019527941,0.01948631,0.0021318683828469576,0.019856476,0.019897098,0.002045780933132235,0.026634129,0.026580868,0.0019997274924965502,1.0176865558301975,1.3622973412298744,3.7904278752258134
16,4,c64,abjc-cbka-kj,0.020615638,0.019894203,0.03499455122368755,0.020203897,0.020154501,0.0024448748674574805,0.020500271,0.020434575,0.0032046405630442587,0.019023386,0.019337331,0.016503108332028837,1.0106503797608861,0.9470665838203919,3.678543428718207
16,4,c64,abjc-kbac-jk,0.008905107,0.009243884,0.0380430016169373,0.00916834,0.009203238,0.0038063597117907744,0.009319914,0.009338882,0.0020352119128994595,0.018205304,0.018197044,0.00045371392864401727,1.028268618561846,2.006099989939772,3.9593243524336432
16,4,c64,abjcd-dkbac-jk,0.013000517,0.01293588,0.00497187919526576,0.013025033,0.012958612,0.005099488039684852,0.013582577,0.01362447,0.0030843189771718738,0.014144379,0.014530828,0.02732173678321259,1.04899301298741,1.105500192650138,3.273545396092399
16,4,c64,abrs-qb-aqrs,0.007703617,0.007703749,1.7134808233620902e-05,0.007752138,0.007724047,0.00362364550269878,0.007815607,0.007740929,0.009554984021074797,0.011728424,0.011791035,0.005338398407151779,1.009670099122172,1.526502042110638,3.8159321112485083
16,4,c64,adbjc-cbdka-kj,0.022856374,0.023170581,0.013747018665340338,0.023732666,0.023379111,0.0148973992218151,0.023920478,0.02401935,0.0041333622179289264,0.019455004,0.01860556,0.043661980228839936,1.0415818976428528,0.8267323016584938,3.2989152888949134
16,4,c64,ajb-kba-jk,0.016193296,0.016200484,0.00044388739636458396,0.016152028,0.016135913,0.000997707532453318,0.016286,0.016314999,0.0017806091121208567,0.019950593,0.019942514,0.00040495036914434124,1.0063965028193385,1.2315051582139303,3.8716087603381415
16,4,c64,ajbc-ckba-jk,0.014885276,0.014816873,0.00459534643496029,0.014749722,0.01480952,0.004054178105865391,0.014895025,0.014976382,0.005462025072129784,0.013469495,0.013493615,0.0017907130148533401,1.0056974470965887,0.907785181244393,3.715365731029169
16,4,c64,ajbdc-ckbad-jk,0.015224522,0.01509852,0.008276253270874445,0.01522369,0.015118418,0.006915012063435366,0.016169352,0.015849257,0.019796402477972097,0.013181145,0.013011512,0.012869367570116252,1.0558731329780089,0.8637765901211101,2.896505103012844
16,4,c64,aqrs-pa-pqrs,0.008013378,0.008035802,0.0027983205085295726,0.008021032,0.007991238,0.0037144846199343995,0.008254799,0.008230105,0.0029914719910200116,0.010583831,0.010552225,0.0029862532763419436,1.0271491500033707,1.3169553210538756,3.8121393616888817
16,4,c64,ij-ik-kj,0.130144887,0.130496307,0.002700221331015662,0.130145298,0.130387653,0.0018621879063198676,0.130956727,0.130913378,0.0003310177414559412,0.133789863,0.134115746,0.002435782447882451,1.0047158525428976,1.0278714971950331,3.966173682051457
16,4,c64,ij-ikl-ljk,0.022471121,0.022510313,0.0017441052451276917,0.022610702,0.022425635,0.008184929419705833,0.023350427,0.023356047,0.00024068082352424192,0.023160031,0.023072346,0.0037860484729057564,1.038350431214155,1.0278087487442154,2.879959674597981
16,4,c64,ij-kil-lkj,0.026144931,0.026120294,0.0009423241545368777,0.026163465,0.026147536,0.000608826086300196,0.027326643,0.027455045,0.00469878425974235,0.028265802,0.028462612,0.006962830914898577,1.0481451788702403,1.085388590624387,2.9082481509886837
16,4,c64,ijk-ikl-lj,0.015389379,0.015037376,0.022873112683754138,0.015030937,0.015025474,0.00036345039567386994,0.015176611,0.015227953,0.003382968700983424,0.02026488,0.020042531,0.010972135043484155,0.999336127201916,1.3248042814277905,3.849055462329599
16,4,c64,ijk-il-jlk,0.019839442,0.019810867,0.001440312686213585,0.020080333,0.019803002,0.013811075742618306,0.019862486,0.019846373,0.0008112277587003502,0.016041841,0.016161792,0.007477383674355131,1.0014768369825917,0.8121858008044782,2.9906696993563937
16,4,c64,ijk-ilk-jl,0.014255917,0.014272072,0.0011332136684016891,0.014275813,0.014274687,7.887466724321168e-05,0.014452104,0.014456467,0.00030189375886036096,0.018609349,0.018519107,0.004849283013607875,1.0133408038666016,1.30147106705767,3.9233092410019976
16,4,c64,ijk-ilk-lj,0.014718062,0.014791124,0.0049641046491037955,0.014776291,0.014726734,0.0033538186274214565,0.014921202,0.014927059,0.00039252869842520965,0.018997295,0.018898899,0.005179474235674109,1.0114935705923684,1.2842164610453053,3.914567125534508
16,4,c64,ijk-ilmk-mjl,0.007945139,0.007963536,0.0023155038571383013,0.007951461,0.007994113,0.005364045676637286,0.008094187,0.00810977,0.0019252087949044316,0.010860829,0.010916617,0.005136624469457951,1.0185612781573257,1.3689002449459649,3.5701170052599367
16,4,c64,ijkl-imjn-lnkm,0.252404089,0.252947826,0.002154232136865275,0.252424968,0.252553568,0.0005094583195113245,0.255665127,0.254851071,0.003184071326239213,0.260309164,0.260022417,0.0011015632165757294,1.01021848204779,1.0296424882033268,3.914630738636601
16,4,c64,ijkl-imjn-nlmk,0.251072577,0.251463957,0.0015588321300417096,0.250998038,0.25141772,0.001672052910628885,0.253303566,0.253211309,0.0003642151646613412,0.261568113,0.261729544,0.0006171662063410022,1.007916809904708,1.041312930298742,3.9269528954694906
16,4,c64,ijkl-imkn-jnlm,0.248266284,0.248417621,0.0006095753219554911,0.248042545,0.2482678,0.0009081304983384886,0.25085363,0.251056124,0.000807219732080311,0.264071323,0.263662746,0.0015472221495251848,1.010521443110937,1.0625146698379493,3.9588051056672735
16,4,c64,ijkl-imkn-njml,0.248869215,0.249305585,0.0017534109230825656,0.249012193,0.249256543,0.0009812772501465172,0.251683065,0.251618347,0.00025714086086792154,0.263017912,0.262735981,0.00107190798473078,1.0102911687269835,1.0553605262755794,3.944327701963949
16,4,c64,ijkl-imln-jnkm,0.247178089,0.247614778,0.0017666978564594427,0.247346375,0.247508579,0.0006557767422303851,0.250101866,0.250296962,0.0007800661511259133,0.263779411,0.26380353,9.143624935914474e-05,1.0113302317582957,1.0662707187400209,3.9643739853567377
16,4,c64,ijkl-imln-njmk,0.247944306,0.248213039,0.0010838442081424482,0.247981576,0.248169738,0.0007587741115089308,0.250571016,0.250840961,0.0010773193336934828,0.263341141,0.262205788,0.004311339260127278,1.0105906582565871,1.059232086384608,3.945228668208277
16,4,c64,ijkl-imnj-nlkm,0.250959264,0.251166852,0.0008271780714179666,0.250937534,0.251232705,0.0011762728169633085,0.252797898,0.252777058,8.243739431734731e-05,0.260206452,0.260601263,0.0015172990406866482,1.006868558845345,1.037204784342874,3.9353646014366865
16,4,c64,ijkl-imnk-njml,0.248725953,0.248784259,0.00023441864146755975,0.248627299,0.248810258,0.0007358765539258183,0.250716502,0.251173725,0.001823665360487503,0.261600535,0.261600625,3.4403599347143654e-07,1.0088034578496334,1.0516390437288659,3.9478466662930423
16,4,c64,ijkl-minj-nlmk,0.304653963,0.30522117,0.0018618073909641986,0.304724576,0.305339172,0.002016890163791585,0.307386361,0.307953578,0.0018452900712793152,0.316645652,0.315732469,0.002883927172952272,1.0089605402827477,1.0368970645581457,3.9544425324138377
16,4,c64,ijkl-mink-jnlm,0.300380553,0.301084823,0.002344592527599554,0.30030429,0.300902441,0.001991816367325372,0.304749976,0.30499152,0.0007925972732480968,0.314392825,0.314909788,0.001644321876620447,1.013760542974785,1.0462827241246153,3.971260430946046
16,4,c64,ijkl-minl-njmk,0.301275381,0.301911873,0.0021126585182211777,0.301306058,0.301939404,0.002102002210655929,0.305042657,0.304957868,0.00027795784640038956,0.316720316,0.317256604,0.0016932541832901382,1.0112960024824393,1.0510451637192966,3.9485421455938003
16,8,c64,abc-bk-akc,0.007359052,0.007424417,0.008882258203910087,0.007355736,0.007908193,0.07510560466009131,0.007457778,0.007528031,0.009420098050652692,0.01067379,0.010512481,0.015112626349216174,1.0136856789821447,1.4330779865500456,7.550515518062827
16,8,c64,abcijk-eiab-jkec,0.009029411,0.009003795,0.0028369513803280233,0.009006067,0.009004486,0.0001755483275883707,0.009000216,0.00902814,0.003102592204453858,0.014241702,0.014557016,0.02214019082831542,0.9997308611178222,1.596888586107543,5.751501962919493
16,8,c64,abcijk-eiac-jkeb,0.008102785,0.008535167,0.053362146471861216,0.007986057,0.008033507,0.0059416054756433745,0.008346371,0.00823258,0.0136335899758111,0.016645764,0.017010021,0.021882864613483655,0.9967670044853316,2.023397095157477,6.134975405356458
16,8,c64,abcijk-eibc-jkea,0.010158224,0.010119625,0.0037997783864581747,0.010254285,0.010184897,0.0067667321514859324,0.010308165,0.010355056,0.00454891826042747,0.009735653,0.009733261,0.0002456948701848871,1.0190038021286347,0.9601091873372969,5.166112122045399
16,8,c64,abcijk-ejab-ikec,0.009014773,0.00897957,0.0039050345471817183,0.009004905,0.00889983,0.011668640590878132,0.008894538,0.00896927,0.008402010312396069,0.011626554,0.011641916,0.0013212857395235034,0.99273898834321,1.29310136281442,5.76719738168775
16,8,c64,abcijk-ejac-ikeb,0.008433364,0.00831261,0.01431860405883112,0.008851968,0.008828026,0.002704709280467399,0.008568918,0.008689286,0.01404704771360854,0.011203963,0.011175232,0.002564360485660333,1.0305899756783443,1.3364262007199492,6.0616046525894705
16,8,c64,abcijk-ejbc-ikea,0.010445964,0.010528862,0.007935887965916821,0.010511557,0.010453139,0.005557502090318245,0.010753279,0.010735769,0.0016283405275729912,0.009815163,0.009801469,0.0013951882408881344,1.0245238125695189,0.9352535478263456,5.007767787706113
16,8,c64,abcijk-ekab-ijec,0.009021976,0.009004506,0.0019363828943901318,0.00898085,0.009017882,0.004123440431584857,0.008898315,0.009184333,0.03214293942167701,0.010412972,0.010384411,0.002742828848478651,1.0029907298716634,1.1537122526286698,5.751890171009187
16,8,c64,abcijk-ekac-ijeb,0.008981391,0.008471868,0.05673096739692096,0.008714361,0.008281883,0.04962819419576492,0.008934903,0.008638641,0.03315783058864752,0.013594029,0.013421841,0.012666443480442768,1.0071780262145809,1.5485268816207314,5.817602573241515
16,8,c64,abcijk-ekbc-ijea,0.010133818,0.010176803,0.004241737911614418,0.01018243,0.010198403,0.001568682524701881,0.010517367,0.010317996,0.018956360465504418,0.009821023,0.009844119,0.0023516898392357266,1.0257911739627346,0.9682211330779812,5.163813933305202
16,8,c64,abcijk-ijma-mkbc,0.010286545,0.01021845,0.006619812580414441,0.010232123,0.010183645,0.004737824203246865,0.010523308,0.010413786,0.010407563857296687,0.009903197,0.009883743,0.0019644161375361735,1.0210645256639614,0.9649863141302909,5.102744511395519
16,8,c64,abcijk-ijmb-mkac,0.0089389,0.008828767,0.012320643479622806,0.008399931,0.008970031,0.06786960511937545,0.008195829,0.008461108,0.032367561597490546,0.013389897,0.01348592,0.007171302363266907,0.9373849929289905,1.5126443881458125,5.712295805591135
16,8,c64,abcijk-ijmc-mkab,0.00894394,0.009095967,0.01699776608519299,0.008935825,0.00904373,0.012075549823323595,0.008905077,0.008927011,0.002463089314106881,0.010424493,0.010365526,0.00565658205152042,0.9885143947566956,1.1524823078112127,5.740450137380566
16,8,c64,abcijk-ikma-mjbc,0.010455351,0.010541795,0.008267919460571038,0.010319587,0.010573645,0.02461900849326626,0.010613677,0.010495328,0.01115061255397165,0.00978717,0.009809644,0.0022962715473420214,1.0053200621436726,0.9333157558812921,5.00146201981248
16,8,c64,abcijk-ikmb-mjac,0.008704131,0.008572887,0.015078357621226113,0.008800422,0.008786237,0.0016118545224308445,0.008306657,0.00833884,0.0038743624541135446,0.011060625,0.010935924,0.011274317680962875,0.9634733367133033,1.2731844239065226,5.866774982164752
16,8,c64,abcijk-ikmc-mjab,0.008943109,0.00904373,0.011251232652984555,0.008958137,0.009008564,0.0056291838358801805,0.008940965,0.008907494,0.00374355564527995,0.011730328,0.01166556,0.005521414234964217,0.9923203794265081,1.3007379694512657,5.76067322885246
16,8,c64,abcijk-jkma-mibc,0.010107479,0.010310532,0.02008938133831384,0.01026777,0.010154661,0.011015926535167808,0.010411158,0.010490189,0.007590990358613325,0.009809612,0.009734354,0.007671863066551432,1.023715347016032,0.9572326905577078,5.118097290514645
16,8,c64,abcijk-jkmb-miac,0.008480342,0.007980659,0.0589225057196987,0.008174529,0.007962044,0.025993546539500922,0.008132651,0.008135639,0.0003674078722917251,0.016989909,0.017077077,0.0051305748606422785,0.9887485093855986,2.070504762952001,6.200570784086915
16,8,c64,abcijk-jkmc-miab,0.008924524,0.009060542,0.015240924894145635,0.008939732,0.009059419,0.013388208953020175,0.008925526,0.009110315,0.0207034296914268,0.014454961,0.014759816,0.021089991180190726,1.0027992180096805,1.6243488826996437,5.762058396214592
16,8,c64,abcs-rc-abrs,0.004584656,0.004913093,0.07163830830491968,0.004608351,0.004714701,0.023077669213998675,0.004839012,0.004868479,0.006089466196818716,0.009339321,0.009079857,0.027781891210292398,1.0226902843829169,1.9402883936610051,6.293936196525885
16,8,c64,abj-bka-kj,0.010778927,0.010827731,0.004527723399555317,0.010981225,0.010908072,0.006661642940564594,0.011187172,0.0110032,0.016444906719946806,0.01572526,0.015713903,0.0007222138139528766,1.0269827925709578,1.455071911141061,6.85273066280967
16,8,c64,abjc-cbka-kj,0.01167731,0.011467089,0.01800251941585862,0.011675946,0.012318173,0.05500427973887523,0.011985226,0.012034963,0.004149859168279368,0.013215119,0.012622282,0.044860511660924196,1.0378808459473283,1.116108670649717,6.437830730372021
16,8,c64,abjc-kbac-jk,0.006860558,0.006815065,0.00663109327258804,0.0068348,0.006794848,0.005845379528296446,0.007179887,0.007176893,0.00041699820623919415,0.010679681,0.010729187,0.004635531716724373,1.0498139006398528,1.5654810912836334,5.253553682113522
16,8,c64,abjcd-dkbac-jk,0.009016266,0.008761511,0.028255044826761,0.008893546,0.009014305,0.01357827350305496,0.0092373,0.009222354,0.001618005261277644,0.010770631,0.010751168,0.001807043617035875,1.0384618711033595,1.2107250680629176,4.776324288423521
16,8,c64,abrs-qb-aqrs,0.004077577,0.004172796,0.02335185822364627,0.004025128,0.004161695,0.033928610469033504,0.004129102,0.004203474,0.018011664521728754,0.008697318,0.008464265,0.026795961697617665,1.0099905869888965,2.0800445586212035,7.126632779550825
16,8,c64,adbjc-cbdka-kj,0.013173602,0.013920584,0.05670294274868781,0.013523187,0.013621745,0.007288074919026055,0.013785849,0.014114367,0.0238300883754059,0.014250268,0.014449104,0.01395314109180279,1.0300693495468065,1.059622027008141,5.606118785962912
16,8,c64,ajb-kba-jk,0.008368322,0.008616359,0.02963999234255099,0.008312989,0.008304726,0.0009939866394625962,0.008494789,0.008426163,0.00807859971566105,0.011413635,0.011380737,0.002882342040901098,0.9963459088849782,1.3421964921858531,7.384855497840678
16,8,c64,ajbc-ckba-jk,0.040123895,0.040106553,0.000432211279587813,0.040496803,0.040536478,0.0009797069660042457,0.04247109,0.042182151,0.006803192477518261,0.010227153,0.009800387,0.041728719615321985,1.055119994741654,0.249568505241098,1.3754635455842814
16,8,c64,ajbdc-ckbad-jk,0.027615609,0.027524806,0.003288104202228581,0.02900978,0.027607692,0.04833156266610772,0.035303658,0.032097051,0.09082931292842233,0.00965405,0.00960469,0.005112880086595828,1.2209643231116911,0.34926655626917263,1.5928463125270318
16,8,c64,aqrs-pa-pqrs,0.004376426,0.004390153,0.003136577654917483,0.004414829,0.004369184,0.010339018793253496,0.004528451,0.004510328,0.004002030716463545,0.005671762,0.005910311,0.042059063832368127,1.0310489316544074,1.3208835863861699,6.978973905968048
16,8,c64,ij-ik-kj,0.071384707,0.071240819,0.0020156698268721795,0.071350223,0.071503502,0.0021482623817445923,0.073919364,0.073145046,0.010475171296116637,0.069057198,0.068953826,0.0014969040591540361,1.0311088799743984,0.9676462509180045,7.247986104164407
16,8,c64,ij-ikl-ljk,0.016006657,0.016134291,0.007973807397759547,0.016049988,0.016158096,0.006735705970621231,0.016746753,0.016836977,0.0053875518436319325,0.013779616,0.01410505,0.02361705870468378,1.0448936852946797,0.8675222262114293,4.030549699001355
16,8,c64,ij-kil-lkj,0.018511248,0.018569182,0.0031296647314107418,0.018561692,0.018767273,0.011075552810595024,0.01946329,0.019226262,0.012178208309078231,0.017686322,0.017679094,0.00040867739488181787,1.0433771439238138,0.9537499545152017,4.099208466583864
16,8,c64,ijk-ikl-lj,0.00789717,0.00806668,0.021464651261147827,0.007800138,0.007876253,0.009758160688951856,0.008032553,0.008032626,9.088019711667172e-06,0.01196632,0.011767802,0.016589728504669776,1.0064041411334494,1.4867735435231377,7.336139620504594
16,8,c64,ijk-il-jlk,0.013510743,0.013444012,0.004939106605758137,0.013522544,0.013450655,0.005316233395136205,0.013636348,0.013514814,0.008912503553003992,0.008315353,0.008289056,0.003162463457654696,1.0072795392413596,0.6160115000123154,4.399272421182292
16,8,c64,ijk-ilk-jl,0.007330439,0.007379192,0.00665076129819786,0.007549048,0.007365646,0.024294719016225597,0.007452497,0.007479429,0.0036138223202237807,0.010656407,0.01050126,0.014559034766596257,1.0151161321430437,1.4383239361960984,7.608941357665378
16,8,c64,ijk-ilk-lj,0.007522959,0.00762887,0.014078369960543569,0.007593991,0.007631886,0.004990129695966239,0.00769436,0.007760957,0.008655300765755713,0.011012424,0.010797204,0.01954338118474197,1.0200452432826193,1.439370710090675,7.624040469817078
16,8,c64,ijk-ilmk-mjl,0.004603973,0.004839695,0.051199692092025684,0.004345508,0.00431923,0.00604716410601458,0.00457087,0.004511661,0.012953551512075445,0.006335876,0.005847853,0.0770253395110636,0.9620381273241627,1.2895143442694692,6.016041075068675
16,8,c64,ijkl-imjn-lnkm,0.136920902,0.136211024,0.005184584600530839,0.136937774,0.136465751,0.00344698899516227,0.140471843,0.139196816,0.009076744298143868,0.134193865,0.13429745,0.0007719056307082806,1.0239253286356071,0.9830128823762432,7.2429162922690145
16,8,c64,ijkl-imjn-nlmk,0.134306597,0.134345861,0.00029234602675565213,0.134505239,0.134201601,0.0022574436673057363,0.137117301,0.136954808,0.0011850656249424718,0.1347886,0.133773068,0.007534257348173479,1.0201732967482018,0.9996549177616332,7.34568644765275
16,8,c64,ijkl-imkn-jnlm,0.130240392,0.130300603,0.0004623066552194022,0.13040996,0.130359834,0.00038437248197897844,0.13289306,0.133036578,0.001079951052372241,0.136442617,0.136136054,0.002246827323753142,1.0206823934716254,1.0462019840162566,7.546891959362975
16,8,c64,ijkl-imkn-njml,0.13155264,0.13184128,0.002194102680113552,0.131623743,0.132055029,0.0032766580722445315,0.135078463,0.135188038,0.0008111951940110718,0.135417108,0.13459119,0.006099066891902649,1.0260929374034198,1.0251079331539983,7.460176339999094
16,8,c64,ijkl-imln-jnkm,0.129690523,0.129726558,0.0002778537642260659,0.129692046,0.129620861,0.0005488771454804642,0.132442597,0.132534869,0.0006966942818253941,0.136618007,0.135979601,0.004672927193265286,1.0214340993631958,1.05080537497867,7.561349535991762
16,8,c64,ijkl-imln-njmk,0.131403532,0.131508606,0.0007996284300790801,0.131224486,0.131621077,0.0030222332133957863,0.134851219,0.134618461,0.0017260355651660397,0.135069878,0.133609823,0.010809626999145006,1.024941651786413,1.021922218454998,7.4452783562282105
16,8,c64,ijkl-imnj-nlkm,0.133801704,0.134032374,0.0017239690759096593,0.133914995,0.133851014,0.00047777323219122536,0.136316303,0.136949498,0.004645042346842487,0.133795802,0.133568314,0.0017002626136206622,1.0202778182096295,0.998245332983584,7.377888284818647
16,8,c64,ijkl-imnk-njml,0.131366964,0.131644972,0.0021162702671577716,0.131365532,0.131438836,0.0005580154769972978,0.135192929,0.135790708,0.0044216735625279835,0.134113728,0.134391527,0.0020713688609119707,1.0303073433276355,1.020886220506498,7.467703350274114
16,8,c64,ijkl-minj-nlmk,0.160199391,0.160519857,0.0020004195896099475,0.160254265,0.160679867,0.002655792031494464,0.161835316,0.162221254,0.002384757601363141,0.162101695,0.162829844,0.004491927120194639,1.010405530616339,1.013131850890131,7.519711839433088
16,8,c64,ijkl-mink-jnlm,0.155518766,0.155853217,0.0021505507573278404,0.155603294,0.155814313,0.0013561345301598138,0.158925857,0.159089007,0.0010265793312664862,0.162732226,0.162319558,0.002535871413692825,1.0213346831605947,1.0439337105075215,7.671131377099773
16,8,c64,ijkl-minl-njmk,0.157160552,0.157378433,0.0013863593454419565,0.157727434,0.15729124,0.0027654922732084364,0.160043792,0.16053179,0.003049152946838607,0.162965183,0.161582177,0.00848651211590401,1.0191909517421787,1.031810066793886,7.572064682296211
16,12,c64,abc-bk-akc,0.006897539,0.006929036,0.004566411295390926,0.006944797,0.006977741,0.004743695172083617,0.012749238,0.01338983,0.05024551271221078,0.009225458,0.009195467,0.003250895511095475,1.8899318960670417,1.3322857165939623,8.073005109372161
16,12,c64,abcijk-eiab-jkec,0.008385736,0.008385649,1.0374760187947807e-05,0.008247838,0.008503773,0.031030556128769593,0.008485362,0.008440744,0.005258231764301846,0.011534011,0.011362466,0.014872970036182598,1.009221790124517,1.3651725463644717,6.184218838652608
16,12,c64,abcijk-eiac-jkeb,0.008179759,0.008249895,0.008574335747544737,0.008518825,0.008208303,0.03645127115535307,0.008243338,0.008132732,0.013417622812506247,0.015181412,0.015252269,0.004667352417548454,0.9967249269799714,1.8523747253976746,6.210713997986997
16,12,c64,abcijk-eibc-jkea,0.010362648,0.010039196,0.031213257460834365,0.009989039,0.010005868,0.00168474665080387,0.010075209,0.010139613,0.00639232397064915,0.008717246,0.008706799,0.0011984289533644166,0.9909526011526666,0.8541498531845786,5.135350494589898
16,12,c64,abcijk-ejab-ikec,0.00834009,0.008422145,0.009838622844597689,0.008371328,0.008679913,0.03686213226861956,0.008372681,0.008312876,0.0071428733520362275,0.010085659,0.010227114,0.014025360167342571,0.9954310833031877,1.2118028316325151,6.191177529843528
16,12,c64,abcijk-ejac-ikeb,0.008501923,0.010534349,0.23905485853024078,0.009363897,0.008512264,0.09094856553847175,0.008274066,0.008237528,0.004415966708508301,0.010758008,0.010682125,0.007053629259245686,0.872359525283998,1.1327454449953425,5.362833310468717
16,12,c64,abcijk-ejbc-ikea,0.010395269,0.010007228,0.037328615546168176,0.009708903,0.009982324,0.028161883994515247,0.010228096,0.010068413,0.015612192142115289,0.00885794,0.008738658,0.013466110630688366,0.9949543274731069,0.8626089804645054,5.149136419210559
16,12,c64,abcijk-ekab-ijec,0.008917902,0.008355857,0.06302435258875916,0.008236907,0.008542279,0.037073624844859765,0.008336854,0.008381862,0.005398679166026099,0.009949935,0.010057877,0.010848513080738753,0.9683770845875367,1.158874574675021,6.005712210020045
16,12,c64,abcijk-ekac-ijeb,0.008545254,0.008408408,0.01601426944125961,0.009238633,0.008475165,0.08263863279340133,0.008288985,0.008230942,0.007002425508068955,0.01332217,0.01314926,0.012979116765511889,0.9744421718460541,1.5614165040084804,5.986680274867448
16,12,c64,abcijk-ekbc-ijea,0.009825272,0.009841624,0.00166427962503235,0.009725956,0.009730813,0.0004993853560513184,0.009972968,0.010025826,0.0053001273041284325,0.008779974,0.008804949,0.002844541453083993,1.016872772352127,0.8941376078301995,5.332822682486296
16,12,c64,abcijk-ijma-mkbc,0.011275798,0.009951435,0.11745182026141299,0.010101548,0.010244142,0.01411605429187679,0.010025767,0.009940566,0.008498202681151534,0.008784002,0.008770281,0.0015620442709372018,0.9424273069287019,0.8285838578844117,4.938722251968414
16,12,c64,abcijk-ijmb-mkac,0.00848439,0.008593998,0.012918783789995558,0.009097238,0.008523856,0.06302814106875088,0.008367301,0.008450389,0.009930083786874766,0.013497359,0.013636477,0.010307053402076605,0.9847434732181096,1.5887938716091485,5.942850705470063
16,12,c64,abcijk-ijmc-mkab,0.009270362,0.00845718,0.08771847312974412,0.00919956,0.008578541,0.06750529373143932,0.008460966,0.008353173,0.01274003464852591,0.009993006,0.010033452,0.004047430773082672,0.9494554226879985,1.1308685571962553,5.847546604983459
16,12,c64,abcijk-ikma-mjbc,0.010050773,0.011483874,0.1425861473540393,0.009743058,0.010320639,0.05928128519813791,0.010113001,0.010014029,0.009786610324670098,0.008793169,0.008793547,4.298791482337805e-05,0.9366999689971371,0.8184851664765492,4.887419592229476
16,12,c64,abcijk-ikmb-mjac,0.008576242,0.010546333,0.22971494974139017,0.008540265,0.00866814,0.014973188771074453,0.008188766,0.008187217,0.00018916159040327507,0.010739794,0.010815519,0.007050880119301883,0.8609503909419657,1.1332413278189903,5.328763386962828
16,12,c64,abcijk-ikmc-mjab,0.008468771,0.008874199,0.04787329826252229,0.009160396,0.008583125,0.06301812716393473,0.008392979,0.008473765,0.009625426204450171,0.010142435,0.010318971,0.017405682166067526,0.972795380640043,1.180088385709598,5.976081621006295
16,12,c64,abcijk-jkma-mibc,0.010329876,0.009866758,0.04483287117870538,0.010184945,0.012720664,0.24896737292150317,0.009965314,0.009916156,0.00493291029264098,0.008760397,0.0087638,0.00038845271509968526,0.9846511140820545,0.8679072784568294,5.1753020972621595
16,12,c64,abcijk-jkmb-miac,0.008307649,0.008939514,0.0760582205627609,0.008200538,0.00851001,0.03773801182312675,0.008319381,0.00813956,0.021614709075110317,0.014719527,0.015016503,0.02017564830717733,0.9548825291187009,1.7251835437382663,5.91918217428202
16,12,c64,abcijk-jkmc-miab,0.009085816,0.008491179,0.06544673587930905,0.008615937,0.009327177,0.0825493501171144,0.008449836,0.008535566,0.010145759041950475,0.011472657,0.011318457,0.013440652849640689,0.96688391525242,1.2973574514434447,5.899039556007691
16,12,c64,abcs-rc-abrs,0.004254368,0.004330932,0.017996562591670484,0.004250601,0.004236225,0.003382109965155533,0.007001443,0.004637457,0.3376426830869008,0.007953626,0.008107727,0.01937493666410761,1.327472452571641,1.8707852281716788,6.958970521336748
16,12,c64,abj-bka-kj,0.009854196,0.009861682,0.0007596763855721722,0.009629695,0.009814784,0.019220650290585395,0.014482183,0.01664611,0.14941994587418206,0.013710428,0.013686476,0.0017469914141265974,1.5750244517331886,1.3895853638746898,7.509898405810707
16,12,c64,abjc-cbka-kj,0.011029016,0.011993195,0.08742203293566697,0.010816107,0.013805258,0.2763610788983504,0.015661061,0.015788563,0.00814133857214383,0.012202794,0.012118138,0.006937427608791791,1.3672441123107733,1.0573329244273577,6.477414947919444
16,12,c64,abjc-kbac-jk,0.004511559,0.006647511,0.47343989073400117,0.004599354,0.004720502,0.026340220822315352,0.008552318,0.007338907,0.14188094970275889,0.008821802,0.009502549,0.07716643379663246,1.4466542911629598,1.6718829119945484,6.559565042003013
16,12,c64,abjcd-dkbac-jk,0.008816492,0.008751552,0.007365741385576219,0.007686796,0.007965781,0.036294055416587145,0.011011934,0.010411361,0.05453837627432201,0.008753023,0.010028274,0.14569263670391353,1.2189758591700626,1.066600254341518,4.832882328847532
16,12,c64,abrs-qb-aqrs,0.003123139,0.003099546,0.007554258712148321,0.00354524,0.004330822,0.22158781916033887,0.005553641,0.005416035,0.02477761886301255,0.006512537,0.006366656,0.0224000262877585,1.762726496033086,2.06959846922851,9.448314554302673
16,12,c64,adbjc-cbdka-kj,0.011782116,0.012362787,0.049284101429658334,0.012374064,0.011753144,0.050179148903707005,0.01640781,0.015825021,0.035518999793390904,0.011874689,0.011901936,0.0022945443034338986,1.3351424866120845,0.9850314274475779,6.290330321505685
16,12,c64,ajb-kba-jk,0.00788077,0.007939441,0.007444830898503563,0.007898363,0.007912771,0.001824175465219957,0.013950427,0.014994486,0.07484064824682424,0.010639296,0.010557926,0.007648062428190605,1.828438059545774,1.3398817242703924,7.927637742810767
16,12,c64,ajbc-ckba-jk,0.007851655,0.013726942,0.7482864440681614,0.00768874,0.011904909,0.5483562976508505,0.01192293,0.00783718,0.3426800291539077,0.008438955,0.023037151,1.7298582585166056,0.9311162460425362,1.343047016400591,5.3148473131003975
16,12,c64,ajbdc-ckbad-jk,0.008284085,0.008619702,0.04051346648422838,0.008358925,0.008816226,0.05470811138992149,0.012086767,0.011568709,0.042861585732561935,0.00809457,0.008058043,0.004512531240078221,1.3993589330332454,0.95574774675062,5.196906715293028
16,12,c64,aqrs-pa-pqrs,0.003532636,0.003594313,0.017459200438426192,0.003564806,0.003539079,0.007216942520855141,0.005258137,0.004444064,0.15482156512848566,0.003993439,0.004000192,0.0016910237016265484,1.3565903050331645,1.1216479164282493,8.58487162437285
16,12,c64,ij-ik-kj,0.079692841,0.048899684,0.38639803291741104,0.096300765,0.058456905,0.3929756944298417,0.082775184,0.07272499,0.12141554405967858,0.048839408,0.048869357,0.0006132138211012439,1.2428800913560691,0.7826017720021483,8.279835594008867
16,12,c64,ij-ikl-ljk,0.012750419,0.010056947,0.21124576376666526,0.012197083,0.01336817,0.09601369442185481,0.011283642,0.008614195,0.2365767187580039,0.010027229,0.010456757,0.042836161416080154,0.8706361379072434,0.9042607190179903,5.7199763584724055
16,12,c64,ij-kil-lkj,0.008853871,0.016014336,0.8087383473285303,0.009124249,0.015426004,0.6906601299460373,0.013917395,0.015963522,0.1470193955118757,0.011947977,0.011955874,0.0006609487112336776,1.2517634632141375,1.0037297359581578,6.382534601561222
16,12,c64,ijk-ikl-lj,0.005837032,0.006599301,0.13059188299807167,0.005510069,0.005871888,0.06566505791488253,0.010322953,0.01082158,0.04830274825430303,0.009035232,0.008768825,0.02948535245138162,1.7029516056850629,1.4341525515873095,9.434214372745105
16,12,c64,ijk-il-jlk,0.005428236,0.008409682,0.5492476745668389,0.005470225,0.006341639,0.15930130844709312,0.007522208,0.007179668,0.04553716142919739,0.005842012,0.005714433,0.0218381954710124,1.0876914200699717,0.855162498546401,8.775376749271757
16,12,c64,ijk-ilk-jl,0.005477167,0.005037255,0.08031743417719417,0.005031332,0.005129768,0.019564600388127795,0.009026364,0.008567458,0.050840626413913736,0.007657141,0.00739395,0.03437196729170855,1.6742004480305521,1.432506552403669,10.654146752148156
16,12,c64,ijk-ilk-lj,0.005162278,0.005734682,0.11088205633249504,0.005174701,0.00560034,0.08225383456937885,0.010151151,0.009849109,0.029754458386049065,0.00772677,0.00786957,0.018481202365283167,1.8377259649427482,1.433174688434003,10.615349149731873
16,12,c64,ijk-ilmk-mjl,0.003578041,0.004156024,0.16153615903227503,0.003494004,0.00379561,0.08632102310129008,0.006378195,0.005927442,0.07067093433173488,0.00399374,0.003935371,0.014615122666973845,1.594486597566771,1.0280661378551765,7.364181666350395
16,12,c64,ijkl-imjn-lnkm,0.107394222,0.11122766,0.035695011599413684,0.103925124,0.1279916,0.23157514827694614,0.129035683,0.143961703,0.11567358464712418,0.095565158,0.093725366,0.019251702592277375,1.2470433242117347,0.8659274462762866,9.050188236481187
16,12,c64,ijkl-imjn-nlmk,0.097192816,0.118910781,0.2234523691545267,0.105152945,0.123439804,0.1739072452987409,0.133549056,0.136839052,0.024635112359012057,0.09277913,0.094094037,0.014172443738155405,1.2574703143151824,0.8691175114431019,9.178368840027005
16,12,c64,ijkl-imkn-jnlm,0.102627354,0.098504858,0.040169563370015426,0.125277915,0.100926124,0.19438215426877103,0.13818063,0.111288614,0.19461494711668348,0.094098562,0.09438401,0.0030335001293644304,1.2333563112665982,0.9373036650285158,9.778084866101509
16,12,c64,ijkl-imkn-njml,0.106585818,0.094783969,0.1107262600358333,0.117045177,0.104328628,0.10864650151283028,0.130221124,0.127364085,0.021939904312298864,0.093831802,0.093819142,0.00013492227294120696,1.2812888688828643,0.9334769538884377,9.774789779904893
16,12,c64,ijkl-imln-jnkm,0.097818478,0.103257441,0.0556026132404146,0.098928257,0.108913054,0.10092967674544173,0.127727554,0.130291398,0.020072755797077235,0.094051143,0.094371306,0.003404137257534412,1.2835980250685626,0.937412827474413,9.758807548078035
16,12,c64,ijkl-imln-njmk,0.183466284,0.144614677,0.2117642879821996,0.182309187,0.132720498,0.2720032370063721,0.137953205,0.139245179,0.009365306155808328,0.093530599,0.092880343,0.006952334390588066,0.8508865581269541,0.5722086844545835,6.008654429916546
16,12,c64,ijkl-imnj-nlkm,0.092776386,0.114801624,0.23740133615465475,0.09347816,0.120131428,0.2851282909291324,0.097004414,0.136962373,0.41191897721272763,0.094304748,0.092450729,0.019659869087397364,1.116872615975991,0.904751283935949,9.573594106183625
16,12,c64,ijkl-imnk-njml,0.097149727,0.100207969,0.031479676726214434,0.105765914,0.102503158,0.030848842283913935,0.134015892,0.136089889,0.015475754173990053,0.092862317,0.093906756,0.011247177905328254,1.3687343241690844,0.9464469032346701,9.953145551175096
16,12,c64,ijkl-minj-nlmk,0.137621294,0.115777321,0.15872524058667836,0.185973211,0.148566038,0.20114280330407364,0.176077347,0.175558548,0.0029464267200708383,0.114357254,0.113765955,0.005170629578076458,1.392862245030992,0.9036150404009627,9.55303665969915
16,12,c64,ijkl-mink-jnlm,0.115729375,0.227431722,0.9652030610205924,0.153334734,0.160228914,0.04496163276351983,0.169649199,0.16694815,0.015921377854545615,0.112833091,0.112442656,0.0034602880816231307,1.03733585301464,0.6942828968422458,7.361416381127617
16,12,c64,ijkl-minl-njmk,0.116463199,0.125867172,0.08074630510535785,0.115922246,0.13154193,0.13474276542226415,0.134974769,0.128504731,0.047935166312453426,0.113754126,0.11375255,1.385444251933432e-05,1.0877654489332156,0.9395362794948277,9.835764040585063
