size_mib,threads,dtype,case,plan_A_s,plan_A2_s,plan_AA_spread,packed_A_s,packed_A2_s,packed_AA_spread,upstream_A_s,upstream_A2_s,upstream_AA_spread,tblis_A_s,tblis_A2_s,tblis_AA_spread,upstream_over_plan,tblis_over_plan,plan_scaling
1,1,f64,abc-bk-akc,0.000679481,0.000676746,0.004025130945530475,0.000675243,0.000676756,0.0022406748385397357,0.000636,0.000635469,0.0008349056603772498,0.00091456,0.000925677,0.012155572078376364,0.937506386847695,1.3568577843262857,1.0
1,1,f64,abcijk-eiab-jkec,0.003380934,0.003387576,0.0019645458917565417,0.003387706,0.003380723,0.002061276864049,0.002848577,0.002879012,0.010684282011685031,0.003885177,0.003848129,0.009535730289765398,0.8461996650782488,1.1425292981561368,1.0
1,1,f64,abcijk-eiac-jkeb,0.003366316,0.003372306,0.0017793932595751016,0.003327964,0.003349464,0.006460406422665654,0.002814234,0.002811917,0.0008233146213143527,0.005273894,0.005293862,0.0037861966888221854,0.8349114619667183,1.5682347681873434,1.0
1,1,f64,abcijk-eibc-jkea,0.003414115,0.00343838,0.007107259128646737,0.003471873,0.003450793,0.006071650662336947,0.002935691,0.002958469,0.007758990983724123,0.003596256,0.003584921,0.003151889075749814,0.8601469888758347,1.0479705679481037,1.0
1,1,f64,abcijk-ejab-ikec,0.003387485,0.003362709,0.007313980726113889,0.003353923,0.003370303,0.004883833051623432,0.002847325,0.002857241,0.0034825669707532203,0.003955789,0.003852798,0.02603551402766935,0.8451010160314026,1.1567016247615953,1.0
1,1,f64,abcijk-ejac-ikeb,0.003343183,0.00335779,0.004369189481999491,0.003344425,0.003349665,0.0015667865178619067,0.002819332,0.002806587,0.0045205743771927764,0.004224381,0.004231672,0.0017259333379255892,0.8395673180508756,1.2619167316477904,1.0
1,1,f64,abcijk-ejbc-ikea,0.003487393,0.003445943,0.011885669323761339,0.003433552,0.003446585,0.003795777666975697,0.002980545,0.002977163,0.001134691809719257,0.004141446,0.004045415,0.023187794794378602,0.8592996949246756,1.1807366699679587,1.0
1,1,f64,abcijk-ekab-ijec,0.003377406,0.003374931,0.0007328109205704258,0.003387566,0.003355836,0.009366607174590813,0.002904412,0.002867591,0.012677609099535414,0.003451856,0.003469117,0.005000498282663024,0.8547982634032347,1.024971345521252,1.0
1,1,f64,abcijk-ekac-ijeb,0.00336828,0.003354774,0.0040097616587694285,0.003353472,0.003356607,0.000934851998167785,0.002789517,0.002834068,0.01597086520713087,0.004441557,0.004389173,0.01179406230742952,0.8364383023228943,1.313479327438249,1.0
1,1,f64,abcijk-ekbc-ijea,0.003419265,0.003443359,0.007046543628528301,0.003430336,0.003456804,0.00771586223623566,0.002955337,0.002974358,0.006436152628278791,0.004124724,0.004013005,0.02708520618591681,0.8640573982669256,1.1856998497588778,1.0
1,1,f64,abcijk-ijma-mkbc,0.003447348,0.003439601,0.0022472346859092607,0.00345342,0.003434132,0.005585188016516973,0.002973882,0.002971934,0.0006550360774234543,0.004081564,0.004003157,0.019210038112841055,0.8633459377568902,1.1738646392825938,1.0
1,1,f64,abcijk-ijmb-mkac,0.003342541,0.003338624,0.0011718629629374755,0.00333089,0.003353311,0.006731233994518027,0.002791,0.002787872,0.0011207452525977546,0.004324538,0.004391427,0.015467316971200074,0.8350148637050944,1.3045194708859293,1.0
1,1,f64,abcijk-ijmc-mkab,0.00339496,0.0033739,0.006203313146546541,0.003380242,0.003372897,0.002172921347051382,0.002876209,0.00288339,0.0024966892183426737,0.003477714,0.003472873,0.0013920063581995823,0.8508999153043699,1.0268522256372232,1.0
1,1,f64,abcijk-ikma-mjbc,0.003450193,0.003495305,0.013075210575176577,0.003448801,0.00346556,0.0048593699665477885,0.002959284,0.002976792,0.005916295968889651,0.004008266,0.004098554,0.02252545115518778,0.8546795919265036,1.1671572287737335,1.0
1,1,f64,abcijk-ikmb-mjac,0.003340157,0.00338455,0.013290692623131317,0.003330118,0.003337342,0.002169292499545117,0.002832668,0.002799354,0.011760644028880218,0.003898502,0.004221652,0.08289081293276257,0.8375154773967057,1.2065801838174688,1.0
1,1,f64,abcijk-ikmc-mjab,0.003411661,0.003374841,0.010792397017171385,0.003376816,0.003384269,0.0022071087083217478,0.002873434,0.002874924,0.0005185433178560572,0.004045346,0.003978361,0.016558534177299133,0.8470405538036405,1.1822799842050395,1.0
1,1,f64,abcijk-jkma-mibc,0.003427881,0.003442678,0.004316660934262195,0.003436798,0.00343868,0.000547602739526809,0.00300977,0.002976262,0.011133076613827675,0.003573133,0.003576976,0.0010755267156301596,0.8712467352231008,1.0406903644434595,1.0
1,1,f64,abcijk-jkmb-miac,0.003342522,0.003355295,0.0038213660224224455,0.003318767,0.00333632,0.005289012455529374,0.002785069,0.002829219,0.015852390012599304,0.00532573,0.005320942,0.00089903168204164,0.8382021502285953,1.5895761683736116,1.0
1,1,f64,abcijk-jkmc-miab,0.003368851,0.003382256,0.003979101480000136,0.003370043,0.00337388,0.0011385611400209772,0.002883764,0.002876798,0.0024155929542085675,0.003800417,0.003841096,0.010703825396002564,0.8532777134182462,1.1318765629199865,1.0
1,1,f64,abcs-rc-abrs,0.000349072,0.000349268,0.000561488747307104,0.000348302,0.000349037,0.002110237667311665,0.000313857,0.000410762,0.308755261153965,0.000693356,0.000695531,0.0031369166777239776,1.02831017637849,1.9888383189779901,1.0
1,1,f64,abj-bka-kj,0.001156182,0.001151236,0.004277873206813498,0.001154689,0.001150244,0.003849521386278032,0.001163727,0.001161725,0.0017203347520510226,0.001676035,0.001695055,0.011348211702022937,1.0078176041819473,1.4609594307266036,1.0
1,1,f64,abjc-cbka-kj,0.00058294,0.000585566,0.00450475177548304,0.00058821,0.000580948,0.012345930875027777,0.000671757,0.00064655,0.03752398560789105,0.000850371,0.000855116,0.005579917471315365,1.127995336079447,1.4595429599325838,1.0
1,1,f64,abjc-kbac-jk,0.000391272,0.000376679,0.03729630538346729,0.000375652,0.000374495,0.0030799782777676254,0.000345546,0.000345922,0.0010881329837417741,0.00068948,0.000690852,0.0019899054359808765,0.9005688834108105,1.7977456913356407,1.0
1,1,f64,abjcd-dkbac-jk,0.003675154,0.003622802,0.01424484525002212,0.003575377,0.003578078,0.000755444810435435,0.003461605,0.003472042,0.0030150753768842797,0.005773899,0.005780414,0.0011283536480288792,0.9501040499323731,1.583266391743566,1.0
1,1,f64,abrs-qb-aqrs,0.000344084,0.000344549,0.0013514141895583087,0.000344084,0.000342896,0.0034526452842910116,0.000309839,0.000309905,0.000213013855583144,0.000690472,0.000693637,0.004583820922499315,0.8999628797575324,2.0099322816240184,1.0
1,1,f64,adbjc-cbdka-kj,0.007780642,0.008390867,0.07842861810117974,0.007739155,0.008414331,0.08724156577817599,0.008781565,0.00915223,0.04220944672162652,0.007537748,0.00755115,0.001777984618217543,1.1095280540198995,0.9337190521946532,1.0
1,1,f64,ajb-kba-jk,0.000938696,0.000944102,0.005759052984139812,0.00093539,0.000934003,0.001482803964121926,0.000888471,0.000892455,0.0044841080913162745,0.001291225,0.001327954,0.028445081221320834,0.9458948251113753,1.3909788812224073,1.0
1,1,f64,ajbc-ckba-jk,0.000462244,0.000462869,0.0013520997568383653,0.000478755,0.00048496,0.012960700149345694,0.000471401,0.000484269,0.02729735405737377,0.000735546,0.000740824,0.007175621918955377,1.0329371449645661,1.5958708855138575,1.0
1,1,f64,ajbdc-ckbad-jk,0.003796701,0.003701347,0.025114961646966694,0.003686054,0.003705285,0.005217232303162289,0.003375283,0.003362528,0.0037789423879420747,0.005450474,0.005447447,0.00055536454260674,0.8986797408812108,1.4535519015377139,1.0
1,1,f64,aqrs-pa-pqrs,0.000188933,0.000189933,0.005292881603531585,0.00030491,0.000304525,0.0012626676724278862,0.000299951,0.000300026,0.0002500408400039067,0.000657099,0.000661678,0.006968508550462049,1.5836181796754716,3.4808445314420595,1.0
1,1,f64,ij-ik-kj,0.002891127,0.002885373,0.001990227340410766,0.00314901,0.003148742,8.51061127147279e-05,0.003141556,0.003133133,0.002681155452902928,0.003632193,0.003612422,0.00544326802017403,1.0862436526489443,1.2541489857085517,1.0
1,1,f64,ij-ikl-ljk,0.00075935,0.000762906,0.004682952525186135,0.000757487,0.000758447,0.0012673484825480585,0.000756094,0.000756253,0.00021029131298488934,0.001282418,0.001287649,0.004079013239053131,0.9934932876217816,1.6883288283113336,1.0
1,1,f64,ij-kil-lkj,0.001129332,0.001145746,0.014534255648471772,0.001125635,0.001135607,0.008858999586899952,0.00112764,0.00112677,0.0007715228264340013,0.001816217,0.001820007,0.002086755051846856,0.9909411930207703,1.5983261517273322,1.0
1,1,f64,ijk-ikl-lj,0.000709427,0.000711139,0.002413215172244687,0.00070609,0.000704346,0.002469940092622802,0.000674722,0.000677867,0.00466117897445173,0.001051587,0.001059115,0.007158703939854627,0.9521460642515254,1.4858092535694953,1.0
1,1,f64,ijk-il-jlk,0.000702955,0.000696643,0.008979237646790983,0.000698767,0.000696291,0.003543384275445094,0.000682567,0.00068429,0.0025242943183600985,0.000954004,0.00096004,0.006327017496781995,0.9766160100342609,1.3675740802611065,1.0
1,1,f64,ijk-ilk-jl,0.000677137,0.000680372,0.0047774674844234255,0.000678489,0.000676866,0.0023920800484605875,0.000634015,0.000634257,0.00038169443940594405,0.000904041,0.000904178,0.00015154179954235403,0.9342667916846868,1.3320163101434588,1.0
1,1,f64,ijk-ilk-lj,0.00071098,0.000712322,0.0018875355143603834,0.000709176,0.000711721,0.003588671923471898,0.000678899,0.000678309,0.0008690541597498047,0.001032571,0.00103996,0.007155924386797574,0.9535632459244733,1.456134221380073,1.0
1,1,f64,ijk-ilmk-mjl,0.000269204,0.000269129,0.0002785991292848511,0.000269043,0.000269149,0.0003939890649449218,0.000264014,0.000265993,0.0074958146158914385,0.000569446,0.000571249,0.003166235253210914,0.9845268828473869,2.118936766173905,1.0
1,1,f64,ijkl-imjn-lnkm,0.004033094,0.003989922,0.010704436841789455,0.003988921,0.003990142,0.0003060978144215909,0.003862895,0.003878415,0.004017712104522619,0.004498454,0.004490881,0.001683467253416282,0.9648997983981396,1.1204591836288373,1.0
1,1,f64,ijkl-imjn-nlmk,0.003932795,0.003905295,0.006992482445690729,0.003903361,0.003911947,0.002199642820635672,0.00381178,0.003809036,0.0007198736548278406,0.004614791,0.00456556,0.010668088760682815,0.972285647539172,1.1712388474516815,1.0
1,1,f64,ijkl-imkn-jnlm,0.003894454,0.003909152,0.0037740848909757485,0.003894043,0.003898392,0.0011168340976204227,0.003782896,0.00380514,0.005880151080019047,0.004315883,0.004324723,0.002048248295887456,0.9723731382170845,1.107259490603357,1.0
1,1,f64,ijkl-imkn-njml,0.003879205,0.003900366,0.005454983688668147,0.003893803,0.003883665,0.0026036242716952485,0.003787153,0.003794669,0.0019846042660542906,0.004530924,0.004539873,0.0019750938219222913,0.9745841156208883,1.165980250355671,1.0
1,1,f64,ijkl-imln-jnkm,0.003885116,0.00392382,0.009962122109095306,0.003885457,0.003890959,0.0014160496435811076,0.003791352,0.00382178,0.008025633072318294,0.004387646,0.004315255,0.01649882419867066,0.974929837362782,1.1144548775804302,1.0
1,1,f64,ijkl-imln-njmk,0.00392397,0.003889595,0.008760260654388174,0.003875539,0.003880148,0.0011892539334528163,0.003792112,0.003788178,0.0010374166163867882,0.004449542,0.004382471,0.015073686235572148,0.9701541277805842,1.1303219202075385,1.0
1,1,f64,ijkl-imnj-nlkm,0.00389773,0.003881991,0.004037991343679437,0.003902569,0.003881621,0.005367746220502401,0.003799627,0.003798277,0.00035529803320166753,0.004404107,0.004361452,0.00968527785541995,0.9766313507474135,1.1267079055063471,1.0
1,1,f64,ijkl-imnk-njml,0.003879005,0.003872715,0.0016215498562131003,0.003868776,0.003881962,0.0034083131202220507,0.003784809,0.003782497,0.0006108630580829999,0.004412192,0.004367492,0.010131018777061351,0.9762102008405058,1.1325967783999624,1.0
1,1,f64,ijkl-minj-nlmk,0.004819474,0.004819471,6.224745687788413e-07,0.004819674,0.004817317,0.0004890372253394393,0.004702766,0.004688338,0.003067981694177324,0.005393618,0.005386042,0.0014046230192795717,0.9742863888923943,1.1183441069302174,1.0
1,1,f64,ijkl-mink-jnlm,0.004694851,0.004725056,0.006433644007019623,0.004681637,0.004697425,0.0033723246804482354,0.004612918,0.004643976,0.00673283158295912,0.005305984,0.005334246,0.005326438979084802,0.982694360626778,1.129549067303477,1.0
1,1,f64,ijkl-minl-njmk,0.004772977,0.004810234,0.0078058201411823624,0.004765824,0.004806207,0.008473456006768076,0.004670505,0.004670786,6.016480016612924e-05,0.005335449,0.00531479,0.0038720265154816857,0.974763217780067,1.111349781445659,1.0
1,4,f64,abc-bk-akc,0.000183182,0.000183921,0.004034239171970988,0.000179976,0.000180505,0.0029392807929944365,0.000221083,0.000222593,0.00683001406711492,0.000257341,0.000257538,0.0007655212344710449,1.2085826850028196,1.402549163491216,3.6944045411183026
1,4,f64,abcijk-eiab-jkec,0.00102641,0.001009153,0.016812969476135198,0.00095697,0.000958729,0.0018380931481654095,0.000910362,0.000943371,0.03625920238322777,0.001357348,0.001443308,0.06332937463347643,0.9105616941789351,1.3752642954435303,3.3252471125848184
1,4,f64,abcijk-eiac-jkeb,0.000954154,0.000984928,0.03225265523175502,0.00094116,0.000941157,3.187555782324658e-06,0.000919269,0.000919957,0.0007484207560572997,0.001860209,0.001908552,0.025987940064799098,0.9486228728422507,1.9436648893147959,3.4755972797172596
1,4,f64,abcijk-eibc-jkea,0.001040666,0.00100758,0.03179310172524119,0.000991114,0.000942178,0.049374743974961444,0.000957601,0.00093773,0.020750813752283048,0.001039303,0.00102934,0.009586232311462828,0.925413324792002,1.0100783515945169,3.345958551297533
1,4,f64,abcijk-ejab-ikec,0.000975033,0.000973226,0.0018532706072512672,0.000955316,0.000945244,0.010543108248998179,0.000924749,0.000915498,0.010003795624542344,0.001322072,0.001443679,0.09198213107909403,0.9445482036994319,1.4182290099604484,3.4647094837842514
1,4,f64,abcijk-ejac-ikeb,0.000991495,0.000949211,0.04264671027085354,0.000996554,0.00091083,0.08602042638933771,0.000863445,0.000859675,0.004366230622680156,0.001190566,0.001148,0.03575274281308227,0.8880917643709239,1.205094311805867,3.453664886549071
1,4,f64,abcijk-ejbc-ikea,0.001135924,0.000988815,0.12950602329029048,0.001013576,0.000960483,0.05238186381682275,0.000996434,0.000961755,0.034803107882709794,0.001141926,0.001145937,0.003512486798619374,0.9236859435934138,1.0793621660352934,3.2709381319932302
1,4,f64,abcijk-ekab-ijec,0.001015218,0.000975391,0.03922999789207837,0.000999168,0.000951205,0.04800293844478598,0.000914801,0.000925076,0.011231950992620199,0.001205685,0.001164431,0.03421623392511308,0.9244490822088632,1.1907066571459846,3.392774987553975
1,4,f64,abcijk-ekac-ijeb,0.000993538,0.000996419,0.0028997381076516504,0.000964634,0.00091064,0.055973560956798174,0.00088736,0.00087819,0.010334024522178131,0.001770761,0.001801173,0.017174536823433506,0.8872191893341469,1.7949173146637183,3.3784888214732347
1,4,f64,abcijk-ekbc-ijea,0.00102672,0.000948199,0.07647752064827806,0.00104226,0.000955373,0.08336403584518248,0.001002995,0.000998944,0.004038903484065104,0.001134922,0.001166054,0.02743096001311085,1.0144816547181998,1.165914172387291,3.477617198321157
1,4,f64,abcijk-ijma-mkbc,0.001039574,0.001022918,0.016021947451552165,0.001010289,0.00096981,0.04006675317656627,0.000950767,0.001000848,0.05267431452711335,0.001132658,0.001149563,0.014925070056451384,0.9459604899957201,1.1065414120486972,3.339246515697405
1,4,f64,abcijk-ijmb-mkac,0.00098395,0.000977484,0.0065714721276486365,0.00097889,0.000987743,0.009043917089764708,0.000878884,0.000882418,0.004021008460729725,0.001838689,0.001765646,0.039725587089496806,0.8979695595021862,1.8372345870783815,3.4062834412874814
1,4,f64,abcijk-ijmc-mkab,0.000988128,0.000943461,0.04520365782570679,0.000963321,0.000972956,0.010001858155277432,0.000902217,0.000941277,0.04329335403788681,0.00120303,0.001156095,0.03901398967606784,0.9544334406003594,1.221423892636907,3.5052165607661845
1,4,f64,abcijk-ikma-mjbc,0.001059561,0.001060879,0.0012439113934921142,0.000976676,0.001238478,0.26805409368101607,0.000970255,0.00095908,0.011517590736455974,0.001126827,0.001128494,0.001479375272335659,0.9098597502288167,1.0636098260717284,3.275430021920168
1,4,f64,abcijk-ikmb-mjac,0.000993438,0.001005776,0.012419496737592128,0.001025558,0.000923003,0.09999921993685379,0.000877711,0.00088365,0.006766464132271333,0.0011814,0.001194667,0.011229896732690037,0.8810385132039293,1.188504687110392,3.3636661857254637
1,4,f64,abcijk-ikmc-mjab,0.001009949,0.00099669,0.01312838569076269,0.001009789,0.00099184,0.017775000519910766,0.000940779,0.000940957,0.00018920490359586317,0.001345286,0.001318587,0.019846337507414824,0.9377755895096188,1.3274920655119231,3.3820484242740165
1,4,f64,abcijk-jkma-mibc,0.00102161,0.001396131,0.36659879993343836,0.001000121,0.000951727,0.04838814503445088,0.000981435,0.000892476,0.09064176435525517,0.001064089,0.001011186,0.049716706027409296,0.7836522612094416,0.8685580465232425,2.876440650549659
1,4,f64,abcijk-jkmb-miac,0.000964334,0.000971664,0.007601100863393828,0.00091972,0.000914608,0.005558213369286191,0.000839089,0.00086752,0.03388317568219823,0.001873694,0.001821801,0.027695557545682425,0.8813978078049796,1.9086575091567062,3.4596382990911496
1,4,f64,abcijk-jkmc-miab,0.000977027,0.000961675,0.015712974155269066,0.000971366,0.00095353,0.018361770949364087,0.000929829,0.000965211,0.038052157977434664,0.001371074,0.001370614,0.00033550340827692704,0.9773389993519577,1.4142317516258534,3.4823842797228006
1,4,f64,abcs-rc-abrs,0.000101279,0.000103622,0.023134114673328154,0.000100208,0.000100566,0.0035725690563628287,0.000143849,0.000146933,0.021439147995467422,0.000227285,0.000228564,0.005627296126009096,1.4191470836194122,2.2248647427846064,3.4084051932202892
1,4,f64,abj-bka-kj,0.000300451,0.000305006,0.015160541985215659,0.000302475,0.000302381,0.0003107694850814635,0.000356146,0.000357644,0.0042061401784661,0.000462946,0.000472767,0.021214137285990198,1.1789584212959885,1.545424264996111,3.8111344004162535
1,4,f64,abjc-cbka-kj,0.000175117,0.000171027,0.023355813541803494,0.000171671,0.000166329,0.03111766110758374,0.000280134,0.000288976,0.0315634660555304,0.000285383,0.00028039,0.01749578636428939,1.6440586472929601,1.634552283453244,3.3760071769682707
1,4,f64,abjc-kbac-jk,0.000109655,0.000110595,0.008572340522547961,0.000109154,0.000109654,0.00458068417098767,0.000156873,0.000154146,0.017383488554435722,0.000229409,0.000230377,0.004219538030330039,1.412076627318797,2.0875785176765946,3.4861263495807866
1,4,f64,abjcd-dkbac-jk,0.001388998,0.00141185,0.016452147519290916,0.001303228,0.001332262,0.022278526857925085,0.001359343,0.001375593,0.01195430439557943,0.002084959,0.002095178,0.004901295421156915,0.9764823928742837,1.4924992889471822,2.6056434111517977
1,4,f64,abrs-qb-aqrs,0.000102733,0.000101418,0.012800171317882247,9.9746e-05,0.000100597,0.008531670442925021,0.000135714,0.00014556,0.0725496264202663,0.00022985,0.000228154,0.007378725255601459,1.3769584728966182,2.2434882095040396,3.373224374620223
1,4,f64,adbjc-cbdka-kj,0.004558716,0.004338872,0.04822498264862307,0.004495226,0.00429461,0.044628679403438176,0.005623195,0.004676639,0.16833063765350487,0.002588431,0.00267259,0.032513518807339326,1.1530517727311687,0.5913910912251784,1.8167762649980306
1,4,f64,ajb-kba-jk,0.000249747,0.000249744,1.2012156302199095e-05,0.000246271,0.000246057,0.0008689614286701008,0.000295262,0.000292583,0.009073297613644837,0.000338983,0.00033895,9.735001460242643e-05,1.1768758505032055,1.3572476765528327,3.769417745276482
1,4,f64,ajbc-ckba-jk,0.000142607,0.00014568,0.0215487318294334,0.000142106,0.000143165,0.007452183581270422,0.000214982,0.000203568,0.05309281707305735,0.000256009,0.000252638,0.013167505829873138,1.451394309663478,1.764438662956561,3.2091816539099716
1,4,f64,ajbdc-ckbad-jk,0.001424915,0.001461142,0.0254239726580181,0.001428461,0.001437658,0.006438397688141251,0.001407292,0.001368089,0.027857047435784432,0.002016711,0.00195041,0.03287580620128516,0.961631306243186,1.374497960020608,2.5980195086616242
1,4,f64,aqrs-pa-pqrs,0.00018706,0.000112669,0.3976852346840586,8.3416e-05,0.000315997,2.788206099549247,0.000154188,0.000121595,0.2113848029678056,0.000214572,0.000214488,0.00039147698674568687,0.9431710485463095,1.4777308484970677,1.3048525524870602
1,4,f64,ij-ik-kj,0.000744963,0.00074342,0.002071243806739398,0.000820264,0.000818419,0.0022492758428993564,0.000889564,0.000898137,0.009637305466498214,0.001008286,0.001021535,0.013140120957744195,1.2010896418623953,1.3637476718012993,3.8810576567438324
1,4,f64,ij-ikl-ljk,0.00045439,0.000454744,0.0007790664407227865,0.00045438,0.000459563,0.011406752057748992,0.000525473,0.00052825,0.005284762490175288,0.000730066,0.00073325,0.004361249530864253,1.159036424331181,1.609567618114846,1.6743977917172446
1,4,f64,ij-kil-lkj,0.000665084,0.000664303,0.0011742877591403023,0.000662389,0.000663331,0.0014221250654826711,0.000745434,0.000741296,0.005551128604276201,0.001012643,0.001021566,0.008811595004359907,1.1183534199817304,1.530171259916157,1.711329493073974
1,4,f64,ijk-ikl-lj,0.000264795,0.000277956,0.049702600124624574,0.000265968,0.000266244,0.0010377188233170465,0.000334295,0.000321918,0.03702418522562423,0.000402092,0.00040381,0.004272654019478184,1.209190298674658,1.4852800041832437,2.618111800769123
1,4,f64,ijk-il-jlk,0.000538096,0.000258129,0.5202919181707353,0.000257191,0.000264601,0.028811272556193757,0.000300672,0.000298684,0.006611856108982406,0.000365804,0.000365669,0.0003690500923992923,0.80408913021794,0.981341162537354,1.8776758460817737
1,4,f64,ijk-ilk-jl,0.000238877,0.000238793,0.00035164540746912554,0.000231342,0.000234746,0.014714146155907715,0.000287387,0.000283887,0.012178699802009252,0.000330768,0.000332006,0.003742804624389251,1.195937126221439,1.3875119936623572,2.841930969948545
1,4,f64,ijk-ilk-lj,0.000216144,0.00022069,0.021032274779776428,0.000212487,0.000214267,0.008376983062493126,0.000259305,0.000266264,0.026837122307707295,0.000314578,0.000314734,0.0004959024470878592,1.203091759179207,1.4406984357523114,3.2583966562168207
1,4,f64,ijk-ilmk-mjl,7.7925e-05,7.9888e-05,0.025190888675008072,7.8637e-05,7.8035e-05,0.007655429378028211,0.000126707,0.000136453,0.07691761307583644,0.000169387,0.000172089,0.015951637374769012,1.6665282061385776,2.163901130504954,3.4114720959184233
1,4,f64,ijkl-imjn-lnkm,0.001043772,0.001043197,0.0005508865920910155,0.001038302,0.001028028,0.009895001646919699,0.001086893,0.001087518,0.0005750336049639149,0.001233708,0.001279524,0.03713682654242323,1.0418990376510082,1.2040497246640816,3.8442833357848776
1,4,f64,ijkl-imjn-nlmk,0.001152746,0.001003993,0.12904230420231355,0.001000281,0.000999965,0.0003159112289446986,0.001044493,0.001041272,0.003083792806653607,0.001219641,0.001231335,0.009588067308330839,0.9693993130933185,1.139126526920193,3.6428846759579283
1,4,f64,ijkl-imkn-jnlm,0.000997897,0.0010182,0.02034578719046154,0.000994801,0.00099664,0.0018486109282158658,0.001053731,0.001057964,0.0040171542832088125,0.00119787,0.001204606,0.005623314716955985,1.0474683722711506,1.1917027741799844,3.8708394907481756
1,4,f64,ijkl-imkn-njml,0.000991625,0.001022528,0.031163998487331313,0.0009835,0.000989527,0.006128113879003694,0.001030748,0.001041593,0.010521485367907646,0.001212567,0.001241694,0.024020940698534776,1.028996596856149,1.2185653518262782,3.8628932632859247
1,4,f64,ijkl-imln-jnkm,0.000994289,0.000996679,0.0024037276888311254,0.00098935,0.000993253,0.003945014403396119,0.001067416,0.00105645,0.010273407930928569,0.001194825,0.001216327,0.0179959408281547,1.0667369943071678,1.2109977964340393,3.9221352176414355
1,4,f64,ijkl-imln-njmk,0.000986865,0.000984878,0.002013446621371706,0.000981255,0.000984798,0.0036106822385617576,0.001026791,0.001038237,0.011147351311026288,0.00121411,0.001204566,0.007860902224674837,1.047295376199831,1.22666006569831,3.9627341658537376
1,4,f64,ijkl-imnj-nlkm,0.001011642,0.000994486,0.016958568347300917,0.000987867,0.000992512,0.004702049972314271,0.001037069,0.001070467,0.03220422170559534,0.001196578,0.001199566,0.0024971209565944896,1.0504556116659283,1.19445506996439,3.8781122502978684
1,4,f64,ijkl-imnk-njml,0.000983639,0.001025423,0.04247899890101969,0.000979612,0.000998063,0.01883500814608241,0.001029946,0.001047074,0.016629998077569264,0.001199483,0.001212451,0.010811324545658252,1.034014237142604,1.200769780667766,3.85921115592192
1,4,f64,ijkl-minj-nlmk,0.001231784,0.001229292,0.0020230819689166513,0.00122987,0.001232888,0.0024539178937610373,0.001280054,0.001274846,0.004068578356850594,0.001480549,0.001483743,0.0021573078635019893,1.0381215377583535,1.2044698330618773,3.9165592372410973
1,4,f64,ijkl-mink-jnlm,0.001201627,0.001205768,0.0034461609134948112,0.001185106,0.001184178,0.0007830523176830528,0.001247002,0.001269767,0.01825578467396194,0.00148681,0.001472884,0.009366361539134171,1.0453912891811328,1.22940589971011,3.9128902857130625
1,4,f64,ijkl-minl-njmk,0.001216204,0.001210747,0.004486911735202326,0.001211616,0.001211458,0.0001304043525341969,0.001265066,0.00125541,0.00763280334780958,0.001456474,0.001464478,0.005495463702064107,1.0385310107975403,1.2035465147404716,3.948642886531476
1,8,f64,abc-bk-akc,0.000112901,0.000111096,0.01598745803845847,0.000105878,0.00010261,0.030865713368216308,0.000252462,0.000252229,0.0009229111707902415,0.000153978,0.0001563,0.015080076374546891,2.253187912041437,1.3851943792102135,6.054850184256915
1,8,f64,abcijk-eiab-jkec,0.000874134,0.000590797,0.32413451484555,0.000527527,0.000545152,0.03341061215824026,0.000607075,0.00101791,0.67674504797595,0.000828599,0.001037366,0.2519517885008311,1.0938750524819774,1.2901198584437978,4.709282277076209
1,8,f64,abcijk-eiac-jkeb,0.000630098,0.000643515,0.021293513072569548,0.000574505,0.000545693,0.050150999556139664,0.00065742,0.000635651,0.03311277417784675,0.001098715,0.001115641,0.015405268882284995,1.0151902438558589,1.7386868606757087,5.29124097133226
1,8,f64,abcijk-eibc-jkea,0.000645727,0.000635259,0.016211185222237967,0.000571669,0.000605624,0.059396259024015574,0.000811357,0.000835471,0.02972057922714666,0.000629236,0.000633196,0.006293346216681872,1.2854991600430463,0.9855439035800135,5.349536098656318
1,8,f64,abcijk-ejab-ikec,0.00059879,0.000580888,0.029896958867048462,0.000537716,0.000533641,0.007578349909617921,0.00068471,0.000666387,0.026760234259759708,0.000970595,0.000986752,0.016646490039614825,1.1453365536625473,1.6593559641586662,5.7226852690308005
1,8,f64,abcijk-ejac-ikeb,0.000613277,0.000609472,0.006204374206109087,0.000543396,0.000537508,0.01083556007037223,0.000650236,0.000675043,0.03815076372270987,0.000713604,0.000805365,0.12858812450602874,1.0836673941833088,1.239994605851035,5.480265798084381
1,8,f64,abcijk-ejbc-ikea,0.000631641,0.000652181,0.03251847172681965,0.000605021,0.000585016,0.03306496799284642,0.000821627,0.000816105,0.00672081126837365,0.000659223,0.000670995,0.017857386650647733,1.2758251033637358,1.0362310231551555,5.401137867490132
1,8,f64,abcijk-ekab-ijec,0.000592377,0.000579256,0.02214974585441376,0.000524491,0.000525656,0.0022212011264255427,0.000704477,0.000654365,0.07113362111183197,0.000845962,0.000852663,0.007921159579271864,1.159068427392905,1.4498723647997431,5.763545418702482
1,8,f64,abcijk-ekac-ijeb,0.000569505,0.000636952,0.1184309180779799,0.000522868,0.000541415,0.035471667801433515,0.000644064,0.000626282,0.027609057484970334,0.001077966,0.001041874,0.03348157548568331,1.054501869144302,1.7595759128243857,5.581277345427412
1,8,f64,abcijk-ekbc-ijea,0.000719575,0.000661839,0.08023625056456929,0.000604961,0.000615573,0.017541626650313003,0.000820234,0.000832325,0.014740915397313481,0.000677998,0.000695802,0.02625966448278616,1.197294927994879,0.995274396612687,4.972139692604117
1,8,f64,abcijk-ijma-mkbc,0.000577941,0.001102457,0.9075597682116341,0.000558815,0.001128986,1.020321573329277,0.00078112,0.001281679,0.640822152806227,0.000660886,0.012977662,18.63676337522659,1.2535045968773901,3.6689257537805386,4.3139391438644
1,8,f64,abcijk-ijmb-mkac,0.000608668,0.000609441,0.0012699862650902283,0.000566019,0.000555231,0.019059430867161664,0.000658882,0.000675844,0.02574360811192289,0.001082524,0.001105011,0.020772749611093877,1.0956478327553731,1.7957505105272917,5.484866458624573
1,8,f64,abcijk-ijmc-mkab,0.000594973,0.000650076,0.09261428669872407,0.000533668,0.000563776,0.056417098270835186,0.000653412,0.000655176,0.00269967493709955,0.000784848,0.00091031,0.15985515666727834,1.0520632440251012,1.359116670718164,5.441927338704629
1,8,f64,abcijk-ikma-mjbc,0.000640047,0.000643906,0.006029244727340233,0.000599471,0.000618578,0.031873101451112884,0.000851812,0.000804864,0.05511544800965473,0.00070601,0.000692045,0.01978017308536706,1.2897809531397395,1.0888183331066705,5.409374692301298
1,8,f64,abcijk-ikmb-mjac,0.000619749,0.000586529,0.053602345465664225,0.000547283,0.000525586,0.039644936897363925,0.000668069,0.000610443,0.08625755722837003,0.000737109,0.00074889,0.01598271083381153,1.0592063034324264,1.2323163492549944,5.576750889375664
1,8,f64,abcijk-ikmc-mjab,0.000621242,0.000638495,0.027771786196039372,0.000533498,0.000548979,0.02901791571852197,0.000653231,0.000694259,0.0628077969355405,0.000954165,0.00100698,0.055352061750326254,1.0692641288770577,1.5563705649465154,5.387663200707867
1,8,f64,abcijk-jkma-mibc,0.001091301,0.000655677,0.399178595089714,0.000656768,0.000562324,0.1438011596180081,0.000910763,0.000814311,0.10590241369049913,0.000639587,0.000654325,0.023042994932667593,1.018076912450339,0.7647673165359719,4.0611012671059274
1,8,f64,abcijk-jkmb-miac,0.000615781,0.000574406,0.06719109553558822,0.000573813,0.000545513,0.04931920329445305,0.000636931,0.000624108,0.02013247902834059,0.001109074,0.001080436,0.025821541213661203,1.060116129000174,1.8405904281802037,5.630926595076809
1,8,f64,abcijk-jkmc-miab,0.000623606,0.000782613,0.2549799071849854,0.000553575,0.000568555,0.027060470577608964,0.000664312,0.000637283,0.04068720721588659,0.00092017,0.000897466,0.024673701598617703,0.931372786197697,1.3008114945515268,4.831872524377601
1,8,f64,abcs-rc-abrs,6.3168e-05,6.456e-05,0.02203647416413368,6.2828e-05,6.2165e-05,0.01055261985102185,0.000171301,0.000178161,0.04004646791320532,0.000157595,0.000158905,0.00831244646086482,2.7356211061024545,2.478047771622265,5.467723968588277
1,8,f64,abj-bka-kj,0.0001657,0.000161981,0.022444176222088053,0.000161663,0.000162562,0.005560950866926984,0.000284091,0.000273468,0.037392948034256523,0.000235049,0.00025281,0.07556296772162407,1.7013305592911556,1.487931836163549,7.042096802762641
1,8,f64,abjc-cbka-kj,0.000109895,0.000108511,0.012593839574138954,0.000106439,0.000106738,0.0028091207170304333,0.00026747,0.000270432,0.011074139155793139,0.000190937,0.000189041,0.00992997690337638,2.4628656935626947,1.7397914841112758,5.350249126783009
1,8,f64,abjc-kbac-jk,6.9891e-05,7.0481e-05,0.008441716386945464,6.7486e-05,6.8607e-05,0.016610852621284478,0.000153407,0.000166619,0.08612384050271515,0.000162484,0.000160648,0.011299574111912625,2.2779185669298787,2.3019522285971052,5.469887996792037
1,8,f64,abjcd-dkbac-jk,0.001091321,0.001123376,0.029372659373364973,0.000976275,0.00098599,0.009951089600778396,0.001122128,0.001137863,0.014022464460382356,0.001523829,0.001521815,0.0013216706073976292,1.020533723817234,1.375340464122323,3.295499451098465
1,8,f64,abrs-qb-aqrs,6.1455e-05,6.3929e-05,0.040257098690098525,6.1525e-05,6.1444e-05,0.00131653799268594,0.000173514,0.000160819,0.07316412508500747,0.000159638,0.000159616,0.0001378117991956973,2.6650684771119555,2.5467058363512427,5.493260176993376
1,8,f64,adbjc-cbdka-kj,0.002784567,0.002824383,0.014298811987644822,0.002813511,0.00284442,0.010985917595488282,0.003261529,0.003335742,0.022754051857273083,0.002129011,0.002106471,0.010587075407313629,1.1761594935013109,0.7551375464783755,2.8811807525725297
1,8,f64,ajb-kba-jk,0.000137737,0.000144198,0.04690823816403733,0.000134321,0.000135982,0.012365899598722363,0.000236453,0.000221101,0.0649262221244814,0.000194794,0.000200281,0.028168218733636508,1.6224183118906434,1.4015310872148674,6.679854675967552
1,8,f64,ajbc-ckba-jk,8.4809e-05,9.5176e-05,0.12223938497093467,8.9186e-05,9.1249e-05,0.023131433184580663,0.000205164,0.000231951,0.13056384160963908,0.000175899,0.000175857,0.00023877338700051265,2.4280856819423966,1.9576129072349795,5.148491423212186
1,8,f64,ajbdc-ckbad-jk,0.001036318,0.001070326,0.03281618190555391,0.001048831,0.001099451,0.04826325690220812,0.001136976,0.001143674,0.005891065422664932,0.001443139,0.001469117,0.018001038015049264,1.0827350960168618,1.3825400322119972,3.559414299994732
1,8,f64,aqrs-pa-pqrs,0.000182061,7.6932e-05,0.5774383311088042,0.000328755,4.6587e-05,0.8582926495414518,0.000126997,0.000128208,0.009535658322637364,0.000150782,0.000149087,0.01124139486145559,1.0781826036783921,1.2668717860815863,1.6006344171090594
1,8,f64,ij-ik-kj,0.000413894,0.00044722,0.08051820031215717,0.000431828,0.000440858,0.0209111034949101,0.000571428,0.000599803,0.049656299656299696,0.000600974,0.000605113,0.0068871531879914905,1.360754882649877,1.4016542860448071,6.713197011426752
1,8,f64,ij-ikl-ljk,0.000337401,0.000321347,0.047581364607692356,0.000319387,0.000319263,0.0003882437293941665,0.00040094,0.000408799,0.019601436623933655,0.000584333,0.000580758,0.006118086775862452,1.229516320137034,1.7691615809277226,2.311512286775067
1,8,f64,ij-kil-lkj,0.000465149,0.000460355,0.010306374946522423,0.000461994,0.000457269,0.010227405550721436,0.000558394,0.000562524,0.007396211277341802,0.000806478,0.000808641,0.0026820322439049527,1.211151361300315,1.7451455853329254,2.4581733947308217
1,8,f64,ijk-ikl-lj,0.000148778,0.000153114,0.02914409388484862,0.000147285,0.000148095,0.00549954170485778,0.000249256,0.000255474,0.02494624001027046,0.000238205,0.000232642,0.023353833882580055,1.671934869066531,1.559705805686801,4.706025712102098
1,8,f64,ijk-il-jlk,0.000136736,0.000149187,0.0910586824245263,0.00014466,0.00014034,0.029863127333056738,0.000226764,0.000224988,0.007831930994337766,0.000216214,0.000216892,0.0031357821417670184,1.5814658059276867,1.5162008872907302,4.899615219340681
1,8,f64,ijk-ilk-jl,0.000142686,0.000147183,0.03151675707497592,0.000141404,0.000143116,0.012107153970184692,0.00034776,0.000345542,0.006377961812744415,0.000217757,0.000211914,0.026832662095822468,2.392052613849813,1.4823350574352083,4.68373140255478
1,8,f64,ijk-ilk-lj,0.000150502,0.000174755,0.16114736016797115,0.000147366,0.000151521,0.028195106062456565,0.000282558,0.000248702,0.11981964764756248,0.000233717,0.000235107,0.005947363691986451,1.6345849727805626,1.4454131138268713,4.388144598855065
1,8,f64,ijk-ilmk-mjl,8.2625e-05,8.4136e-05,0.018287443267775982,7.9699e-05,8.2052e-05,0.029523582479077604,0.000198721,0.000187177,0.05809149511123646,0.000173785,0.000159326,0.08320050637281706,2.313137537726338,1.9957346788758332,3.2283033475598755
1,8,f64,ijkl-imjn-lnkm,0.000888902,0.000888589,0.00035211980623295336,0.000889413,0.000887698,0.0019282380626323148,0.000989721,0.000989958,0.0002394614239769055,0.000992035,0.000998573,0.00659049327896688,1.1137491084379947,1.1198916304230788,4.513609334097458
1,8,f64,ijkl-imjn-nlmk,0.000774689,0.000771823,0.0036995491093844146,0.0007806,0.000763708,0.021639764283884255,0.000825674,0.000847453,0.026377238474264653,0.000798733,0.000823859,0.0314573205313915,1.0817815308321759,1.0490705762230377,5.068214936082804
1,8,f64,ijkl-imkn-jnlm,0.000613858,0.000618288,0.0072166527112134116,0.000614139,0.000615072,0.0015192000508028602,0.00069496,0.00069469,0.0003885115690112073,0.00068981,0.00068974,0.00010147721836450962,1.1278362755365787,1.1196391618617876,6.333374937336567
1,8,f64,ijkl-imkn-njml,0.000613757,0.000614,0.00039592216463502083,0.000612204,0.000603531,0.014166846345335826,0.00068974,0.000683048,0.009702206628584675,0.000698897,0.000696794,0.0030090270812436204,1.1181135321348692,1.136779870085138,6.3363860866524115
1,8,f64,ijkl-imln-jnkm,0.000627443,0.000620231,0.011494271192761807,0.000612966,0.000617747,0.007799780085681718,0.00068957,0.00070541,0.022970836898356772,0.000699508,0.000687727,0.01684183740571954,1.1180110906107483,1.1118354230943626,6.258822852321838
1,8,f64,ijkl-imln-njmk,0.000611584,0.000610784,0.0013080786940142808,0.000602567,0.000608891,0.01049509847037755,0.000688398,0.000691674,0.00475887495315197,0.00068984,0.000688729,0.0016105183810739554,1.1290122183242108,1.1277854521367552,6.392093917959988
1,8,f64,ijkl-imnj-nlkm,0.000625339,0.000639918,0.023313754619494143,0.000618056,0.00061944,0.0022392792886081203,0.000704087,0.000714216,0.014386006274792695,0.000866691,0.000697335,0.1954052828516737,1.1210062393072797,1.2289464360859963,6.149123525222459
1,8,f64,ijkl-imnk-njml,0.000623957,0.000617647,0.010112876368083001,0.000605743,0.000612747,0.011562659411664677,0.000694669,0.000679031,0.022511440700535124,0.000696412,0.000690552,0.008414559197716276,1.1063340050368355,1.1170788206574804,6.2433896444128205
1,8,f64,ijkl-minj-nlmk,0.000764109,0.000763868,0.0003154000280064517,0.000760622,0.000767144,0.008574561345845888,0.000853616,0.000842404,0.013134711626773488,0.00086137,0.000852323,0.010503035861476495,1.1099532000206216,1.1215280992437542,6.308305111853272
1,8,f64,ijkl-mink-jnlm,0.000746065,0.000738141,0.010621058486861013,0.000741056,0.000734444,0.008922402625442638,0.000824442,0.000833768,0.011311893377581539,0.000838447,0.000837415,0.0012308470302833108,1.1172353481238715,1.129146201301519,6.346823033105977
1,8,f64,ijkl-minl-njmk,0.000789125,0.000764549,0.031143354981783666,0.000757487,0.000746536,0.014457013783734984,0.000828289,0.000835351,0.008526009641562471,0.000842245,0.000841663,0.000691010335472475,1.0709023753006446,1.0839587991183421,6.168821577055963
1,1,c64,abc-bk-akc,0.00249662,0.002516619,0.008010430101497157,0.002555369,0.00256008,0.0018435693631722039,0.002440254,0.002473719,0.013713736356953055,0.003199604,0.003219494,0.006216394278792059,0.9801842975286733,1.280433321024227,1.0
1,1,c64,abcijk-eiab-jkec,0.010998881,0.011050422,0.004686022150798941,0.010969236,0.011015518,0.004219254650004833,0.010628288,0.010661771,0.003150366267831828,0.012229693,0.012471569,0.019777765476206133,0.965567520925309,1.120223402179116,1.0
1,1,c64,abcijk-eiac-jkeb,0.01118023,0.011268396,0.007885884279661637,0.011154292,0.01144254,0.025841891175163667,0.010409208,0.010465928,0.005449021673887167,0.014983022,0.015183531,0.013382413774737811,0.9299108080168813,1.3437846611911268,1.0
1,1,c64,abcijk-eibc-jkea,0.011799248,0.011859223,0.005082951049083739,0.011756708,0.011832643,0.006458865866193264,0.011090824,0.011074517,0.001470314559134711,0.012359385,0.01260659,0.020001399746022885,0.9368909015035566,1.0552174447404705,1.0
1,1,c64,abcijk-ejab-ikec,0.010868186,0.010958151,0.008277830357338312,0.010928479,0.010960786,0.0029562210807194678,0.010567083,0.010635273,0.006453058048280669,0.012966631,0.013058088,0.007053258475544055,0.9714147846752877,1.1923567099773609,1.0
1,1,c64,abcijk-ejac-ikeb,0.011160213,0.011185784,0.0022912645126038633,0.011185871,0.011232921,0.004206199052358084,0.010500218,0.010556205,0.005331984535940082,0.013340941,0.013205752,0.01013339313920969,0.9422878896029416,1.187969646363083,1.0
1,1,c64,abcijk-ejbc-ikea,0.01173085,0.011865625,0.011488937289284351,0.011748543,0.011863431,0.009778914713084008,0.011042492,0.011108169,0.005947661089543921,0.01376287,0.013789975,0.0019694293414092012,0.9387387290431846,1.1676863221024827,1.0
1,1,c64,abcijk-ekab-ijec,0.010941744,0.010980724,0.003562503381545179,0.010957293,0.010982527,0.002302941064001862,0.010624791,0.010495113,0.012205228319314698,0.011980657,0.012081396,0.008408470420278258,0.9633741632065914,1.0975899318131723,1.0
1,1,c64,abcijk-ekac-ijeb,0.011171985,0.011313721,0.012686733825725716,0.011208673,0.01123182,0.002065097268873828,0.010486703,0.010507185,0.0019531400860690606,0.013760135,0.01379801,0.002752516599582755,0.9336729339118747,1.2256082360710616,1.0
1,1,c64,abcijk-ekbc-ijea,0.011705352,0.011861718,0.013358504725017983,0.011749825,0.01189463,0.0123240133363689,0.011070765,0.01108134,0.0009552185418080228,0.013730009,0.013716579,0.0009781493952407683,0.9399806631043949,1.1646415471302471,1.0
1,1,c64,abcijk-ijma-mkbc,0.011763552,0.011867798,0.008861779163300332,0.011752581,0.011860775,0.009205977818829814,0.011026804,0.011117777,0.008250169314699018,0.013732564,0.01378234,0.003624669071267572,0.9370860996910788,1.1643484904157262,1.0
1,1,c64,abcijk-ijmb-mkac,0.01121236,0.011182617,0.0026526975587654045,0.011183827,0.011201262,0.001558947576710601,0.010469481,0.010488068,0.0017753506596935864,0.013715442,0.013907182,0.013979862989468517,0.9358151714552256,1.2334008148239606,1.0
1,1,c64,abcijk-ijmc-mkab,0.010915836,0.010965695,0.004567584196024876,0.010891381,0.010972287,0.007428442729163542,0.010558457,0.010615494,0.005402020389911,0.011991127,0.011936135,0.004586057674145216,0.9676621414567531,1.0934911693663287,1.0
1,1,c64,abcijk-ikma-mjbc,0.011810339,0.011852339,0.003556206134303297,0.011803045,0.01184711,0.0037333586375378758,0.011085513,0.011100264,0.001330655604300901,0.013783789,0.013717369,0.004818704058804135,0.9375864829694099,1.1622150760941543,1.0
1,1,c64,abcijk-ikmb-mjac,0.011127963,0.011197895,0.006284348716831589,0.011181293,0.011250013,0.006145979718088057,0.010471485,0.010508777,0.0035612904950921287,0.013338226,0.013356521,0.0013716216834231965,0.9397323848263501,1.1956929802914773,1.0
1,1,c64,abcijk-ikmc-mjab,0.010871743,0.010920541,0.0044885166987485015,0.01089134,0.010982567,0.008376104317742383,0.010557395,0.010604775,0.004487849512119224,0.01269335,0.012793105,0.007858839471061696,0.9710854546378066,1.1695113588422255,1.0
1,1,c64,abcijk-jkma-mibc,0.011838752,0.011844625,0.0004960826952029596,0.01180586,0.011853442,0.004030371357952811,0.010987299,0.011084906,0.008883620988197283,0.012505188,0.012637326,0.01056665441575122,0.9319612595920497,1.06159554615167,1.0
1,1,c64,abcijk-jkmb-miac,0.011075214,0.011185192,0.009930101576366868,0.011090792,0.011189651,0.008913610497789604,0.010372269,0.010482088,0.010587750857599332,0.015176494,0.01526976,0.006145424628375862,0.9368347711254191,1.3677415735954979,1.0
1,1,c64,abcijk-jkmc-miab,0.010986988,0.011044651,0.005248299169891002,0.010948897,0.01100053,0.004715817492848773,0.01064038,0.010664556,0.002272099304724051,0.012303371,0.012202049,0.008235303966693475,0.9670181712069545,1.1122774145396193,1.0
1,1,c64,abcs-rc-abrs,0.001177462,0.001185178,0.006553077721404232,0.00118109,0.001189156,0.0068292848131810135,0.001124753,0.001122433,0.0020626750939984895,0.001551072,0.001553432,0.001521528336531075,0.9511380432090797,1.3140045283924804,1.0
1,1,c64,abj-bka-kj,0.003888623,0.003903251,0.003761742910022292,0.003887541,0.003895046,0.0019305262632600684,0.003836896,0.003866103,0.0076121427320419155,0.005493675,0.005542243,0.008840712273660012,0.988588522193106,1.4163255945053703,1.0
1,1,c64,abjc-cbka-kj,0.001928006,0.00198941,0.03184844860441305,0.001940349,0.001951611,0.005804110497647619,0.00182318,0.001781034,0.023116752048618405,0.002001403,0.002027732,0.013155271576988703,0.9200989609757108,1.0286229547097427,1.0
1,1,c64,abjc-kbac-jk,0.001255468,0.001249468,0.004779094329763867,0.001270677,0.001275627,0.0038955611851005933,0.001218619,0.001238347,0.01618881701335706,0.001694279,0.001756488,0.03671709322962746,0.9808210048393349,1.3773669718065245,1.0
1,1,c64,abjcd-dkbac-jk,0.009697287,0.0098265,0.013324654617317133,0.009675026,0.009813988,0.014362958817888405,0.009101624,0.009301677,0.021979923582868155,0.011876714,0.012191849,0.02653385439777356,0.9425741359211544,1.2327028015411943,1.0
1,1,c64,abrs-qb-aqrs,0.001038602,0.001044208,0.0053976402895430375,0.001041458,0.001043085,0.0015622329465037055,0.000971527,0.000968417,0.003201146236800456,0.001594181,0.001667715,0.04612650633773696,0.9314092663678282,1.565711157740103,1.0
1,1,c64,adbjc-cbdka-kj,0.019317179,0.019211402,0.00547579954609323,0.019300488,0.019236889,0.0032952016550048535,0.018977504,0.018947332,0.0015898824207861706,0.014405973,0.01400366,0.02792681896599425,0.9843333426784543,0.737293992382545,1.0
1,1,c64,ajb-kba-jk,0.003529461,0.003618313,0.025174382150702446,0.003641921,0.00367067,0.007893910933268522,0.00363054,0.003666442,0.009888887052614814,0.004730308,0.004718734,0.0024467751359954493,1.0209412765865398,1.3220570547191457,1.0
1,1,c64,ajbc-ckba-jk,0.001798624,0.001722956,0.04206993790808966,0.001841173,0.001754475,0.04708845936802253,0.001656018,0.001610849,0.02727566970890416,0.001949246,0.002012414,0.03240637661947243,0.9277963442485936,1.125083369983916,1.0
1,1,c64,ajbdc-ckbad-jk,0.008760835,0.008816688,0.0063753055502129286,0.008708869,0.008913437,0.023489617308516175,0.007890368,0.008191006,0.0381018984158914,0.01232409,0.012248955,0.006096596178703506,0.9147275609843307,1.3979816260700266,1.0
1,1,c64,aqrs-pa-pqrs,0.001285474,0.00128856,0.0024006708809356514,0.001303007,0.001297698,0.004074421703029962,0.001291516,0.00128808,0.002660439359636224,0.001439101,0.001439581,0.0003335415651857243,1.002160641830011,1.1183550912009148,1.0
1,1,c64,ij-ik-kj,0.012357744,0.012377682,0.001613401281010507,0.012336094,0.012357284,0.0017177236165677456,0.012428035,0.012391317,0.0029544493558313345,0.010344578,0.010246939,0.009438664390176155,1.0033921753468387,0.8324615957716796,1.0
1,1,c64,ij-ikl-ljk,0.003044384,0.00300756,0.012095714601048968,0.003033584,0.00301273,0.0068743769745621686,0.003081543,0.003100542,0.006165417779339766,0.003609571,0.003649089,0.010948115440865491,1.0215180854572945,1.1993975484143944,1.0
1,1,c64,ij-kil-lkj,0.004852656,0.004846862,0.0011939853144339319,0.004871061,0.004834558,0.007493849902516114,0.004866653,0.004888369,0.004462204311669549,0.005332994,0.005378478,0.00852879264443196,1.0057200336152052,1.1043205797981253,1.0
1,1,c64,ijk-ikl-lj,0.002635229,0.002623006,0.0046383065760128295,0.002624579,0.002640689,0.006138127295844287,0.002604221,0.002630851,0.010225706650856425,0.003708265,0.003706526,0.0004689524615959506,0.9955847184399533,1.4101330254523938,1.0
1,1,c64,ijk-il-jlk,0.002846895,0.002837645,0.003249153902760593,0.002922175,0.002936719,0.004977114649191039,0.002918869,0.002886605,0.011053596444376312,0.002964635,0.00296439,8.264086472709042e-05,1.02125977324445,1.0430101370608345,1.0
1,1,c64,ijk-ilk-jl,0.002521266,0.002519865,0.0005556732213102267,0.002568263,0.002566421,0.0007172162664025317,0.002479487,0.002494357,0.00599720829348982,0.003117581,0.003117593,3.849138161982069e-06,0.98664802879764,1.2368601888700594,1.0
1,1,c64,ijk-ilk-lj,0.002638946,0.002672258,0.012623221543752505,0.002655346,0.002677217,0.008236591389596759,0.002599792,0.002617226,0.0067059210890716425,0.003511899,0.00348786,0.006845014620295187,0.982280380600198,1.3179413564783768,1.0
1,1,c64,ijk-ilmk-mjl,0.001008175,0.001011426,0.0032246385796115273,0.001006753,0.001009763,0.0029898098143237295,0.001012003,0.001017027,0.004964412160833431,0.001317584,0.001222968,0.07181022234635503,1.0046669658745906,1.2570764320276056,1.0
1,1,c64,ijkl-imjn-lnkm,0.015491585,0.015540169,0.0031361542411572074,0.015482668,0.01549237,0.0006266361844096124,0.015468522,0.015544196,0.0048921286726681945,0.016286702,0.016289219,0.00015454325866581797,0.9993848134617203,1.0497621509707928,1.0
1,1,c64,ijkl-imjn-nlmk,0.015538202,0.015581135,0.002763061002811096,0.015538372,0.015582909,0.002866259090720691,0.015453003,0.015506477,0.0034604277239833614,0.017041895,0.0170443,0.00014112280353772988,0.9948625603018095,1.0953391248154376,1.0
1,1,c64,ijkl-imkn-jnlm,0.015673866,0.015716677,0.002731361873324456,0.015642487,0.015679498,0.002366055985854487,0.015742113,0.015740782,8.455027606524279e-05,0.016427044,0.016364058,0.0038342869234414545,1.002942964414715,1.0446162719483214,1.0
1,1,c64,ijkl-imkn-njml,0.015547009,0.015607595,0.00389695535649337,0.015509278,0.015559976,0.0032688820201687285,0.015508507,0.015542504,0.0021921517009988456,0.017298354,0.017095205,0.011743834124333441,0.9966761607190923,1.1039467575602169,1.0
1,1,c64,ijkl-imln-jnkm,0.015610888,0.015644002,0.0021212118106286315,0.015589889,0.015613766,0.0015315695961657383,0.015662164,0.015684388,0.0014189610069210712,0.016393872,0.016441362,0.0028968141266443315,1.0029330359231419,1.050562586722008,1.0
1,1,c64,ijkl-imln-njmk,0.015505871,0.015588119,0.005304313443598163,0.01548935,0.015519091,0.0019200934835870154,0.01547804,0.015489566,0.0007446679295310954,0.01690582,0.016887389,0.0010902162687168593,0.9959388355194516,1.0868120236780325,1.0
1,1,c64,ijkl-imnj-nlkm,0.015488459,0.015545179,0.0036620815537555806,0.015500672,0.015495427,0.0003383724266922128,0.015457691,0.015533638,0.004913217633862654,0.01676163,0.016678,0.0049893715587326914,0.9986353422420793,1.0775269491641895,1.0
1,1,c64,ijkl-imnk-njml,0.015488629,0.015542034,0.0034480133780723232,0.015494279,0.015597657,0.006672011004835943,0.015480484,0.015560979,0.005199772823640592,0.01684164,0.01679611,0.0027034184319343346,1.0003461609647963,1.0840170899302515,1.0
1,1,c64,ijkl-minj-nlmk,0.019262658,0.019339469,0.003987559764597526,0.019296661,0.019356139,0.0030822949110211884,0.019299356,0.019334048,0.001797572934558067,0.02056891,0.020420784,0.007201451122106017,1.000811818102934,1.0618458278464176,1.0
1,1,c64,ijkl-mink-jnlm,0.018781608,0.018856212,0.003972183851350675,0.018774365,0.018842608,0.003634903231081177,0.018914496,0.018940609,0.0013805813276759338,0.020110874,0.020025162,0.004261972900829747,1.0057747860752795,1.0663748146249106,1.0
1,1,c64,ijkl-minl-njmk,0.019219817,0.01924845,0.0014897644446874025,0.019170745,0.019229905,0.003085952058722752,0.019230878,0.019258208,0.001421151961964462,0.020287464,0.020119206,0.00829369309047212,1.0005412242462184,1.0503808468608842,1.0
1,4,c64,abc-bk-akc,0.000642111,0.000660896,0.02925506649161913,0.000646629,0.00065718,0.01631692980055033,0.000667107,0.000692185,0.03759217037146967,0.00078059,0.000793763,0.016875696588477984,1.0431270898270624,1.2083292834345418,3.847807542137857
1,4,c64,abcijk-eiab-jkec,0.002983379,0.003007061,0.007937979049929655,0.002986665,0.002976394,0.003438952811915641,0.002929469,0.002942702,0.004517200898866092,0.003685573,0.003715736,0.008184073412736526,0.980262213939846,1.2355194899447317,3.6807671993384776
1,4,c64,abcijk-eiac-jkeb,0.003001944,0.002966615,0.011768707211060492,0.00305346,0.002957749,0.031345097037459135,0.002894984,0.00282885,0.022844340417770947,0.004337241,0.00444541,0.024939587170738298,0.958950425817798,1.471400166878941,3.7611835848358086
1,4,c64,abcijk-eibc-jkea,0.00316546,0.003195911,0.009619770902175251,0.003155882,0.003183639,0.008795322512058279,0.003020298,0.003010607,0.0032086237848052424,0.003318105,0.003365626,0.01432172881810545,0.9480607735514976,1.050660091495134,3.7191143292768087
1,4,c64,abcijk-ejab-ikec,0.002904983,0.002934456,0.010145670387744055,0.002951138,0.00293103,0.0068136427371406905,0.002852695,0.0028447,0.00280261296773765,0.003560499,0.003705326,0.04067604007191128,0.9756865275930784,1.2440362841856007,3.7377613840669484
1,4,c64,abcijk-ejac-ikeb,0.003017784,0.00293693,0.026792507349763905,0.003022783,0.002945106,0.025697180379802287,0.002835051,0.002843427,0.0029544442057656273,0.00367893,0.003727588,0.013226128249246294,0.9536974158497759,1.243895340958269,3.7530001567851645
1,4,c64,abcijk-ejbc-ikea,0.003220994,0.003147682,0.022760675741712033,0.003226454,0.003162179,0.019921251008072627,0.00303204,0.003050331,0.006032572129655245,0.003663281,0.003672105,0.002408769624825391,0.9551037807723786,1.1518668480147143,3.7052683522049668
1,4,c64,abcijk-ekab-ijec,0.00287686,0.002884664,0.002712679796722739,0.002906655,0.0029046,0.0007069982505665262,0.00282884,0.002839069,0.003615969796807228,0.003305903,0.003369043,0.01909916897138242,0.9837509952459713,1.1584874917882895,3.804974769771528
1,4,c64,abcijk-ekac-ijeb,0.003027792,0.002998796,0.009576615566723179,0.003019276,0.002988116,0.010320354946020238,0.002842335,0.002862532,0.007105777468173091,0.003734443,0.004032805,0.07989464560042836,0.9466214182755351,1.287893789508921,3.731053051608392
1,4,c64,abcijk-ekbc-ijea,0.003211536,0.003636729,0.13239552662651133,0.003163385,0.00359902,0.13771166013621494,0.002998057,0.003041806,0.014592451044126209,0.003656117,0.003724462,0.018693329562483818,0.8836368762167491,1.0797667485558373,3.447896093689293
1,4,c64,abcijk-ijma-mkbc,0.003183915,0.003183408,0.00015923791935390508,0.003190697,0.003195811,0.0016027845953405784,0.003008917,0.003010467,0.0005151355122126056,0.003658411,0.00370184,0.011871000825221634,0.9453555001871902,1.1559210827352218,3.71131166761006
1,4,c64,abcijk-ijmb-mkac,0.00301616,0.003001671,0.004803790249854112,0.002986745,0.002977947,0.0029456816701793898,0.002811558,0.002821666,0.00359515969437596,0.004053219,0.003990686,0.015427984522918714,0.9360899731195144,1.3366419306390858,3.7214441814834087
1,4,c64,abcijk-ijmc-mkab,0.002869406,0.002879694,0.0035854110572013376,0.002912447,0.002878301,0.011724161847408654,0.002861772,0.002836594,0.008798045406831823,0.003311442,0.00337297,0.01858042508369473,0.9911672261076793,1.162641026067815,3.8060755999165288
1,4,c64,abcijk-ikma-mjbc,0.003193412,0.003201783,0.002621334171726053,0.003667008,0.003188918,0.13037604499362965,0.003009829,0.003008002,0.0006070112288770746,0.003676755,0.003701449,0.0067162484310214765,0.9409933360917401,1.1537050858661912,3.700068723056777
1,4,c64,abcijk-ikmb-mjac,0.002966849,0.0029795,0.0042641199467852164,0.002996133,0.00297945,0.005568177380643746,0.002825554,0.002817318,0.002914826614532906,0.003707203,0.003752995,0.012352169546690606,0.9489652828094961,1.2545638243782098,3.754538961966217
1,4,c64,abcijk-ikmc-mjab,0.002886758,0.002909018,0.007711072421034304,0.002889233,0.002875146,0.004875688461262961,0.002862684,0.002859988,0.0009417735244267034,0.003561329,0.003557703,0.0010181592321292232,0.9873938491629948,1.2283227619992476,3.7600469889368666
1,4,c64,abcijk-jkma-mibc,0.00316536,0.003150527,0.00468603887077601,0.003191508,0.00320562,0.004421734177072478,0.002964434,0.003019874,0.01870171506601248,0.003344314,0.003383439,0.011698961281745524,0.9474627542913867,1.065196034610995,3.7498203475727627
1,4,c64,abcijk-jkmb-miac,0.003018545,0.002998976,0.006482924720353722,0.002979753,0.003043849,0.021510507750138963,0.002833609,0.002822768,0.0038258630601469834,0.004422701,0.004508477,0.01939448314502834,0.9399878323381443,1.4841349641594435,3.699239609019334
1,4,c64,abcijk-jkmc-miab,0.003480269,0.002980541,0.14358890074301722,0.003455612,0.003018362,0.12653330292868525,0.00292507,0.002927843,0.0009480115005793266,0.003658863,0.003783131,0.03396355643816129,0.9086320834432076,1.1551670896515176,3.420277685210798
1,4,c64,abcs-rc-abrs,0.000302977,0.000302741,0.000778937015021075,0.000300472,0.000300628,0.0005191831518411849,0.000359072,0.000338598,0.05701920506193736,0.000451023,0.000468159,0.03799362781942395,1.1513106274481721,1.5172445354777744,3.900540482024088
1,4,c64,abj-bka-kj,0.001034344,0.001018791,0.015036583573743378,0.001032481,0.00102945,0.0029356472419348467,0.00108528,0.001086386,0.001019091847265008,0.001581378,0.001520632,0.03841333318156692,1.0577619254650976,1.5106187099901933,3.795212611002657
1,4,c64,abjc-cbka-kj,0.000499685,0.000498465,0.0024415381690465754,0.000512248,0.000485952,0.051334509846792886,0.000556802,0.000545102,0.021012855557271726,0.000619639,0.000604902,0.023783202800340075,1.1038848931240073,1.2267226705630112,3.924197419337197
1,4,c64,abjc-kbac-jk,0.000322644,0.000325374,0.008461338193178847,0.000323996,0.000325353,0.004188323312633413,0.000370052,0.000372091,0.005510036427312848,0.00052911,0.000526567,0.004806183969306765,1.1452564355258974,1.6290956506089875,3.8655578136724027
1,4,c64,abjcd-dkbac-jk,0.003323365,0.003360387,0.011139913912555421,0.003372386,0.003390372,0.00533331593714359,0.003328685,0.003337634,0.0026884490421892338,0.00409581,0.004121329,0.006230513622458078,0.9974061369309591,1.229433024194508,2.9210627393045643
1,4,c64,abrs-qb-aqrs,0.000273762,0.000270933,0.01033379358713038,0.000270917,0.000272075,0.004274371855586656,0.000319077,0.000315686,0.010627528778319961,0.000458938,0.000467748,0.019196492772444174,1.1653540122247603,1.7012394441567689,3.8238473783858886
1,4,c64,adbjc-cbdka-kj,0.006551352,0.006636767,0.013037766860947153,0.006582951,0.006599719,0.0025471859049233103,0.006628797,0.006683604,0.008268016051781402,0.005835493,0.005667247,0.028831497184556576,1.0094364021711726,0.8721297355574036,2.921511695750342
1,4,c64,ajb-kba-jk,0.000917516,0.00089984,0.019265059137933305,0.000928867,0.000923103,0.006205409385843241,0.00098399,0.000954121,0.030354983282350312,0.001204262,0.001210858,0.005477213430300054,1.066369215721294,1.3289775006919364,3.9329442423304144
1,4,c64,ajbc-ckba-jk,0.000452577,0.000464292,0.025885098005422158,0.000455852,0.000468459,0.027655905864183872,0.000514923,0.000525605,0.020744849229884732,0.000618617,0.000590566,0.04534469631452087,1.134903798112288,1.3185703489221607,3.8403025927928094
1,4,c64,ajbdc-ckbad-jk,0.003439802,0.003402435,0.010863125261279527,0.003452497,0.003439563,0.003746274073518352,0.003442948,0.003479016,0.010475906113017075,0.003946149,0.003981909,0.009061999432864676,1.011653535965943,1.158699352168491,2.568998471095989
1,4,c64,aqrs-pa-pqrs,0.000371555,0.000367462,0.011015865753387755,0.000368098,0.000365869,0.0060554526240295115,0.000424614,0.000420661,0.009309631806770358,0.000403415,0.000406565,0.007808336328594567,1.1437879249668084,1.0960320233518104,3.483102052219429
1,4,c64,ij-ik-kj,0.00313874,0.003133415,0.0016965406500697444,0.003128951,0.003167559,0.01233895960659015,0.003248575,0.003233962,0.004498280015083567,0.003418914,0.003432941,0.004102764796072744,1.0335399660636604,1.0924224786251202,3.9436887128817046
1,4,c64,ij-ikl-ljk,0.001744973,0.001752883,0.004533021427838735,0.00174329,0.001743876,0.00033614602275022776,0.001855661,0.001862877,0.0038886412981682383,0.001457185,0.001457305,8.235055946914649e-05,1.0630913641281168,0.8332239662552939,1.7301591153120124
1,4,c64,ij-kil-lkj,0.002600924,0.002604804,0.0014917775375211662,0.002612556,0.002618649,0.0023321988121975945,0.002751857,0.00275356,0.0006188548314829401,0.002057357,0.002070001,0.006145749133475542,1.0575693285919054,0.7928458381165349,1.8632396782203715
1,4,c64,ijk-ikl-lj,0.000937303,0.000928262,0.009645760229082811,0.000932984,0.000928884,0.004394501942155404,0.00098965,0.00098067,0.009073915020461842,0.001231984,0.001225133,0.005560948843491453,1.0561533229407556,1.31710034409819,2.8186005539047803
1,4,c64,ijk-il-jlk,0.001747849,0.001780794,0.018848882254702826,0.001632393,0.001661924,0.01809061910949139,0.001653332,0.001646396,0.00419516467351988,0.000989731,0.001016326,0.026870937658818317,0.9351653133705756,0.5684814626950804,1.6110386481912171
1,4,c64,ijk-ilk-jl,0.000812649,0.000815884,0.003980808442513251,0.000805476,0.00080281,0.0033098441170188453,0.000834351,0.000849587,0.01826089978917733,0.000925972,0.00090514,0.022497440527359247,1.0339811317439553,1.124323000561302,3.095510346713496
1,4,c64,ijk-ilk-lj,0.000723022,0.000728873,0.008092423190442233,0.000713885,0.000714857,0.0013615638373125627,0.000751335,0.000754901,0.004746218397918334,0.000887981,0.00089962,0.013107262430164468,1.037433154335899,1.2312030996572152,3.6580762790447356
1,4,c64,ijk-ilmk-mjl,0.000285885,0.000286592,0.002473022369134492,0.00028347,0.000284928,0.005143401418139293,0.000340066,0.000343077,0.00885416360353597,0.000324186,0.000329401,0.0160864442017854,1.1933001418886116,1.1416470752796022,3.527827185241001
1,4,c64,ijkl-imjn-lnkm,0.004311583,0.004301783,0.0022729470823128484,0.004292948,0.004301433,0.0019764972694753524,0.004381534,0.004374689,0.0015622382480656727,0.004419294,0.004469675,0.011400237232463084,1.0165858494872577,1.031981222811737,3.6027420701013693
1,4,c64,ijkl-imjn-nlmk,0.004311313,0.004258002,0.012365374539032414,0.0043796,0.004277839,0.023235226961366262,0.004325139,0.004321019,0.0009525705416636443,0.004469709,0.004477069,0.001646639635824343,1.0089866387361681,1.0440680626101628,3.63155160040391
1,4,c64,ijkl-imkn-jnlm,0.004468647,0.004297876,0.03821537033468969,0.004603188,0.004252713,0.07613745082755696,0.004358501,0.004325157,0.007650336663912682,0.004383618,0.004393884,0.0023419011419334446,0.9907282530844552,1.0014417179632182,3.581405230694374
1,4,c64,ijkl-imkn-njml,0.004493794,0.006149192,0.36837425124516177,0.004222988,0.004255738,0.007755172403994592,0.004289031,0.004307724,0.004358327090664638,0.004387114,0.004433618,0.010600134849470644,0.8176885581793687,0.8389826676466617,2.9633013013620575
1,4,c64,ijkl-imln-jnkm,0.004251761,0.004280454,0.006748497857711255,0.004278561,0.004268361,0.0023839790995150434,0.00433661,0.004332971,0.0008391347158265283,0.004432399,0.004427798,0.0010380383173987928,1.0161053441926085,1.0384461603762978,3.6631811542494788
1,4,c64,ijkl-imln-njmk,0.004228618,0.004237674,0.002141598035102721,0.004792573,0.004206356,0.1223178029839086,0.004310431,0.004261228,0.011414867793963168,0.004345927,0.004344383,0.00035527518064615293,1.012429371087832,1.0264605608206459,3.672670279881767
1,4,c64,ijkl-imnj-nlkm,0.004216215,0.004208059,0.0019344364554463311,0.004227927,0.004186649,0.009763177084183505,0.004337512,0.00428334,0.012489187349798647,0.004308428,0.004334424,0.006033755235087979,1.0233149865006144,1.0259420521033307,3.683830880953431
1,4,c64,ijkl-imnk-njml,0.004242113,0.004218959,0.005458129003164003,0.004258715,0.004228007,0.00721062574039355,0.004285234,0.004302154,0.00394844248878834,0.004295894,0.004327571,0.0073737852935849,1.014930907679672,1.0191898979598015,3.6674706506066697
1,4,c64,ijkl-minj-nlmk,0.00527799,0.005271302,0.0012671490472697666,0.005305672,0.005282273,0.004410185929322519,0.005380021,0.005492253,0.020860885115504324,0.005482553,0.005480211,0.00042717325304486575,1.0305617568203556,1.0391944741833072,3.659208441453504
1,4,c64,ijkl-mink-jnlm,0.005156634,0.005390374,0.04532801823825383,0.005260738,0.005271914,0.0021244167643399425,0.005243085,0.005250063,0.0013308958370883417,0.00530429,0.005290789,0.002545298239726712,0.9951375256702634,1.0048037511287284,3.5694475832579498
1,4,c64,ijkl-minl-njmk,0.005237885,0.005258169,0.0038725554302929677,0.005252593,0.005236428,0.0030775276135044383,0.00532604,0.005325283,0.0001421318653257453,0.005355154,0.00532365,0.005882930724307789,1.0147949756045858,1.0174087776462901,3.6650276549287146
1,8,c64,abc-bk-akc,0.000343983,0.000341844,0.006218330557033358,0.000338573,0.000335262,0.009779279505453764,0.000595113,0.000601637,0.010962623905039992,0.00039053,0.00039857,0.020587406857347723,1.7449561446699664,1.1505275785373528,7.309749385912742
1,8,c64,abcijk-eiab-jkec,0.001745664,0.001895569,0.08587276818448442,0.00173795,0.001871114,0.07662130671193057,0.001866731,0.001824638,0.022549044291866327,0.002354192,0.002279972,0.031526740384811514,1.0145631885987445,1.273607388448419,6.060571185298358
1,8,c64,abcijk-eiac-jkeb,0.001745684,0.001758485,0.0073329422736303496,0.001684781,0.001705617,0.012367186002216313,0.001878002,0.001944589,0.035456298768584915,0.002955165,0.002879125,0.025731219745767087,1.0907112379233952,1.6648264908262067,6.406255706780304
1,8,c64,abcijk-eibc-jkea,0.001686634,0.001655594,0.018403518487116965,0.001681154,0.001660883,0.012057788875974529,0.00306994,0.00309204,0.007198837762301347,0.002084368,0.002069452,0.007156125981592654,1.843741997033751,1.242875222109087,7.07893517242831
1,8,c64,abcijk-ejab-ikec,0.001776402,0.001687212,0.05020822989390916,0.001702193,0.001724391,0.013040824395353479,0.001915592,0.001872366,0.022565347944656255,0.002473074,0.002531058,0.023446124135387825,1.0939347690037162,1.4451540686484095,6.303644561624312
1,8,c64,abcijk-ejac-ikeb,0.001709106,0.00173494,0.015115504831180626,0.001696592,0.001648891,0.02811577562548928,0.001921653,0.001937546,0.008270483797022665,0.002433771,0.002437875,0.0016862720444938972,1.1205642575159784,1.4145517600226933,6.488476360197507
1,8,c64,abcijk-ejbc-ikea,0.001691063,0.001830969,0.08273257708317194,0.001652941,0.001633081,0.012014947901951789,0.002994189,0.002883913,0.036830006389042214,0.002245008,0.002230782,0.00633672574886146,1.6699762442005353,1.271795028169858,6.7048591783245834
1,8,c64,abcijk-ekab-ijec,0.001782563,0.001740091,0.02382636686613604,0.001765221,0.001700426,0.036706452053312244,0.001846673,0.001830649,0.008677226558248319,0.002138008,0.002061607,0.03573466516495716,1.0439726394925501,1.1920629189284881,6.223724191089649
1,8,c64,abcijk-ekac-ijeb,0.001693466,0.001707219,0.00812121412534994,0.001681133,0.001680059,0.0006388548675209105,0.001944677,0.001875081,0.03578794833280796,0.002731538,0.002710482,0.007708477787971346,1.1230546668763333,1.6002728182506392,6.612033507311912
1,8,c64,abcijk-ekbc-ijea,0.001746536,0.001721466,0.01435412725532137,0.001664011,0.001655863,0.004896602246018733,0.003154088,0.002925361,0.07251763425750968,0.002193171,0.00220322,0.004581950062261475,1.751816614603631,1.2677312158572975,6.795603648926081
1,8,c64,abcijk-ijma-mkbc,0.001645988,0.00167544,0.017893204567712706,0.001709357,0.001697912,0.006695500120805775,0.003036358,0.003353435,0.1044267507322918,0.002194173,0.002219991,0.011766620043178078,1.9215144817366874,1.329025359782462,7.115026777875196
1,8,c64,abcijk-ijmb-mkac,0.001685162,0.001737175,0.03086528179486603,0.001685833,0.001752253,0.03939892029637582,0.001936811,0.001940132,0.0017146742764264644,0.002751706,0.002696335,0.020122425869624205,1.1329653997198865,1.5920082938625784,6.544517420083793
1,8,c64,abcijk-ijmc-mkab,0.001717742,0.001739349,0.012578722532254671,0.001757797,0.001902843,0.08251578538363646,0.00188248,0.001825208,0.030423696400492917,0.002168865,0.002120927,0.022102804923312402,1.0723808105911528,1.2408142927301864,6.329570609536844
1,8,c64,abcijk-ikma-mjbc,0.001670884,0.001700707,0.017848635811941405,0.001655706,0.001764787,0.06588186550027597,0.003252883,0.003002204,0.07706363862456778,0.002205033,0.002209682,0.002108358469011584,1.8538151252810637,1.3094367814596348,7.018516324053085
1,8,c64,abcijk-ikmb-mjac,0.00170588,0.001723229,0.010170117476024032,0.001679841,0.001767051,0.05191562772905289,0.001927524,0.001920946,0.0034126682728723434,0.002498732,0.002474694,0.00962007930422315,1.1223071746844147,1.450356801384903,6.510739149550159
1,8,c64,abcijk-ikmc-mjab,0.001740184,0.001711678,0.016381026374222563,0.001706702,0.001718961,0.007182859104870154,0.001901145,0.001903263,0.0011140654710715125,0.002491158,0.002422137,0.027706391967109223,1.1021695368424638,1.423283348978963,6.313396215139667
1,8,c64,abcijk-jkma-mibc,0.001681113,0.001654711,0.01570507158055412,0.00164726,0.001629975,0.010493182618408703,0.00301618,0.002989339,0.008899004701310775,0.002065833,0.002059814,0.002913594661330232,1.8003489167465816,1.236807408071595,7.09993036105283
1,8,c64,abcijk-jkmb-miac,0.001745163,0.001724371,0.011914073355898669,0.001702814,0.001690248,0.007379549381200667,0.00192543,0.001932247,0.003540507834613571,0.003354903,0.002923778,0.1285059508426919,1.1118900257646271,1.8054224037476234,6.416001125101175
1,8,c64,abcijk-jkmc-miab,0.001784267,0.001742014,0.023680872873846792,0.001980844,0.001753756,0.11464204147323054,0.001895193,0.001856256,0.02054513709157868,0.002330478,0.002341857,0.00488268930236635,1.0638733131195897,1.3250947942146607,6.248267029713381
1,8,c64,abcs-rc-abrs,0.000161031,0.000163403,0.01473008302749168,0.000158847,0.000163353,0.02836691911084266,0.000274343,0.000278958,0.01682200748697782,0.000264715,0.000263339,0.00519804317851269,1.7054209521491281,1.6276540711270149,7.282499825292058
1,8,c64,abj-bka-kj,0.000519422,0.000541135,0.04180223402166261,0.000526926,0.000530695,0.007152807035522901,0.000664913,0.000642914,0.03308553149058613,0.000819032,0.000810495,0.01042328016487748,1.233235083620647,1.5367832657244567,7.348491188976339
1,8,c64,abjc-cbka-kj,0.000261118,0.00027476,0.05224457907919011,0.000266919,0.000267617,0.002615025532090254,0.000396372,0.000400313,0.0099426801085849,0.000348823,0.000338438,0.029771546027641538,1.4871547814236856,1.2827645729831585,7.311747405706195
1,8,c64,abjc-kbac-jk,0.000178795,0.000173653,0.028759193489750867,0.000173054,0.000173602,0.0031666416263131936,0.000297586,0.000274981,0.07596123473550509,0.000278822,0.000279629,0.0028943196734834142,1.6234494164058488,1.584658898739236,7.107985983833683
1,8,c64,abjcd-dkbac-jk,0.002351998,0.00233815,0.00588776010863945,0.002345075,0.002330226,0.006331993646258582,0.002445112,0.002441482,0.0014845945707191444,0.002971697,0.002965765,0.0019961658271352434,1.0418890729564831,1.2659483063938235,4.162649987618127
1,8,c64,abrs-qb-aqrs,0.000147025,0.000149708,0.018248597177350723,0.00015012,0.000148275,0.012290167865707358,0.00025659,0.000241037,0.060614209439183164,0.000260607,0.000262367,0.006753464028211198,1.676268645999116,1.7625017011832784,7.019399930633444
1,8,c64,adbjc-cbdka-kj,0.003889303,0.003962926,0.018929612838084475,0.00391476,0.003892826,0.005602897751075364,0.003969823,0.003924095,0.011518901472433396,0.004586988,0.004548103,0.008477240402634534,1.005336516353105,1.1634161201666118,4.906903433261379
1,8,c64,ajb-kba-jk,0.000460631,0.000456799,0.008319023252885693,0.000458638,0.000453952,0.010217208342963247,0.000565037,0.000557976,0.012496526776122674,0.00058301,0.000587811,0.00823485017409653,1.2240722428657334,1.2761969522972036,7.790549773515463
1,8,c64,ajbc-ckba-jk,0.000271909,0.000246438,0.0936747220577473,0.000270406,0.000244904,0.09431003749916789,0.001446635,0.001389459,0.0395234457897119,0.000327312,0.000350531,0.0709384318326245,5.476924108119342,1.3085145336356083,6.800512705475767
1,8,c64,ajbdc-ckbad-jk,0.00242797,0.002458124,0.012419428576135427,0.002445613,0.002532782,0.035643006477312555,0.004019386,0.005951358,0.48066346451920783,0.002783706,0.004002039,0.4376658310899211,2.002001248256226,1.3662456409928405,3.5975093806956786
1,8,c64,aqrs-pa-pqrs,0.000213129,0.000214438,0.006141820212171911,0.00020827,0.000211794,0.01692034378451046,0.000293709,0.00031779,0.08198931595558845,0.000239889,0.000243863,0.01656599510606993,1.429080170679365,1.1313734306338994,6.020212535521602
1,8,c64,ij-ik-kj,0.001614299,0.001606392,0.004898101281113343,0.001600453,0.001603617,0.001976940278783701,0.001783125,0.001770406,0.0071329828250964455,0.001819262,0.001824096,0.0026571214041737345,1.1033405398980705,1.1312372944309674,7.680181833385835
1,8,c64,ij-ikl-ljk,0.000965896,0.000965753,0.00014804906532384088,0.00096803,0.000965702,0.002404884146152475,0.001084267,0.00108851,0.003913242771383718,0.000966788,0.000963538,0.0033616470208567284,1.1248279905322758,0.9993136793230772,3.132987403432063
1,8,c64,ij-kil-lkj,0.001497601,0.001526053,0.018998384750010144,0.001489856,0.00151359,0.01593039864255341,0.001646088,0.001682394,0.022055928966130622,0.001404366,0.001381124,0.016549816785652705,1.1007976929345873,0.9212417680664584,3.2080210623416816
1,8,c64,ijk-ikl-lj,0.000481931,0.000485201,0.006785203690984787,0.000493353,0.000484209,0.018534396263932718,0.000585525,0.000586128,0.0010298450108876533,0.000617364,0.000618458,0.001772050200530062,1.2114784146148962,1.2778282383568795,5.436952608226909
1,8,c64,ijk-il-jlk,0.000511466,0.000510998,0.0009150168339635556,0.00050805,0.000511379,0.006552504674736559,0.000600533,0.000612737,0.02032194733678261,0.000551992,0.000548097,0.007056261684951881,1.1865539979298607,1.0759129121930322,5.5596412876844905
1,8,c64,ijk-ilk-jl,0.000480298,0.000481834,0.0031980145659569192,0.000467083,0.000484329,0.03692277389671639,0.000816346,0.000816055,0.00035646649827403287,0.00055078,0.000551804,0.0018591815243838017,1.6966518671967505,1.1459809356235091,5.239548450125093
1,8,c64,ijk-ilk-lj,0.000480849,0.000508774,0.05807436430147517,0.00048144,0.000496011,0.03026545363908273,0.000586978,0.000587731,0.0012828419463759566,0.000594812,0.000588292,0.01096144664196419,1.1874993974616446,1.195967887742053,5.368928636803341
1,8,c64,ijk-ilmk-mjl,0.000218689,0.000219858,0.005345490628243743,0.000218388,0.000219037,0.0029717750059528036,0.000325298,0.000326436,0.0034983307613325465,0.000266618,0.000262457,0.015606598204172206,1.4861242282581373,1.2063941081213119,4.605220326653751
1,8,c64,ijkl-imjn-lnkm,0.003089296,0.003069028,0.006560718040615088,0.003057838,0.003063647,0.001899708225223229,0.003212237,0.003217472,0.0016297054046758852,0.003121376,0.003179853,0.018734365869411462,1.0440733049248638,1.0231666568377549,5.039014516353381
1,8,c64,ijkl-imjn-nlmk,0.002361416,0.002407099,0.019345596032211088,0.002339145,0.002367304,0.012038159241945401,0.002440072,0.002485534,0.018631417433583985,0.002447056,0.002460578,0.00552582368364285,1.0329467840456836,1.02921781617562,6.52629498507177
1,8,c64,ijkl-imkn-jnlm,0.00219235,0.002208269,0.007261158118001321,0.002190556,0.002198732,0.003732385750466971,0.002379229,0.002366162,0.005492115302898504,0.002506306,0.002507585,0.0005103127870260682,1.0783492182050487,1.139367812314712,7.133250843927375
1,8,c64,ijkl-imkn-njml,0.002181629,0.002189154,0.0034492574126947506,0.002178794,0.002175558,0.0014852253127187742,0.002299179,0.002296753,0.0010551592546731436,0.002392323,0.002384577,0.0032378570953838226,1.051513692432092,1.0929164864411094,7.127919931593284
1,8,c64,ijkl-imln-jnkm,0.002188472,0.002198872,0.004752174119659891,0.002205054,0.002206446,0.0006312770571603732,0.002345536,0.00237036,0.010583508417692178,0.002493493,0.002503027,0.0038235519409921537,1.0748744373238197,1.1388495959833278,7.123890962264628
1,8,c64,ijkl-imln-njmk,0.00217114,0.00218171,0.004868410143979762,0.002173514,0.002182942,0.00433767622384762,0.00229431,0.002285603,0.003795040774786207,0.002328564,0.002367345,0.016654470308739677,1.0521654149473276,1.0787788933849796,7.143359613977333
1,8,c64,ijkl-imnj-nlkm,0.002181499,0.002185738,0.0019431592680079213,0.002180928,0.002184765,0.0017593428118671817,0.002310711,0.002331087,0.008818065089057026,0.002342761,0.002363838,0.008996649679587465,1.0628586138841256,1.0776960406691767,7.1060033576101755
1,8,c64,ijkl-imnk-njml,0.00218231,0.00216538,0.007757834588119739,0.002178624,0.002184254,0.002584199935371956,0.002301965,0.002318554,0.007206451879155473,0.00231539,0.002329044,0.005897062697860944,1.0627538421151608,1.068256739206319,7.137319429745548
1,8,c64,ijkl-minj-nlmk,0.002693457,0.002721422,0.010382567830115708,0.002706501,0.002733995,0.010158503543874486,0.002870467,0.002901586,0.010841093104362542,0.002943895,0.002983368,0.013408426591301703,1.0659603084417304,1.0946155227467969,7.128980238216365
1,8,c64,ijkl-mink-jnlm,0.002636731,0.002630824,0.0022402740362971185,0.002637822,0.002617199,0.007818192432999638,0.002769037,0.002814635,0.01646709668379298,0.00290931,0.002990902,0.028045137850555735,1.0599774134038997,1.1199980880435363,7.145206785074741
1,8,c64,ijkl-minl-njmk,0.002677567,0.002683691,0.002287150984457309,0.002678589,0.002704882,0.009815988940445886,0.00282316,0.002824744,0.0005610734071042067,0.002869456,0.002873935,0.0015609230460409407,1.0534668285902102,1.0712771145223097,7.175234140968472
16,1,f64,abc-bk-akc,0.01591258,0.015897306,0.0009598694869090707,0.015936665,0.015899991,0.0023012342921182594,0.015250545,0.015187305,0.004146737051036631,0.018584399,0.018337987,0.013259078219317266,0.9568656678823462,1.1606947600190132,1.0
16,1,f64,abcijk-eiab-jkec,0.017889512,0.017992071,0.005732912110738342,0.017968369,0.017929806,0.0021461602886718723,0.015214457,0.015221387,0.0004554878297660103,0.026549742,0.026996973,0.016845022448805702,0.8482336896107364,1.4922715649697438,1.0
16,1,f64,abcijk-eiac-jkeb,0.018374969,0.018305304,0.003791298913211727,0.018302083,0.018333677,0.0017262515966078862,0.015215469,0.015079273,0.008951153592439365,0.034998216,0.035302835,0.008703843647344778,0.8259068979357267,1.9165756433260244,1.0
16,1,f64,abcijk-eibc-jkea,0.017300031,0.017280027,0.0011562985060546982,0.017289011,0.017343845,0.0031716099897212136,0.014467323,0.014414185,0.003672967002948724,0.017280785,0.01713667,0.008339609572134643,0.8352057694394578,0.9952892222904172,1.0
16,1,f64,abcijk-ejab-ikec,0.018125593,0.018147231,0.0011937816324134598,0.018197347,0.018210037,0.0006973544000672405,0.01534465,0.015480089,0.00882646394671771,0.022126073,0.022121514,0.00020604650450173345,0.8497945165325452,1.2198552458438392,1.0
16,1,f64,abcijk-ejac-ikeb,0.018543944,0.018513352,0.0016497029973774335,0.018493119,0.018558105,0.0035140637985404677,0.014962887,0.015075777,0.007544667015128903,0.019514275,0.01938298,0.006728151571093521,0.8105950878275886,1.0496461119291554,1.0
16,1,f64,abcijk-ejbc-ikea,0.017574013,0.017768075,0.011042554708477814,0.017533377,0.017471584,0.0035243068120877075,0.014828216,0.014468857,0.024234810175411514,0.017228338,0.017085706,0.008278918140565916,0.8289071828795107,0.9709178717586262,1.0
16,1,f64,abcijk-ekab-ijec,0.018069418,0.018093622,0.001339500807386207,0.01802211,0.01813062,0.006020937614962918,0.015326406,0.01536784,0.0027034387579187857,0.017941248,0.018071289,0.007248157987671755,0.8487733583568795,0.995831939926321,1.0
16,1,f64,abcijk-ekac-ijeb,0.018516853,0.018490249,0.0014367452179914197,0.018475165,0.018464753,0.0005635673619154291,0.015047145,0.014940786,0.007068384068871558,0.023840724,0.023636624,0.008560981621195785,0.8103241949370639,1.2829137921715354,1.0
16,1,f64,abcijk-ekbc-ijea,0.017574383,0.017446157,0.007296187866168591,0.017405378,0.017318319,0.005001844832097313,0.014567209,0.01441062,0.010749416720800764,0.017085611,0.017096377,0.000630120866031536,0.8274458404588536,0.9760619177366147,1.0
16,1,f64,abcijk-ijma-mkbc,0.017414385,0.017393035,0.001225997932169265,0.017335257,0.017329907,0.0003086195953138082,0.014630337,0.014417299,0.01456138706852761,0.017171492,0.017032464,0.0080964426387643,0.8345019606052457,0.9826548443162315,1.0
16,1,f64,abcijk-ijmb-mkac,0.018588027,0.018438449,0.008047007893844826,0.018537453,0.018425095,0.006061134720071859,0.01511417,0.014997609,0.0077120344683168085,0.023842458,0.023606864,0.009881279857974268,0.8132504726225654,1.2814917707029896,1.0
16,1,f64,abcijk-ijmc-mkab,0.018121766,0.018181913,0.0033190473820265964,0.018128389,0.018125537,0.00015732230812126602,0.015312652,0.015275386,0.00243367380124615,0.01818805,0.018271689,0.004598568840529893,0.8425608126291418,1.0042974736716141,1.0
16,1,f64,abcijk-ikma-mjbc,0.017579644,0.01745463,0.007111293038698618,0.0174384,0.01740106,0.002141251490962448,0.014424543,0.014430875,0.0004389740458328184,0.017209633,0.017141077,0.0039835829154518665,0.8236391887315879,0.9804929962200124,1.0
16,1,f64,abcijk-ikmb-mjac,0.018604227,0.018485628,0.006374841588419722,0.01850946,0.018429603,0.004314388426242544,0.015098621,0.014996698,0.006750484034270476,0.019392719,0.019349285,0.002239706562034871,0.8114159591108191,1.0445491824517343,1.0
16,1,f64,abcijk-ikmc-mjab,0.018134921,0.018062211,0.004009391604187118,0.018119412,0.018104389,0.0008291107901295947,0.015395586,0.015283561,0.007276436246077322,0.022237621,0.021749911,0.021931752501762602,0.8475534571066587,1.215149225725422,1.0
16,1,f64,abcijk-jkma-mibc,0.017266519,0.017333495,0.0038789520921964638,0.017234339,0.017208613,0.001492717533292165,0.014234849,0.014263404,0.0020059924766324677,0.017071285,0.017246634,0.010271575924132303,0.8236497270184218,0.9918358794430827,1.0
16,1,f64,abcijk-jkmb-miac,0.018412759,0.018337423,0.0040915106747447805,0.018444509,0.018259428,0.010034476927523572,0.015154606,0.015188435,0.0022322586281688928,0.03513387,0.035244976,0.00316236156164984,0.8256581123211408,1.915062792770891,1.0
16,1,f64,abcijk-jkmc-miab,0.017967908,0.017998393,0.0016966360246279955,0.017938123,0.017917873,0.0011288806526746908,0.015193037,0.015224763,0.002088193427028484,0.026447401,0.026609652,0.006134856124426102,0.8457304069496419,1.4751815587714083,1.0
16,1,f64,abcs-rc-abrs,0.009842388,0.009845574,0.00032370193087283283,0.009784168,0.009844983,0.006215653696870271,0.00934567,0.009280533,0.006969751767396004,0.014014788,0.01405272,0.0027065696605612644,0.9460648770780801,1.4256164622717382,1.0
16,1,f64,abj-bka-kj,0.019877825,0.019953666,0.0038153570624552824,0.019908262,0.019877274,0.0015565396919128283,0.019771016,0.019817582,0.002355265910462201,0.028900803,0.028438529,0.01599519570442376,0.9939030998275432,1.439503544106676,1.0
16,1,f64,abjc-cbka-kj,0.03613455,0.036067481,0.001856090639014596,0.035925639,0.036002359,0.0021355222101964166,0.040094674,0.040065537,0.0007267049982747631,0.026226439,0.026950291,0.02760008707243866,1.1102214048310202,0.7364311691559439,1.0
16,1,f64,abjc-kbac-jk,0.013275688,0.013382904,0.008076116281129808,0.013252525,0.013378727,0.00952286451072526,0.01208256,0.012275865,0.015998679087875445,0.019079705,0.019785273,0.036980026682802425,0.9136962283150227,1.4576496457363788,1.0
16,1,f64,abjcd-dkbac-jk,0.018197888,0.018473344,0.015136701577677547,0.018306832,0.018487529,0.009870468030733104,0.018198049,0.018351477,0.008431013676246213,0.021977266,0.021851247,0.005734061734521401,0.9967004957128565,1.1952030501086486,1.0
16,1,f64,abrs-qb-aqrs,0.009287341,0.009265485,0.0023533108130733282,0.009292922,0.009219389,0.007912796427216429,0.008500902,0.008502065,0.000136809011561434,0.01389799,0.013838551,0.004276805494895397,0.9164630099178817,1.495001168963994,1.0
16,1,f64,adbjc-cbdka-kj,0.042707692,0.042715959,0.0001935716872736304,0.042691673,0.042746456,0.0012832244826761485,0.043312792,0.043165706,0.003395902069762813,0.04160314,0.042811677,0.029049177538041704,1.0123469590415117,0.9880889527197716,1.0
16,1,f64,ajb-kba-jk,0.018254374,0.018261369,0.00038319583021584336,0.018245988,0.018255337,0.0005123866134297828,0.017832116,0.017816712,0.0008638346677422026,0.020169921,0.02018211,0.0006043157035666713,0.9762590706702684,1.105058437382149,1.0
16,1,f64,ajbc-ckba-jk,0.022127466,0.022043644,0.003788142754348689,0.022132345,0.022058743,0.003325540063649046,0.023055248,0.02304634,0.0003863762385033498,0.017690721,0.017761299,0.0039895490975185854,1.0437063987891475,0.802606354702733,1.0
16,1,f64,ajbdc-ckbad-jk,0.018634725,0.01891714,0.015155308167949855,0.01868591,0.018946464,0.013943875358491953,0.018292775,0.018679007,0.02111390972665439,0.020796229,0.020813858,0.0008477017636228101,0.9845266029426638,1.1081010239309068,1.0
16,1,f64,aqrs-pa-pqrs,0.007311833,0.007320407,0.0011726197794725834,0.009511781,0.00946148,0.005288284076347072,0.00992385,0.009856674,0.006769147054822566,0.015593937,0.01578387,0.012179926082810155,1.3518376768296823,2.144390574499482,1.0
16,1,f64,ij-ik-kj,0.168870315,0.170330042,0.008644071043510504,0.129998085,0.130025913,0.00021406469179896526,0.130144368,0.131210024,0.00818826059380462,0.133560649,0.135871029,0.017298358590635443,0.7705022536761895,0.7942924036200868,1.0
16,1,f64,ij-ikl-ljk,0.018488775,0.018519958,0.0016865909180030503,0.01848616,0.018500462,0.0007736598622969382,0.01850768,0.018491676,0.0008647221045533504,0.024897877,0.024951641,0.0021593808982187657,0.9997468887300192,1.3469660445379594,1.0
16,1,f64,ij-kil-lkj,0.021909874,0.021782397,0.005818244322171817,0.021908993,0.02185446,0.0024890692146372073,0.021725119,0.02174134,0.0007466472335548868,0.030165204,0.03028239,0.0038848071440191756,0.9948359282451948,1.3834881159854333,1.0
16,1,f64,ijk-ikl-lj,0.016282713,0.016335844,0.003263031166857555,0.016299335,0.016252789,0.00285569932761065,0.015897664,0.01562826,0.01694613749542051,0.019946537,0.020310545,0.0182491828030098,0.9664687100321926,1.2341284647591066,1.0
16,1,f64,ijk-il-jlk,0.018207769,0.018019932,0.01031631058148863,0.018435956,0.018168207,0.014523195867900851,0.018811898,0.01853612,0.01465976479353659,0.018562973,0.018585182,0.0011964139580442623,1.030910071444244,1.0254210638853638,1.0
16,1,f64,ijk-ilk-jl,0.016104561,0.016120365,0.0009813369020119644,0.016096065,0.016086462,0.0005966054436286061,0.015447654,0.015364421,0.005388067340192926,0.018880295,0.018893584,0.000703855527681263,0.9561532053206414,1.1721945057411522,1.0
16,1,f64,ijk-ilk-lj,0.016185271,0.016232914,0.0029436022418161123,0.01617936,0.016190776,0.0007055903323740509,0.015533955,0.015477301,0.0036471072563297735,0.020013071,0.020060402,0.002365004351406297,0.9566000607189581,1.2361422554854828,1.0
16,1,f64,ijk-ilmk-mjl,0.007590238,0.007672698,0.0108639544636151,0.007546035,0.007531055,0.001985148491890132,0.007354717,0.007378973,0.0032980194887171077,0.013344966,0.013501392,0.011721723382434934,0.9653375382467094,1.75892070010153,1.0
16,1,f64,ijkl-imjn-lnkm,0.262423314,0.262929416,0.0019285710262770817,0.262442828,0.26294056,0.0018965349664650244,0.256285867,0.25986302,0.013957667825670539,0.2531291,0.253095185,0.00013398301499112364,0.9824575018046682,0.9635897747524543,1.0
16,1,f64,ijkl-imjn-nlmk,0.259551049,0.259994916,0.001710133716315898,0.259592005,0.259657747,0.00025325125093877965,0.258288069,0.257462784,0.003195211467549419,0.258888089,0.25781982,0.004126373693461027,0.9926944210323548,0.9945356678325713,1.0
16,1,f64,ijkl-imkn-jnlm,0.261894748,0.261684263,0.0008037007294244836,0.262203213,0.261790826,0.0015727763030882747,0.258722352,0.263241026,0.017465340605747226,0.253405411,0.256531765,0.012337360862432423,0.9968769748285532,0.9739268052792212,1.0
16,1,f64,ijkl-imkn-njml,0.259406153,0.259728512,0.0012426806236938148,0.259604884,0.259476517,0.0004944706664300469,0.256183242,0.256562948,0.0014821656445429543,0.257631315,0.261590314,0.015366916867229241,0.9876939122546583,1.0001386354102688,1.0
16,1,f64,ijkl-imln-jnkm,0.260897242,0.260281004,0.0023619950723741123,0.26075778,0.260720376,0.00014344346696004706,0.25808562,0.263075528,0.01933431238826855,0.25663545,0.257549954,0.0035634359945206917,0.9999220565376682,0.9865817580265416,1.0
16,1,f64,ijkl-imln-njmk,0.25896106,0.259137262,0.0006804189015907625,0.258884266,0.259174416,0.0011207710861811382,0.255666396,0.255091642,0.002248062353880864,0.259943803,0.261340578,0.00537337295169138,0.9858316895953523,1.0061459720820929,1.0
16,1,f64,ijkl-imnj-nlkm,0.25902192,0.259006809,5.833869195326358e-05,0.259092701,0.259322727,0.0008878135088798977,0.256736531,0.257312295,0.0022426259237724455,0.256253147,0.258526304,0.008870747643930255,0.9923165936504338,0.9937179223600007,1.0
16,1,f64,ijkl-imnk-njml,0.259075847,0.259391558,0.001218604527036371,0.25911023,0.258299521,0.0031288189586340387,0.255176744,0.254745047,0.0016917568318843834,0.25489106,0.255806652,0.0035920914605636067,0.9835173781129023,0.9850127144124331,1.0
16,1,f64,ijkl-minj-nlmk,0.31383614,0.313024079,0.002587531824728595,0.313865013,0.31332857,0.0017091519531680088,0.313432304,0.312677213,0.0024091039448186358,0.309665148,0.316224835,0.021183162013440393,0.9988025528822119,0.9983982291215765,1.0
16,1,f64,ijkl-mink-jnlm,0.315520107,0.313931311,0.005035482572272376,0.315239913,0.314307994,0.0029562214731355674,0.312566811,0.312229663,0.0010786429913060003,0.30747957,0.311046527,0.011600630897200759,0.9926077779574765,0.9826298971719306,1.0
16,1,f64,ijkl-minl-njmk,0.315221092,0.313987121,0.003914620662503143,0.314674881,0.314142994,0.0016902747315252764,0.309066399,0.308814099,0.0008163294386459574,0.310694096,0.313335091,0.00850030635921728,0.9819986801554526,0.9917620042957017,1.0
16,4,f64,abc-bk-akc,0.004344435,0.0041723,0.03962195314235328,0.004277421,0.004108021,0.03960330301833748,0.004192093,0.004020978,0.040818512375560445,0.005364714,0.005443037,0.014599659925953246,0.9643326851130088,1.2692276203942503,3.7357486751984035
16,4,f64,abcijk-eiab-jkec,0.005325281,0.005260246,0.012212501086797278,0.00527613,0.005265536,0.0020079111015081086,0.004985812,0.005017364,0.006328357346807367,0.009394035,0.00937037,0.0025191517808907937,0.9449992459411034,1.7726792654072796,3.389733325171978
16,4,f64,abcijk-eiac-jkeb,0.005322065,0.005401248,0.014878247447184467,0.00548126,0.005301873,0.03272732911775755,0.004960916,0.004959156,0.0003547731910800156,0.011873757,0.011594031,0.023558339622412716,0.9251191592824943,2.1883871728838837,3.4206972139107625
16,4,f64,abcijk-eibc-jkea,0.00516803,0.005377665,0.040563812516568376,0.005125301,0.005147786,0.004387059413681227,0.004614795,0.004595458,0.004190218633763676,0.005171106,0.005137638,0.006472116409913076,0.8735368333477731,0.9777190679501817,3.279716190571657
16,4,f64,abcijk-ejab-ikec,0.005294343,0.005264314,0.005671903010439627,0.005255882,0.005319526,0.012109099861830952,0.005015207,0.00502071,0.0010972627849659133,0.007092413,0.007507741,0.058559477571314744,0.950495510833248,1.3822121928920663,3.4353767000956212
16,4,f64,abcijk-ejac-ikeb,0.005387957,0.005390008,0.0003806637655052736,0.005443139,0.005325798,0.021557597555381225,0.004949796,0.004949558,4.808278967471935e-05,0.006376277,0.006563913,0.029427203366478638,0.9184808241981569,1.2004891255660448,3.4382449788639113
16,4,f64,abcijk-ejbc-ikea,0.005212463,0.005277538,0.012484501089024658,0.005214987,0.005351285,0.026135827375983967,0.00468195,0.004723557,0.008886681831288268,0.005230917,0.0051869,0.008414776988432293,0.8966248863488807,0.9931290256616324,3.3691355472602336
16,4,f64,abcijk-ekab-ijec,0.005272694,0.005329856,0.010841137376832455,0.005242238,0.005266137,0.004558930746753509,0.005079315,0.005051537,0.005468847669420018,0.006735854,0.006869413,0.01982807228303951,0.9555211863871284,1.283163875974044,3.4108358347453724
16,4,f64,abcijk-ekac-ijeb,0.005954266,0.005390528,0.09467800061334164,0.005337093,0.005376242,0.0073352665955042085,0.00501121,0.00489735,0.022721059384859243,0.008725348,0.008774972,0.005687337628252687,0.8744240694536316,1.5444877889531448,3.2660678299281884
16,4,f64,abcijk-ekbc-ijea,0.005245544,0.005145933,0.018989641493808884,0.00521109,0.005164668,0.008908309010207116,0.004701015,0.004707987,0.0014830839722910216,0.005204528,0.005230862,0.0050598248294562165,0.9054951221079447,1.0042688107856639,3.3702537513175144
16,4,f64,abcijk-ijma-mkbc,0.005193636,0.005157354,0.006985857306903931,0.005178217,0.00521443,0.006993333805825452,0.004657173,0.004707687,0.010846494214408642,0.00522296,0.00525713,0.006542267220120301,0.9047232479218471,1.0124730750783222,3.362734123030257
16,4,f64,abcijk-ijmb-mkac,0.005339527,0.005497378,0.029562730931035563,0.005328616,0.005398503,0.013115413082871674,0.004875377,0.004894966,0.004017945689122948,0.008655286,0.008888623,0.02695890118477884,0.9016744183565358,1.6189325732916222,3.4170367293633714
16,4,f64,abcijk-ijmc-mkab,0.005309962,0.005233396,0.014419312228599601,0.005273734,0.00533737,0.01206659266470389,0.005053397,0.005005592,0.009459973162607382,0.006782948,0.006797439,0.0021363867156287686,0.9540737069379912,1.2880846288150596,3.4433608800886453
16,4,f64,abcijk-ikma-mjbc,0.005188466,0.005585692,0.0765594300897412,0.005308208,0.005232785,0.014208749920877173,0.004757589,0.004691576,0.013875305327971654,0.005226978,0.005207868,0.0036560322235907883,0.8775964519756322,0.9691641483088529,3.2538863623718868
16,4,f64,abcijk-ikmb-mjac,0.005490356,0.005404505,0.015636690954102028,0.005341491,0.005360853,0.003624830595052808,0.004912265,0.004923299,0.002246214322720874,0.00635138,0.00644895,0.015362015813886076,0.9027984099961296,1.1748984727382978,3.404432323920144
16,4,f64,abcijk-ikmc-mjab,0.005245632,0.005322992,0.014747508021912381,0.005301035,0.005259494,0.007836394213582842,0.005054679,0.005011072,0.00862705623838822,0.007311397,0.007567011,0.03496103412248042,0.952434887240573,1.4076203895561283,3.4250465071018463
16,4,f64,abcijk-jkma-mibc,0.005132724,0.005149309,0.003231227706769424,0.005147441,0.005159458,0.0023345580842986102,0.004617119,0.004616417,0.00015204286482539686,0.005139186,0.005122008,0.003342552692196743,0.8980274606411704,0.9979731605736264,3.3650926998146
16,4,f64,abcijk-jkmb-miac,0.005376716,0.005869881,0.09172234501506127,0.005371005,0.005452053,0.015089913340240901,0.004886659,0.004977219,0.018532089102186067,0.011942033,0.011786199,0.013049201923993947,0.8778618887192118,2.111800172608506,3.2708105419451323
16,4,f64,abcijk-jkmc-miab,0.005268666,0.00524625,0.00425458740409812,0.005235063,0.005240759,0.0010880480330419662,0.004996232,0.004986126,0.0020227243250513505,0.009351246,0.008977278,0.039991248225102916,0.9493538101357676,1.7427386100886908,3.4205094751713374
16,4,f64,abcs-rc-abrs,0.003063371,0.002701761,0.11804316225491462,0.002945163,0.002796057,0.05062741858430264,0.002929814,0.00255055,0.1294498558611571,0.004887468,0.004913931,0.005414460002602484,0.9501970620840212,1.7034650513510226,3.421743875420167
16,4,f64,abj-bka-kj,0.005665539,0.005623803,0.0073666424324322355,0.005614033,0.005555736,0.010384156986608328,0.005780331,0.005694655,0.014821988567782718,0.00951747,0.009660089,0.014984969745110766,1.016422796649627,1.6986959675434168,3.5282562079663897
16,4,f64,abjc-cbka-kj,0.012629341,0.012617306,0.0009529396664481604,0.012556236,0.012494388,0.004925679956955253,0.013213423,0.012982486,0.01747745455511418,0.009164046,0.00824269,0.10054030719618823,1.03755932473829,0.6885008026245977,2.8598652349019247
16,4,f64,abjc-kbac-jk,0.00378086,0.003588853,0.050783948625445,0.003700461,0.003702706,0.0006066811675626838,0.003729595,0.003656119,0.019700798612181658,0.006027779,0.006407873,0.06305705633866143,1.0024618760243964,1.6871841051776415,3.6185165792156653
16,4,f64,abjcd-dkbac-jk,0.007154706,0.007113266,0.005791992011970892,0.007184,0.00714767,0.005057071269487734,0.007384251,0.007398207,0.0018899682581212662,0.007382218,0.007417062,0.004719990658633932,1.0360627117716412,1.0372393078282802,2.5701166297192817
16,4,f64,abrs-qb-aqrs,0.002926257,0.002419776,0.1730815167635652,0.00249554,0.002417161,0.03140763121408596,0.002379535,0.002322986,0.023764727142067676,0.004270606,0.004352054,0.019071766395682532,0.883538603656272,1.6201233278101952,3.4860688421511763
16,4,f64,adbjc-cbdka-kj,0.013707157,0.013868186,0.011747804449894428,0.013765756,0.01373617,0.0021492462891249398,0.013956109,0.013855732,0.007192334195727401,0.012101546,0.011495868,0.050049638285885156,1.0085870582197844,0.8554759204528806,3.097880129744958
16,4,f64,ajb-kba-jk,0.005393265,0.004830234,0.10439520401834512,0.005003363,0.004763741,0.04789218771454318,0.00510405,0.004867444,0.04635652080210806,0.006011029,0.006150424,0.023189873148174778,0.9765578526336854,1.191288568818878,3.577174884431609
16,4,f64,ajbc-ckba-jk,0.007742424,0.007887328,0.018715585713208194,0.00780005,0.007927012,0.016277075146954312,0.007912058,0.007814573,0.012321067413813114,0.005673324,0.005829316,0.027495697407727837,1.0062222839573658,0.7359090880186134,2.8262079197427776
16,4,f64,ajbdc-ckbad-jk,0.007445274,0.007338406,0.014353803500045892,0.007317047,0.007348805,0.00434027552371874,0.007455463,0.007551773,0.012918044124154315,0.006781656,0.006800684,0.0028058043640080133,1.0151274290107168,0.9187618752295975,2.5400836708558954
16,4,f64,aqrs-pa-pqrs,0.002259574,0.002137902,0.05384731812279653,0.002758517,0.002732519,0.009424629248251826,0.002855446,0.002886866,0.011003534999436182,0.004742059,0.004737131,0.00103921102626503,1.3063005430464794,2.156423186074851,3.3286916336903776
16,4,f64,ij-ik-kj,0.042803087,0.042878531,0.0017625831520049484,0.048769258,0.048760113,0.00018751566816954668,0.048631614,0.048859869,0.004693551811790542,0.035841178,0.035865523,0.0006792466475293857,1.1378316127025383,0.8368974155545433,3.958811183465728
16,4,f64,ij-ikl-ljk,0.006834014,0.006725523,0.015875150387459014,0.006875601,0.006657246,0.031757951050388145,0.006920134,0.006919845,4.17621970904003e-05,0.007684587,0.007656998,0.0035901734211610803,1.0207149416425079,1.131458344022453,2.7294371865227056
16,4,f64,ij-kil-lkj,0.007919511,0.007752035,0.021147265279384153,0.007905506,0.008056161,0.019056971179327364,0.007891439,0.007738199,0.01941851163013486,0.009527414,0.009564179,0.003858864535539297,0.9973348693534886,1.2183002149493751,2.7881473950053626
16,4,f64,ijk-ikl-lj,0.004568276,0.004406184,0.03548209433930871,0.004750964,0.004701534,0.010404204283593788,0.004369538,0.00450601,0.03123259255326305,0.006226912,0.00619731,0.0047538812175280665,0.9890229149493938,1.384619656342454,3.6351864498202704
16,4,f64,ijk-il-jlk,0.006254774,0.005619002,0.10164587881192844,0.00620386,0.005565242,0.1029388155116332,0.006339741,0.00552067,0.12919628735621858,0.004800135,0.004777246,0.004768407555204135,0.9979211964005774,0.8077558726362122,3.0554102899710003
16,4,f64,ijk-ilk-jl,0.004312353,0.004225629,0.020110598552576686,0.004504628,0.004121113,0.08513799585670556,0.004230081,0.004064479,0.03914865932827294,0.005364728,0.005416516,0.009653425113071767,0.9713459854293408,1.2627897110426856,3.7744966705440577
16,4,f64,ijk-ilk-lj,0.004322843,0.004142233,0.041780374628456185,0.00421348,0.004176567,0.008760691874650006,0.004264875,0.004118729,0.034267358363375244,0.005626202,0.005725692,0.017683332379462957,0.9904504843776796,1.341280646343916,3.8305068041019643
16,4,f64,ijk-ilmk-mjl,0.002423271,0.002357319,0.027216105833808846,0.002374801,0.002184228,0.08024798709449776,0.002281879,0.00245404,0.07544703290577637,0.003491515,0.003555381,0.018291773055535865,0.9900951967492446,1.474143829385836,3.192946034600454
16,4,f64,ijkl-imjn-lnkm,0.073027522,0.06853752,0.06148369651649954,0.068251161,0.06854266,0.004270974965539409,0.06784906,0.066828609,0.015040016766628805,0.06649166,0.066407154,0.0012709263086527756,0.9517998970388247,0.9392550675611089,3.712900588376082
16,4,f64,ijkl-imjn-nlmk,0.067532818,0.068533003,0.014810354870723685,0.06762031,0.068551247,0.013767121150435324,0.067436562,0.066612016,0.01222698749085116,0.067836501,0.068142646,0.00451298335685113,0.9851824851374819,0.999387467189132,3.8184446951195086
16,4,f64,ijkl-imkn-jnlm,0.066957769,0.067921826,0.014397985691548376,0.066911383,0.068675329,0.02636242027757807,0.067047177,0.066872763,0.002601362321339784,0.067067274,0.066757849,0.004613651063259283,0.9929096195441496,0.9922048163272841,3.8819240473004695
16,4,f64,ijkl-imkn-njml,0.067271053,0.068150653,0.013075460555077134,0.067329411,0.068123823,0.011798885334077802,0.067564467,0.066326096,0.018328731876179893,0.06850672,0.068572458,0.0009595846947569875,0.9886720836288968,1.0122605744571114,3.8335473045252484
16,4,f64,ijkl-imln-jnkm,0.06681306,0.067777059,0.014428301891875828,0.066679783,0.067921157,0.018616947208721202,0.066332923,0.066739627,0.006131254007907927,0.067550345,0.067441935,0.0016048770735368478,0.9887452585059189,1.0030134472821375,3.872433240806441
16,4,f64,ijkl-imln-njmk,0.067172308,0.0679278,0.0112470752084326,0.067093733,0.067988473,0.01333567175342587,0.067124722,0.065481465,0.024480652597712038,0.06856703,0.068473316,0.0013667501713285901,0.9814801796204181,1.0143771071872945,3.8349813389930008
16,4,f64,ijkl-imnj-nlkm,0.067815051,0.068580447,0.011286521040882125,0.067802819,0.068640919,0.01236084299090856,0.068502364,0.066493641,0.029323411378912256,0.067420783,0.066894808,0.007801377803636544,0.9896454553756162,0.984758866289608,3.798049737154045
16,4,f64,ijkl-imnk-njml,0.067197122,0.068223524,0.01527449345226417,0.067225233,0.068092529,0.012901346135907099,0.066842727,0.065749486,0.016355421884568067,0.067662654,0.067406101,0.003791648491943689,0.9791085658434522,0.9974283473482886,3.8286791339111694
16,4,f64,ijkl-minj-nlmk,0.083247999,0.082684323,0.006771045631979722,0.083247038,0.082741399,0.006073957850608491,0.082601164,0.080561459,0.024693417153298314,0.083465765,0.081879414,0.019006008032155464,0.9832370973103409,0.9964214382851404,3.7778252144878173
16,4,f64,ijkl-mink-jnlm,0.080691337,0.082043241,0.01675401660527709,0.080707367,0.082194983,0.018432220691823487,0.080488223,0.080430327,0.0007193102026864517,0.080569022,0.080659323,0.001120790568861496,0.9888746116527899,0.9907782686438243,3.868084717287252
16,4,f64,ijkl-minl-njmk,0.081333204,0.081965697,0.007776565644702638,0.081214955,0.081965517,0.009241672300378534,0.080678143,0.07983531,0.010446856715578878,0.081309422,0.082413241,0.01357553617832874,0.9829364631429599,1.0025797420324691,3.853128948413259
16,8,f64,abc-bk-akc,0.002340472,0.002347012,0.0027943081566452754,0.002289497,0.002289715,9.521742111906484e-05,0.002329582,0.002339988,0.004466895777869073,0.00344988,0.003473019,0.0067071898152979426,0.9961768296450145,1.4768833489725888,6.786137999302719
16,8,f64,abcijk-eiab-jkec,0.003624533,0.003635201,0.002943275726831507,0.003664547,0.003656961,0.0020701058002531303,0.003701185,0.003767818,0.018003153044227727,0.006586898,0.006597098,0.0015485286093697148,1.0287861555777067,1.8160453659606752,4.9425330418299245
16,8,f64,abcijk-eiac-jkeb,0.003881931,0.003875608,0.0016288285391986568,0.003869909,0.003861151,0.002263102310674392,0.003810358,0.003818322,0.002090092322033721,0.007217407,0.007297081,0.011039144667884138,0.9833889816132011,1.870989516578013,4.7283318883241625
16,8,f64,abcijk-eibc-jkea,0.003715932,0.003684332,0.008503923107311961,0.003825506,0.003694872,0.034148162360743806,0.003759013,0.003760814,0.0004791151294236684,0.00381714,0.003830634,0.003535107436457574,1.0161658210003468,1.033453917399889,4.672855925551779
16,8,f64,abcijk-ejab-ikec,0.00360655,0.00372617,0.03316743147883705,0.003673604,0.003639849,0.009188524402739096,0.003774742,0.003727602,0.012488270721548678,0.005522705,0.005394277,0.02325454645866476,1.0232484454208326,1.4888989841921447,4.947365366379936
16,8,f64,abcijk-ejac-ikeb,0.003866903,0.003892229,0.006549427280694742,0.003900606,0.003861833,0.009940250309823706,0.003743625,0.003784318,0.01086994557414278,0.004759208,0.004819417,0.012651054545210094,0.9701952634446769,1.234479164980186,4.775982774330659
16,8,f64,abcijk-ejbc-ikea,0.004064058,0.003726942,0.08295058781149278,0.003704331,0.003702907,0.0003844148916497536,0.003757259,0.003767207,0.0026476748076189605,0.003900806,0.003915613,0.0037958821843484536,0.9666940447698873,1.004201327340312,4.540455203811946
16,8,f64,abcijk-ekab-ijec,0.003688783,0.003683431,0.0014508850208863056,0.003655461,0.003648585,0.001881021299365515,0.003744937,0.003785991,0.010962534216196529,0.005528064,0.005370663,0.028473078459294143,1.0215137654772686,1.478198165211858,4.905316290280206
16,8,f64,abcijk-ekac-ijeb,0.003875279,0.00382249,0.01362198695887451,0.003862746,0.00384433,0.004767592795384412,0.003754665,0.003770793,0.004295456452173552,0.007032896,0.006608919,0.0602848385643695,0.9776362057007808,1.771363313318128,4.807621877719129
16,8,f64,abcijk-ekbc-ijea,0.003651744,0.003690294,0.010556599805462863,0.003700364,0.003723315,0.006202362794579086,0.003756568,0.003785641,0.007739244970409231,0.003891218,0.003900114,0.0022861736350932027,1.0272702118259647,1.0612086619217842,4.7699001277097555
16,8,f64,abcijk-ijma-mkbc,0.003821288,0.003695824,0.032832908694660046,0.003735629,0.003710081,0.0068390089058629755,0.00376859,0.003692428,0.020209680543651576,0.003959724,0.003881219,0.019825876753026273,0.9926243795194661,1.0431722037200795,4.631068771739194
16,8,f64,abcijk-ijmb-mkac,0.003852025,0.00386014,0.002106684146650162,0.003872081,0.003866983,0.0013166046887964633,0.003746409,0.00376932,0.0061154561608196545,0.006942908,0.006796559,0.02107891966881892,0.9745250833676012,1.7814316925380247,4.801011696059458
16,8,f64,abcijk-ijmc-mkab,0.003609225,0.003695193,0.023818963904993273,0.00367128,0.003687668,0.004463838225360117,0.003739375,0.00378507,0.012219956543540134,0.00551533,0.005391081,0.02252793577174894,1.0301748098561954,1.4931317767770909,4.970436216444028
16,8,f64,abcijk-ikma-mjbc,0.003713689,0.003688841,0.006690921076051404,0.00368777,0.00372076,0.008945785664507211,0.003753342,0.003707696,0.012161428401675112,0.003928697,0.003880067,0.012378149803866312,1.0078905998640253,1.0548632110413414,4.732739796513041
16,8,f64,abcijk-ikmb-mjac,0.004135802,0.003909232,0.05478260322907136,0.003839151,0.003887961,0.012713748430317029,0.003760294,0.003796431,0.009610152823156914,0.004788251,0.004739368,0.010208946857631407,0.9396650292008261,1.184740071724721,4.612085263910149
16,8,f64,abcijk-ikmc-mjab,0.003659849,0.003678982,0.005227811311340869,0.003682501,0.00369349,0.0029841132426033923,0.003692629,0.003730529,0.01026369017846096,0.005469796,0.005346728,0.022499559398558855,1.0114807759626334,1.4737852138234073,4.9322817200392315
16,8,f64,abcijk-jkma-mibc,0.003702768,0.003697156,0.001515622906971159,0.003699172,0.003676849,0.006034593687452294,0.003707317,0.003682258,0.006759335659723753,0.003823713,0.003803023,0.005410970959378925,0.9985960174421707,1.030647088946283,4.675718173128043
16,8,f64,abcijk-jkmb-miac,0.003829353,0.003830505,0.0003008341095740441,0.003878895,0.003884034,0.0013248618485419694,0.00389788,0.003772286,0.03222110480568918,0.007435872,0.007352234,0.01124790744111781,1.001211479063934,1.9305670740971457,4.797752804040835
16,8,f64,abcijk-jkmc-miab,0.003675317,0.003683811,0.0023110931655692113,0.003708599,0.003652784,0.015050157754990412,0.003700093,0.0038713,0.04627099913434618,0.00650148,0.006712202,0.032411389406719726,1.0285813887341129,1.7953228255642715,4.887306218585874
16,8,f64,abcs-rc-abrs,0.002282924,0.002116532,0.07288547494353737,0.002012252,0.00201312,0.0004313575039309736,0.002061544,0.002078982,0.008458708618394928,0.004180253,0.004175718,0.0010848625669307443,0.9418104880215663,1.9006787447889235,4.478294135148102
16,8,f64,abj-bka-kj,0.004141622,0.004376962,0.0568231480323409,0.004542816,0.004262419,0.06172316906517894,0.004544269,0.004615787,0.015738064802061524,0.00638947,0.006632754,0.038075771542866566,1.075680456332077,1.5290009147625718,4.677611656417716
16,8,f64,abjc-cbka-kj,0.008927317,0.008498519,0.04803212432133874,0.008210759,0.008594939,0.04678982783443031,0.008501608,0.008621558,0.014109095596974042,0.006129508,0.006016446,0.01844552613358197,0.98290447459335,0.6971893054133386,4.144642996975695
16,8,f64,abjc-kbac-jk,0.002408276,0.0025721,0.06802542565719216,0.00244282,0.002417072,0.010540277220589256,0.002579935,0.002559838,0.007789731136637279,0.004867799,0.004695766,0.03534102373577874,1.0325558926291594,1.9209784307464377,5.355581669062598
16,8,f64,abjcd-dkbac-jk,0.004452267,0.004440711,0.0025955316695966957,0.004477936,0.004443326,0.007729007292645584,0.004794303,0.004779121,0.003166675114192774,0.005244648,0.005178615,0.012590549451555244,1.0765145314138809,1.1720553714722932,4.1235037803567565
16,8,f64,abrs-qb-aqrs,0.001912207,0.001590933,0.16801214512863927,0.001622469,0.001574332,0.029668979807934814,0.001684474,0.001652207,0.019155534606055125,0.003134864,0.002734744,0.1276355210305774,0.9564691964409311,1.6787046536521615,5.318465880996461
16,8,f64,adbjc-cbdka-kj,0.008169011,0.008286674,0.01440357957652405,0.008183699,0.008408421,0.027459709845144564,0.008443221,0.008173283,0.031970974110472894,0.009552849,0.008930364,0.06516223589423431,1.0096654131566418,1.1226029253934746,5.191265778307271
16,8,f64,ajb-kba-jk,0.002772522,0.002712583,0.02161894477302606,0.002740784,0.002801268,0.022068138167765206,0.002853923,0.00286185,0.0027775801939995404,0.003808093,0.003797663,0.0027389036979925674,1.0421147453376187,1.3867014394802046,6.657652449650452
16,8,f64,ajbc-ckba-jk,0.005150983,0.005130065,0.00406097243962944,0.005134553,0.005132349,0.0004292486609838164,0.005335326,0.00532556,0.0018304411014433697,0.004131323,0.004077555,0.013014717077313942,1.0369471665931713,0.7984321150051809,4.296363745588268
16,8,f64,ajbdc-ckbad-jk,0.004492773,0.004487007,0.0012833944648438234,0.004570117,0.004482779,0.01911067047079984,0.004701,0.00471904,0.0038374813869388458,0.004756453,0.004709121,0.009951112730431588,1.049026219801137,1.0540856914377694,4.181707207954937
16,8,f64,aqrs-pa-pqrs,0.001573598,0.001485327,0.056095012830468804,0.001706165,0.001663439,0.025042126640741014,0.001836877,0.001902193,0.035558178364691884,0.002758736,0.0027811,0.008106611143654296,1.2226703832726762,1.8117799045739582,4.785450302315312
16,8,f64,ij-ik-kj,0.021967972,0.021984816,0.0007667526160357596,0.025037161,0.024992208,0.0017954511695634778,0.025152034,0.025185317,0.0013232727023189117,0.019514874,0.019289837,0.011531563052879612,1.1452594018165316,0.8828577910601624,7.717308876349734
16,8,f64,ij-ikl-ljk,0.003488016,0.003520197,0.009226161806597188,0.003276394,0.003309694,0.010163612801146638,0.00346328,0.003451969,0.003265979071862546,0.005089756,0.00504698,0.00840433215266112,0.9867440753313211,1.4464104636028916,5.280819810015596
16,8,f64,ij-kil-lkj,0.004237185,0.004210692,0.006252500185854437,0.004236273,0.004215952,0.004796905204173418,0.004532723,0.004489231,0.009595115342367011,0.006442202,0.006419586,0.003510600878395387,1.0679480221244801,1.5224927355477198,5.1719858006166275
16,8,f64,ijk-ikl-lj,0.002596734,0.002579986,0.006449640201884321,0.002491028,0.002473527,0.007025613521807084,0.002487902,0.002502911,0.006032793896222577,0.004020423,0.004071092,0.012602902729389243,0.9640885639245099,1.5630358025754374,6.301033170935433
16,8,f64,ijk-il-jlk,0.002468566,0.002472024,0.0014008132656773142,0.002427109,0.002433442,0.0026092771276444715,0.002592426,0.002597147,0.0018210741598796432,0.002580974,0.002592108,0.004313875304439385,1.0503952207679064,1.0470553689454507,7.332570181347867
16,8,f64,ijk-ilk-jl,0.002737655,0.002571319,0.060758568921211786,0.002272963,0.002304341,0.013804888157000539,0.002326563,0.002332264,0.002450395712473963,0.00347928,0.003467728,0.0033202271734381616,0.877968480451572,1.309181515301705,6.072877806704013
16,8,f64,ijk-ilk-lj,0.002765457,0.002339958,0.15386209223285696,0.002295064,0.002315703,0.008992777543458619,0.002353012,0.002326904,0.011095566023462622,0.003604943,0.003603171,0.0004915473004705184,0.9198432334073404,1.416785657280769,6.371926322292351
16,8,f64,ijk-ilmk-mjl,0.001729696,0.00175561,0.014981823395556093,0.001432596,0.001386813,0.031958067731586604,0.00149436,0.001534738,0.027020262855001365,0.002012391,0.001939482,0.03623003680696257,0.8690521267924904,1.1337052201241855,4.3792812296301316
16,8,f64,ijkl-imjn-lnkm,0.036888344,0.036930522,0.0011433964072768976,0.037027331,0.036973633,0.0014502260505894204,0.036800081,0.036749035,0.0013871165120532547,0.035595737,0.035558777,0.0010383265838828093,0.9963457077713371,0.9639069234093179,7.116779225196184
16,8,f64,ijkl-imjn-nlmk,0.037338081,0.037259135,0.0021143561180876347,0.037212929,0.037230702,0.0004776028245452313,0.037007799,0.036947134,0.0016392490674735916,0.035997406,0.036081652,0.00234033530082689,0.9913902086217016,0.966243152165657,6.964684397042086
16,8,f64,ijkl-imkn-jnlm,0.034810638,0.035339369,0.015188776488382683,0.034824284,0.035402808,0.016612660291881465,0.034633139,0.034827896,0.005623429051579754,0.03631107,0.03607565,0.0064834222731524616,0.9902028240012746,1.031908569120007,7.463917162828905
16,8,f64,ijkl-imkn-njml,0.03588874,0.036125023,0.0065837641555539506,0.035750293,0.03634323,0.016585514418021585,0.035258051,0.035467989,0.005954327991640751,0.036100572,0.036124432,0.0006609313558798569,0.9821193362548739,1.00293868591299,7.208863107282792
16,8,f64,ijkl-imln-jnkm,0.035215864,0.035226198,0.00029344729409452874,0.035164149,0.03517846,0.0004069770037660181,0.034659213,0.034522658,0.003939933662083006,0.036305866,0.036354531,0.0013404170003823435,0.9821083456417562,1.0314914047370285,7.398674492096816
16,8,f64,ijkl-imln-njmk,0.035524409,0.036097221,0.01612446247874244,0.035070058,0.036142296,0.030574172417964007,0.034730107,0.034847214,0.003371915899942346,0.036084478,0.03588668,0.005481525879354687,0.9714865156496971,1.0049085462058063,7.234055726733966
16,8,f64,ijkl-imnj-nlkm,0.037410239,0.037520603,0.002950101441479669,0.03731914,0.037539087,0.005893678150139525,0.037352552,0.037326972,0.0006848260327700917,0.03558265,0.035532801,0.0014009355683176627,0.9966470231700529,0.9490819636982306,6.913432130904423
16,8,f64,ijkl-imnk-njml,0.035980871,0.036390518,0.011385132950227916,0.035722001,0.036217617,0.013874250773353802,0.035329443,0.034977877,0.009951076783180635,0.035811578,0.035744225,0.0018807604624403451,0.971482906383106,0.9887459481344635,7.164096502187144
16,8,f64,ijkl-minj-nlmk,0.045079166,0.045028036,0.0011342268399552324,0.045029735,0.045038065,0.0001849888745737438,0.044923868,0.044972302,0.0010781351240725101,0.044885618,0.045034378,0.003314201889790036,0.9976580054604501,0.9979212030685675,6.956822318485422
16,8,f64,ijkl-mink-jnlm,0.042565689,0.042094693,0.011065156257660802,0.042664022,0.042223342,0.010329077741428216,0.041907478,0.041082778,0.019679065392577355,0.043236324,0.043024495,0.004899329554473586,0.9802394055889317,1.0189168985982224,7.435108834196764
16,8,f64,ijkl-minl-njmk,0.04205237,0.043762349,0.040663082722804944,0.042314967,0.043615425,0.030732813758309163,0.042360692,0.043308103,0.022365333408623345,0.04555105,0.045097596,0.009954852851910223,0.9984367373639688,1.0565263695470632,7.333613213927043
16,1,c64,abc-bk-akc,0.057072712,0.057107024,0.0006011979945863555,0.057058234,0.057050398,0.00013733337768562226,0.056169154,0.05620141,0.0005742653699216671,0.070033581,0.069308294,0.010356274656296516,0.9841550557122586,1.2203565936318224,1.0
16,1,c64,abcijk-eiab-jkec,0.056914747,0.057217103,0.0053124368628045815,0.056942389,0.056998987,0.0009939519748636272,0.053469345,0.053432222,0.0006942856696673383,0.065785169,0.06885343,0.0466406189516666,0.9366529648169986,1.1793737304954381,1.0
16,1,c64,abcijk-eiac-jkeb,0.057896601,0.05830665,0.007082436497438005,0.057897502,0.058332509,0.0075133984191579906,0.052661086,0.052770811,0.0020836068591520984,0.082075506,0.082883822,0.009848443700121612,0.9073110727514253,1.4195676384360054,1.0
16,1,c64,abcijk-eibc-jkea,0.058859278,0.059351235,0.008358189510921266,0.058906466,0.059327319,0.007144427913906792,0.053919765,0.053798775,0.0022438896015218868,0.061213173,0.061055736,0.0025719464011447757,0.9112506338020457,1.0343400378205851,1.0
16,1,c64,abcijk-ejab-ikec,0.056310128,0.056378054,0.001206283885555992,0.05631072,0.056374387,0.0011306372925083963,0.052841612,0.05308091,0.0045285900816196545,0.065221366,0.064924473,0.004552081905184413,0.939959000617039,1.154917238811612,1.0
16,1,c64,abcijk-ejac-ikeb,0.057384834,0.057472601,0.0015294459159713725,0.057263038,0.057430122,0.0029178333150958746,0.052518739,0.052188631,0.006285527914141276,0.064665639,0.065717078,0.01625962437330908,0.9116247477332171,1.135133441395518,1.0
16,1,c64,abcijk-ejbc-ikea,0.059048191,0.059521934,0.008022989222481014,0.058824132,0.059562811,0.012557414361847208,0.053957505,0.053925503,0.0005930963635180087,0.06131401,0.061147939,0.0027085326828241163,0.909873919528685,1.0328302671718874,1.0
16,1,c64,abcijk-ekab-ijec,0.056377965,0.056351566,0.00046825031730046707,0.056303556,0.056332231,0.0005092928766348148,0.052930588,0.052917838,0.0002408815107060036,0.058175791,0.057988953,0.0032116108227904228,0.9389591812856536,1.030471748624033,1.0
16,1,c64,abcijk-ekac-ijeb,0.057128556,0.057491919,0.006360444328402215,0.05716831,0.057459008,0.005084950036130076,0.052215873,0.052038042,0.0034056885345956633,0.069179787,0.068922084,0.003725119882199257,0.909560767398227,1.2048660983977932,1.0
16,1,c64,abcijk-ekbc-ijea,0.058960817,0.059419616,0.0077814220247320876,0.058941631,0.059384751,0.007517946016797561,0.053861325,0.053977872,0.0021638346253085583,0.061526667,0.061084132,0.007192572287395338,0.9109608843065573,1.0357363807555877,1.0
16,1,c64,abcijk-ijma-mkbc,0.058992127,0.059297356,0.005174063311872201,0.058992448,0.059357107,0.006181452242836283,0.053901643,0.053780874,0.002240543947797602,0.06126926,0.061084851,0.003009812751125107,0.910332897190277,1.0343639710101618,1.0
16,1,c64,abcijk-ijmb-mkac,0.05717811,0.057543684,0.006393600627932594,0.057249163,0.057543483,0.005141035861083276,0.052650347,0.052167253,0.009175514075909219,0.069434675,0.068874312,0.00807036253860205,0.9136626551668633,1.2055996444827044,1.0
16,1,c64,abcijk-ijmc-mkab,0.056490577,0.056353791,0.002421394987698555,0.056364351,0.056341899,0.00039833688495760633,0.053525621,0.053102743,0.007900478165400515,0.058534223,0.058079231,0.007773093699390166,0.9449085113932366,1.0333936386179075,1.0
16,1,c64,abcijk-ikma-mjbc,0.059110758,0.059446425,0.005678610989897859,0.059136166,0.059507198,0.006274197755735456,0.053987844,0.054039787,0.0009621239922081859,0.061139176,0.061049337,0.0014694179064500545,0.9111894257240742,1.0306332068608317,1.0
16,1,c64,abcijk-ikmb-mjac,0.057141862,0.057501147,0.006287596998501677,0.057163753,0.05748623,0.005641284609147368,0.052305002,0.052185078,0.0022927826290877196,0.065688851,0.064387899,0.019804761084951994,0.9114426184976722,1.1345731767165583,1.0
16,1,c64,abcijk-ikmc-mjab,0.056366505,0.056305012,0.0010909493146682436,0.056341618,0.056348193,0.00011669881400977467,0.053368948,0.0530783,0.00544601328847627,0.064550044,0.065163332,0.009500969511345492,0.9447540060553911,1.1512398957944745,1.0
16,1,c64,abcijk-jkma-mibc,0.058920292,0.059209697,0.004911805257176827,0.058846064,0.059240415,0.006701399774163397,0.053853251,0.053818568,0.0006440279714960973,0.061285189,0.061007572,0.004529919945257754,0.9114716546311887,1.0352393488149012,1.0
16,1,c64,abcijk-jkmb-miac,0.057968536,0.058367551,0.006883303038738076,0.05800317,0.058369895,0.006322499270298376,0.052669231,0.052842433,0.003288485453679879,0.082400303,0.082981981,0.0070591730712445955,0.9069596990743445,1.4215901368148722,1.0
16,1,c64,abcijk-jkmc-miab,0.057146931,0.057075128,0.001256462923616919,0.056893538,0.057061392,0.00295031748596819,0.053554854,0.053419006,0.002536614141455784,0.066378187,0.068857086,0.037345084462761635,0.9365423440541737,1.1837694010046058,1.0
16,1,c64,abcs-rc-abrs,0.031232647,0.031371784,0.004454857764697229,0.031091063,0.031384858,0.009449500005837885,0.030983612,0.030988942,0.00017202642480795838,0.040557348,0.040597365,0.0009866769395276975,0.9899092737589835,1.2963124537118593,1.0
16,1,c64,abj-bka-kj,0.075510582,0.075423766,0.0011497196512139096,0.075594218,0.075295788,0.003947788705215505,0.075422888,0.075515758,0.0012313238389918268,0.098091264,0.098606108,0.005248622344187659,1.0000284520916785,1.3031939605266032,1.0
16,1,c64,abjc-cbka-kj,0.07540252,0.075617629,0.002852809163407244,0.075346726,0.07562362,0.003674930746161431,0.075288577,0.075394945,0.0014128039636081002,0.062671058,0.063723154,0.016787589576036765,0.9977717431179066,0.8369079370478513,1.0
16,1,c64,abjc-kbac-jk,0.036695617,0.036859665,0.0044705066547865435,0.036695838,0.03681956,0.003371554016561751,0.035971605,0.036102957,0.0036515468242244165,0.053488633,0.053058948,0.008033202119784977,0.979870100453095,1.4485292785307824,1.0
16,1,c64,abjcd-dkbac-jk,0.046438659,0.046551183,0.0024230673844394257,0.04654649,0.046496341,0.0010773959540237854,0.04483776,0.044513232,0.007237828116301914,0.045602708,0.04599545,0.00861225171101676,0.960862672098303,0.9850256879124198,1.0
16,1,c64,abrs-qb-aqrs,0.031214944,0.031311362,0.00308884103716478,0.031236885,0.031293849,0.0018236133340441274,0.030407988,0.030258684,0.004910025615637581,0.040239154,0.040636207,0.009867329715729234,0.9702565893806936,1.2934473131142965,1.0
16,1,c64,adbjc-cbdka-kj,0.073107554,0.073551649,0.00607454326812773,0.073046941,0.073524941,0.0065437374030488105,0.078333301,0.077950132,0.00489152116798941,0.050598406,0.052196505,0.03158397914748545,1.065624772168093,0.7008285669199431,1.0
16,1,c64,ajb-kba-jk,0.063831755,0.063771623,0.0009420389585090838,0.063789797,0.063816126,0.0004127462578380481,0.063413635,0.063256004,0.0024857587804262282,0.075472992,0.075707005,0.00310061909298609,0.9926818315464927,1.1847635622195107,1.0
16,1,c64,ajbc-ckba-jk,0.057004708,0.057033911,0.0005122910198924746,0.056961197,0.05705952,0.0017261399896495444,0.056273873,0.056353045,0.0014069051191838433,0.042859146,0.043461625,0.014057186300445501,0.9876206398602686,0.75692490885449,1.0
16,1,c64,ajbdc-ckbad-jk,0.047288877,0.04754309,0.005375746182342267,0.047000207,0.047557136,0.011849501003261542,0.045724465,0.046302833,0.01264898342714349,0.044923629,0.045078856,0.0034553530837857505,0.9704091784058236,0.9490752682523874,1.0
16,1,c64,aqrs-pa-pqrs,0.031992005,0.031944479,0.001485558657545849,0.031862824,0.0318585,0.00013570674087137746,0.032094206,0.032032734,0.0019153612960545185,0.040795183,0.040741803,0.0013084878182798576,1.0029786475732128,1.2752811220130864,1.0
16,1,c64,ij-ik-kj,0.518068183,0.51855145,0.0009328250910942693,0.51800562,0.518604745,0.0011565994206779173,0.516939734,0.516435396,0.0009756224310666362,0.52774802,0.529601078,0.0035112552388165685,0.9968701019430475,1.0199957201760486,1.0
16,1,c64,ij-ikl-ljk,0.065658051,0.065753064,0.0014470883395549805,0.065499695,0.065751531,0.003844842330945175,0.067950733,0.067785749,0.002427994411774659,0.081236519,0.08198218,0.00917888911512832,1.0329142798303734,1.2420337380508804,1.0
16,1,c64,ij-kil-lkj,0.077300537,0.077739764,0.005682069194422379,0.077468761,0.07767341,0.002641697083550998,0.079572862,0.079486598,0.001084088190770216,0.097873243,0.099017164,0.011687780694055627,1.0259272839136924,1.2699141625825399,1.0
16,1,c64,ijk-ikl-lj,0.059515908,0.059905128,0.00653976412491275,0.059778006,0.059875664,0.0016336777777432587,0.059120058,0.059117235,4.775029144943321e-05,0.074817429,0.075336964,0.00694403706387714,0.9900929092748358,1.2573521110044827,1.0
16,1,c64,ijk-il-jlk,0.060827798,0.060635405,0.0031629124565711875,0.060830492,0.060643852,0.003068198100386943,0.062024032,0.062194121,0.0027423080137711775,0.063809898,0.063857831,0.0007511844008902813,1.0226816789787048,1.0510827724255891,1.0
16,1,c64,ijk-ilk-jl,0.056905761,0.057026576,0.0021230715111604237,0.056924677,0.057047546,0.002158448786630851,0.056420074,0.056234175,0.0032949088297899998,0.069022374,0.069905663,0.012797140243249405,0.9887812531682262,1.219366782177901,1.0
16,1,c64,ijk-ilk-lj,0.058584086,0.0587138,0.002214150784907609,0.058497965,0.058706508,0.0035649616187503064,0.058088591,0.058060247,0.0004879443538232664,0.071475765,0.071985997,0.0071385315008520855,0.9902045938086483,1.2230479787040953,1.0
16,1,c64,ijk-ilmk-mjl,0.028712591,0.028634664,0.002714035804013637,0.028642479,0.028656054,0.00047394640666409416,0.0287981,0.029120958,0.011211086842534801,0.041299551,0.042149132,0.020571192166229713,1.0099561280323541,1.4550728746704902,1.0
16,1,c64,ijkl-imjn-lnkm,0.996081451,0.998109356,0.002035882706142189,0.996366385,0.998956234,0.0025992938330612336,0.991789163,0.997872454,0.006133653428516128,1.036095322,1.031772601,0.004172126741828985,0.9977246605810164,1.036944141334963,1.0
16,1,c64,ijkl-imjn-nlmk,0.996326876,0.998768216,0.0024503404041464893,0.996250483,0.998171813,0.0019285611729034091,0.994115688,0.994362792,0.00024856664368422265,1.041027771,1.058737726,0.01701199093179606,0.9966842990924619,1.052427220624004,1.0
16,1,c64,ijkl-imkn-jnlm,0.991579662,0.993265707,0.0017003626280507333,0.990772832,0.99482495,0.00408985578643728,0.989255506,1.001283561,0.01215869401489078,1.033737419,1.041190751,0.00721008242809873,1.0028506378770463,1.045378932005362,1.0
16,1,c64,ijkl-imkn-njml,0.990369321,0.99301848,0.0026749202987479404,0.990096389,0.992617953,0.0025467863816237557,0.99052874,0.988460364,0.0020881534441897776,1.04274346,1.059716507,0.01627729892451213,0.9977825755434829,1.0600011399354712,1.0
16,1,c64,ijkl-imln-jnkm,0.987041463,0.990667031,0.0036731668687761676,0.986994494,0.990062101,0.0031080284830848903,0.986482927,0.996666128,0.010322734151079871,1.033158262,1.046472502,0.012886931740957452,1.002739406995186,1.051515753710114,1.0
16,1,c64,ijkl-imln-njmk,0.986793296,0.990013761,0.003263565949479297,0.987355899,0.989553035,0.002225272571142023,0.987857866,0.986584018,0.0012895053467135709,1.034294055,1.037682591,0.0032761824199019074,0.9988046563372646,1.0481430736489643,1.0
16,1,c64,ijkl-imnj-nlkm,0.994863978,0.996290264,0.0014336492541093815,0.99510409,0.996045894,0.0009464376736709745,0.994091488,0.991002932,0.003106913234126818,1.031722016,1.044644167,0.012524837891992657,0.9969556776176614,1.042775321644415,1.0
16,1,c64,ijkl-imnk-njml,0.990152719,0.990661269,0.0005136076387424193,0.98933882,0.99048102,0.0011545084220996316,0.987045557,0.986408362,0.0006455578422708275,1.050428883,1.046448665,0.0037891360989927847,0.9962843018703962,1.0585919991745687,1.0
16,1,c64,ijkl-minj-nlmk,1.216832595,1.215599143,0.0010136579222717046,1.214909923,1.215819779,0.000748908197039988,1.213701138,1.214108949,0.0003360061115804669,1.254224553,1.254439759,0.0001715849043819606,0.9981001016226528,1.0313401959498296,1.0
16,1,c64,ijkl-mink-jnlm,1.202371643,1.205443069,0.0025544730848248154,1.202811268,1.205367038,0.0021248304434740017,1.204731403,1.205641666,0.0007555733981310375,1.233235821,1.26095062,0.022473235473752906,1.0010632654414555,1.035808309022344,1.0
16,1,c64,ijkl-minl-njmk,1.20485964,1.206141819,0.0010641729189302396,1.205661257,1.206706266,0.0008667517463407659,1.205312856,1.203668151,0.0013645461357295607,1.252480633,1.234615424,0.014263860477593537,0.9991618948231544,1.0315349392451874,1.0
16,4,c64,abc-bk-akc,0.014485796,0.014881213,0.027296877575799128,0.014460359,0.014853761,0.027205548631261456,0.014452314,0.014371744,0.005574885793375395,0.01860251,0.018554063,0.00260432597536564,0.981596682190374,1.2653624365880867,3.888379728702509
16,4,c64,abcijk-eiab-jkec,0.014951605,0.014946124,0.00036658271804268505,0.014676256,0.014886542,0.01432831370616583,0.01412726,0.013943517,0.013006272978624334,0.022921203,0.022935471,0.000622480416930804,0.9388731867091392,1.5337844740943245,3.8173953419400077
16,4,c64,abcijk-eiac-jkeb,0.014881666,0.014683104,0.013342726546879846,0.014947799,0.014974817,0.0018074901863478487,0.01378731,0.013796052,0.0006340613216064828,0.027327874,0.027164748,0.005969216632073171,0.9330017698801593,1.843194006603969,3.9305277322136156
16,4,c64,abcijk-eibc-jkea,0.015344184,0.015292518,0.003367138975914341,0.015308537,0.015388658,0.00523374637302032,0.014093547,0.014299319,0.014600440896816114,0.016031036,0.016055119,0.0015022734650462777,0.9267368503447614,1.0473121939873875,3.8584328495583953
16,4,c64,abcijk-ejab-ikec,0.014436282,0.014443768,0.0005185545696599902,0.014412719,0.014401068,0.0008083832065275409,0.013835871,0.013780123,0.004029236757122079,0.018500128,0.018390508,0.005925364408289613,0.9562289074591411,1.2773687847437354,3.9019380268935575
16,4,c64,abcijk-ejac-ikeb,0.014860628,0.014863079,0.00016493246449611476,0.014834139,0.014854603,0.0013795205775002373,0.013731638,0.01375748,0.001881931347156307,0.017821681,0.018050986,0.012866631380059168,0.9248209164040826,1.206845910356907,3.8641681489259896
16,4,c64,abcijk-ejbc-ikea,0.015351899,0.015485849,0.008725304928074218,0.015392143,0.015468967,0.0049911178709813875,0.014425353,0.014345404,0.005542256054323236,0.016142934,0.016148292,0.00033190992418119514,0.9329772504798631,1.0471429428369894,3.8449726344049227
16,4,c64,abcijk-ekab-ijec,0.014355334,0.014414393,0.004114080522264363,0.014355123,0.014372235,0.001192048302198545,0.013789416,0.013766757,0.0016432167975787282,0.016197024,0.016523992,0.020186918288199074,0.9578200636306541,1.1372875130186917,3.9183467202931457
16,4,c64,abcijk-ekac-ijeb,0.014616268,0.014825769,0.014333412605735063,0.014909069,0.014572788,0.022555466072361807,0.013843366,0.013808825,0.0024951301583732155,0.021243149,0.02101222,0.010870751789200273,0.9392308526174276,1.4352202519872443,3.893168157708851
16,4,c64,abcijk-ekbc-ijea,0.015340398,0.015441667,0.006601458449774222,0.015254719,0.015377216,0.0080301053070857,0.01420146,0.014245939,0.003132001920929328,0.016090568,0.016143514,0.003290499129676494,0.9241588624745823,1.0471751312559585,3.845751886992877
16,4,c64,abcijk-ijma-mkbc,0.015262238,0.015349975,0.005748632671040754,0.015507562,0.015439312,0.004401078647952583,0.014142215,0.014301964,0.011295896717734788,0.016083358,0.016110041,0.001659044087683581,0.9291666443038034,1.0516560879698416,3.8641301443906237
16,4,c64,abcijk-ijmb-mkac,0.014828505,0.014829566,7.155138026382346e-05,0.014887655,0.014860944,0.0017941710766403718,0.013866594,0.013742291,0.008964205629731326,0.021266365,0.021167319,0.004657401488218582,0.9308968608456535,1.4307595539024274,3.8681278900585934
16,4,c64,abcijk-ijmc-mkab,0.014359737,0.014392984,0.0023152931004237765,0.014348747,0.014422558,0.005144072858765947,0.013867827,0.013767148,0.007259897314842445,0.016274073,0.016404249,0.007998980955781665,0.9611198216132599,1.1365214639415482,3.9246497935119944
16,4,c64,abcijk-ikma-mjbc,0.015321899,0.016980652,0.10826027504815161,0.015292284,0.015499845,0.013572923442959794,0.014127929,0.014500574,0.026376477401606424,0.016113736,0.01616833,0.0033880411097713115,0.8873569811271829,1.0006846222603074,3.6750449624850674
16,4,c64,abcijk-ikmb-mjac,0.014536295,0.014846227,0.021321251391774876,0.014863922,0.014842811,0.0014202846328177365,0.013813266,0.013823704,0.0007556504015777676,0.017873885,0.01788137,0.00041876738045476536,0.9406444299469829,1.2169562408218015,3.901939538408637
16,4,c64,abcijk-ikmc-mjab,0.0143495,0.014422158,0.005063451688212206,0.014357965,0.01446119,0.007189389304124827,0.01380424,0.013801091,0.00022811831727065357,0.018575946,0.018494922,0.0043617697855063975,0.9594656951852979,1.2884519085119712,3.9160711381775455
16,4,c64,abcijk-jkma-mibc,0.015363648,0.015424223,0.003942748493066306,0.015302905,0.015332633,0.0019426376887263785,0.014170609,0.014156923,0.0009658018226316178,0.01603977,0.016072681,0.002051837401658485,0.9200890676251532,1.0430242574977853,3.8368961315224563
16,4,c64,abcijk-jkmb-miac,0.01464123,0.014936055,0.02013662786528192,0.014850898,0.014913493,0.004214896634533449,0.01372256,0.013842568,0.008745306998111158,0.02727872,0.02756329,0.010431941088145047,0.932006987467252,1.8542606737463114,3.933463896259138
16,4,c64,abcijk-jkmc-miab,0.014848213,0.014835196,0.0008766711522794068,0.014828037,0.014895269,0.004534113315201482,0.014075864,0.014027493,0.0034364497980372555,0.02307671,0.02314903,0.0031338956029693943,0.9467685492101843,1.5572903999177414,3.8480097556920314
16,4,c64,abcs-rc-abrs,0.008115124,0.008222362,0.013214585507257848,0.008198779,0.008217162,0.00224216313185166,0.008127737,0.008297031,0.020829168069783854,0.012384197,0.01229691,0.0070482567420399045,1.0053106900238482,1.5107271925391654,3.8320231817908748
16,4,c64,abj-bka-kj,0.020221637,0.019980368,0.01193122989993356,0.01979667,0.019762422,0.0017299879222110182,0.01986118,0.019857149,0.00020295873659059716,0.026550253,0.026654788,0.003937250616783183,0.9879866460002483,1.323463754460643,3.7544655100373636
16,4,c64,abjc-cbka-kj,0.020383618,0.020384681,5.214972140876739e-05,0.020362949,0.020654864,0.014335595497488862,0.020115461,0.0207658,0.032330305529661985,0.018308576,0.019388747,0.05899808920147587,1.002643938884484,0.9242927780980253,3.7043487110793873
16,4,c64,abjc-kbac-jk,0.009129673,0.009093455,0.003967064318732949,0.009378653,0.00940256,0.0025490867398547667,0.00935538,0.009260575,0.010133741226973081,0.0182405,0.018235539,0.00027197719360771977,1.0215452780433583,2.0016382864685167,4.03636764983557
16,4,c64,abjcd-dkbac-jk,0.013781075,0.013842779,0.004477444611541426,0.01382225,0.013824123,0.00013550615854884818,0.013749656,0.013612921,0.009944612432485678,0.014121976,0.01412798,0.0004251529672618659,0.9905317200608226,1.0226677942547224,3.366293707852162
16,4,c64,abrs-qb-aqrs,0.007872494,0.008306819,0.05516993725241326,0.007906648,0.007900382,0.0007924976551380025,0.007759435,0.007772254,0.001652053274497467,0.011750133,0.011720306,0.0025384393521332704,0.9603178452916943,1.4511667652360205,3.8659721111419065
16,4,c64,adbjc-cbdka-kj,0.021180405,0.021210299,0.0014113988849600023,0.021818656,0.02111976,0.03203203717039205,0.024155853,0.024827084,0.027787509718659065,0.018664377,0.019563603,0.04817873106613746,1.1554030785032994,0.901551715670037,3.459686989143493
16,4,c64,ajb-kba-jk,0.016679009,0.016277923,0.024047351973969344,0.016271965,0.0163567,0.005207422705247877,0.016229407,0.016174841,0.0033621684390564566,0.020002712,0.019904286,0.004920632762197341,0.9833015403652927,1.2109692805684045,3.8721084379113506
16,4,c64,ajbc-ckba-jk,0.015040366,0.015017857,0.0014965726232990528,0.014898923,0.014903033,0.00027585886577163876,0.014959146,0.014954118,0.0003361154440232328,0.013474707,0.013370459,0.007736568965841073,0.9951776578637275,0.8930990735124212,3.7939251177840814
16,4,c64,ajbdc-ckbad-jk,0.015835529,0.015852471,0.0010698726894440291,0.015853031,0.015967215,0.007202660488079493,0.015762313,0.01603437,0.017259966858924836,0.013134228,0.013120163,0.0010708661369361883,1.0033931975400339,0.8285278649637564,2.9926672501561
16,4,c64,aqrs-pa-pqrs,0.008206503,0.008177809,0.003496495401269062,0.008203367,0.008253189,0.006073359877718509,0.00827566,0.008261535,0.0017068125080054175,0.010373324,0.010430945,0.005554728648213603,1.009332239779561,1.2697647059206516,3.9023038859194283
16,4,c64,ij-ik-kj,0.131194149,0.131010075,0.0014030656199462976,0.131190063,0.131166166,0.00018215556463296867,0.131289162,0.131308962,0.00015081214396062137,0.134752846,0.134316663,0.0032369112263499478,1.001502508071447,1.0261818732567134,3.9534823656970155
16,4,c64,ij-ikl-ljk,0.022851388,0.022991682,0.0061394082495120905,0.022909775,0.023133786,0.009777965955580115,0.023351281,0.023293212,0.0024867586493435567,0.02313419,0.023212262,0.0033747453444448183,1.0174858551124575,1.0109838471248898,2.8665553162371293
16,4,c64,ij-kil-lkj,0.026822008,0.02661609,0.007677202989425758,0.026749474,0.026819699,0.002625285267291666,0.02724457,0.027256693,0.00044496940124205686,0.027974249,0.027979559,0.0001898174281640408,1.0199028096206844,1.0470848564184294,2.9013163962850426
16,4,c64,ijk-ikl-lj,0.01522057,0.015269232,0.003197120738579473,0.015121177,0.01531121,0.01256734181472785,0.015175867,0.015129782,0.0030367293018579433,0.020115911,0.020005541,0.005486701546850048,0.9939602939318058,1.3158941239081579,3.9167375969635914
16,4,c64,ijk-il-jlk,0.02048846,0.019864108,0.030473349387899362,0.019909439,0.0204342,0.026357397614267253,0.019864447,0.019857155,0.000367087993942139,0.016189673,0.016450882,0.016134297462339076,0.9844815025954085,0.8089551423961403,3.0104054868529375
16,4,c64,ijk-ilk-jl,0.01447383,0.014545184,0.004929863070106455,0.014509175,0.014907168,0.027430436258436552,0.014434287,0.014407667,0.001844219946575798,0.018423022,0.018547667,0.006765719543731619,0.9939010645094188,1.2740126402989091,3.926136751738738
16,4,c64,ijk-ilk-lj,0.014966842,0.014971467,0.000309016424440145,0.015195625,0.014923719,0.017893702957265667,0.014907011,0.014881951,0.0016810881805883193,0.018892781,0.01888265,0.0005362365657020085,0.9950111682855375,1.2617756765168562,3.917984000949138
16,4,c64,ijk-ilmk-mjl,0.008041368,0.008035583,0.0007194049569674288,0.008040907,0.008023309,0.0021885590767311003,0.008111687,0.008132513,0.0025674067552161617,0.010996762,0.010941123,0.005059580265536323,1.0104022648056479,1.3645507698655932,3.567044880996994
16,4,c64,ijkl-imjn-lnkm,0.255358403,0.255790315,0.0016913952896235873,0.25544472,0.255352411,0.0003613658563779154,0.257951138,0.257099785,0.0033004428924054974,0.262219806,0.261551706,0.0025478624600919764,1.007633170372119,1.024694486049163,3.9013899822157723
16,4,c64,ijkl-imjn-nlmk,0.253820896,0.254175754,0.0013980645628166588,0.25394034,0.254240825,0.0011832897443548873,0.253581159,0.253907946,0.001288688013292072,0.262923935,0.261779253,0.0043536622103271805,0.9990009257035605,1.0328848967972684,3.9273764601946834
16,4,c64,ijkl-imkn-jnlm,0.251429144,0.251725595,0.0011790637922231006,0.251395589,0.251599501,0.0008111200391827111,0.252000491,0.252319282,0.0012650411859713717,0.263351756,0.263593797,0.0009190787396915479,1.0023154323846666,1.047283366386816,3.944800363680457
16,4,c64,ijkl-imkn-njml,0.252021847,0.252248362,0.0008987911274214166,0.252203246,0.252428649,0.0008937355231344313,0.252188482,0.251915754,0.0010814451073939413,0.263311628,0.263147541,0.0006231665545740617,0.9996708195046742,1.0440021780897994,3.933181450130092
16,4,c64,ijkl-imln-jnkm,0.250598372,0.250685656,0.0003483023425225884,0.250519423,0.250684114,0.000657398129166209,0.251268062,0.251357629,0.0003564599467480445,0.263420583,0.263967281,0.0020753807230013965,1.0026764519993456,1.052073393882451,3.945278704853582
16,4,c64,ijkl-imln-njmk,0.251425133,0.251204607,0.0008771040403506847,0.251290402,0.251302921,4.9818854601424434e-05,0.251609665,0.251638777,0.00011570302754471129,0.262542464,0.262832091,0.0011031624964106257,1.0012310246401166,1.045251571731598,3.9329241122760794
16,4,c64,ijkl-imnj-nlkm,0.253831748,0.253746654,0.0003352378127262634,0.253729345,0.253655435,0.00029129464705790475,0.253583632,0.253255161,0.0012953162529039108,0.261454544,0.261375262,0.000303234354955495,0.9985426718079307,1.0300473882969388,3.9228496549560665
16,4,c64,ijkl-imnk-njml,0.251850893,0.251755801,0.0003775726139673141,0.251820575,0.251771761,0.0001938443671650747,0.251913257,0.251339338,0.002278240561194411,0.263100904,0.263400047,0.001136989631932206,0.9992962419144018,1.0454604390217717,3.9332558157570396
16,4,c64,ijkl-minj-nlmk,0.308837029,0.308245599,0.0019150229553593912,0.308386299,0.308671704,0.0009254788585792983,0.30757547,0.307475687,0.0003244179387907886,0.316815489,0.317354254,0.0017005639519096505,0.9967083879646578,1.027690258383753,3.941826316437783
16,4,c64,ijkl-mink-jnlm,0.304133033,0.304099173,0.00011133285873621279,0.304168943,0.304341014,0.0005657086430417291,0.305399235,0.305303257,0.00031427059730515516,0.314234554,0.314945204,0.0022615272284791654,1.0040614084226278,1.034439399021316,3.9587064496277704
16,4,c64,ijkl-minl-njmk,0.305138467,0.304879031,0.0008502238428037545,0.305231962,0.305008152,0.0007332456225539463,0.306115299,0.305177578,0.0030632934814538437,0.314976925,0.317172126,0.006969402599888763,1.0020896368659875,1.0362740391914955,3.9523478326681585
16,8,c64,abc-bk-akc,0.007770915,0.00776346,0.0009593464862246437,0.007805109,0.007437563,0.0470904378145135,0.007620276,0.007867153,0.032397382981928846,0.010547676,0.010549068,0.00013197219937355342,0.9968513692808444,1.3580685662245386,7.350134395023226
16,8,c64,abcijk-eiab-jkec,0.009198873,0.009163948,0.00379666074311491,0.009155072,0.009164179,0.000994749140148743,0.009008721,0.009018267,0.001059639875627072,0.014595103,0.01277824,0.12448442467312493,0.9817128902916008,1.4874092668698702,6.215366142829521
16,8,c64,abcijk-eiac-jkeb,0.008755211,0.008765115,0.0011312120290418726,0.008819098,0.008812524,0.0007454277070056969,0.008449033,0.008157834,0.03446536426121194,0.017112984,0.016822854,0.016953793680868245,0.9477173193344887,1.936870534544072,6.632442004184693
16,8,c64,abcijk-eibc-jkea,0.008753127,0.008694484,0.006699662874764534,0.008791077,0.008737505,0.006093906355273626,0.010492834,0.010493825,9.444540912406652e-05,0.009740208,0.00979283,0.005402554031700424,1.2028453362474785,1.1195273353042103,6.7751485870469255
16,8,c64,abcijk-ejab-ikec,0.00926165,0.0091808,0.008729546031214785,0.009242454,0.00917573,0.007219294789024722,0.009077618,0.009103055,0.0028021668239399666,0.011619153,0.011683371,0.005526908889141868,0.9858142443961112,1.2635338274728793,6.110318553145927
16,8,c64,abcijk-ejac-ikeb,0.008716499,0.008736933,0.0023442898347145746,0.0086952,0.008752632,0.00660502346122005,0.00843135,0.008354581,0.009105184816192047,0.010957455,0.0109257,0.0028980269597274066,0.9617459165108603,1.2538019432283398,6.580796268894682
16,8,c64,abcijk-ejbc-ikea,0.008761563,0.008773962,0.0014151584597406064,0.009023158,0.00897163,0.005710639224094316,0.010593281,0.010731087,0.013008811906339623,0.009889565,0.009845157,0.0044903896177435065,1.2160416097659639,1.1254112419635125,6.761657163043258
16,8,c64,abcijk-ekab-ijec,0.009268222,0.009259105,0.0009836838176728868,0.009273232,0.009215154,0.006262972823283142,0.009158388,0.008943157,0.023500969821326656,0.010363214,0.010435026,0.00692951047811996,0.9769497551565456,1.1225644444971596,6.084501102478502
16,8,c64,abcijk-ekac-ijeb,0.008723753,0.008723528,2.5791651827034023e-05,0.008728792,0.008736593,0.0008937090034910611,0.008240566,0.008253943,0.0016233108259797735,0.013523717,0.013401732,0.009020079316951035,0.9453910656345913,1.54323029909309,6.569499227542586
16,8,c64,abcijk-ekbc-ijea,0.009413823,0.008802245,0.06496595485171108,0.008861429,0.008910356,0.005521344243687887,0.010522008,0.010525554,0.00033700791712010236,0.009862646,0.009796697,0.006686745118906101,1.1560910930828752,1.0798335587910417,6.502298854440214
16,8,c64,abcijk-ijma-mkbc,0.008857849,0.008784702,0.00825787389240873,0.009719467,0.008825548,0.09197201863023974,0.010456214,0.010518892,0.005994330261412051,0.009914469,0.009911661,0.00028322242976397405,1.1888979452313855,1.1237774064949155,6.704818701915027
16,8,c64,abcijk-ijmb-mkac,0.008734061,0.008754926,0.0023889230908737957,0.008728279,0.008807915,0.00912390632792559,0.008400882,0.008380118,0.002471645239154552,0.01333299,0.013559475,0.01698681241041955,0.9595180725055314,1.5376265307229413,6.55963053609315
16,8,c64,abcijk-ijmc-mkab,0.00931618,0.009157476,0.017035308463340226,0.009279972,0.009173627,0.011459625093696246,0.009011265,0.009000855,0.0011552207154044147,0.010352653,0.010308951,0.004221333410865724,0.9750523500408043,1.1184748844474297,6.108614851989573
16,8,c64,abcijk-ikma-mjbc,0.008814069,0.008803717,0.0011744859269878782,0.008964097,0.00883727,0.01414832972021629,0.010729341,0.01073804,0.0008107674087347583,0.009845372,0.00986288,0.001778297457932565,1.218506283559649,1.1186563184237266,6.729377248882747
16,8,c64,abcijk-ikmb-mjac,0.008958917,0.00875668,0.02257382225998983,0.008726887,0.008786154,0.00679131057844562,0.008645285,0.008228306,0.048231955337504906,0.011109717,0.01095247,0.014154005903120548,0.9522420998002535,1.245403374195214,6.471693661588574
16,8,c64,abcijk-ikmc-mjab,0.009201397,0.009096774,0.011370338656184531,0.009230371,0.009130496,0.010820258470650823,0.008984285,0.008955159,0.0032418829099921664,0.01161805,0.011597301,0.0017859279311071008,0.9804102059787665,1.268745450719949,6.157628649455731
16,8,c64,abcijk-jkma-mibc,0.008696622,0.008850615,0.017707220113740707,0.008733699,0.008709632,0.002755647979166609,0.010575086,0.010450144,0.011814750253567596,0.009797713,0.009741664,0.005720620720365943,1.198232430705047,1.1135684256115088,6.7323524341995205
16,8,c64,abcijk-jkmb-miac,0.008776599,0.008768041,0.0009750929716623169,0.008924214,0.008816661,0.012051817672682374,0.008357302,0.008379508,0.0026570776071033197,0.016909656,0.01680468,0.00620805059547036,0.9539550118965598,1.9216225912355929,6.630823804751761
16,8,c64,abcijk-jkmc-miab,0.009243005,0.009099529,0.015522657404166695,0.009143631,0.009148771,0.0005621399201258814,0.008953438,0.008915035,0.004289190364639706,0.014619158,0.014444835,0.011924284558659348,0.9741826505900014,1.5845334872304278,6.227358274939786
16,8,c64,abcs-rc-abrs,0.004804621,0.004830667,0.005421031128157727,0.004743017,0.004777758,0.007324662762119516,0.004872417,0.00481571,0.011638371674674075,0.009500601,0.009021533,0.05042502048028319,1.0054703538499035,1.9216867370773787,6.497419186477554
16,8,c64,abj-bka-kj,0.0108915,0.010828027,0.005827755589220884,0.010924532,0.010884453,0.003668715511108367,0.011040687,0.011154876,0.010342562922035503,0.015776632,0.015739987,0.0023227390991942265,1.021908259970578,1.451078206206794,6.949275071905907
16,8,c64,abjc-cbka-kj,0.011716271,0.011966698,0.021374292212940293,0.012596403,0.011995101,0.047736008446220835,0.011598532,0.012361363,0.06576961636179468,0.012728749,0.013045889,0.02491525286577656,1.011236700108694,1.088298000151498,6.377090620063373
16,8,c64,abjc-kbac-jk,0.005091234,0.005058091,0.006509816677057079,0.005066898,0.005065615,0.00025321212307816143,0.007050567,0.00697447,0.01079303267382603,0.010771127,0.010853966,0.007690838665257438,1.381855969158994,2.1306884582378633,7.247328394096437
16,8,c64,abjcd-dkbac-jk,0.008855554,0.008822503,0.0037322340307561763,0.00883671,0.009039336,0.02293002712547998,0.009109176,0.00918082,0.007865036310638729,0.010888797,0.010839029,0.004570569182252182,1.0346096093087518,1.2290834324527602,5.260189874884161
16,8,c64,abrs-qb-aqrs,0.004608407,0.004277577,0.07178836417877155,0.004257627,0.004252731,0.0011499363377768246,0.004211662,0.004232914,0.005045988970624915,0.008191333,0.008148938,0.00517559229981257,0.9509816695787452,1.8401510158420271,7.041382359082563
16,8,c64,adbjc-cbdka-kj,0.012981418,0.013871326,0.06855244935491633,0.012809669,0.01357291,0.05958319453843819,0.014375263,0.013694988,0.047322612462811886,0.014290726,0.014210418,0.005619588535949793,1.0456074551114913,1.0619657644721454,5.464586153663729
16,8,c64,ajb-kba-jk,0.008427951,0.008711205,0.03360888073506829,0.00853499,0.008416065,0.013933818317303115,0.008449982,0.008782738,0.03937949216933245,0.011510047,0.01142534,0.007359396534175722,1.005408928382613,1.3383601499960254,7.446153924352524
16,8,c64,ajbc-ckba-jk,0.009003659,0.00883728,0.018479042798044798,0.008886813,0.009056418,0.01908501956775721,0.041471548,0.041042734,0.01033995644435548,0.009673882,0.009665293,0.0008878545345084587,4.625135258099962,1.0840244505219916,6.392240591354226
16,8,c64,ajbdc-ckbad-jk,0.009559992,0.009783603,0.023390291539993058,0.009821286,0.009850837,0.0030088727688002415,0.031965018,0.032227926,0.00822486632105135,0.010196783,0.009705317,0.048198142492588025,3.318757197940762,1.0286278435395977,4.902809596443186
16,8,c64,aqrs-pa-pqrs,0.004513211,0.004419502,0.02076326588763522,0.004409469,0.004460768,0.011633827111609207,0.004481231,0.004496154,0.0033301117483119924,0.005806419,0.005903385,0.016699793797175122,1.0050548611746761,1.3109171747720332,7.157958033315779
16,8,c64,ij-ik-kj,0.071701905,0.071500999,0.002801961816774612,0.071662242,0.071375155,0.004006112451798605,0.074151086,0.074420075,0.003627580046501322,0.06844499,0.069110196,0.00971884136443002,1.0374863886132693,0.9605511416130362,7.238823456546679
16,8,c64,ij-ikl-ljk,0.016315585,0.015925822,0.02388899938310529,0.016503534,0.016327019,0.010695587987397004,0.016813428,0.016804057,0.0005573521354478306,0.014152686,0.014053074,0.00703838126557732,1.0427566146894895,0.874888782963265,4.076146056643216
16,8,c64,ij-kil-lkj,0.018779041,0.018515244,0.014047415946320085,0.018330109,0.018811756,0.02627627582574643,0.019351322,0.01947947,0.006622183228618628,0.017648786,0.01779363,0.008207023417928117,1.0412199076400834,0.9503602682540818,4.157300710279374
16,8,c64,ijk-ikl-lj,0.007904533,0.00796821,0.00805575737364883,0.00798361,0.008000231,0.0020818902726962296,0.007977048,0.008015639,0.004837754517711179,0.011745614,0.011760994,0.0013094249478997622,1.0075617763494953,1.480953363086794,7.523675189726665
16,8,c64,ijk-il-jlk,0.013542134,0.013567309,0.0018590127671163081,0.013521476,0.013438158,0.006161901259891911,0.013530403,0.013518709,0.0008642758090796621,0.008244444,0.008248833,0.0005323585192646973,0.9977748762852082,0.6083962524700586,4.480472099775669
16,8,c64,ijk-ilk-jl,0.007732915,0.00756516,0.021693630409748477,0.007561327,0.007458802,0.01355912791498104,0.007527915,0.007529404,0.00019779713240652974,0.010531834,0.010528319,0.0003337500382175618,0.9843215119065636,1.3767365528066329,7.447938620865883
16,8,c64,ijk-ilk-lj,0.007822031,0.007686446,0.017333733399931495,0.007680218,0.00808061,0.052132895186048245,0.007758152,0.007730218,0.003600599730451348,0.010837901,0.010826274,0.0010728092090894759,0.9987400284161652,1.3969779149824715,7.563753506476471
16,8,c64,ijk-ilmk-mjl,0.00440177,0.004795191,0.08937790934101497,0.004354823,0.004393072,0.0087831353880512,0.004570653,0.00448362,0.0190416992932958,0.00585805,0.005857539,8.723039236602226e-05,0.9853417760298838,1.2750214855437436,6.241164214976275
16,8,c64,ijkl-imjn-lnkm,0.138188027,0.137990725,0.0014277792677362955,0.138577562,0.137632318,0.006821046541430564,0.14192463,0.140068746,0.01307654633307831,0.133734266,0.134280456,0.004084143999414591,1.0210319902684435,0.9704375586760133,7.2206506487128665
16,8,c64,ijkl-imjn-nlmk,0.136136555,0.135622536,0.003775760301852782,0.136238986,0.136164906,0.0005437503770029384,0.137620831,0.137588518,0.00023479730332398585,0.134443302,0.134485809,0.0003161704552601119,1.0126978213840652,0.989588196335899,7.341418312003502
16,8,c64,ijkl-imkn-jnlm,0.131774129,0.131713756,0.0004581551815835416,0.13197406,0.131803153,0.0012950044880031264,0.133737712,0.133607715,0.0009720294900814608,0.136400721,0.136525909,0.0009177957351120813,1.0146402078877523,1.035822229372426,7.532963821048104
16,8,c64,ijkl-imkn-njml,0.134427227,0.134026444,0.002981412389024496,0.134235274,0.134037394,0.0014741281788569482,0.136310474,0.135410682,0.006601048133689114,0.135192403,0.135181876,7.786680143540003e-05,1.0121670826293836,1.007155458517699,7.388195641872907
16,8,c64,ijkl-imln-jnkm,0.132422068,0.131286371,0.00857634242655081,0.132777269,0.131455947,0.009951417211330194,0.13334275,0.133394749,0.0003899649587246756,0.136335121,0.136162323,0.0012674503732608144,1.0114957586719213,1.033337868533409,7.499659544122215
16,8,c64,ijkl-imln-njmk,0.133356571,0.133629106,0.0020436563264663032,0.133379267,0.133774146,0.002960572575346543,0.135026933,0.135588806,0.004161192048996787,0.134288936,0.134523271,0.0017450060070474116,1.0135948105131023,1.0068414453244838,7.404162971809866
16,8,c64,ijkl-imnj-nlkm,0.135241737,0.135715092,0.0035000659596675643,0.135624029,0.135277316,0.0025564275191971575,0.137536075,0.137252896,0.002058943444474437,0.133375926,0.134549121,0.008796152613028463,1.0141440074413006,0.9888028591614219,7.348612607212342
16,8,c64,ijkl-imnk-njml,0.134288833,0.133350388,0.006988257914193108,0.134775475,0.133315583,0.010832030085592526,0.136070268,0.134670767,0.010285134442448496,0.134235649,0.134847036,0.004554579983443885,1.0115822381442754,1.0053969055054173,7.4011054590250325
16,8,c64,ijkl-minj-nlmk,0.163204845,0.161806609,0.008567368205276038,0.164452652,0.162019336,0.014796453388906117,0.163773927,0.162975637,0.004874341200843291,0.162848053,0.162985836,0.0008460831889711695,1.0053541455793054,1.0025396680495409,7.4842098811511075
16,8,c64,ijkl-mink-jnlm,0.157793556,0.157190692,0.003820586944627835,0.157568191,0.157087882,0.0030482611810906945,0.160394934,0.15989463,0.0031192007597944382,0.161935575,0.162940863,0.006207950291342579,1.016843737204916,1.0314022994338128,7.6442462710024675
16,8,c64,ijkl-minl-njmk,0.160385995,0.159236965,0.007164154201867778,0.160672451,0.159328916,0.008361949989796336,0.162485895,0.160494998,0.01225273738375865,0.161712225,0.163152538,0.008906642648693008,1.0104932508592066,1.0163965359110212,7.54331509145146
