size_mib,threads,dtype,case,plan_A_s,plan_A2_s,plan_AA_spread,packed_A_s,packed_A2_s,packed_AA_spread,upstream_A_s,upstream_A2_s,upstream_AA_spread,tblis_A_s,tblis_A2_s,tblis_AA_spread,upstream_over_plan,tblis_over_plan,plan_scaling
1,1,f64,abc-bk-akc,0.00061136,0.000616961,0.00916154148128756,0.000611049,0.000617242,0.010135030087603525,0.000631468,0.000629885,0.002506857037886445,0.000904988,0.000917441,0.013760403452863335,1.0269018605248459,1.4836556559470273,1.0
1,1,f64,abcijk-eiab-jkec,0.00270795,0.002722739,0.005461326833951841,0.002710775,0.002693182,0.006490025915097952,0.00286347,0.002868039,0.0015956165072448236,0.003781231,0.003822188,0.010831657732627287,1.0553961810941785,1.4000685514617879,1.0
1,1,f64,abcijk-eiac-jkeb,0.002722838,0.002687222,0.013080469715789245,0.002680489,0.002675049,0.002029480441814835,0.00277794,0.00279878,0.007501961885425734,0.005208273,0.005269808,0.01181485686330186,1.030820713732294,1.9367857973981282,1.0
1,1,f64,abcijk-eibc-jkea,0.002810781,0.002786527,0.008628918439394617,0.002785915,0.002803499,0.006311750358499957,0.002958227,0.002942688,0.005252808523483754,0.003677978,0.003690543,0.0034162792708385403,1.054247852616016,1.3164505980894528,1.0
1,1,f64,abcijk-ejab-ikec,0.00271301,0.002716015,0.0011076258473061706,0.0026862,0.002681551,0.0017306976397886142,0.002845075,0.002828776,0.005728847218438915,0.003961708,0.003938636,0.005823750766083879,1.045091606396534,1.455198957573553,1.0
1,1,f64,abcijk-ejac-ikeb,0.002700566,0.002676551,0.008892580296130492,0.002680288,0.002674989,0.0019770263494072182,0.002807345,0.002797728,0.0034256566257442334,0.00424657,0.004065813,0.042565411614550075,1.0424025832453816,1.5455308716799103,1.0
1,1,f64,abcijk-ejbc-ikea,0.002818415,0.002810993,0.002633395011025663,0.0028044,0.002788701,0.005597988874625481,0.002955852,0.002962906,0.002386452366356595,0.004071302,0.004098134,0.006590520673730449,1.0513998879986928,1.451200381313936,1.0
1,1,f64,abcijk-ekab-ijec,0.002725423,0.002748806,0.008579585627625619,0.002698673,0.002727847,0.01081049834492731,0.002856718,0.002874861,0.006350994392866127,0.003481994,0.003492212,0.002934525447200631,1.0470154925302302,1.2740172432123746,1.0
1,1,f64,abcijk-ekac-ijeb,0.002734169,0.002761691,0.01006594691110907,0.002666132,0.002705797,0.014877357910261013,0.00279912,0.002808077,0.003199934265054827,0.004345644,0.004349302,0.0008417624637453436,1.020269831323651,1.5821098531324849,1.0
1,1,f64,abcijk-ekbc-ijea,0.002804179,0.002832743,0.010186225629676304,0.002793319,0.002808057,0.005276160724929868,0.002962084,0.002948559,0.004566042016364125,0.004077855,0.004094747,0.004142373870576588,1.0485693100725713,1.4498496645843908,1.0
1,1,f64,abcijk-ijma-mkbc,0.002818616,0.002800092,0.0065720197430227945,0.002809209,0.002805803,0.001212440939780568,0.002958958,0.002972844,0.004692868232668568,0.0040807,0.004072776,0.0019418237067168054,1.0557263313731389,1.4511372473228294,1.0
1,1,f64,abcijk-ijmb-mkac,0.002714772,0.002676401,0.014134151965616182,0.002674077,0.002657426,0.006226821441566499,0.002797357,0.002783992,0.004777724116013737,0.004286834,0.004264704,0.005162317925070048,1.0352986948146192,1.586245882068393,1.0
1,1,f64,abcijk-ijmc-mkab,0.00272961,0.002726836,0.0010162623964595774,0.002722106,0.002701318,0.0076367342050605025,0.002867969,0.002862539,0.001893325904150367,0.003484167,0.003496161,0.0034424297113198055,1.050226863406548,1.2792793326772212,1.0
1,1,f64,abcijk-ikma-mjbc,0.00280973,0.00283073,0.007474027753556545,0.0027991,0.00277767,0.007656032296095239,0.00296519,0.002964468,0.00024349198533646366,0.004082203,0.004075551,0.0016295123000987788,1.0512793377461132,1.4463018668236214,1.0
1,1,f64,abcijk-ikmb-mjac,0.002701528,0.002687022,0.0053695538228736295,0.002678895,0.002661243,0.0065892840144909925,0.002801274,0.002814259,0.004635390897141933,0.004265414,0.004137376,0.030017719264765486,1.0421241957040834,1.5592032910173361,1.0
1,1,f64,abcijk-ikmc-mjab,0.002726544,0.002731535,0.0018305224489316707,0.002705044,0.002694104,0.004044296506822143,0.002847971,0.002848142,6.004274622184447e-05,0.004000891,0.003936922,0.01598868851963242,1.04361175037943,1.4542769642405624,1.0
1,1,f64,abcijk-jkma-mibc,0.002808598,0.002803288,0.0018906230083478581,0.002791355,0.002781097,0.0036749177370846153,0.002948118,0.002947618,0.00016959972429875236,0.003670334,0.003681737,0.0031068017243116586,1.0505806101626258,1.3100881678976084,1.0
1,1,f64,abcijk-jkmb-miac,0.002685699,0.002674027,0.0043459821819199496,0.002669539,0.002646185,0.008748326958324948,0.002782629,0.002789953,0.0026320432943089944,0.005207751,0.005258256,0.00969804431893917,1.039715537887879,1.9526949619182312,1.0
1,1,f64,abcijk-jkmc-miab,0.002710204,0.002704404,0.0021400603054234635,0.002699985,0.002692882,0.0026307553560481756,0.002848522,0.002848233,0.00010145612356160516,0.003844369,0.003890225,0.01192809535192918,1.0521090836038376,1.4284436663126994,1.0
1,1,f64,abcs-rc-abrs,0.000290561,0.000292927,0.00814286845103096,0.000288839,0.000291544,0.009365078815533945,0.000309157,0.000309628,0.0015234977697415886,0.000694375,0.000701017,0.009565436543654382,1.0605015149686183,2.3914590598718326,1.0
1,1,f64,abj-bka-kj,0.0011099,0.001121922,0.01083160645103165,0.001124407,0.001137982,0.012073030495185488,0.001166676,0.001183247,0.014203600656909066,0.001643976,0.001664434,0.012444220596894429,1.052905950640211,1.482373928197487,1.0
1,1,f64,abjc-cbka-kj,0.000551489,0.000550276,0.0021994998993631887,0.000553903,0.000548493,0.009767053076080057,0.000654891,0.000665882,0.01678294555887927,0.00086872,0.000867538,0.0013606225250945014,1.1987384497256757,1.5758883699652568,1.0
1,1,f64,abjc-kbac-jk,0.000327741,0.000325637,0.006419703363326534,0.000323253,0.00032182,0.0044330601726820795,0.000342368,0.000342138,0.000671791756238882,0.000689055,0.000689846,0.0011479490026196082,1.047647013546219,2.1104290663460774,1.0
1,1,f64,abjcd-dkbac-jk,0.003196962,0.003234162,0.011636046972094194,0.003132461,0.003153912,0.006847970333868414,0.003432982,0.003289746,0.04172349287004706,0.005790478,0.005799036,0.0014779436170899718,1.0451228062217777,1.8021273935138766,1.0
1,1,f64,abrs-qb-aqrs,0.000287416,0.000286634,0.002720794945305638,0.000287106,0.000286655,0.0015708483974560261,0.000304277,0.000302063,0.007276264719318304,0.00069738,0.00069162,0.008259485502882247,1.0562433942444047,2.4196312965092575,1.0
1,1,f64,adbjc-cbdka-kj,0.008671651,0.008963207,0.03362174054283318,0.008599206,0.009062261,0.053848576252272684,0.009285907,0.009427403,0.015237714528047785,0.007637473,0.007611035,0.0034616161654514865,1.061269278713548,0.8647968417659138,1.0
1,1,f64,ajb-kba-jk,0.000870834,0.000907673,0.04230312550956894,0.000868079,0.000873199,0.005898080704636266,0.000888647,0.00090064,0.013495797543906507,0.001328708,0.001315433,0.009990908461452896,1.0062545526742273,1.487019776331726,1.0
1,1,f64,ajbc-ckba-jk,0.000426155,0.000428739,0.006063521488660184,0.000427527,0.000426725,0.0018759049136077843,0.000475847,0.000472742,0.006525206631543323,0.000722337,0.000749548,0.037670782474108266,1.1095975073164197,1.7214299945257463,1.0
1,1,f64,ajbdc-ckbad-jk,0.003006757,0.002968597,0.0126914147036159,0.003075155,0.003073653,0.0004884306644705738,0.003302178,0.003368051,0.019948349241016183,0.00545342,0.005459692,0.001150103971452987,1.1162585076449196,1.8263909961546514,1.0
1,1,f64,aqrs-pa-pqrs,0.000188261,0.000188571,0.0016466501293417313,0.000281535,0.000279872,0.005906903226952198,0.000301392,0.000301102,0.0009622020491586447,0.00066481,0.000660752,0.006103999638994662,1.5988401570873922,3.517631828122742,1.0
1,1,f64,ij-ik-kj,0.002887585,0.002913523,0.008982592720214289,0.003076157,0.003100683,0.00797293506150698,0.003136099,0.00314229,0.0019741085979747552,0.003622926,0.003656439,0.009250257940681239,1.0822844026563494,1.25482246139963,1.0
1,1,f64,ij-ikl-ljk,0.000732786,0.000736444,0.004991907596487932,0.000732416,0.00073454,0.0028999912617966306,0.000756952,0.000757513,0.0007411302169755274,0.001283523,0.001291679,0.006354385546655683,1.0307913601352412,1.7527528474048164,1.0
1,1,f64,ij-kil-lkj,0.001092688,0.001108918,0.014853279252631912,0.001086777,0.001102847,0.01478684219485693,0.001138203,0.001144003,0.0050957518122864975,0.00182827,0.001845402,0.009370607186028224,1.0366344592290828,1.6686600045918132,1.0
1,1,f64,ijk-ikl-lj,0.000654841,0.000656785,0.0029686595677425043,0.000653939,0.000654651,0.0010887865687778664,0.000672123,0.00067564,0.005232673186306824,0.001080154,0.001079975,0.00016571711070834105,1.0275489289545976,1.6469110593832565,1.0
1,1,f64,ijk-il-jlk,0.000642298,0.000647427,0.007985389959177747,0.000641166,0.000643681,0.00392254112039625,0.000672403,0.000676481,0.006064815296778825,0.000957416,0.000957676,0.00027156429389108006,1.04587295898422,1.484895715124328,1.0
1,1,f64,ijk-ilk-jl,0.000614746,0.000615868,0.001825144043230864,0.000614335,0.000614777,0.0007194771582279547,0.000636136,0.000639372,0.005086962536313022,0.000915658,0.00092212,0.007057220053775515,1.0364780712926585,1.4933743667424095,1.0
1,1,f64,ijk-ilk-lj,0.000655793,0.000658899,0.004736250615666737,0.000655102,0.000658038,0.004481744827523171,0.000675559,0.000673486,0.003068569880646854,0.001037925,0.001062381,0.02356239612688782,1.0261317267936243,1.5974612101052288,1.0
1,1,f64,ijk-ilmk-mjl,0.000260657,0.000258763,0.007266254119398297,0.000259774,0.000258712,0.00408816894685371,0.00026276,0.000263321,0.00213502816258182,0.000566306,0.000570194,0.006865546188809413,1.0128300764580613,2.188019146375437,1.0
1,1,f64,ijkl-imjn-lnkm,0.003829932,0.003814975,0.003905291268878952,0.003828158,0.003808623,0.00510297641842361,0.003849319,0.003862363,0.0033886513432637155,0.004433598,0.004439409,0.0013106736334687064,1.008735060811375,1.1606448684171708,1.0
1,1,f64,ijkl-imjn-nlmk,0.003771012,0.003798835,0.007378125553564985,0.003758599,0.003754091,0.0011993830679994932,0.003798593,0.00380674,0.0021447414871769155,0.004557789,0.004596833,0.00856643429522519,1.0046940193548788,1.209350806658667,1.0
1,1,f64,ijkl-imkn-jnlm,0.003785609,0.003779138,0.0017093682945069633,0.003771944,0.003743031,0.007665278169559309,0.003827327,0.0038336,0.0016390028863486616,0.004420664,0.00447732,0.012816174221790932,1.0127142698392686,1.1762200217856056,1.0
1,1,f64,ijkl-imkn-njml,0.003736468,0.003753119,0.004456347545328976,0.00373766,0.003736989,0.00017952408726307212,0.003778817,0.003781622,0.0007422958031575444,0.004519348,0.004599318,0.017695030345085128,1.009462492957896,1.2174687152370502,1.0
1,1,f64,ijkl-imln-jnkm,0.003786821,0.003755003,0.008402298392239937,0.003765231,0.003749623,0.0041452967958671705,0.003811618,0.003874927,0.016609481852588592,0.004387272,0.004420214,0.0075085383354391855,1.0191636244668134,1.167821309108268,1.0
1,1,f64,ijkl-imln-njmk,0.003739795,0.003742299,0.0006695554168076878,0.003738071,0.003732101,0.0015970804192858568,0.003768968,0.003802782,0.008971686679218216,0.004467792,0.00447743,0.0021572177039577145,1.011972707130503,1.1955499768807976,1.0
1,1,f64,ijkl-imnj-nlkm,0.003766484,0.003755754,0.0028488107210863367,0.003763519,0.003757417,0.0016213549074682865,0.003795097,0.003800889,0.0015261796997547705,0.00441298,0.00445023,0.008441008116964133,1.0098047309391127,1.1782584837325767,1.0
1,1,f64,ijkl-imnk-njml,0.003724706,0.003727,0.0006158875358215354,0.003723474,0.00372658,0.0008341672319989168,0.003761054,0.003771444,0.0027625234841084367,0.004411387,0.00440758,0.0008629938837829698,1.0108411672669921,1.1834828958874737,1.0
1,1,f64,ijkl-minj-nlmk,0.004625515,0.004614767,0.0023236331522004106,0.004629283,0.004623083,0.001339300276090194,0.004689014,0.004708001,0.004049252145547078,0.005444052,0.00547986,0.006577453705438607,1.0169605402642374,1.1821999265023475,1.0
1,1,f64,ijkl-mink-jnlm,0.004602442,0.004613935,0.002497152598555319,0.0045739,0.004565265,0.0018878856118410559,0.004645803,0.004769616,0.026650505843661465,0.005378841,0.005516699,0.025629684907956918,1.0215090173592927,1.1820996795218277,1.0
1,1,f64,ijkl-minl-njmk,0.004608775,0.004589519,0.004178116744688043,0.004598685,0.004608706,0.0021791011995819787,0.004660782,0.004656514,0.0009157261592582788,0.005351159,0.005456857,0.019752356452125586,1.0129395123550302,1.1749486184821945,1.0
1,4,f64,abc-bk-akc,0.000182851,0.000168203,0.0801089411597421,0.000165489,0.000164698,0.004779773882252036,0.00023565,0.00022545,0.043284532145130505,0.000258862,0.000256849,0.007776344152482739,1.314296354394258,1.4703053994769946,3.5019652112508948
1,4,f64,abcijk-eiab-jkec,0.000844545,0.001285838,0.5225215944680273,0.000787689,0.000794983,0.009259999822264886,0.000952476,0.000908284,0.046396969582435665,0.001417363,0.001411041,0.004460395819560703,0.8925515879306065,1.3570812076030734,2.6056663294579177
1,4,f64,abcijk-eiac-jkeb,0.000796896,0.000795874,0.0012824760069066743,0.00081523,0.000751452,0.07823313666081966,0.00086902,0.0008852,0.018618673908540773,0.001905874,0.001839551,0.03479925745353574,1.101317667725619,2.3511483200642775,3.3965631429247902
1,4,f64,abcijk-eibc-jkea,0.000865283,0.000889348,0.02781171015725481,0.000796405,0.000829307,0.041313150972181356,0.001001337,0.000956153,0.04512366965367298,0.001020583,0.001020904,0.00031452610909643575,1.115421152140952,1.163594515723957,3.1902901302276634
1,4,f64,abcijk-ejab-ikec,0.000808147,0.000816753,0.010649052709469808,0.000828134,0.000820681,0.008999751247986465,0.000909837,0.000922611,0.014039877472558304,0.001379663,0.001416672,0.026824666603366243,1.1277181221262484,1.7208008511086643,3.34119042090132
1,4,f64,abcijk-ejac-ikeb,0.000854464,0.000816082,0.04491938806081941,0.000799662,0.000780646,0.023780047069887122,0.000854653,0.000904226,0.05800365762479043,0.00116364,0.001203174,0.033974425079921655,1.0527363563186838,1.4169670641504917,3.219595968558638
1,4,f64,abcijk-ejbc-ikea,0.000864883,0.000851067,0.01597441503648478,0.000834857,0.000875042,0.04813399180937572,0.000990948,0.000987432,0.0035481175601546067,0.001112505,0.001126972,0.013003986498937081,1.1529712432282722,1.3051096257962391,3.280739872721777
1,4,f64,abcijk-ekab-ijec,0.000849775,0.000901291,0.06062310611632493,0.000817324,0.000827033,0.011879010037634918,0.000911309,0.000934633,0.025593953313310935,0.001169021,0.001132081,0.03159909017887608,1.0545541689209372,1.314514602521914,3.1275517976950744
1,4,f64,abcijk-ekac-ijeb,0.001090864,0.000762221,0.301268535766145,0.000803729,0.000799972,0.004674461167881172,0.000888136,0.000885461,0.00301192610140788,0.00185513,0.001856132,0.0005401238727205104,0.9725203464051099,2.035006700755427,3.01352264996289
1,4,f64,abcijk-ekbc-ijea,0.000842761,0.00086838,0.030398891263359262,0.001091596,0.000832442,0.23740834521196486,0.000988824,0.000940434,0.04893691900682018,0.001148141,0.001131601,0.014405896139934038,1.1272403840587106,1.3324077590412267,3.2945745001879905
1,4,f64,abcijk-ijma-mkbc,0.000918994,0.000893546,0.027691149234924217,0.000875062,0.000848051,0.030867527100936876,0.000967734,0.000958388,0.009657612525756032,0.001126621,0.001144755,0.01609591868072746,1.0627567890394856,1.2532288965182456,3.1001971405339006
1,4,f64,abcijk-ijmb-mkac,0.000827042,0.000759346,0.08185315860621334,0.000768133,0.00076675,0.0018004694499521579,0.000892173,0.000887576,0.005152588119120449,0.001833048,0.001847546,0.007909230963946356,1.122906707129654,2.3222069021364438,3.4014072656138303
1,4,f64,abcijk-ijmc-mkab,0.000839505,0.000821512,0.021432868178271725,0.000819469,0.000805072,0.017568693873715735,0.000937448,0.00094863,0.011928128280181971,0.001203063,0.001235154,0.02667441355938971,1.1355425739788927,1.4678650850493298,3.2851954328049415
1,4,f64,abcijk-ikma-mjbc,0.000863289,0.000869782,0.007521235646463786,0.000835919,0.000818497,0.020841732273103042,0.000936807,0.000990607,0.057429118270892365,0.001138934,0.001121862,0.014989455051829248,1.1117123964400089,1.3044747777271883,3.254604395054828
1,4,f64,abcijk-ikmb-mjac,0.000899107,0.000782369,0.1298377167567375,0.000799621,0.001009914,0.26299084191135536,0.000904106,0.000905308,0.0013294901261577952,0.001165343,0.001181885,0.01419496234155937,1.0786892442638258,1.3992747259558203,3.212394260325813
1,4,f64,abcijk-ikmc-mjab,0.000785033,0.000942267,0.20028966935147952,0.000789993,0.000807997,0.022790075355098027,0.000941185,0.000954961,0.014636867353389649,0.00137288,0.001401414,0.020784045218810165,1.1022988869972692,1.61275563343375,3.1730629833183874
1,4,f64,abcijk-jkma-mibc,0.000897574,0.000869101,0.03172217555321344,0.000859903,0.000834767,0.029231203984635412,0.000940114,0.000910448,0.03155574749445278,0.001012858,0.001017768,0.0048476686761620424,1.0474844304225752,1.1495514684710577,3.176935468682539
1,4,f64,abcijk-jkmb-miac,0.001368292,0.00081008,0.40796262786013504,0.00077743,0.000792989,0.02001337741018494,0.000859874,0.000891733,0.03705077720689309,0.001827558,0.001858997,0.017202737204510044,0.8317283005710109,1.7507396998336449,2.545412742342287
1,4,f64,abcijk-jkmc-miab,0.000861667,0.000823506,0.044287410333690436,0.000795654,0.000824838,0.03667926008038669,0.000916239,0.000967103,0.05551389975759591,0.001362962,0.001400743,0.02771977501940648,1.1174745418236105,1.640280001732716,3.213909634457088
1,4,f64,abcs-rc-abrs,8.7985e-05,8.8735e-05,0.008524180257998504,8.607e-05,8.6942e-05,0.010131288486115997,0.00013431,0.000142226,0.05893827712009525,0.000227644,0.00023099,0.014698388712199861,1.5641985412939643,2.595212339502202,3.301768095257995
1,4,f64,abj-bka-kj,0.00030038,0.000299619,0.0025334576203475123,0.000301032,0.0002948,0.02070211804725075,0.000373317,0.000369259,0.010870118424823993,0.00047193,0.000461671,0.021738393405801748,1.2376112446714027,1.5559115648264614,3.719658559171677
1,4,f64,abjc-cbka-kj,0.000206705,0.000214059,0.03557727195762084,0.000199191,0.000210292,0.05573042958768215,0.000273731,0.000281565,0.028619337963182945,0.000287416,0.000284521,0.010072508141509173,1.3198029333785697,1.3594724051511806,2.61888528819137
1,4,f64,abjc-kbac-jk,0.000364801,9.7241e-05,0.7334409719271603,0.000101049,9.6921e-05,0.0408514680996348,0.00015568,0.000158195,0.016154933196300014,0.000234708,0.000234297,0.0017511120200418562,0.8332207362091216,1.245072359754199,1.7345209171899079
1,4,f64,abjcd-dkbac-jk,0.001313129,0.001295747,0.013237084856095538,0.001195068,0.001172146,0.01918049851556569,0.001397145,0.001362381,0.024882170426119066,0.002094255,0.002040786,0.025531274844753815,1.057684712493173,1.584892138906389,2.4651072544027492
1,4,f64,abrs-qb-aqrs,8.7743e-05,8.7463e-05,0.003191137754578799,8.533e-05,8.5399e-05,0.0008086253369272711,0.000145932,0.000130935,0.10276704218403099,0.00023062,0.000229728,0.0038678345329979935,1.5779190490347488,2.627465518654931,3.276430033318614
1,4,f64,adbjc-cbdka-kj,0.00505114,0.005123265,0.014278954849796355,0.005339548,0.004880292,0.08601027652527904,0.005597979,0.005696273,0.017558836858801996,0.002626118,0.00251989,0.0404505814285574,1.1100509606713476,0.505684680099863,1.7330635793055977
1,4,f64,ajb-kba-jk,0.00023045,0.000250617,0.08751139075721426,0.000229928,0.000232083,0.009372499217146224,0.000292355,0.00029483,0.008465735150758436,0.000345915,0.00034339,0.007299481086394111,1.2216519129617498,1.4341180422338358,3.6994637588565245
1,4,f64,ajbc-ckba-jk,0.000129031,0.000140462,0.08859111376335926,0.00012865,0.000138298,0.07499417022930421,0.000196396,0.000202819,0.03270433206378942,0.000255938,0.000254695,0.004856644968703416,1.482498225373015,1.896492545897335,3.1750738707495625
1,4,f64,ajbdc-ckbad-jk,0.001223081,0.001241335,0.014924604339369374,0.001226647,0.001236587,0.008103390788058773,0.001412885,0.001409589,0.002332815480382444,0.001952191,0.001949566,0.0013446430190489078,1.1453218551003672,1.5832810509697468,2.4246702135416203
1,4,f64,aqrs-pa-pqrs,0.000200464,0.000108563,0.45844141591507703,0.000156332,0.000292004,0.8678453547578231,0.000135974,0.000125835,0.07456572580052068,0.00021447,0.000215011,0.002522497318972361,0.8866853837629014,1.4556417438651523,1.2771988497862776
1,4,f64,ij-ik-kj,0.000747535,0.000730933,0.022208993558829992,0.000800193,0.000798991,0.0015021376093018457,0.000888086,0.000900469,0.013943469438770562,0.00102407,0.001023459,0.0005966389016375251,1.2097826293801155,1.3849863590930855,3.9239373378766995
1,4,f64,ij-ikl-ljk,0.000433589,0.000448666,0.03477256111202087,0.00045624,0.000438117,0.03972251446607045,0.000523736,0.000532734,0.01718041150503291,0.000736724,0.00073409,0.0035752873532015617,1.197597038069557,1.6673483925436108,1.6655502425049307
1,4,f64,ij-kil-lkj,0.000631828,0.000625737,0.009640281848857568,0.000623453,0.000627691,0.006797625482594327,0.00073988,0.000731735,0.011008541925717763,0.001018579,0.001022878,0.004220585737581661,1.1702056921391653,1.6233565815579283,1.7506625901528046
1,4,f64,ijk-ikl-lj,0.000250106,0.000268009,0.07158164938066247,0.000245468,0.00024654,0.004367168021901069,0.000326819,0.000349491,0.06937173175366174,0.000404284,0.000403142,0.0028247469600577446,1.305373831317013,1.5593210999979954,2.5330443859899363
1,4,f64,ijk-il-jlk,0.000424952,0.000473393,0.11399169788587904,0.000239427,0.000247452,0.033517523086368683,0.000299648,0.000298787,0.0028733714224690177,0.000370271,0.000369278,0.002681819532180385,0.6671226498373262,0.8244336552236754,1.4377482038491383
1,4,f64,ijk-ilk-jl,0.000250507,0.000232543,0.07171057096208888,0.000226432,0.00023057,0.018274802148106284,0.000304227,0.000317412,0.0433393485785285,0.000347588,0.000355382,0.022423098610999226,1.2875051643805566,1.4561916365350374,2.5493537747985977
1,4,f64,ijk-ilk-lj,0.000216544,0.000222795,0.028867112457514388,0.00021414,0.000219419,0.024652096759129494,0.000285202,0.000301613,0.05754167221828732,0.000335455,0.000350263,0.04414302961649108,1.3352897463884688,1.5605887391584656,2.9927264024196094
1,4,f64,ijk-ilmk-mjl,8.2133e-05,8.3045e-05,0.01110394116859248,8.2153e-05,8.3416e-05,0.015373753849524663,0.000133369,0.000138308,0.037032593781163525,0.000182931,0.00018755,0.02524995763429927,1.6445061813116884,2.242779618043056,3.144634662257557
1,4,f64,ijkl-imjn-lnkm,0.000989596,0.001013149,0.023800621667832367,0.000995807,0.000989135,0.00670009349201206,0.001686325,0.001083591,0.3574245771129527,0.001287391,0.001211108,0.05925394848961962,1.3500122467346993,1.2470418981027636,3.8174710663621476
1,4,f64,ijkl-imjn-nlmk,0.000958988,0.000964279,0.005517274460159927,0.000980829,0.00095965,0.02159295860950261,0.001043546,0.001038146,0.005174664078057001,0.001226878,0.001225365,0.00123321145215749,1.0823733124352521,1.2750449172756395,3.9359197206285583
1,4,f64,ijkl-imkn-jnlm,0.000969508,0.000988083,0.0191592023995677,0.000964819,0.000952797,0.01246036821414176,0.001062551,0.001066399,0.0036214732281085737,0.001225655,0.001205528,0.016421423646947986,1.0875828348614431,1.241939269251583,3.864486914285241
1,4,f64,ijkl-imkn-njml,0.000959039,0.000952025,0.007313571189492718,0.000967143,0.000952256,0.015392759912443155,0.001021775,0.001042074,0.019866408945218073,0.001226567,0.001222841,0.0030377468169289212,1.0799026469211577,1.281705721762686,3.919083261929419
1,4,f64,ijkl-imln-jnkm,0.000962796,0.000989816,0.028064096651834847,0.000962865,0.000951906,0.011381657864809713,0.00105122,0.001053565,0.002230741424249949,0.001213784,0.001199777,0.011539944504129318,1.0780355962932928,1.2361654373443252,3.862763856162288
1,4,f64,ijkl-imln-njmk,0.000955792,0.000968587,0.013386803823425941,0.000956293,0.000954831,0.0015288201419439984,0.001027997,0.001036493,0.008264615558216892,0.001218813,0.001203344,0.012691856749148522,1.072823052308398,1.2586715731701608,3.888142081214554
1,4,f64,ijkl-imnj-nlkm,0.000958868,0.00096505,0.006447185639733455,0.000958607,0.000960621,0.0021009652547916424,0.001047834,0.001043195,0.0044272279769506095,0.001205718,0.001202132,0.0029741614540048644,1.0868626672190154,1.2515397018749252,3.9098699531439434
1,4,f64,ijkl-imnk-njml,0.000951385,0.000968606,0.018100979098892633,0.000952577,0.000949911,0.0027987238826887584,0.001016316,0.001010635,0.005589796874200581,0.001213633,0.00120138,0.01009613285070532,1.055746915523264,1.2578595747032355,3.8812710083163484
1,4,f64,ijkl-minj-nlmk,0.001178918,0.00117958,0.0005615318453022766,0.001177145,0.001176755,0.00033131007649866984,0.001273435,0.001269858,0.0028089380298170763,0.001483437,0.001489508,0.004092522971990142,1.0783518089733335,1.2605221282201324,3.9178647228583694
1,4,f64,ijkl-mink-jnlm,0.001158791,0.001152169,0.005714576657913306,0.001158541,0.001151798,0.00582025150598886,0.001231196,0.001246234,0.012214139747042774,0.001496962,0.001498505,0.0010307542876841769,1.072019649909194,1.2962054299870231,3.9881294664630587
1,4,f64,ijkl-minl-njmk,0.001185551,0.001180812,0.003997297459156002,0.001171404,0.001166857,0.0038816667861812926,0.001242267,0.001269558,0.021968707210285654,0.001459441,0.001464492,0.0034609141445252067,1.0614101783397998,1.2356238246907483,3.8871011293823114
1,8,f64,abc-bk-akc,0.000181158,0.000180196,0.005310281632607938,0.000175858,0.000181348,0.031218369366193155,0.000256708,0.000261688,0.01939947333156722,0.000152906,0.000154578,0.010934822701529123,1.4345321100052155,0.8509122458287389,3.3991946477277315
1,8,f64,abcijk-eiab-jkec,0.000563781,0.000548152,0.027721757207142428,0.000538684,0.000483161,0.10307155957852832,0.000654981,0.00067549,0.031312358679106866,0.000907342,0.000988603,0.08955939436287541,1.1965148518406035,1.703690689009307,4.884471808639715
1,8,f64,abcijk-eiac-jkeb,0.000539456,0.000516743,0.04210352651560101,0.000493821,0.000495224,0.0028411104428527345,0.000637969,0.000677023,0.06121614059617331,0.001057943,0.001075065,0.016184236768899796,1.24476160663006,2.0199154042841427,5.123271363187925
1,8,f64,abcijk-eibc-jkea,0.000730663,0.000758845,0.03857044903053808,0.000732906,0.000698603,0.04680409220282,0.00082602,0.000830099,0.004938137091111683,0.000663507,0.000639603,0.036026748775823125,1.1120520894274073,0.8748687505928656,3.7584608954811762
1,8,f64,abcijk-ejab-ikec,0.00053636,0.000537753,0.0025971362517711594,0.0004881,0.000506785,0.0382810899405861,0.000633772,0.000687883,0.08537928466388545,0.000974878,0.001025312,0.05173365282630238,1.2294311154709268,1.8615878811225441,5.054429779662361
1,8,f64,abcijk-ejac-ikeb,0.000568951,0.000590381,0.03766580953368548,0.000497167,0.000522144,0.050238652203384415,0.000676492,0.00066458,0.01760848613139543,0.000819919,0.000765298,0.06661755612444653,1.156914721888781,1.366775375413019,4.638862935531671
1,8,f64,abcijk-ejbc-ikea,0.000751681,0.000768974,0.023005769734767645,0.000740521,0.000738427,0.002827738848729333,0.000809539,0.000836801,0.03367595631587861,0.000676571,0.000785856,0.16152776279207948,1.0825734424198523,0.959081605349505,3.7021988230096707
1,8,f64,abcijk-ekab-ijec,0.000529708,0.000580643,0.09615675051160255,0.000480436,0.000483131,0.005609488048356148,0.000625356,0.000665431,0.06408349803951663,0.000803008,0.000829166,0.03257501793257345,1.1631676411044014,1.4713222932690142,4.935329352426147
1,8,f64,abcijk-ekac-ijeb,0.000535949,0.000558231,0.041574851338466834,0.000496807,0.000521963,0.05063535739230707,0.00063852,0.000711257,0.11391499091649449,0.001094301,0.001122353,0.0256346288635394,1.2320598969180194,2.0261165606053484,5.023790405581287
1,8,f64,abcijk-ekbc-ijea,0.000758555,0.000757102,0.001915484045323046,0.000730512,0.000739249,0.011960104693694351,0.000845677,0.000830219,0.018278846415357153,0.000676952,0.000699535,0.033359824625675216,1.105675940135105,0.9080566174989436,3.7190817041784094
1,8,f64,abcijk-ijma-mkbc,0.000759406,0.000730603,0.037928328193351124,0.000708101,0.000649131,0.08327908024420261,0.000830148,0.000807436,0.027358976953506975,0.000699224,0.000679587,0.028083990252050772,1.0991426995698912,0.9254499938279669,3.7716064448366766
1,8,f64,abcijk-ijmb-mkac,0.000601632,0.000602574,0.0015657411839797852,0.000560996,0.000548623,0.022055415724889227,0.000681661,0.000694255,0.018475459209196243,0.001087118,0.001099801,0.011666626805921787,1.142544367170295,1.8160371990966953,4.476840422100385
1,8,f64,abcijk-ijmc-mkab,0.000565395,0.000576405,0.019473111718356195,0.000567317,0.000586294,0.03345043423694327,0.000701608,0.000677043,0.03501242859260445,0.000876484,0.000862459,0.016001432998206444,1.207300945709267,1.523005157608982,4.779032217225751
1,8,f64,abcijk-ikma-mjbc,0.0007612,0.000782409,0.027862585391487116,0.000704804,0.00073974,0.04956839064477503,0.000844325,0.000844646,0.0003801853551652634,0.000667485,0.000705826,0.057440991183322465,1.094273496487067,0.8894125899786629,3.6543926564593616
1,8,f64,abcijk-ikmb-mjac,0.000565765,0.000559814,0.010518501497971844,0.000551709,0.000507927,0.07935705235912416,0.000667304,0.000649191,0.02714355076546815,0.000835749,0.000780135,0.06654390253533049,1.1695214541483792,1.4347720171588738,4.7874078933133
1,8,f64,abcijk-ikmc-mjab,0.00056338,0.000563451,0.00012602506301240268,0.000527654,0.000526682,0.001842116235260205,0.000696338,0.000685879,0.015020004652912755,0.001032996,0.000979567,0.05172236872166014,1.2266057922117595,1.785408521224422,4.8437403025726224
1,8,f64,abcijk-jkma-mibc,0.000734439,0.000740301,0.007981602284192313,0.000749147,0.000759416,0.013707590099139244,0.000798529,0.000833965,0.04437659746859546,0.000659761,0.000663717,0.005996110712818581,1.1067186418781494,0.8974344923170582,3.8053676055421333
1,8,f64,abcijk-jkmb-miac,0.000558842,0.000574632,0.028254855576352433,0.000525259,0.000523186,0.003946624427187406,0.000688104,0.00067012,0.026135584155883573,0.001108888,0.001110201,0.0011840690854261204,1.1982954447820902,1.9579663614727192,4.729030772293103
1,8,f64,abcijk-jkmc-miab,0.000576345,0.000564964,0.01974685301338608,0.000512125,0.000532554,0.03989065169636308,0.000663267,0.000660492,0.004183835468974051,0.000877947,0.000934583,0.06450958884761837,1.1599154237938356,1.5874184936928697,4.744441797651665
1,8,f64,abcs-rc-abrs,5.7387e-05,5.8288e-05,0.01570041995573912,5.356e-05,5.5784e-05,0.041523525018670515,0.000162463,0.000157353,0.031453315524150205,0.000157624,0.000159187,0.009916002639192012,2.764511558323098,2.7388524324230765,5.044312977158288
1,8,f64,abj-bka-kj,0.000159718,0.000177812,0.11328716863471877,0.000157574,0.000158846,0.008072397730590097,0.000282096,0.000260707,0.07582170608587158,0.000240949,0.000254615,0.05671739662750186,1.6092271274363765,1.469762260708484,6.621643462206733
1,8,f64,abjc-cbka-kj,0.000147104,0.000156212,0.061915379595388176,0.000159397,0.000151102,0.052039875279961456,0.000186839,0.000255607,0.36806020156391317,0.000189263,0.000190455,0.006298114264277732,1.4416196763237648,1.2524477353539838,3.6340364216223935
1,8,f64,abjc-kbac-jk,6.1385e-05,6.2607e-05,0.019907143438951058,5.9682e-05,5.9922e-05,0.0040213129586810226,0.00015548,0.000177902,0.14421147414458457,0.000163765,0.000161702,0.012597319329527012,2.6827802731799517,2.6249779734589564,5.269745999152258
1,8,f64,abjcd-dkbac-jk,0.001073222,0.001055829,0.016206339415330562,0.000953278,0.000951976,0.0013658135402264682,0.00113168,0.001150776,0.01687402799377935,0.001529232,0.001522339,0.0045074913420593,1.0720514825756315,1.4333452080209497,3.0207031296881035
1,8,f64,abrs-qb-aqrs,5.6035e-05,5.7578e-05,0.02753636120281966,5.5273e-05,5.4372e-05,0.01630090641000126,0.000181629,0.000161932,0.10844633841512097,0.000160339,0.000159788,0.0034364689813457527,3.019263104968402,2.817952640721633,5.0531401868424135
1,8,f64,adbjc-cbdka-kj,0.003041332,0.003038507,0.0009288693243617585,0.003085444,0.002961122,0.04029306641118746,0.003317256,0.003344708,0.008275514461349998,0.00213414,0.00207538,0.027533338956207243,1.0957375940534426,0.692306214652689,2.9001507441537417
1,8,f64,ajb-kba-jk,0.000130574,0.000130233,0.0026115459432964894,0.000126636,0.000127598,0.007596576013140011,0.000265575,0.000220912,0.16817471524051586,0.00019866,0.000196927,0.008723447095540071,1.8574381963193174,1.5167673494858507,6.817788432434107
1,8,f64,ajbc-ckba-jk,8.6752e-05,9.2442e-05,0.06558926595352266,8.3696e-05,9.3915e-05,0.12209663544255389,0.000216063,0.000204572,0.05318356220176523,0.000174286,0.000173704,0.003339338787969215,2.347679901965413,1.942950545714457,4.773158709280335
1,8,f64,ajbdc-ckbad-jk,0.000974488,0.000976993,0.002570580653635579,0.000977122,0.000972343,0.004890893869956892,0.00114196,0.001177807,0.03139076675190022,0.001483006,0.001470502,0.008431523540700425,1.188580327119628,1.5134577096221342,3.0618986668281796
1,8,f64,aqrs-pa-pqrs,3.9203e-05,0.000108202,1.7600438741933018,5.6255e-05,0.000234698,3.1720380410630167,0.000130744,0.000126155,0.035099125007648446,0.000149299,0.000147505,0.012016155500036874,1.9719042470096815,2.278528813700882,2.892946067323214
1,8,f64,ij-ik-kj,0.000419452,0.000480927,0.14656027388115933,0.000419543,0.00041826,0.003058089397272701,0.000575634,0.000554965,0.03590649614164554,0.000604087,0.00061147,0.012221749516212022,1.2584191003739338,1.3531832318022279,6.457968158668449
1,8,f64,ij-ikl-ljk,0.000304437,0.0003004,0.013260543232261668,0.00030014,0.000305891,0.01916105817285252,0.000405105,0.000406779,0.004132262006146581,0.000579531,0.000586153,0.011426481068312011,1.3423457215850847,1.927281493057053,2.429180380546984
1,8,f64,ij-kil-lkj,0.0004393,0.000437566,0.003947188709310212,0.000437446,0.000448857,0.026085505410953447,0.000555736,0.000561026,0.009518908258597358,0.000802336,0.000809139,0.008478991345271858,1.2735716224979636,1.837753762813486,2.5107034380052653
1,8,f64,ijk-ikl-lj,0.000141204,0.000153506,0.0871221778419875,0.000136825,0.000138969,0.01566965101406903,0.000252261,0.000275003,0.09015265934884908,0.000233836,0.000236411,0.011011991310149183,1.7889886899589196,1.5969942386323783,4.454442599933209
1,8,f64,ijk-il-jlk,0.000251078,0.000355343,0.41526935852603564,0.000127958,0.000129571,0.012605698744900584,0.000213198,0.000226582,0.06277732436514416,0.000217475,0.000216494,0.0045108633176227375,0.7358275659017365,0.7264393974438859,2.1589146621051105
1,8,f64,ijk-ilk-jl,0.000303095,0.00031649,0.04419406456721475,0.00024713,0.000248203,0.0043418443734069,0.000348229,0.000344683,0.010182954320289261,0.000215933,0.000217616,0.007794084276141255,1.1185953708803902,0.6998992670003654,1.986654261137523
1,8,f64,ijk-ilk-lj,0.00013961,0.000140923,0.009404770431917342,0.000136334,0.000138959,0.019254184576114497,0.000259293,0.000240969,0.0706690886371788,0.00023608,0.000232354,0.015782785496441964,1.7820782938145143,1.669765452987146,4.686445911716826
1,8,f64,ijk-ilmk-mjl,7.7174e-05,0.000533455,5.912366859304947,7.5922e-05,0.000530679,5.989792155106557,0.000194072,0.000194493,0.002169297992497654,0.000158816,0.000157193,0.010219373362885364,0.9575225884074315,0.7787164115329857,1.279974697534843
1,8,f64,ijkl-imjn-lnkm,0.000852299,0.000861928,0.011297678396900546,0.000859303,0.000853853,0.006342349555395366,0.000988754,0.000989225,0.0004763571120827148,0.000991209,0.000989015,0.0022134585137948415,1.1538787740314562,1.1551877465594524,4.459743649413638
1,8,f64,ijkl-imjn-nlmk,0.000757362,0.000717718,0.05234484962276964,0.000749498,0.000703031,0.06199749699131951,0.000871105,0.000822214,0.05612526618490299,0.000827694,0.000803268,0.029510906204466947,1.147886669226077,1.105952467664321,5.133641036825436
1,8,f64,ijkl-imkn-jnlm,0.000607903,0.000616099,0.013482414135149945,0.000590982,0.000596172,0.0087819933602038,0.000699565,0.00070277,0.004581418452895836,0.000693674,0.000687793,0.00847804588322465,1.1457193509242098,1.1286627419173714,6.1804750559516695
1,8,f64,ijkl-imkn-njml,0.00059019,0.000609306,0.032389569460682166,0.000584359,0.000608565,0.04142316623856224,0.000687863,0.000694766,0.010035428566444127,0.000696388,0.00070234,0.008546959453637815,1.1528069937634866,1.1662339779590822,6.244722587916126
1,8,f64,ijkl-imln-jnkm,0.000591403,0.000604568,0.022260624312017363,0.000594268,0.000593657,0.0010281556469471376,0.000705736,0.000707459,0.0024414228550053707,0.000685749,0.000690999,0.007655862421964699,1.1817005402514913,1.1512163825342505,6.306351781199935
1,8,f64,ijkl-imln-njmk,0.000590411,0.000603105,0.021500276925734862,0.000585682,0.000590571,0.008347533303055155,0.000681801,0.000690538,0.012814589594324355,0.000689075,0.000696449,0.010701302470703444,1.149870477106469,1.1609251555741447,6.269305820106952
1,8,f64,ijkl-imnj-nlkm,0.000597744,0.000612352,0.024438555635857506,0.000591533,0.000598497,0.0117728005030997,0.000700776,0.000698503,0.0032435471534413285,0.000697912,0.000698042,0.0001862699022225911,1.1564199217813809,1.1536735263905538,6.2166790944126165
1,8,f64,ijkl-imnk-njml,0.000592345,0.000606872,0.02452455916737728,0.000591774,0.000586504,0.008905426733854527,0.000694074,0.000690238,0.005526788209902711,0.000695828,0.000700717,0.007026161637646133,1.1544268174145524,1.1646256843509402,6.214265181820325
1,8,f64,ijkl-minj-nlmk,0.000762061,0.000735692,0.03460221688290033,0.00072954,0.000730813,0.0017449351646243727,0.00084194,0.000849845,0.009389030097156637,0.000850175,0.00086339,0.015543858617343531,1.1297114966492083,1.1442338390833922,6.170381995069512
1,8,f64,ijkl-mink-jnlm,0.000733859,0.000720303,0.018472213327083264,0.000716606,0.000710736,0.00819139108519873,0.000817835,0.000819479,0.0020101854286009857,0.000846328,0.000838995,0.008664489417814392,1.1259985637414311,1.1590044857415447,6.3382005084376125
1,8,f64,ijkl-minl-njmk,0.000724451,0.000725172,0.0009952363927994146,0.000715254,0.000717418,0.00302549863405166,0.000826472,0.000830399,0.004751522132631303,0.000849725,0.000851017,0.0015204919238578363,1.1429637575967446,1.1732303637682684,6.345287693518572
1,1,c64,abc-bk-akc,0.002430383,0.002406177,0.009959747085130255,0.002457723,0.002440772,0.006897034368804067,0.002471198,0.002450019,0.008570337140124007,0.003224614,0.003252756,0.008727246113798381,1.017506876911421,1.3392555843920584,1.0
1,1,c64,abcijk-eiab-jkec,0.010084245,0.010078497,0.0005699980514158876,0.010095657,0.010075601,0.0019865968108859766,0.010650402,0.010645664,0.0004448658369889946,0.012300639,0.012279702,0.0017021066954326924,1.0562088399639773,1.2190967420001173,1.0
1,1,c64,abcijk-eiac-jkeb,0.0100277,0.010057478,0.0029695742792463786,0.009930499,0.009992587,0.006252253789059248,0.010432916,0.010454387,0.0020580056429093663,0.015196689,0.015148643,0.0031616097427538126,1.0399367593505269,1.510831883821372,1.0
1,1,c64,abcijk-eibc-jkea,0.010597433,0.010693824,0.00909569326836035,0.01061768,0.010710676,0.008758598865288736,0.011018838,0.011114198,0.008654270078206183,0.012632758,0.012808108,0.013880579363588108,1.0395373740289855,1.194881185900704,1.0
1,1,c64,abcijk-ejab-ikec,0.010053769,0.010062847,0.0009029449552699909,0.010045433,0.010060353,0.0014852520543415793,0.010616958,0.010690258,0.0069040491636116474,0.013033646,0.012951755,0.006283046202114062,1.059178744958279,1.2917319000839895,1.0
1,1,c64,abcijk-ejac-ikeb,0.010034362,0.010034795,4.315172205271445e-05,0.009980882,0.009997786,0.0016936378969314436,0.010432795,0.010394716,0.003649932736146,0.013344606,0.013402496,0.00433808236826172,1.0377853038293678,1.3327435407047168,1.0
1,1,c64,abcijk-ejbc-ikea,0.010668935,0.010660101,0.0008280114181967724,0.010733095,0.010656625,0.007124692365063412,0.011011124,0.010982853,0.002567494471954035,0.013839328,0.013929379,0.0065068910860413,1.0311746258344865,1.3019136621269167,1.0
1,1,c64,abcijk-ekab-ijec,0.010051985,0.010093014,0.004081681379349611,0.010048659,0.010076883,0.0028087329861625765,0.01065485,0.010656675,0.00017128350000228387,0.011876658,0.012014638,0.011617746339079416,1.0579086711781764,1.1859492823932039,1.0
1,1,c64,abcijk-ekac-ijeb,0.010026688,0.010056896,0.003012759547319943,0.010043009,0.010018986,0.0023920121947516026,0.010532992,0.010486277,0.004435112074517744,0.013638073,0.013774079,0.009972523244302867,1.04658814207668,1.3648881398492283,1.0
1,1,c64,abcijk-ekbc-ijea,0.010632648,0.010617161,0.001456551557053265,0.010705123,0.01062209,0.0077563798192696876,0.011111872,0.011043196,0.006180416765059982,0.013833597,0.013818411,0.0010977622089178851,1.0425960743059564,1.3012828103003076,1.0
1,1,c64,abcijk-ijma-mkbc,0.010638158,0.010607763,0.002857167566039265,0.010679655,0.010606862,0.006816044151238931,0.011040328,0.011050199,0.0008940857554231574,0.013747296,0.013911254,0.011926563594760742,1.0397547557917541,1.3018071720054334,1.0
1,1,c64,abcijk-ijmb-mkac,0.010114051,0.010097562,0.0016303061948176323,0.010136192,0.010133559,0.0002597622460189797,0.010634211,0.010609938,0.0022825388738290098,0.013568583,0.013762998,0.014328320061129496,1.0510859377117214,1.3522373810560413,1.0
1,1,c64,abcijk-ijmc-mkab,0.010065039,0.010078156,0.0013032239616757035,0.010049591,0.010078146,0.0028414091677959608,0.010578918,0.010682823,0.00982189293838931,0.011976274,0.011975755,4.333568186576375e-05,1.055517340585369,1.1890881298995595,1.0
1,1,c64,abcijk-ikma-mjbc,0.01066032,0.010678265,0.0016833453404776488,0.010720792,0.010655653,0.006075950358891413,0.01105762,0.01093336,0.011237499570432075,0.013847123,0.013853878,0.0004878269659336354,1.0305574014329288,1.2981652706477518,1.0
1,1,c64,abcijk-ikmb-mjac,0.010020006,0.010099245,0.007908079096958565,0.010066041,0.010127838,0.0061391563972370555,0.010497055,0.010612142,0.010963741735181998,0.013276238,0.013235144,0.0030953045584146688,1.0491964630678983,1.317720812227971,1.0
1,1,c64,abcijk-ikmc-mjab,0.010051515,0.010070191,0.001858028366867881,0.010056163,0.010065562,0.0009346507211547284,0.010556988,0.010694185,0.012995846921489473,0.012702488,0.01298073,0.021904527679931673,1.0561102164356728,1.2763193058733477,1.0
1,1,c64,abcijk-jkma-mibc,0.010611168,0.010704394,0.008785649232958992,0.010613732,0.010697762,0.00791710210885288,0.011005714,0.011079163,0.006673715126524149,0.012615345,0.012777671,0.012867345284651499,1.036095885707714,1.1912770594563176,1.0
1,1,c64,abcijk-jkmb-miac,0.010006641,0.010041888,0.0035223608001926365,0.009967478,0.010057948,0.009076518653966525,0.010443645,0.010457393,0.001316398632852822,0.014916848,0.014918914,0.0001385011096177724,1.0425236574548324,1.4881794089557878,1.0
1,1,c64,abcijk-jkmc-miab,0.010079277,0.010073467,0.0005764302340336425,0.01008176,0.010065302,0.0016324530637508161,0.010647616,0.010673817,0.0024607386291917166,0.012395676,0.012437967,0.0034117542278453428,1.0579908020179274,1.2322693138865697,1.0
1,1,c64,abcs-rc-abrs,0.001085445,0.001075486,0.00917503880896764,0.001092287,0.001076288,0.014647249303525567,0.001117504,0.001121582,0.003649203940209622,0.001554769,0.001578333,0.015155949211747899,1.03617656721876,1.4498596481386368,1.0
1,1,c64,abj-bka-kj,0.003800237,0.003772696,0.007247179583799723,0.003805196,0.003791121,0.0036988896235568003,0.003872372,0.003870548,0.0004710291263338995,0.005568725,0.005511559,0.010265545524334563,1.0224533862785483,1.4631332148560492,1.0
1,1,c64,abjc-cbka-kj,0.001873303,0.001841765,0.016835503920081263,0.001865589,0.001835083,0.016351940325548653,0.001898591,0.001875087,0.01237970684576084,0.001886268,0.001918708,0.01719798035061837,1.015793193037404,1.024200585154937,1.0
1,1,c64,abjc-kbac-jk,0.001175552,0.001187475,0.010142469239982521,0.001205167,0.001203304,0.0015458438540052466,0.00127117,0.001235444,0.028104816822297596,0.001714868,0.001810817,0.05595124522703787,1.0606697663479427,1.4914869910770567,1.0
1,1,c64,abjcd-dkbac-jk,0.008652886,0.008634383,0.002138361698050706,0.008689995,0.008569502,0.013865715687983782,0.009290856,0.009288794,0.0002219386459116901,0.012090718,0.012349201,0.021378631111899304,1.074759727980983,1.4136741938882442,1.0
1,1,c64,abrs-qb-aqrs,0.000933551,0.000943249,0.010388291587711818,0.000937217,0.000942568,0.005709456828034476,0.000967725,0.000971983,0.004400010333514226,0.001594784,0.001639328,0.02793105524008266,1.033530063428868,1.7230650059127752,1.0
1,1,c64,adbjc-cbdka-kj,0.01859097,0.018559073,0.0017157254301416458,0.018577013,0.018544356,0.001757925238034641,0.018999922,0.01902407,0.0012709525860159498,0.014089364,0.013949396,0.009934302215486857,1.0235250157756506,0.7547345497359472,1.0
1,1,c64,ajb-kba-jk,0.003425578,0.003493576,0.01985008077468975,0.003536335,0.00355516,0.0053233078879688644,0.003682718,0.003679623,0.0008404118914345782,0.004908774,0.004857419,0.010461879076119729,1.064103487489622,1.4115207742771987,1.0
1,1,c64,ajbc-ckba-jk,0.001622245,0.001451177,0.10545139605916498,0.001643205,0.001478808,0.1000465553597999,0.001759351,0.001603541,0.0885610659839906,0.00203772,0.002009488,0.01385470035137315,1.0947069240017129,1.3188534724312748,1.0
1,1,c64,ajbdc-ckbad-jk,0.007433302,0.007334999,0.01322467457934573,0.007363732,0.007263447,0.013618773741358225,0.007982626,0.008047148,0.008082803829216223,0.01219918,0.012320018,0.009905419872483279,1.0854328652449234,1.6602751686068038,1.0
1,1,c64,aqrs-pa-pqrs,0.001208594,0.001226387,0.014722065474427337,0.001217861,0.001260951,0.035381706122455725,0.001290737,0.001305435,0.011387292686271477,0.001468488,0.001461196,0.0049656517451964755,1.0662094316014392,1.2031934312387433,1.0
1,1,c64,ij-ik-kj,0.012196254,0.012301613,0.008638636092688667,0.012193168,0.012306692,0.009310459759104273,0.012378995,0.012476429,0.00787091359193548,0.010304296,0.01039144,0.00845705519329032,1.0145970217033196,0.8447977911155995,1.0
1,1,c64,ij-ikl-ljk,0.002982552,0.002996439,0.00465607975988358,0.002985427,0.002997631,0.004087857448867416,0.003114508,0.003092698,0.00700271118263307,0.003658653,0.003695613,0.010102078551860405,1.0381658755082523,1.2300056919124251,1.0
1,1,c64,ij-kil-lkj,0.004751591,0.004761921,0.0021740086636243827,0.004732385,0.004746873,0.003061458440088982,0.004884569,0.004865173,0.003970872353323274,0.005406603,0.005415329,0.0016139524207714473,1.0248295744463032,1.1375331067652537,1.0
1,1,c64,ijk-ikl-lj,0.002516753,0.002549054,0.012834394157869244,0.002524348,0.002553963,0.011731742216207763,0.002548122,0.002555696,0.0029723851526732847,0.003878613,0.003904622,0.006705747647419269,1.0075228164023284,1.536448145048671,1.0
1,1,c64,ijk-il-jlk,0.002755408,0.002791506,0.01310078217091637,0.002856747,0.002828826,0.009773704146709639,0.002934874,0.002913424,0.007308661291762442,0.002963086,0.002990387,0.009213704900904007,1.0543488698555483,1.0733060711923137,1.0
1,1,c64,ijk-ilk-jl,0.002414352,0.002415395,0.0004319999734918589,0.002425774,0.002435953,0.004196186454302753,0.002462292,0.002468494,0.002518791434971801,0.00321782,0.00321206,0.0017900317606329708,1.020919359647654,1.3313073272732583,1.0
1,1,c64,ijk-ilk-lj,0.002542221,0.002530799,0.004492921740478106,0.002546949,0.002546429,0.00020416584705873486,0.002565885,0.002587586,0.008457510761394227,0.003697695,0.003691074,0.0017905749392527204,1.01585216915708,1.4564864245830018,1.0
1,1,c64,ijk-ilmk-mjl,0.000986871,0.000993583,0.006801294191439267,0.000986159,0.000993924,0.00787398380991311,0.001002629,0.001008201,0.00555738962268193,0.001288523,0.00137795,0.06940271923745245,1.0153398303584669,1.3456451407815493,1.0
1,1,c64,ijkl-imjn-lnkm,0.015332462,0.015433323,0.0065782651214136845,0.015312094,0.015452078,0.00914205463994655,0.01552949,0.015574116,0.0028736294623969982,0.016440419,0.016561538,0.007367148002736412,1.0109848044410081,1.0726822698758334,1.0
1,1,c64,ijkl-imjn-nlmk,0.01532541,0.01536693,0.002709226050069846,0.015313637,0.015357783,0.0028827900256482852,0.015472534,0.015473589,6.818534055241798e-05,0.016815158,0.017151027,0.019974180438863565,1.0082695323325874,1.106613423568551,1.0
1,1,c64,ijkl-imkn-jnlm,0.015379801,0.015433995,0.0035237126930316442,0.015353382,0.015440086,0.005647224826425878,0.015567611,0.015788776,0.014206739878071195,0.016488699,0.01672415,0.014279537760984118,1.0175849647812258,1.077831039759404,1.0
1,1,c64,ijkl-imkn-njml,0.015328244,0.015434737,0.006947501618580709,0.015347481,0.015408527,0.003977590850250845,0.015503782,0.015573695,0.0045094158315692745,0.016831979,0.016948049,0.006895802329601297,1.0102266932738744,1.09807404525832,1.0
1,1,c64,ijkl-imln-jnkm,0.015309701,0.015382298,0.004741895351189518,0.015295433,0.015360388,0.004246692460422752,0.015528819,0.015682388,0.009889290357495861,0.016511231,0.01668093,0.010277792128279062,1.0169072566352277,1.081448622656405,1.0
1,1,c64,ijkl-imln-njmk,0.015288491,0.01539362,0.006876349013123617,0.015297427,0.015385444,0.0057537126995277355,0.015482061,0.015555071,0.0047157804119231095,0.016626646,0.01697024,0.020665262254335737,1.0115740836530749,1.0949483300269265,1.0
1,1,c64,ijkl-imnj-nlkm,0.015292188,0.015366459,0.00485679354713664,0.015258415,0.015362932,0.006849794031686729,0.015431297,0.01548518,0.003491799814364205,0.016539213,0.016793199,0.015356595262422834,1.0084111266507123,1.0871824229665479,1.0
1,1,c64,ijkl-imnk-njml,0.015340247,0.015450396,0.007180392858081142,0.015335808,0.015435217,0.006482149489612787,0.015535621,0.015575358,0.0025577992666014904,0.016612911,0.016875243,0.015790850862922312,1.0104093212684073,1.0875817293732175,1.0
1,1,c64,ijkl-minj-nlmk,0.019000422,0.01909928,0.005202937071608238,0.018970948,0.019112014,0.007435896192430569,0.019289292,0.0193136,0.0012601810372303568,0.020431531,0.020517005,0.00418343588642478,1.0132103997965596,1.0747744073552623,1.0
1,1,c64,ijkl-mink-jnlm,0.01863964,0.018709964,0.0037728196467314845,0.018556565,0.018691239,0.007257485423622256,0.018908952,0.019009603,0.005322928526128701,0.019790436,0.020105787,0.015934515035444408,1.0152313429957043,1.068151817245916,1.0
1,1,c64,ijkl-minl-njmk,0.018946713,0.019045029,0.0051890794989084554,0.018935271,0.019052132,0.006171604303946809,0.019250289,0.01937253,0.006350086484415929,0.019952758,0.020179705,0.011374217038065515,1.016609211520891,1.056333655008279,1.0
1,4,c64,abc-bk-akc,0.000628862,0.000620237,0.013715250722734051,0.000690838,0.000630536,0.08728819202186333,0.000674137,0.000688414,0.021178187816423222,0.000779884,0.000785094,0.006680480686871437,1.0907931888983173,1.252908405827122,3.8720827810383383
1,4,c64,abcijk-eiab-jkec,0.002739729,0.002743386,0.0013348035517379842,0.002820059,0.002752353,0.024008717548108183,0.002931877,0.002940704,0.0030106992892267037,0.003613789,0.003618749,0.0013725206424615166,1.0710290906308542,1.3190563954742323,3.677242892988502
1,4,c64,abcijk-eiac-jkeb,0.002696638,0.002651956,0.016569521010977306,0.002668496,0.002698753,0.011338596722648253,0.002816743,0.002824628,0.002799332420458711,0.004338551,0.00444506,0.02454944058511699,1.0547748346556682,1.6421645971177345,3.755352681893793
1,4,c64,abcijk-eibc-jkea,0.002870063,0.002854384,0.0054629462837574305,0.002949651,0.002873319,0.025878315773628868,0.003006487,0.003032155,0.008537538994846772,0.003343706,0.003340029,0.0010996780219313385,1.0548809514211739,1.167581612505776,3.719331957693333
1,4,c64,abcijk-ejab-ikec,0.002712458,0.00269686,0.005750503786602357,0.002728498,0.002724962,0.0012959511057000217,0.002816182,0.002843954,0.009861578548545635,0.003657461,0.003631553,0.007083602531920308,1.0463595222108322,1.3474893248460893,3.7188972039017996
1,4,c64,abcijk-ejac-ikeb,0.002681761,0.002686029,0.0015914915609556157,0.002709272,0.002720864,0.004278640166066827,0.002850666,0.002835608,0.0052822743878097045,0.003701673,0.003675995,0.00693686341284061,1.0593290459619515,1.3744251630120667,3.738813057001226
1,4,c64,abcijk-ejbc-ikea,0.003264528,0.002903104,0.11071248278464751,0.002914535,0.002881825,0.011223059596127682,0.003027336,0.003039469,0.004007814130971843,0.003682647,0.003668201,0.003922721889988323,0.9853435448926328,1.1938921927352588,3.464174003866432
1,4,c64,abcijk-ekab-ijec,0.002723028,0.002709443,0.004988931439559141,0.002758323,0.002760839,0.0009121484322176521,0.002845817,0.002846869,0.000369665372017991,0.003271852,0.00330856,0.011219333881850257,1.0479031922192137,1.2112959625308548,3.708260975001711
1,4,c64,abcijk-ekac-ijeb,0.002668346,0.002677324,0.0033646311235500104,0.002651925,0.002661664,0.0036724266334831057,0.002831119,0.002803398,0.009791534725315354,0.003990903,0.004063268,0.018132487810402997,1.0540225555409846,1.506613251499964,3.7569826806799105
1,4,c64,abcijk-ekbc-ijea,0.003076557,0.002948389,0.04165955644572816,0.002896702,0.002865624,0.010728752905890926,0.002998742,0.002986871,0.0039586599980925286,0.003667429,0.003671246,0.0010407836116255176,0.993694555519404,1.218323795321328,3.5277682384012334
1,4,c64,abcijk-ijma-mkbc,0.002878979,0.002876385,0.0009010138663740896,0.002921999,0.002883528,0.013165986709783417,0.002990367,0.003049737,0.01985375039251025,0.003669333,0.003657842,0.0031316318251845,1.0494232551782123,1.273102228409676,3.691495692708139
1,4,c64,abcijk-ijmb-mkac,0.002661834,0.00266499,0.0011856486918417897,0.002663888,0.002669198,0.001993327046782678,0.002812815,0.002821533,0.0030993862020787244,0.003989299,0.004127708,0.03469506798061506,1.057730130417628,1.5235773290589942,3.7943077941698005
1,4,c64,abcijk-ijmc-mkab,0.002713981,0.002695046,0.006976835873206189,0.002731784,0.003309332,0.2114178866264682,0.002818126,0.002852389,0.012158079518091114,0.003326583,0.003384813,0.01750444825816766,1.048330176450609,1.2407378454686289,3.724018044604709
1,4,c64,abcijk-ikma-mjbc,0.002888406,0.002918784,0.010517219532157007,0.003310935,0.002869331,0.13337742963845556,0.002994204,0.0030618,0.022575616090286355,0.003647753,0.003645398,0.0006456029232242422,1.0427951551902945,1.2559000839051857,3.674560229535504
1,4,c64,abcijk-ikmb-mjac,0.002674617,0.002644392,0.011300683424953828,0.002685749,0.002672394,0.004972542110227018,0.0028257,0.002779354,0.016401599603638073,0.00371065,0.003685313,0.006828183741392935,1.0537588640278537,1.3904919151579296,3.78255043229008
1,4,c64,abcijk-ikmc-mjab,0.002735531,0.002708621,0.009837212592363143,0.002680419,0.002698663,0.006806398551868265,0.002821021,0.002832864,0.004198125430473709,0.003586418,0.003619771,0.009299808332436488,1.0385348657882303,1.3236588264689093,3.6960656404415486
1,4,c64,abcijk-jkma-mibc,0.002883066,0.003297259,0.1436640715127575,0.00284734,0.002889068,0.014655081584917795,0.003049967,0.002990367,0.01954119503588081,0.003342293,0.003336733,0.0016635286014721196,0.9795035007134556,1.0831264576202575,3.4566771181602527
1,4,c64,abcijk-jkmb-miac,0.002679247,0.002673115,0.00228870275864812,0.002707019,0.002701689,0.0019689555189675856,0.002801995,0.002885522,0.029809831923326202,0.004403402,0.004525219,0.02766429229037004,1.0625042475450277,1.6680104633491848,3.745731543129104
1,4,c64,abcijk-jkmc-miab,0.002733718,0.002720053,0.004998686770178895,0.002763323,0.002731304,0.011587136212451443,0.002898184,0.002898596,0.00014215798582828398,0.003848116,0.003607479,0.0625337177985279,1.0628972470078577,1.3663452271762782,3.695205835165959
1,4,c64,abcs-rc-abrs,0.00028406,0.000291333,0.025603745687530877,0.000280904,0.000283539,0.0093804289009769,0.000349552,0.000351656,0.006019133061747617,0.00045559,0.000452514,0.00675168462872322,1.2187511253195538,1.578349654905145,3.7558341811327263
1,4,c64,abj-bka-kj,0.000995978,0.00100255,0.006598539325165964,0.000998762,0.00099726,0.0015038617808847965,0.001082519,0.001084112,0.0014715677045851194,0.00154969,0.001590766,0.02650594635056036,1.0841189761305419,1.5712586152196024,3.789250821367266
1,4,c64,abjc-cbka-kj,0.000458124,0.000478893,0.045334887497707976,0.000453756,0.000456862,0.006845088549793266,0.000544516,0.000556759,0.02248418779246153,0.000615277,0.000620447,0.00840271942555959,1.1755150110626618,1.3190975642389602,3.965613237566084
1,4,c64,abjc-kbac-jk,0.000297945,0.000298216,0.0009095638456764199,0.000298436,0.000303395,0.016616628020748037,0.000371913,0.000396539,0.066214410359412,0.000520631,0.000516363,0.008197744659845463,1.2883388759067154,1.739438380084386,3.9636896145964378
1,4,c64,abjcd-dkbac-jk,0.00311027,0.003117073,0.0021872699154736885,0.003097977,0.003120119,0.007147244798783259,0.00330318,0.003304002,0.0002488511071148114,0.004086791,0.004104235,0.004268385635575633,1.0609959803821938,1.315330199874154,2.776026535461726
1,4,c64,abrs-qb-aqrs,0.000245678,0.000248063,0.009707828946833086,0.000245668,0.000243524,0.008727225361056301,0.000316851,0.000317572,0.0022755175145416917,0.000469546,0.000469366,0.00038334902224701484,1.2849449246823816,1.901650737838451,3.8011768107916053
1,4,c64,adbjc-cbdka-kj,0.006458644,0.006456682,0.0003037789356403753,0.006498018,0.006493851,0.0006412724618491961,0.006642818,0.006687593,0.006740362298048863,0.005746606,0.005841665,0.01654176395597684,1.0321331383426295,0.8972194152100976,2.876429889209948
1,4,c64,ajb-kba-jk,0.000881304,0.000882206,0.001023483383713275,0.000878789,0.000891152,0.014068223430197646,0.000971081,0.000982773,0.012040190262192274,0.00124944,0.001237988,0.009165706236394011,1.1079150514496459,1.4104836167619734,3.9233238097390863
1,4,c64,ajbc-ckba-jk,0.000405817,0.000433889,0.06917403657313526,0.000405536,0.000425093,0.04822506509902924,0.000481307,0.000507577,0.05458054838180226,0.000620367,0.00064346,0.037224739549331254,1.177897820671978,1.5056730712893864,3.6564865259883943
1,4,c64,ajbdc-ckbad-jk,0.003153321,0.003183608,0.009604794437356734,0.003128524,0.003119718,0.002814745867380286,0.003454272,0.003476133,0.006328685175921445,0.003935519,0.003912046,0.005964397580090597,1.0936606166901552,1.2383947377510742,2.3304888697165316
1,4,c64,aqrs-pa-pqrs,0.000357637,0.000355563,0.005799176259727146,0.000356404,0.000354852,0.004354608814715832,0.000416065,0.000415474,0.001420451131433853,0.00040766,0.000401268,0.015679733110925853,1.1659314441800357,1.1341926047396873,3.4140862112100487
1,4,c64,ij-ik-kj,0.003122803,0.003145867,0.007385672423140477,0.003129556,0.003123044,0.0020808063508049868,0.003259157,0.00324895,0.0031317914417746673,0.00342642,0.003400853,0.00746172389841282,1.038201571629019,1.0891100245941518,3.907975096865346
1,4,c64,ij-ikl-ljk,0.001727361,0.001729586,0.0012880920664528617,0.001730558,0.001729235,0.0007644933021604405,0.001851973,0.001861381,0.005079987667206742,0.001464781,0.001452569,0.008337082471714274,1.0741682910581989,0.8439021612123527,1.7295538841666027
1,4,c64,ij-kil-lkj,0.002586784,0.002581384,0.0020875341737075503,0.002577386,0.002578108,0.00028012878164140886,0.002748145,0.002756902,0.003186513084280529,0.002104645,0.002046788,0.027490146794352577,1.0651826798245034,0.8031921718526588,1.8407899249405233
1,4,c64,ijk-ikl-lj,0.000918994,0.000920537,0.001679009873840398,0.00092256,0.000918002,0.004940600069372136,0.000980448,0.000982272,0.0018603740330949137,0.001237939,0.001226257,0.009436652371401233,1.0669675275543358,1.3395638216085233,2.753802899183209
1,4,c64,ijk-il-jlk,0.001613489,0.001580157,0.020658337305057617,0.001596678,0.001584826,0.007422911820667788,0.001664825,0.001659014,0.003490456954935106,0.001037244,0.001058354,0.020352009748911604,1.0408213585604182,0.6561797432358902,1.7369172013060263
1,4,c64,ijk-ilk-jl,0.000837963,0.000840928,0.0035383423850456897,0.000817945,0.000857009,0.047758712382862,0.000903825,0.000925627,0.024121926257848703,0.00095979,0.00098656,0.02789151793621536,1.0896031597208242,1.1591990961009746,2.8767528202830155
1,4,c64,ijk-ilk-lj,0.000748406,0.000785835,0.05001162470637599,0.000756822,0.000766739,0.01310347743590956,0.000813247,0.000840387,0.0333723948566671,0.000941686,0.000971321,0.031470150347355785,1.0779945956213566,1.2470967053346222,3.3075099842262707
1,4,c64,ijk-ilmk-mjl,0.000294148,0.000308275,0.048026843629737526,0.00029448,0.000306722,0.04157158380874759,0.000347158,0.000365192,0.05194752821481852,0.000330816,0.000344282,0.040705407235442026,1.1824209429650914,1.120723061228289,3.2883661312196315
1,4,c64,ijkl-imjn-lnkm,0.004242091,0.004265485,0.005514733182291565,0.004244405,0.004585792,0.08043223961898072,0.004376041,0.004400828,0.005664252231640354,0.004366012,0.004447655,0.01869967375261461,1.031653103244775,1.0359381066088753,3.6162751864533034
1,4,c64,ijkl-imjn-nlmk,0.00423619,0.004248183,0.002831081703134286,0.004205443,0.004264924,0.014143813148816964,0.004320698,0.004337128,0.003802626334911574,0.004479934,0.004472401,0.0016814979863541968,1.0204430026728502,1.0551564357758012,3.6175145269295372
1,4,c64,ijkl-imkn-jnlm,0.004704904,0.006480667,0.3774281048029884,0.004417338,0.004260846,0.035426766074952654,0.004356093,0.004357246,0.0002646867273037312,0.004404043,0.004389416,0.003321266390904798,0.7889861418169481,0.7962398515841828,2.7901612266937046
1,4,c64,ijkl-imkn-njml,0.004201085,0.00422538,0.0057830298601431185,0.004220711,0.004219861,0.00020138787043233464,0.004323984,0.004280503,0.010055772639306904,0.004442745,0.004444359,0.0003632889125979588,1.0211177405072327,1.0546701127527167,3.6507508826860433
1,4,c64,ijkl-imln-jnkm,0.0041822,0.006478222,0.5489986131701019,0.004219709,0.00425775,0.00901507663206158,0.004331547,0.004368236,0.008470183978149137,0.004424591,0.004415816,0.0019832341565582112,0.8356881621432434,0.8492034268205091,2.948245556482988
1,4,c64,ijkl-imln-njmk,0.004173383,0.004233215,0.014336570595126386,0.004185626,0.004217276,0.007561592937352701,0.004291823,0.004294609,0.0006491414021498887,0.004375479,0.004389987,0.0033157512583192883,1.0214178233823803,1.0427138315956854,3.6498364768197087
1,4,c64,ijkl-imnj-nlkm,0.004202066,0.004254063,0.012374151191342442,0.004194272,0.00422568,0.007488307863676935,0.004287967,0.00429497,0.0016331748821760694,0.004321129,0.004324676,0.0008208502916715599,1.015014838411968,1.022449838276549,3.6256704059267166
1,4,c64,ijkl-imnk-njml,0.00418832,0.00426257,0.017727871795851557,0.004193981,0.004222765,0.006863168908013639,0.004287135,0.004306181,0.004442593946773377,0.004283338,0.004336047,0.012305589705972286,1.0168901253560236,1.0199584345708275,3.6435966482031192
1,4,c64,ijkl-minj-nlmk,0.005205377,0.005290157,0.016287004764496515,0.00521771,0.007467437,0.4311713376174604,0.00539447,0.005397938,0.0006428805795564152,0.005481502,0.005475662,0.001065401417348788,1.028319241315344,1.0440173826623018,3.6301932609564322
1,4,c64,ijkl-mink-jnlm,0.00529781,0.005147099,0.028447792578442876,0.005128995,0.005191372,0.012161641803121181,0.005231827,0.00527073,0.0074358345564562445,0.005258096,0.005291028,0.006263103602520692,1.0056170357862466,1.0100778212922945,3.576232831489425
1,4,c64,ijkl-minl-njmk,0.007027154,0.005234292,0.25513344378108127,0.005161786,0.005245082,0.016137050238037798,0.005337384,0.005369224,0.005965469226122844,0.005327725,0.005360718,0.006192699510579214,0.8826759166130185,0.8811780531823831,3.132124730215411
1,8,c64,abc-bk-akc,0.000495594,0.000499972,0.008833843831846266,0.000491627,0.000500534,0.018117393877878918,0.000601822,0.000608565,0.011204309579909033,0.000395959,0.000402761,0.01717854626362847,1.2157706476792294,0.8022559617181427,4.858086948870937
1,8,c64,abcijk-eiab-jkec,0.001686145,0.001673541,0.007475039216674695,0.001700842,0.001638295,0.03677413892648462,0.001878533,0.001867242,0.006010541204226838,0.002312502,0.002331989,0.00842680352276437,1.1149209604274064,1.3824157383365325,6.001418902836552
1,8,c64,abcijk-eiac-jkeb,0.00173729,0.001754832,0.010097335505298455,0.001705561,0.00173225,0.015648223663650818,0.001908469,0.001874466,0.017816899305149847,0.002891782,0.002993402,0.035140961524762204,1.0832467783374053,1.6850444618840323,5.751634490738292
1,8,c64,abcijk-eibc-jkea,0.002905989,0.002844505,0.021157685042854535,0.00292235,0.002881534,0.013966841754067927,0.003384071,0.002784944,0.17704327125524255,0.00205386,0.002083316,0.014341775973045978,1.067769798262764,0.7194699496292677,3.7026829142554205
1,8,c64,abcijk-ejab-ikec,0.001668452,0.001720348,0.031104281094092023,0.001646561,0.001622997,0.014311039797493041,0.001916003,0.001882881,0.017287029300058543,0.002520891,0.002506515,0.0057027455768614566,1.1211004244621285,1.4837036872013405,5.936901917827424
1,8,c64,abcijk-ejac-ikeb,0.001762547,0.001752338,0.005792185967239405,0.001735647,0.00168889,0.026939233611442903,0.001912276,0.001900785,0.006009069820465229,0.002438357,0.002501135,0.025746024884789165,1.084832012764128,1.4051992830472078,5.709786137825088
1,8,c64,abcijk-ejbc-ikea,0.003281099,0.002924744,0.10860842662778536,0.003404298,0.002927039,0.14019307357933997,0.003087888,0.00300764,0.025987989201680994,0.002206215,0.002219119,0.005848931314490935,0.9837621277017797,0.7142670496470199,3.4426081911429782
1,8,c64,abcijk-ekab-ijec,0.001648394,0.00165674,0.005063109911829233,0.001692987,0.001621073,0.04247758547466696,0.001911424,0.001866461,0.023523299906247797,0.002153977,0.002199321,0.02105129256254834,1.142958036772196,1.3170648210899571,6.095069502571678
1,8,c64,abcijk-ekac-ijeb,0.001757898,0.001728493,0.016727364158785063,0.001724576,0.001729495,0.0028522952888130337,0.001868374,0.001878614,0.005480701401325394,0.002721144,0.002736774,0.005743907709404583,1.0747811382694121,1.565541488900801,5.760763968611727
1,8,c64,abcijk-ekbc-ijea,0.00319585,0.002692742,0.1574254110799943,0.003468018,0.002629264,0.24185399268400565,0.002849845,0.002958929,0.03827716946009341,0.002183672,0.002228636,0.020591004509834976,0.989890887540998,0.7520084277933773,3.621882476244295
1,8,c64,abcijk-ijma-mkbc,0.003070506,0.002756811,0.10216394301134735,0.002698382,0.002828375,0.048174424525512016,0.002861977,0.002946636,0.029580601101965476,0.002211645,0.002214259,0.0011819256707112924,0.9981316873078511,0.7606124792703286,3.651208640644076
1,8,c64,abcijk-ijmb-mkac,0.001759591,0.001732481,0.0154069894651655,0.001799926,0.001751878,0.026694430771042943,0.001954525,0.001898681,0.028571647842826287,0.002672924,0.002710405,0.014022471271162074,1.1033327537533186,1.541595003198719,5.788029389515295
1,8,c64,abcijk-ijmc-mkab,0.001731389,0.001674543,0.03283259856681553,0.001815616,0.001612076,0.11210520286227921,0.0019195,0.001917866,0.0008512633498306554,0.002178042,0.002149158,0.013261452258496287,1.1268282054123546,1.270637938858,5.914973322430483
1,8,c64,abcijk-ikma-mjbc,0.003207411,0.002842292,0.11383605032220678,0.002816603,0.002667805,0.0528288864280837,0.002759155,0.003042514,0.10269774623027694,0.002215943,0.00222527,0.004209043283152969,0.9596054113026466,0.7354598951557465,3.5336523029694877
1,8,c64,abcijk-ikmb-mjac,0.001794887,0.001740706,0.03018630142176082,0.001772425,0.001678981,0.05272098960463778,0.001938466,0.00190383,0.017867736653621957,0.002561236,0.002438318,0.047991672770490545,1.0868307257901606,1.4138023588772382,5.691112564604871
1,8,c64,abcijk-ikmc-mjab,0.001709268,0.00172145,0.007127027476089287,0.001842516,0.001688359,0.08366657331605265,0.001966437,0.001908349,0.029539720825025206,0.002521523,0.002514028,0.002972409928443942,1.129318992154651,1.4677910478400513,5.865193288231105
1,8,c64,abcijk-jkma-mibc,0.002956443,0.002872006,0.028560334158311274,0.002722797,0.002738147,0.005637585174362858,0.00353397,0.003224614,0.08753781158300711,0.002063909,0.002063038,0.00042201473030056835,1.1584915495951191,0.7081438040617339,3.657507384658701
1,8,c64,abcijk-jkmb-miac,0.00178563,0.001741017,0.02498445926647741,0.001781092,0.001725648,0.03112921735654306,0.001929599,0.001900635,0.015010372621461765,0.002876024,0.002955392,0.027596431740486205,1.0861396076302898,1.653508976100278,5.685315933282512
1,8,c64,abcijk-jkmc-miab,0.001675184,0.001675254,4.1786454502812376e-05,0.001657922,0.001662671,0.002864429086531173,0.001879204,0.00180718,0.03832686605605351,0.002356134,0.002392321,0.015358634101455992,1.1000592569580798,1.4172227965979487,6.01495779563511
1,8,c64,abcs-rc-abrs,0.000153436,0.000153396,0.00026069501290448827,0.000154078,0.000152945,0.007353418398473477,0.000260526,0.000246369,0.054340065866746445,0.000261107,0.000258893,0.008479282439766034,1.6513833996991472,1.694723142083907,7.042642453881181
1,8,c64,abj-bka-kj,0.000513077,0.000519619,0.012750522826008526,0.00051501,0.000528506,0.026205316401623158,0.000635816,0.000653759,0.028220428551656518,0.000825289,0.000836951,0.014130807511065768,1.2486501734639899,1.6096048050239722,7.333266398451733
1,8,c64,abjc-cbka-kj,0.000264454,0.000259063,0.02038539783856541,0.000261217,0.000258342,0.011006174942672198,0.000392512,0.000393033,0.0013273479536930477,0.000351405,0.000356816,0.015398187276788766,1.500594022416838,1.3528460037621204,7.096486104593926
1,8,c64,abjc-kbac-jk,0.000162654,0.000160449,0.01355638348887822,0.000159928,0.000158545,0.008647641438647269,0.00029504,0.000256369,0.131070363340564,0.000279231,0.000271487,0.027733310413242118,1.702441992403765,1.704336927017018,7.313618097510374
1,8,c64,abjcd-dkbac-jk,0.00225765,0.002264103,0.002858281841738197,0.002239927,0.002266677,0.011942353478483936,0.002416968,0.002432697,0.006507740276247009,0.002959438,0.002961002,0.0005284787179187234,1.0725142287311826,1.3093253484360758,3.8231360053689603
1,8,c64,abrs-qb-aqrs,0.000134791,0.000134621,0.0012612118019748042,0.000133979,0.00013377,0.001559945961680631,0.000238995,0.000224479,0.06073767233624139,0.000263191,0.000262239,0.0036171449631637875,1.7194732082426678,1.950281509966137,6.966190508216467
1,8,c64,adbjc-cbdka-kj,0.003784016,0.003706392,0.02051365533338112,0.003858836,0.003708827,0.0388741579066848,0.003986925,0.003933106,0.013498874445844855,0.004462572,0.004497207,0.007761219314780687,1.0573887893835079,1.196222316150069,4.959946683459151
1,8,c64,ajb-kba-jk,0.000442385,0.000455489,0.02962125750194966,0.000450751,0.000454678,0.00871212709456004,0.000564673,0.000568069,0.00601410019604276,0.00057928,0.000581214,0.0033386272614279733,1.2617110689825262,1.292626804988171,7.706601187118343
1,8,c64,ajbc-ckba-jk,0.001115901,0.001087428,0.025515704350117074,0.001098649,0.001136019,0.034014503267194574,0.001375335,0.001461997,0.06301155718424956,0.0003486,0.00034294,0.0162363740676994,1.2872544423216914,0.3138771308484222,1.392853135980557
1,8,c64,ajbdc-ckbad-jk,0.00383439,0.003856983,0.00589220188869688,0.003806208,0.003779589,0.006993574707425454,0.004016771,0.003954054,0.01561378530167623,0.002768443,0.002773182,0.0017117925129754852,1.036305565357631,0.7205016428212667,1.9200781889741225
1,8,c64,aqrs-pa-pqrs,0.000221133,0.000217265,0.01749173574274321,0.000211495,0.000211164,0.0015650488191208956,0.00030563,0.000289059,0.054219153878873105,0.000243524,0.000246109,0.010614970187743156,1.3560308652190074,1.1168965986504922,5.5543382266726
1,8,c64,ij-ik-kj,0.001582421,0.001600174,0.011218885492545905,0.0015766,0.001581279,0.0029677787644297737,0.001771163,0.001789177,0.010170718335918316,0.001807251,0.001831426,0.013376669870427405,1.1186939650185825,1.1432976238601045,7.697498921028267
1,8,c64,ij-ikl-ljk,0.000956213,0.000958006,0.0018751052328298545,0.00096021,0.000970179,0.010382103914768681,0.001082629,0.001087548,0.004543569403738346,0.000966573,0.000961674,0.005068422147111451,1.1337116480472853,1.0073255058846329,3.1234553076913
1,8,c64,ij-kil-lkj,0.001519483,0.001492273,0.017907406663977277,0.00147996,0.001533901,0.0364476066920727,0.001675004,0.001677117,0.001261489524801318,0.00138335,0.001412494,0.021067697979542555,1.1130573489472164,0.9282977111644358,3.158919474349828
1,8,c64,ijk-ikl-lj,0.000464126,0.000476499,0.026658709057454377,0.000465208,0.000472752,0.016216402125500906,0.000605229,0.000614556,0.015410695786223227,0.000615588,0.000628352,0.020734647199100564,1.2968556859449984,1.3225059291439325,5.38593204588747
1,8,c64,ijk-il-jlk,0.000498851,0.000505583,0.013495011536510892,0.00049853,0.000498199,0.000663952018935654,0.000626278,0.000626589,0.0004965845838429406,0.000553211,0.000551248,0.0035483748515485747,1.2473642888499248,1.099606407994455,5.522434651771918
1,8,c64,ijk-ilk-jl,0.000680399,0.000690778,0.015254284618289926,0.000682753,0.00068627,0.005151204022538103,0.000822764,0.000833675,0.013261396949793669,0.000551228,0.000558631,0.013430014440485527,1.2080501049473726,0.80942584786256,3.522437479489075
1,8,c64,ijk-ilk-lj,0.000476067,0.000490365,0.030033587709292986,0.000473112,0.000476949,0.008110130370821311,0.000601151,0.000583899,0.028698280465307313,0.000586513,0.00060091,0.02454677048931564,1.2262157251822008,1.2287110546419728,5.249787284620459
1,8,c64,ijk-ilmk-mjl,0.000215521,0.000217145,0.007535228585613396,0.00021464,0.000215091,0.0021011926947447357,0.000339713,0.0003593,0.05765749323693825,0.000264864,0.000267418,0.009642684547541247,1.614971930345767,1.2302321471796192,4.577333502080315
1,8,c64,ijkl-imjn-lnkm,0.003030031,0.00304025,0.003372572755856229,0.003010254,0.003025913,0.005201886618205531,0.003215757,0.0032228,0.0021901530494996546,0.003221989,0.003071739,0.04663268558644995,1.0606695590106932,1.0365159706707898,5.06824367202378
1,8,c64,ijkl-imjn-nlmk,0.002463103,0.002329404,0.05428071826472536,0.002424872,0.00236456,0.024872240679095547,0.002565394,0.002461812,0.04037664389953355,0.002450751,0.002442335,0.0034340493995514976,1.0491577291910574,1.021382742879244,6.406722485584305
1,8,c64,ijkl-imkn-jnlm,0.002200864,0.002188322,0.0056986710673626595,0.002183281,0.002159928,0.010696286918632891,0.002374929,0.002360232,0.0061883955267716395,0.002494071,0.002488281,0.0023215056828774783,1.0788236186389473,1.13514646604609,7.020407461323595
1,8,c64,ijkl-imkn-njml,0.002169455,0.002164236,0.002405673314265555,0.002164026,0.002149319,0.006796129066841239,0.002313685,0.002293278,0.008820128928527238,0.002384466,0.002357186,0.011440716705543363,1.0630479060640738,1.0941197614510376,7.098526171428518
1,8,c64,ijkl-imln-jnkm,0.002152544,0.00219294,0.018766631483491114,0.002165278,0.002158005,0.003358922041419077,0.002372715,0.002349131,0.009939668270314894,0.002488811,0.002483212,0.002249668616861711,1.0866433147103662,1.144230353979651,7.063249889505456
1,8,c64,ijkl-imln-njmk,0.00218782,0.002154338,0.015303818412849335,0.002163445,0.002142977,0.009460836767285485,0.002302944,0.002288889,0.0061030576514234935,0.002329114,0.002318534,0.004542499851875048,1.0575266966641645,1.0703834668954761,7.066265916440085
1,8,c64,ijkl-imnj-nlkm,0.002163975,0.002193882,0.01382039995840989,0.002149979,0.002167393,0.008099613996229715,0.002334483,0.002306522,0.011977384285942527,0.002356785,0.002341086,0.006661193108408292,1.0649798885375061,1.078042579599941,7.035402730734982
1,8,c64,ijkl-imnk-njml,0.00215553,0.002143768,0.005456662630536457,0.002166129,0.002160679,0.0025160089726882218,0.002299268,0.002293106,0.0026799833686199648,0.002310879,0.002311491,0.00026483429032841954,1.0681713740274013,1.0751493052643588,7.1617648290062395
1,8,c64,ijkl-minj-nlmk,0.002684516,0.002684446,2.607546388255777e-05,0.002696188,0.002697351,0.0004313497426737811,0.002893536,0.002888276,0.001817845017307529,0.00293871,0.002967645,0.009846156987249444,1.0768952374499947,1.1000793308586136,7.096264370782232
1,8,c64,ijkl-mink-jnlm,0.002597343,0.002587936,0.003621778101698503,0.002597133,0.002586644,0.004038684195226128,0.002760748,0.002773342,0.004561807162406728,0.002914175,0.002897905,0.005583055238618129,1.0672684684456655,1.1208783156577338,7.203006676780859
1,8,c64,ijkl-minl-njmk,0.002639011,0.002644181,0.0019590672414777632,0.002652898,0.002635956,0.006386223669360813,0.00280991,0.002810812,0.000321006722635353,0.002857749,0.002867308,0.0033449403709002734,1.063888009153174,1.0836349996274177,7.191037724548334
16,1,f64,abc-bk-akc,0.015479419,0.015428315,0.0033014158993951437,0.015498895,0.015440228,0.003785237592744517,0.015754733,0.015676497,0.00496587279517835,0.018766159,0.018839827,0.003925576885499105,1.0169356185978307,1.2167169954571433,1.0
16,1,f64,abcijk-eiab-jkec,0.014612793,0.01438975,0.015263543389686052,0.014692281,0.01440038,0.01986764342446201,0.015134295,0.015101526,0.002165214831612583,0.026305299,0.02549766,0.03070252119164285,1.0425533169274455,1.7859880290376728,1.0
16,1,f64,abcijk-eiac-jkeb,0.014333873,0.013928391,0.028288376770186252,0.014131886,0.013971822,0.011326442910733925,0.014825339,0.015028439,0.013699518102081809,0.035261793,0.03481649,0.0126284843201252,1.0563966171190793,2.479775915800468,1.0
16,1,f64,abcijk-eibc-jkea,0.013806969,0.013826713,0.0014300024864253302,0.014024546,0.013887856,0.009746483059059452,0.014551067,0.01464736,0.006617590311418287,0.01715282,0.017041217,0.006506393700860702,1.0566190806873896,1.2373980275840566,1.0
16,1,f64,abcijk-ejab-ikec,0.014795112,0.014483345,0.02107229739119243,0.014784914,0.014519903,0.017924419445388695,0.015267544,0.015223313,0.0028970605881337708,0.021696875,0.021235035,0.021286014691055843,1.041467236464601,1.4663293163432936,1.0
16,1,f64,abcijk-ejac-ikeb,0.01406991,0.013962606,0.007626488015914701,0.014274302,0.014083441,0.01337095151833001,0.014716446,0.014761703,0.003075266949642552,0.019280868,0.019297898,0.0008832589902072474,1.0515763274137098,1.3762248411559814,1.0
16,1,f64,abcijk-ejbc-ikea,0.014207948,0.013965982,0.017030326969102116,0.01421511,0.014024281,0.013424377299929402,0.014724811,0.01478634,0.00417859353169292,0.017026435,0.017099947,0.004317521548110381,1.0474994176929548,1.2113170385024927,1.0
16,1,f64,abcijk-ekab-ijec,0.014772,0.014428162,0.023276333604115962,0.014769525,0.014504655,0.01793354898007893,0.01527637,0.015301899,0.001671143079147841,0.018247572,0.018359011,0.0061070590651732815,1.0472674256454375,1.2537242595210336,1.0
16,1,f64,abcijk-ekac-ijeb,0.014082243,0.013903186,0.01271509091271894,0.014210483,0.014039519,0.012030836671772516,0.014725493,0.014635429,0.006116195905970678,0.023606806,0.023728889,0.005171517061647313,1.0491668667402783,1.6914697463228612,1.0
16,1,f64,abcijk-ekbc-ijea,0.013963682,0.013960923,0.00019758398966684965,0.01433771,0.014000397,0.02352628139361168,0.014661514,0.014763287,0.006941506859386992,0.017040009,0.017088005,0.0028166651789915953,1.0537167898870146,1.2221472932893256,1.0
16,1,f64,abcijk-ijma-mkbc,0.013979962,0.013829926,0.010732218013182027,0.014008726,0.013886983,0.008690511899511866,0.01446168,0.014418252,0.0030029706092238317,0.017048485,0.017064458,0.0009369160954773026,1.0384910451880398,1.2266656999204117,1.0
16,1,f64,abcijk-ijmb-mkac,0.014079318,0.0140252,0.0038437941383240304,0.014229498,0.014065896,0.011497383814945583,0.014705836,0.014700227,0.000381413202214409,0.023704849,0.02373754,0.001379084928994967,1.0463128021972028,1.6880725616263454,1.0
16,1,f64,abcijk-ijmc-mkab,0.014742655,0.014444711,0.020209656944424115,0.014772561,0.01451419,0.01748992608661426,0.015315113,0.015340889,0.0016830434094741165,0.018263,0.018347406,0.004621694135684029,1.0503718803819153,1.2543857605327766,1.0
16,1,f64,abcijk-ikma-mjbc,0.014276997,0.013718549,0.039115228503585175,0.014079838,0.013755598,0.023028674051505438,0.014565735,0.014525001,0.002796563304220512,0.017123064,0.017015838,0.006262080197796505,1.03932593375398,1.2196771497221057,1.0
16,1,f64,abcijk-ikmb-mjac,0.014056375,0.013996687,0.004246329512409774,0.014237202,0.014116751,0.008460299994338727,0.014972123,0.015078932,0.007133858037367213,0.019486572,0.019303016,0.009419614696725587,1.0712175807127942,1.3827097197285472,1.0
16,1,f64,abcijk-ikmc-mjab,0.014743707,0.014454971,0.0195836772936413,0.014755739,0.014495046,0.01766722764613826,0.015321425,0.015308219,0.0008619302708462451,0.021971306,0.021105102,0.03942432916823424,1.0490590989735835,1.4750600669286849,1.0
16,1,f64,abcijk-jkma-mibc,0.013813442,0.013518317,0.02136505875943162,0.013854038,0.013528396,0.02350520476412732,0.014394826,0.014290254,0.007264554639284881,0.01711539,0.017168793,0.003120174299271028,1.0495688104613596,1.2544432375717458,1.0
16,1,f64,abcijk-jkmb-miac,0.014358679,0.014082878,0.019207964743831907,0.014388965,0.014188806,0.013910590511548304,0.015071689,0.015163741,0.006107610102623617,0.035370997,0.035544694,0.004910718236186495,1.0631173091593147,2.4934926293293938,1.0
16,1,f64,abcijk-jkmc-miab,0.014625266,0.014428182,0.013475583965447235,0.014632148,0.014403776,0.015607551263150055,0.015126641,0.015099531,0.001792202247676844,0.025790248,0.025627943,0.006293270231445658,1.0403878846859775,1.7698112078338797,1.0
16,1,f64,abcs-rc-abrs,0.009671968,0.009608079,0.006605584303008394,0.009611285,0.009548798,0.006501419945407871,0.010318905,0.010256608,0.006037171579736378,0.013889183,0.013841034,0.003466654590122298,1.0671930239288132,1.438291486023968,1.0
16,1,f64,abj-bka-kj,0.019787703,0.019775882,0.0005973912181721497,0.019774209,0.019791552,0.0008770515169531645,0.019774008,0.019759833,0.000716850119611423,0.028880712,0.028994675,0.003945989974208475,0.9992481779240099,1.4628420902803732,1.0
16,1,f64,abjc-cbka-kj,0.036516312,0.035343767,0.03211017038084252,0.036421937,0.035330643,0.029962547022142183,0.037563025,0.036481589,0.028789907096140377,0.026079738,0.025374484,0.027042219519229915,1.0304271201583568,0.7160615421451162,1.0
16,1,f64,abjc-kbac-jk,0.012328042,0.012290913,0.003011751582286948,0.012279481,0.012164927,0.009328895903662371,0.011957611,0.012306081,0.029142108737272077,0.018786045,0.018850176,0.0034137573927879306,0.9854690069499482,1.5287492569541568,1.0
16,1,f64,abjcd-dkbac-jk,0.016822053,0.01687837,0.0033478077854112165,0.016832172,0.016876477,0.002632161791122467,0.018203549,0.018306809,0.005672520232181233,0.021791641,0.021856237,0.002964255881418021,1.0833769937256161,1.2951733913424348,1.0
16,1,f64,abrs-qb-aqrs,0.008741422,0.008566126,0.020053487865017816,0.008648419,0.008519549,0.014900989417834576,0.008505302,0.008512356,0.0008293650243107464,0.01498145,0.015007369,0.001730072856766185,0.9833010118673143,1.7327899988939128,1.0
16,1,f64,adbjc-cbdka-kj,0.041312357,0.041297279,0.0003649755447262537,0.041355968,0.041305484,0.0012207186155090977,0.042916489,0.042969903,0.0012446032106678828,0.0292657,0.030002373,0.025171890643312933,1.0396653584229876,0.7173920433296597,1.0
16,1,f64,ajb-kba-jk,0.01801606,0.017933928,0.004558821407122382,0.018019155,0.017914661,0.005799051065380145,0.017881709,0.017874927,0.00037927023641870505,0.020452203,0.020532573,0.003929650023520637,0.99462421719654,1.1400505657498325,1.0
16,1,f64,ajbc-ckba-jk,0.020503629,0.019941341,0.027423828240356718,0.020492689,0.01991926,0.02798212572298342,0.021620582,0.020425063,0.055295412491671136,0.018107841,0.018216013,0.005973765729442748,1.0392567288370362,0.8981884218575832,1.0
16,1,f64,ajbdc-ckbad-jk,0.016948038,0.016939916,0.0004792295131742508,0.016963907,0.016782282,0.010706554804857271,0.018317883,0.01842476,0.005834571604153016,0.020730673,0.020757953,0.001315924475775443,1.0842344926771696,1.2242880825117235,1.0
16,1,f64,aqrs-pa-pqrs,0.007404389,0.007258788,0.019664147845284696,0.008951073,0.008846088,0.011728761456866743,0.009836926,0.009840864,0.00040032831394687385,0.015532387,0.015385003,0.009488818428230017,1.342052938664192,2.1085855414403545,1.0
16,1,f64,ij-ik-kj,0.169742697,0.145019223,0.14565265214326129,0.127416836,0.127366581,0.0003944141259323297,0.129961841,0.130194034,0.0017866244292430444,0.133211311,0.133344771,0.0010018668760043425,0.8290775075518229,0.8494742331231954,1.0
16,1,f64,ij-ikl-ljk,0.018016308,0.017900675,0.006418240629545213,0.017871919,0.017893823,0.0012256098519694003,0.018420932,0.018447666,0.0014512837895499509,0.024517131,0.024796065,0.011377106073300336,1.0264998977764173,1.372962274592641,1.0
16,1,f64,ij-kil-lkj,0.02119208,0.021288193,0.004535326404959017,0.021192452,0.021258267,0.0031055868381817398,0.021742046,0.021720128,0.0010080927986263477,0.030139586,0.030853132,0.023674711391191705,1.023116770374318,1.435694636847844,1.0
16,1,f64,ijk-ikl-lj,0.015983307,0.015971727,0.000724505886047111,0.016003084,0.015976447,0.001664491669230772,0.016378254,0.016422778,0.0027184826905237713,0.019300573,0.019333538,0.0017079803796498094,1.026473761078813,1.2090145005908755,1.0
16,1,f64,ijk-il-jlk,0.017973549,0.017696214,0.015430174641635874,0.017799544,0.017440227,0.020186865461272574,0.019385531,0.018480276,0.04669745698479966,0.018540095,0.01853047,0.0005191451284364268,1.0612946537888666,1.0393027924410552,1.0
16,1,f64,ijk-ilk-jl,0.01533038,0.015273004,0.003742633907313442,0.015299882,0.015250242,0.0032444694671501795,0.015248526,0.015291068,0.0027899090049752218,0.018726272,0.018722928,0.00017857264916365523,0.9979163755946374,1.2236968848700491,1.0
16,1,f64,ijk-ilk-lj,0.015443109,0.015381647,0.00397989808917365,0.015444112,0.015351131,0.006020482109945768,0.015343273,0.015349528,0.00040767051462875514,0.019900371,0.019905003,0.0002327594797102428,0.9957211461971379,1.291346892021811,1.0
16,1,f64,ijk-ilmk-mjl,0.007264678,0.007275369,0.001471641275772928,0.007229132,0.007266803,0.005210999052168264,0.007361058,0.007418676,0.007827407418879107,0.013468367,0.013569457,0.007505735476320163,1.0164771602480112,1.8595292249480648,1.0
16,1,f64,ijkl-imjn-lnkm,0.24978591,0.249605228,0.0007233474458187006,0.249672047,0.250418645,0.002990314730747512,0.254830658,0.255138759,0.0012090421239661087,0.252270584,0.251485144,0.0031134823075528173,1.0211822327284252,1.0087386625880455,1.0
16,1,f64,ijkl-imjn-nlmk,0.24930262,0.249990076,0.0027575161464408193,0.250434501,0.249310779,0.004487089420638468,0.255219805,0.255435763,0.000846164740232247,0.255733233,0.259054253,0.012986266825946835,1.022758815546,1.0310130021913595,1.0
16,1,f64,ijkl-imkn-jnlm,0.249738194,0.249310869,0.0017110918965002053,0.249769744,0.249246229,0.0020959904575150734,0.256130195,0.256203254,0.00028524165219945274,0.251973444,0.253349421,0.005460801654955549,1.0266197646697732,1.0125681307636292,1.0
16,1,f64,ijkl-imkn-njml,0.248777956,0.248186142,0.002378884405658477,0.248558547,0.24831402,0.0009837802922142425,0.25345078,0.253724851,0.001081357887318335,0.259905167,0.25792736,0.007609725588872185,1.020548403020214,1.0419849627677176,1.0
16,1,f64,ijkl-imln-jnkm,0.249159479,0.249217876,0.00023437599177200674,0.249223148,0.250159614,0.003757540210510335,0.256300106,0.255795072,0.0019704790914133463,0.253997011,0.257391841,0.013365629723886885,1.0275244798799668,1.026085118132147,1.0
16,1,f64,ijkl-imln-njmk,0.247937131,0.247730001,0.0008354133935670749,0.247677888,0.247778381,0.0004057407014064207,0.253383619,0.253689356,0.0012066170702218493,0.260265703,0.257769615,0.009590537559226564,1.0230109974337958,1.0451153933936532,1.0
16,1,f64,ijkl-imnj-nlkm,0.249760193,0.250225095,0.001861393500764974,0.250063348,0.249661614,0.001606528918424388,0.254602884,0.255320428,0.0028182870073067967,0.252886363,0.254987436,0.008308368134504862,1.019876064005741,1.015769232918752,1.0
16,1,f64,ijkl-imnk-njml,0.247650263,0.247426455,0.0009037260743793851,0.247525099,0.247553072,0.00011301076178948932,0.252770341,0.253041707,0.0010735674087649638,0.255081782,0.255616791,0.002097401844244784,1.0216841319767909,1.0315539518988088,1.0
16,1,f64,ijkl-minj-nlmk,0.306043886,0.307623835,0.005162491630367194,0.306057912,0.307791157,0.005663127571751803,0.310064354,0.310793276,0.0023508732641999153,0.314178006,0.315290033,0.0035394807362805203,1.0117189458766906,1.0257491496450128,1.0
16,1,f64,ijkl-mink-jnlm,0.302237388,0.302070116,0.0005534457570153251,0.302686676,0.302187686,0.0016485363894906957,0.306729806,0.306728685,3.6546823232175285e-06,0.302897339,0.305767783,0.009476623365119785,1.0151429701590184,1.0071997663317773,1.0
16,1,f64,ijkl-minl-njmk,0.305142167,0.303000412,0.007018875893347154,0.304952853,0.303241611,0.005611496935232774,0.310562174,0.311082866,0.0016766111380968063,0.310159744,0.309981091,0.0005760031837014346,1.0222087691007624,1.019735628679333,1.0
16,4,f64,abc-bk-akc,0.004480847,0.004081083,0.0892161682824697,0.003956238,0.004029617,0.018547670792303128,0.004103914,0.004195997,0.022437848356471335,0.005388239,0.005641049,0.0469188541933645,0.9703958686903625,1.289245399445821,3.613839041358235
16,4,f64,abcijk-eiab-jkec,0.004807796,0.004816603,0.0018318164913819768,0.004840468,0.004849294,0.0018233774089613242,0.005016676,0.005071949,0.011017853255821164,0.009157979,0.00914148,0.0018015983657528878,1.048218991061058,1.9013612407085194,3.0133515326643847
16,4,f64,abcijk-eiac-jkeb,0.004713651,0.004659671,0.011451844865052685,0.004622561,0.004639172,0.0035934625849176616,0.004985468,0.004951314,0.006850710906177726,0.011555652,0.011866306,0.026883294858654594,1.060124477030839,2.498611070812013,3.0149208276965838
16,4,f64,abcijk-eibc-jkea,0.004297405,0.004289752,0.0017808421593961121,0.00433291,0.004298698,0.007895848286717189,0.0046221,0.004633803,0.002531965989485352,0.0051472,0.005152188,0.0009690705626359541,1.0778770292980904,1.199394733596959,3.2180250018448087
16,4,f64,abcijk-ejab-ikec,0.004812606,0.004828304,0.0032618502324937015,0.0048098,0.004794522,0.0031764314524513892,0.005100062,0.005096896,0.0006207767670275421,0.007140648,0.007148066,0.0010388412928350466,1.0576772344032634,1.482093600714434,3.0367295060892325
16,4,f64,abcijk-ejac-ikeb,0.004630586,0.004633792,0.000692352976491506,0.004656064,0.004625838,0.006491749254305734,0.004889609,0.004947888,0.011918948938453022,0.00641834,0.006389003,0.0045708080282440555,1.0618440828065154,1.3824252601295257,3.025816984848569
16,4,f64,abcijk-ejbc-ikea,0.00441319,0.004417129,0.0008925516463147432,0.004399425,0.004429182,0.006763838456161908,0.004705346,0.004714533,0.001952460031632075,0.005240875,0.005226367,0.002768240036253422,1.0667650236944217,1.1853742755024603,3.190472931524347
16,4,f64,abcijk-ekab-ijec,0.004778011,0.004787399,0.0019648343212268493,0.004758104,0.004771219,0.00275635000832275,0.005090564,0.005065888,0.0048474000130436234,0.006905779,0.00684406,0.008937297298393099,1.0617868878889145,1.437440434048212,3.052472566287201
16,4,f64,abcijk-ekac-ijeb,0.004622531,0.00463762,0.003264229055467638,0.004619215,0.004627722,0.0018416549132265203,0.004883578,0.004938229,0.011190770373688874,0.008714794,0.008774707,0.006874861299073665,1.060637995186235,1.8886756379420184,3.0220774286058965
16,4,f64,abcijk-ekbc-ijea,0.004411047,0.004402182,0.0020097269423789976,0.00437036,0.004374991,0.001059638107615779,0.004690859,0.004687233,0.0007729927503684619,0.005224764,0.005242076,0.003313451095590114,1.0640930858952269,1.187627256499871,3.168488982929376
16,4,f64,abcijk-ijma-mkbc,0.00438115,0.004768133,0.08832909167684266,0.004384608,0.004387083,0.0005644746349047214,0.004714102,0.004708602,0.0011667121330850572,0.005224634,0.005258948,0.006567732782813307,1.030806710721998,1.146856638163673,3.0422484734994795
16,4,f64,abcijk-ijmb-mkac,0.004624735,0.004651445,0.005775466053730582,0.004621809,0.004631388,0.0020725650930186745,0.004911279,0.004874521,0.007484404775212394,0.008816894,0.008865906,0.005558873680459264,1.0549354939972044,1.9062594063967173,3.029758198273912
16,4,f64,abcijk-ijmc-mkab,0.004792949,0.004839636,0.009740767114358784,0.004800002,0.004741162,0.012258328225696613,0.005099411,0.005059335,0.007858946846998616,0.006920507,0.006838179,0.01189623823803665,1.0546272129761871,1.4283394632571484,3.029943475147403
16,4,f64,abcijk-ikma-mjbc,0.004381782,0.004374329,0.0017009061610093745,0.004398663,0.004388856,0.0022295411128335774,0.004758214,0.004717509,0.008554680390583602,0.005223652,0.00524454,0.003998734984642871,1.0821743812555815,1.1955278950164254,3.1966229866421485
16,4,f64,abcijk-ikmb-mjac,0.004628062,0.004622492,0.0012035275240478427,0.00465397,0.004631989,0.004723064394484666,0.0049222,0.004936897,0.002985859981309291,0.006419463,0.006375097,0.006911169984156085,1.0657835014840398,1.383104773841392,3.0325755178308107
16,4,f64,abcijk-ikmc-mjab,0.004785875,0.004757263,0.0059784260976309955,0.004818046,0.004757543,0.012557580396700185,0.005099461,0.005051601,0.009385305623476614,0.007151407,0.007291574,0.019599919288609824,1.0636956940967248,1.513377019771635,3.0595158098692563
16,4,f64,abcijk-jkma-mibc,0.004279622,0.004290523,0.0025471875787159703,0.004287105,0.004302114,0.0035009639372023393,0.004655803,0.004650263,0.0011899128893555488,0.005156847,0.005215376,0.011349764691486852,1.0858709950905334,1.2102556320566207,3.1889994510802566
16,4,f64,abcijk-jkmb-miac,0.00465957,0.00465405,0.0011846586702206618,0.004666202,0.004655763,0.0022371513277822386,0.004969649,0.00497067,0.00020544710501702035,0.011594334,0.012208965,0.053011324324450326,1.0672886260587888,2.5548998761997606,3.0536166095345005
16,4,f64,abcijk-jkmc-miab,0.004815692,0.004855265,0.00821751058830178,0.004860966,0.00484695,0.0028833775015090213,0.005038728,0.005044318,0.0011094069773165405,0.009257635,0.009426992,0.01829376509227254,1.0426195532394986,1.9319717669685248,3.0041517882564635
16,4,f64,abcs-rc-abrs,0.00256813,0.002902988,0.1303898167148858,0.002523767,0.002638235,0.04535600948898999,0.0026973,0.002602258,0.03523597671745826,0.004691239,0.005223902,0.11354420442019686,0.9703059175242441,1.81305161356002,3.530568042074265
16,4,f64,abj-bka-kj,0.005587341,0.005563684,0.004234035474119047,0.005674162,0.005710218,0.006354418502679371,0.005800768,0.005777213,0.00406066920793946,0.009062742,0.009159153,0.010638171096562177,1.0382886859446523,1.6340812572659573,3.547985254111596
16,4,f64,abjc-cbka-kj,0.012456411,0.012681765,0.018091406906852958,0.012455209,0.012355067,0.008040170181006112,0.013596127,0.013113109,0.03552614652687491,0.008577156,0.008772984,0.02283134409587495,1.0623659108558143,0.6901746566610434,2.8583378285880503
16,4,f64,abjc-kbac-jk,0.003456787,0.003455878,0.00026296095188971247,0.003566531,0.003591019,0.006866055559309636,0.003861532,0.003813805,0.012359602354713117,0.006581545,0.006600426,0.0028687792911847865,1.1103082062020795,1.9069284555236445,3.5614234473741377
16,4,f64,abjcd-dkbac-jk,0.006979827,0.006970956,0.0012709484060278164,0.0069492,0.007002585,0.007682179243654108,0.007446538,0.007437706,0.001186054512848811,0.0073777,0.007362235,0.0020961817368556623,1.0669110392437724,1.0565664928708909,2.415662458324998
16,4,f64,abrs-qb-aqrs,0.002293357,0.002750965,0.19953631292467766,0.002253903,0.002493736,0.10640786227268872,0.002353248,0.00250133,0.06292664436557471,0.003899984,0.004663819,0.19585593171664284,0.9659196028283711,1.6979460664192714,3.4451243907317526
16,4,f64,adbjc-cbdka-kj,0.013330541,0.013277154,0.004004863718584328,0.01350674,0.013351534,0.011491003750719986,0.013878364,0.013762248,0.008366692212425142,0.012786617,0.012471644,0.024633020602712996,1.0388131606262736,0.9492121692824796,3.1047334581619177
16,4,f64,ajb-kba-jk,0.004747424,0.004850075,0.021622463045221973,0.005227329,0.00514222,0.016281546464743224,0.0049436,0.005046071,0.020728011975078786,0.006015549,0.0060491,0.005577379554218442,1.0408666711381636,1.2571288080041376,3.745970759182877
16,4,f64,ajbc-ckba-jk,0.007473979,0.007438147,0.00479423343308838,0.007489698,0.00750992,0.0026999753528111903,0.007844911,0.007843833,0.00013741392349764237,0.005583172,0.005373079,0.0376296843443118,1.0520826644788357,0.7345879525252538,2.711965949338765
16,4,f64,ajbdc-ckbad-jk,0.007046842,0.007045656,0.0001683023402540007,0.007012869,0.007034375,0.00306664790116562,0.007525526,0.007473653,0.006892940108106704,0.006794472,0.006879777,0.012555059465989338,1.064331487173839,0.9703022816704061,2.4046803587766226
16,4,f64,aqrs-pa-pqrs,0.002228066,0.002537097,0.1386992126804143,0.002719723,0.002660616,0.02173272792854264,0.00282583,0.002965886,0.04956278332383768,0.004696139,0.004760899,0.01379005178509396,1.217636564621156,1.9887600807371952,3.0835011034681146
16,4,f64,ij-ik-kj,0.043211841,0.042892709,0.007385290527196053,0.04782297,0.047802304,0.00043213543617226513,0.04895448,0.048808277,0.002986509099882295,0.035402325,0.035550124,0.004174838799429148,1.1354024748049054,0.8240305814148974,3.6443091657912956
16,4,f64,ij-ikl-ljk,0.006634784,0.006649054,0.0021507859185769806,0.006728488,0.006707063,0.0031842220718830694,0.007050799,0.006908377,0.020199412860868682,0.007633357,0.007603953,0.0038520404587392143,1.0507849829931297,1.147054821114115,2.7037982235139046
16,4,f64,ij-kil-lkj,0.007780211,0.007839241,0.007587197827925163,0.007773167,0.007504448,0.03457007935118339,0.007986054,0.008029416,0.005429715351286113,0.009518172,0.009545909,0.0029141099782605817,1.0253577188417073,1.2205419862336337,2.7197156239538947
16,4,f64,ijk-ikl-lj,0.004204671,0.004229046,0.005797124198302361,0.004203199,0.004365641,0.03864723035954265,0.004313384,0.004352677,0.009109552963520118,0.006301843,0.006452969,0.023981238504355185,1.0275431478491877,1.5122596507437616,3.7889776673205655
16,4,f64,ijk-il-jlk,0.005390713,0.006037515,0.11998449926753652,0.005397797,0.006009302,0.11328788392746159,0.005633917,0.006493915,0.1526465512360229,0.004780626,0.004793338,0.0026590659884293544,1.0602451767122012,0.8390912549700467,3.1261145229435763
16,4,f64,ijk-ilk-jl,0.003953112,0.004151242,0.05012000671875727,0.003942753,0.004005481,0.01590969558580002,0.004107781,0.004177972,0.017087327683730225,0.005451517,0.005633202,0.0333274206060441,1.0226518730296754,1.3679737456949177,3.777288073710678
16,4,f64,ijk-ilk-lj,0.004071724,0.00412915,0.01410360820134171,0.003950518,0.004089156,0.03509362569668073,0.004129972,0.0041774,0.0114838550963543,0.005695312,0.005844827,0.026252293114055858,1.0129945037563326,1.4071004274553613,3.758800645016616
16,4,f64,ijk-ilmk-mjl,0.002423299,0.002418695,0.0018998893656952953,0.002319255,0.002248388,0.030555932831879185,0.002229418,0.002321153,0.041147510247068864,0.003541445,0.003519766,0.006121512546432228,0.9396228742556401,1.4583208721540089,3.0029053407499138
16,4,f64,ijkl-imjn-lnkm,0.065471675,0.065595837,0.001896423147872861,0.065509186,0.065637825,0.00196367880376358,0.06753899,0.066882875,0.009714610775198085,0.066031119,0.067087366,0.015996200215840695,1.0255808018375088,1.0156167013668553,3.8101839408669207
16,4,f64,ijkl-imjn-nlmk,0.065445537,0.065390667,0.0008384070559310786,0.065431871,0.065308935,0.001878839747681993,0.066374008,0.066357398,0.00025024856115363203,0.067775472,0.069294047,0.02240596716168941,1.0144853838242618,1.0475779223123676,3.8161628920544004
16,4,f64,ijkl-imkn-jnlm,0.064156963,0.064443355,0.004463927009761948,0.064839737,0.064511141,0.00506781821153901,0.06633176,0.066724003,0.005913351311649162,0.065697597,0.066870286,0.017849800503357827,1.0346437462554658,1.030814129458108,3.8806289543219106
16,4,f64,ijkl-imkn-njml,0.064447856,0.064662194,0.003325758423988745,0.06448232,0.064744688,0.004068836232939521,0.06744158,0.067171448,0.004005422174273021,0.067528782,0.068875773,0.01994691685687444,1.0426217204244395,1.0564482938836288,3.849153729182185
16,4,f64,ijkl-imln-jnkm,0.064124203,0.064601864,0.007448997065897078,0.064098575,0.064557742,0.0071634509815545755,0.065849269,0.06708028,0.01869437609094793,0.065276942,0.066681378,0.02151503972107016,1.032617302315838,1.0250585415361635,3.871638389495061
16,4,f64,ijkl-imln-njmk,0.065521378,0.064719415,0.012239715104892968,0.065504897,0.064578082,0.014148789517217542,0.067253689,0.066554833,0.010391340763478585,0.068272008,0.067844416,0.006263064651621075,1.027398794523934,1.0451282563587427,3.805846649557502
16,4,f64,ijkl-imnj-nlkm,0.06585486,0.065563519,0.004423986323864315,0.065777146,0.065465898,0.004731856259011291,0.068271847,0.066646536,0.02380646007716758,0.067504406,0.067946758,0.006552935226183498,1.0265605574392107,1.0306836499212846,3.8045386367576564
16,4,f64,ijkl-imnk-njml,0.065718355,0.06465558,0.01617166163090966,0.065764211,0.064644599,0.017024639739082525,0.06745814,0.066879592,0.00857640012013372,0.067390594,0.067438033,0.0007039409683791131,1.0304279747508518,1.034202876684669,3.7974854205791
16,4,f64,ijkl-minj-nlmk,0.079813954,0.08010505,0.003647181794802279,0.079853458,0.080190861,0.004225277257247972,0.081786573,0.081271895,0.006292940040414807,0.082867859,0.083738671,0.010508440914347661,1.0196281979725736,1.0418057020644684,3.837359465964568
16,4,f64,ijkl-mink-jnlm,0.078111339,0.078289471,0.002280488368020306,0.078188543,0.078497609,0.00395282976433009,0.079964605,0.080777487,0.010165522608408972,0.080296574,0.079626764,0.008341700855132306,1.0277449384513664,1.0225141355086178,3.86384106836062
16,4,f64,ijkl-minl-njmk,0.078348691,0.078891726,0.006931002842153422,0.078301223,0.078933834,0.008079196923910015,0.081267835,0.079930501,0.016455883191671017,0.082843154,0.082775201,0.0008202608992892158,1.0251419632200343,1.0532872647133416,3.867596167783438
16,8,f64,abc-bk-akc,0.002442706,0.002602028,0.06522356763359993,0.002272398,0.002261244,0.004908471139298709,0.002485806,0.0023448,0.05672445878721022,0.003516718,0.00342917,0.024894802483451883,0.9576238113781028,1.3774368509396608,6.129781502011814
16,8,f64,abcijk-eiab-jkec,0.003771314,0.003614385,0.041611226219826825,0.00377486,0.00364943,0.03322772235261706,0.003901496,0.003730541,0.04381780732313967,0.007086446,0.006778071,0.043516171575991636,1.0333273857576861,1.8771706082422939,3.927622038543017
16,8,f64,abcijk-eiac-jkeb,0.003636813,0.003581294,0.015265838524004427,0.003616364,0.003603996,0.0034200097114117645,0.003802612,0.003800913,0.0004467981482202399,0.007688229,0.007343705,0.044811880603452425,1.0534271294139135,2.082045872051964,3.9151804020968983
16,8,f64,abcijk-eibc-jkea,0.003727321,0.003702108,0.006764375807718159,0.003728283,0.00370274,0.006851143006043281,0.003778307,0.003771518,0.001796836519636913,0.00404288,0.003851136,0.04742757638119377,1.0162107240653464,1.062225965159219,3.7195098137427225
16,8,f64,abcijk-ejab-ikec,0.003751407,0.003634833,0.031074740757267905,0.003774159,0.003673485,0.0266745518670517,0.003924739,0.003749056,0.044762976595386306,0.006035607,0.005347695,0.11397561173217541,1.0387882555181547,1.5385246835193735,3.964188005612399
16,8,f64,abcijk-ejac-ikeb,0.003687768,0.003571376,0.031561638367706535,0.003620552,0.00355796,0.01728797155792816,0.003810136,0.003743166,0.017576800408174442,0.005687317,0.004758708,0.16327716566528638,1.040615280796125,1.433503186233592,3.8621516056681955
16,8,f64,abcijk-ejbc-ikea,0.00367293,0.003657475,0.004207812291549318,0.003654626,0.003678154,0.00643786806091784,0.003735276,0.003717237,0.00482936200698425,0.004068067,0.00388491,0.04502310311015034,1.0166570239496668,1.084644755562236,3.843301094439772
16,8,f64,abcijk-ekab-ijec,0.003770321,0.003668216,0.027081248519688406,0.003768288,0.003599287,0.044848217546004876,0.003931252,0.0037671,0.041755654432735434,0.005808302,0.005386607,0.07260211331986532,1.0347904271977033,1.5040616095611787,3.925622557519254
16,8,f64,abcijk-ekac-ijeb,0.003617637,0.00354707,0.019506379440502264,0.003610664,0.003571105,0.010956156540735895,0.00379096,0.003754467,0.009626321564986107,0.006906591,0.007007929,0.014672651095164024,1.0531770184318034,1.9421346773030437,3.9061211635920623
16,8,f64,abcijk-ekbc-ijea,0.003703888,0.003683564,0.0054872069565817805,0.003707695,0.003656113,0.0139121475741667,0.003734956,0.003737735,0.0007440516032852784,0.004058319,0.003893175,0.04069271045474743,1.0115421072384538,1.0761232653183712,3.7800192194364057
16,8,f64,abcijk-ijma-mkbc,0.003697816,0.003657496,0.01090373344698603,0.003655157,0.003650312,0.001325524457636118,0.003743883,0.003720964,0.006121719081498944,0.004058188,0.003905618,0.0375955968525854,1.014902423741757,1.0825460618013163,3.7809274592254596
16,8,f64,abcijk-ijmb-mkac,0.003599333,0.003524558,0.020774682420326207,0.003614511,0.003588858,0.0070972255998114075,0.003771494,0.00378339,0.003154187703864997,0.00693818,0.006781717,0.022551014819448434,1.0605567720238074,1.925880198258482,3.945317834169392
16,8,f64,abcijk-ijmc-mkab,0.003782805,0.003631216,0.04007317321405679,0.003775722,0.003632779,0.037858454621394255,0.003899442,0.003790483,0.02794220301263617,0.005639087,0.005417956,0.03921397204902144,1.0373265419082005,1.4913827497713301,3.937397497994753
16,8,f64,abcijk-ikma-mjbc,0.003665666,0.003653549,0.0033055384751367045,0.003647132,0.003649952,0.000773210292361215,0.003734966,0.00374056,0.001497737864280424,0.004047708,0.003878296,0.04185380961274876,1.0213573656572497,1.0826576523652913,3.8241824994758002
16,8,f64,abcijk-ikmb-mjac,0.003617016,0.003532693,0.02331286342111838,0.003617948,0.003574932,0.01188961256491261,0.003791631,0.00375647,0.009273317999562769,0.005735928,0.004766392,0.1690286210008215,1.055783404658183,1.4627447911403075,3.923928895307452
16,8,f64,abcijk-ikmc-mjab,0.003766785,0.003634041,0.03524066279333693,0.003760974,0.003683765,0.02052899062849145,0.003841645,0.003756831,0.02207752147842912,0.006034735,0.00541442,0.10279076048906877,1.026807700211087,1.5449866995157695,3.9457687652347504
16,8,f64,abcijk-jkma-mibc,0.003723685,0.003704283,0.005210429990721521,0.00370484,0.003716145,0.0030514138262380808,0.003781052,0.003755388,0.0067875289734179445,0.004000341,0.003849624,0.037676038117750554,1.0146007645711688,1.0566207043109677,3.679372181490353
16,8,f64,abcijk-jkmb-miac,0.00362422,0.003575392,0.01347269205511803,0.004081031,0.003617341,0.11362079827376947,0.003827258,0.003771057,0.014684403298654058,0.007590236,0.00748605,0.013726318918146907,1.0553738032994153,2.09403961355845,3.9503342432843964
16,8,f64,abcijk-jkmc-miab,0.0037908,0.00363277,0.04168777039147409,0.003767767,0.003657656,0.029224471683095055,0.003914811,0.003771157,0.036695002645082964,0.007047223,0.006704674,0.04860765722895388,1.03540037848231,1.8523090689323218,3.9144730336685445
16,8,f64,abcs-rc-abrs,0.002207497,0.001991922,0.09765585185393233,0.001990102,0.001993345,0.0016295647157784643,0.002104806,0.00214136,0.0173669212269445,0.004395017,0.004133482,0.059507164591172335,1.0124291812951876,2.032600742402745,4.597158557716812
16,8,f64,abj-bka-kj,0.006916499,0.004143241,0.40096268357734177,0.006853111,0.004350167,0.36522741277647475,0.007079714,0.004635387,0.34525787341127057,0.008257771,0.006516503,0.2108641666134845,1.0701326114859517,1.3703309295616786,3.6953226637465115
16,8,f64,abjc-cbka-kj,0.010038192,0.008383231,0.16486644208439127,0.009596398,0.008402037,0.12445930233406344,0.009902599,0.008400613,0.15167593881161912,0.01226265,0.005670376,0.5375896727053288,0.9942523353445799,0.9090015620751859,3.916213918177604
16,8,f64,abjc-kbac-jk,0.002543433,0.002419198,0.048845399112144805,0.002584289,0.002395964,0.07287304167606645,0.002727226,0.002593472,0.049043973620081394,0.005188767,0.004919527,0.051889013324360134,1.0721498466211754,2.0367977220097933,4.962417122376889
16,8,f64,abjcd-dkbac-jk,0.004651795,0.004428361,0.04803178128012964,0.004654531,0.004428121,0.04864292449658192,0.005116933,0.00477614,0.06660102838946691,0.006783602,0.005176887,0.23685278116257413,1.0892099425880435,1.3056679089200756,3.7125555239127355
16,8,f64,abrs-qb-aqrs,0.001638396,0.001545389,0.056767106365005815,0.001540223,0.001565177,0.016201550035287005,0.001649817,0.001643532,0.0038095134187610125,0.003385775,0.002992255,0.11622745161742887,1.0348529011240215,2.0003224069840853,5.4381968580613895
16,8,f64,adbjc-cbdka-kj,0.008707871,0.008125701,0.06685560684121294,0.008614196,0.007920218,0.08056213255421629,0.008984176,0.008383873,0.06681781389857011,0.015621234,0.009392973,0.3987048014260589,1.031751381087855,1.4400341580743823,4.9103708561770745
16,8,f64,ajb-kba-jk,0.002978936,0.0027207,0.08668732728732687,0.003005165,0.002694602,0.10334307766794848,0.003167929,0.002884615,0.08943192855647963,0.003917396,0.003832121,0.02176828689261956,1.0618440401359377,1.3609664830003414,6.313885559578122
16,8,f64,ajbc-ckba-jk,0.005606647,0.005057144,0.09800920229149435,0.0055655,0.005051764,0.09230725002245976,0.005751006,0.005322007,0.07459547077502615,0.004774685,0.004075465,0.14644316850221528,1.0389756380362798,0.8284316444443854,3.7974169167449583
16,8,f64,ajbdc-ckbad-jk,0.004624595,0.004403045,0.047906897793212,0.004581424,0.004415228,0.036276057400493666,0.005049677,0.004762905,0.05679016697503625,0.006206706,0.004712451,0.2407484743114947,1.0868117990846013,1.1985070585276167,3.754930699162532
16,8,f64,aqrs-pa-pqrs,0.001494016,0.001504132,0.006771011823166528,0.001679632,0.001708544,0.017213294340665097,0.001794517,0.001843174,0.02711425971445247,0.002803108,0.002794557,0.003050542469287598,1.2132110480635694,1.8670493691773864,4.890531607310751
16,8,f64,ij-ik-kj,0.023274868,0.021889957,0.05950242123822136,0.025088982,0.024372433,0.028560305874506975,0.025800058,0.025092754,0.02741482209071011,0.021823301,0.019343893,0.1136128764388118,1.1272453126555013,0.9102613324450677,6.950919654693997
16,8,f64,ij-ikl-ljk,0.003523391,0.003522984,0.00011551371959572787,0.003486843,0.003191306,0.08475775938291452,0.003826596,0.003438006,0.10154978471727871,0.005092969,0.005105002,0.0023626690050537746,1.0294941094343664,1.4472638651641945,5.097202025437063
16,8,f64,ij-kil-lkj,0.004618123,0.004200427,0.09044713620663647,0.004613464,0.004184106,0.09306629465408212,0.004972564,0.004509463,0.09313122968351939,0.012950623,0.006446852,0.5021975390681976,1.0751600927010483,2.074625501600175,4.8225498236235325
16,8,f64,ijk-ikl-lj,0.00260562,0.002417866,0.07205732224959893,0.002553262,0.002357242,0.07677237980277785,0.002666423,0.002492704,0.06515057813407688,0.004057598,0.004090742,0.008168379420534055,1.0271366480012463,1.6231695992669588,6.36557451189952
16,8,f64,ijk-il-jlk,0.002621139,0.002392017,0.08741314367532582,0.002618624,0.002326896,0.1114050738097565,0.002885652,0.0025331,0.12217412217412216,0.002629865,0.002575458,0.020688134181792495,1.0797444690742446,1.0393619326989827,7.1224587662660515
16,8,f64,ijk-ilk-jl,0.002378596,0.002433725,0.02317711793007282,0.002287527,0.002210909,0.03349381231347215,0.002434099,0.002331845,0.042008973340854294,0.003540103,0.003421175,0.033594502758818146,0.9901998694306421,1.446436925392989,6.359787415058631
16,8,f64,ijk-ilk-lj,0.00234277,0.002335512,0.003098042061320583,0.00234883,0.002226458,0.05209913020525114,0.002474675,0.002342745,0.053312051077414324,0.003670746,0.003609505,0.016683529723930834,1.029356275915751,1.556127266155858,6.588899904108019
16,8,f64,ijk-ilmk-mjl,0.001944877,0.001673789,0.13938567837451932,0.00189282,0.001329818,0.2974408554432011,0.002079648,0.001565016,0.24746110880302818,0.00275603,0.001959831,0.28889344455611876,0.9999030254453566,1.2881156504519025,4.029389704191668
16,8,f64,ijkl-imjn-lnkm,0.042007254,0.035712904,0.14983959675155167,0.042321911,0.035626012,0.15821353152035122,0.040302795,0.036628229,0.09117397441045971,0.03992499,0.035666667,0.10665808557497447,0.9919751975028439,0.9742691298707588,6.4466794708456145
16,8,f64,ijkl-imjn-nlmk,0.04156,0.03597423,0.13440255052935512,0.041139285,0.035961507,0.125859698339434,0.03873411,0.036872674,0.04805676443837226,0.0408364,0.03592551,0.12025766228168988,0.9773848089555439,0.9905848297097475,6.45641269367664
16,8,f64,ijkl-imkn-jnlm,0.039820967,0.033794028,0.1513508951201512,0.040074269,0.033790451,0.15680430752211605,0.036669249,0.034140063,0.06897294242377316,0.040229849,0.036328871,0.09696725433893627,0.9645112243323761,1.0421356940478557,6.802009102836345
16,8,f64,ijkl-imkn-njml,0.040083356,0.034399317,0.14180546658817694,0.039789087,0.034275526,0.13856967866591163,0.037117064,0.035300546,0.04894023945428427,0.040425154,0.036177871,0.10506535114250892,0.9748113371502334,1.0298889455830862,6.691720050298656
16,8,f64,ijkl-imln-jnkm,0.039975665,0.033782468,0.15492417699618,0.039650308,0.033668104,0.15087408652664203,0.036694366,0.034165602,0.06891423059332857,0.040146644,0.036532742,0.09001753670867241,0.9634977335239159,1.0421307789964536,6.780859825193191
16,8,f64,ijkl-imln-njmk,0.040110026,0.034177694,0.1479014748083185,0.039982758,0.033830517,0.1538723516771905,0.036919896,0.035076088,0.04994076906392153,0.040453106,0.03598952,0.1103397598196787,0.9719366517061023,1.030542989195232,6.693638248644703
16,8,f64,ijkl-imnj-nlkm,0.041124638,0.036115576,0.12180197184957575,0.040988955,0.036153526,0.11796907240011367,0.03899135,0.037235853,0.04502272940023877,0.040685599,0.035614933,0.12463048657585207,0.9887044131847014,0.9877296848823562,6.486773370129857
16,8,f64,ijkl-imnk-njml,0.040092613,0.034321393,0.14394721541347277,0.04026766,0.034335129,0.1473274334788761,0.03706647,0.035169633,0.051173931588306076,0.039944176,0.035896839,0.10132483393824421,0.9733295267815992,1.020798922222323,6.673103012748397
16,8,f64,ijkl-minj-nlmk,0.050134602,0.0435824,0.1306922113393859,0.049852716,0.043581308,0.12579872278172366,0.047181454,0.044769673,0.05111714022208802,0.049938316,0.044958314,0.09972306635249784,0.9832257964704753,1.0136723437908548,6.564134752516216
16,8,f64,ijkl-mink-jnlm,0.047605865,0.040908438,0.14068491350803103,0.047781002,0.041064309,0.14057246015895608,0.0454688,0.041574549,0.08564666320641834,0.048058259,0.043103338,0.10310238246458325,0.9852214092771318,1.0313422034932338,6.846857604902187
16,8,f64,ijkl-minl-njmk,0.049051883,0.040599142,0.17232245701964188,0.048451473,0.040635109,0.16132355769658435,0.044811364,0.041910666,0.06473130342562217,0.048844285,0.045641258,0.06557629004089227,0.9711137274141768,1.0580334831016864,6.81375404640544
16,1,c64,abc-bk-akc,0.055934538,0.055953397,0.00033716198746480686,0.055949566,0.056035521,0.0015362943119165973,0.056447133,0.056550449,0.0018303143934699229,0.069228341,0.068870438,0.0051698913310661565,1.009917077950833,1.2342556610966031,1.0
16,1,c64,abcijk-eiab-jkec,0.051685934,0.051588825,0.0018788283868490518,0.051739023,0.051610235,0.0024891850006523164,0.053369504,0.053279894,0.0016790487691247247,0.06559787,0.065679399,0.0012428604770244878,1.0326764112908584,1.2711460475882792,1.0
16,1,c64,abcijk-eiac-jkeb,0.050959639,0.050961949,4.532999144668537e-05,0.05099179,0.050967229,0.0004816657740392971,0.052696328,0.05272427,0.000530245674802865,0.081558877,0.081576517,0.00021628546945295923,1.034330374876289,1.6005970500399171,1.0
16,1,c64,abcijk-eibc-jkea,0.052218417,0.052115056,0.0019793974221777866,0.052208869,0.052132709,0.0014587559826281238,0.053762517,0.053770739,0.00015293182794984261,0.061254389,0.061311729,0.0009360961873279283,1.0306693083504743,1.1747539999300405,1.0
16,1,c64,abcijk-ejab-ikec,0.05171632,0.051523666,0.0037252070526286873,0.051659705,0.051529027,0.00252959245508666,0.052850326,0.052947146,0.0018319659939278754,0.064766439,0.064712502,0.000832792428189344,1.0247735979445316,1.2541570395549575,1.0
16,1,c64,abcijk-ejac-ikeb,0.050779373,0.050690826,0.001743759222863961,0.050815901,0.050720922,0.0018690803101177877,0.052233786,0.052075244,0.0030352385331593457,0.064463924,0.064463088,1.2968493819931481e-05,1.0279761965342369,1.270590403457912,1.0
16,1,c64,abcijk-ejbc-ikea,0.052427547,0.052318568,0.002078659144590489,0.052386891,0.05236277,0.00046043961646813347,0.054274121,0.054099974,0.0032086562949587005,0.06140521,0.061442565,0.0006083360027593354,1.0346351627071881,1.172815199964839,1.0
16,1,c64,abcijk-ekab-ijec,0.051655457,0.051565286,0.0017456238941028213,0.051720649,0.051479035,0.0046715191064211625,0.052972062,0.052945475,0.0005019060802277098,0.058242111,0.057978115,0.004532734055604615,1.0261268326433632,1.125936193946731,1.0
16,1,c64,abcijk-ekac-ijeb,0.050803739,0.050645835,0.00310811769188879,0.050760098,0.050697942,0.0012245051221136949,0.05210198,0.052083,0.0003642855799338429,0.06891693,0.069156639,0.003478230965888951,1.026964435275336,1.3610064855574735,1.0
16,1,c64,abcijk-ekbc-ijea,0.052258913,0.052239812,0.00036550702843740623,0.052338471,0.052249741,0.001695311274951039,0.053687957,0.053748051,0.0011193199249506236,0.061286999,0.06136868,0.0013327622714891518,1.0281081705836788,1.1737526352767418,1.0
16,1,c64,abcijk-ijma-mkbc,0.052404424,0.052308599,0.001828566992740921,0.052340785,0.052272202,0.0013103166106508413,0.053796951,0.053857182,0.0011195987668519702,0.061332775,0.061371291,0.0006279839775715779,1.0280876069065263,1.17181328375955,1.0
16,1,c64,abcijk-ijmb-mkac,0.050559513,0.050669919,0.0021836840081905784,0.050721645,0.050649302,0.0014262747195995518,0.0521341,0.051973316,0.0030840467179831244,0.06902995,0.068639082,0.005662295858536837,1.028429693856609,1.3599657361029698,1.0
16,1,c64,abcijk-ijmc-mkab,0.051698057,0.051402384,0.005719228480869143,0.051719306,0.051485388,0.004522837178054906,0.052956734,0.052912736,0.0008308291821772507,0.0580489,0.058136451,0.0015082284074288133,1.026861720355193,1.1269185142595881,1.0
16,1,c64,abcijk-ikma-mjbc,0.052384667,0.052418927,0.0006540081661681185,0.052352076,0.052327557,0.00046834818928676025,0.054012483,0.053982417,0.0005566490990610573,0.061338035,0.061464247,0.002057646613557118,1.030450363992722,1.1717367603177673,1.0
16,1,c64,abcijk-ikmb-mjac,0.050760508,0.050666004,0.001861762297571956,0.050699063,0.050703164,8.088906889658354e-05,0.052157794,0.052024593,0.002553808161441795,0.064288448,0.064482937,0.003025255797122428,1.0271707566165853,1.269601916549061,1.0
16,1,c64,abcijk-ikmc-mjab,0.051686455,0.051542656,0.002782140891651408,0.051729946,0.051487424,0.004688232228195255,0.053036592,0.053013585,0.00043379484111649713,0.064492037,0.064598663,0.0016533203936479612,1.0273291745990196,1.250526910119733,1.0
16,1,c64,abcijk-jkma-mibc,0.052183962,0.052157131,0.0005141618031991868,0.052185155,0.052170958,0.0002720505477082913,0.053872442,0.053806322,0.0012273436574492536,0.061226497,0.061317897,0.0014928177256328112,1.0319879173553976,1.1744592704827188,1.0
16,1,c64,abcijk-jkmb-miac,0.050952115,0.050930358,0.0004270087708821979,0.050939532,0.05100661,0.001316816181192948,0.052664338,0.052751409,0.0016533199372981144,0.081486371,0.08145601,0.00037258991445343614,1.0346795708849024,1.599317106160169,1.0
16,1,c64,abcijk-jkmc-miab,0.051761855,0.051535025,0.0043821845256513114,0.051762156,0.051578956,0.0035392652500795263,0.053367359,0.053262301,0.0019685815818617503,0.065781001,0.065266731,0.007817910828082586,1.0322660793799165,1.2686446955297657,1.0
16,1,c64,abcs-rc-abrs,0.030073106,0.03021432,0.004695690561526966,0.030082002,0.030231903,0.004983079251174916,0.031001547,0.030915469,0.0027765711175639085,0.039888742,0.040131165,0.006077479204533498,1.0270321712436337,1.3273042923196647,1.0
16,1,c64,abj-bka-kj,0.074272968,0.074446834,0.0023409055095253706,0.074199752,0.074431897,0.00312864927095724,0.075371387,0.07548471,0.0015035281226813968,0.099419487,0.100060385,0.006446402202819668,1.0143649702270496,1.3413074525479418,1.0
16,1,c64,abjc-cbka-kj,0.073970745,0.073952052,0.0002527080131475845,0.073990311,0.073921716,0.0009270808444095113,0.075113876,0.075051383,0.0008319767708432346,0.063449563,0.061348205,0.033118557491089384,1.0151595983912556,0.8435486539521616,1.0
16,1,c64,abjc-kbac-jk,0.035204506,0.035403956,0.005665467937541857,0.035233009,0.035555758,0.009160415450181869,0.03597848,0.036068545,0.0025033019738465168,0.05359293,0.053334778,0.004816904020735535,1.020377078070521,1.5143768882980064,1.0
16,1,c64,abjcd-dkbac-jk,0.041875748,0.041911983,0.0008652979762893143,0.041862243,0.041893028,0.0007353882112814958,0.044659179,0.04426832,0.0087520417695095,0.04619348,0.045934261,0.005611592804872112,1.061332575638285,1.0995331158110944,1.0
16,1,c64,abrs-qb-aqrs,0.029745555,0.029660968,0.0028436853842532805,0.029752578,0.029685394,0.0022580900384496783,0.030219789,0.030261789,0.0013898177780129473,0.040020077,0.040230861,0.00526695638291752,1.0180973683181838,1.350874255527734,1.0
16,1,c64,adbjc-cbdka-kj,0.075367821,0.076161633,0.010532505643224166,0.075435467,0.076226364,0.010484418423498232,0.077053714,0.077573222,0.006742153921354133,0.049469791,0.049633628,0.0033118595548544683,1.0204496947568056,0.6540289089716604,1.0
16,1,c64,ajb-kba-jk,0.062790052,0.06280914,0.0003039972000660196,0.062821612,0.062794302,0.00043472300583435874,0.063615783,0.063446058,0.0026679699910319155,0.075257504,0.075094843,0.002161392437357579,1.0116444786585554,1.1970798406699215,1.0
16,1,c64,ajbc-ckba-jk,0.054927679,0.054981863,0.0009864607605210018,0.054942338,0.055000397,0.001056726053412671,0.056574019,0.05653,0.0007780780078573413,0.04284199,0.042695437,0.0034207794735958696,1.029064648256943,0.7782519178193144,1.0
16,1,c64,ajbdc-ckbad-jk,0.043822568,0.043624813,0.00451262920055262,0.043928657,0.043672232,0.005837305702289131,0.046685408,0.045833174,0.018254826004733604,0.044996608,0.045224711,0.005069337670964069,1.0579492747236303,1.0317205651249433,1.0
16,1,c64,aqrs-pa-pqrs,0.030449518,0.030581395,0.004331004517050152,0.03044514,0.030572839,0.004194396872538642,0.031519183,0.031457168,0.0019675319629952615,0.040163624,0.040624466,0.011474113989315304,1.0318781809716269,1.3237056472571738,1.0
16,1,c64,ij-ik-kj,0.513223404,0.514942016,0.0033486625641101497,0.513244083,0.514920537,0.00326638738862961,0.515628178,0.516288097,0.0012798350209635156,0.528094738,0.522467652,0.010655447962444886,1.0036493014799455,1.0217702006074367,1.0
16,1,c64,ij-ikl-ljk,0.064504322,0.064570034,0.001018722435374153,0.06455664,0.064526623,0.00046497153507363276,0.067482797,0.067483007,3.111904208763505e-06,0.080387172,0.08062647,0.0029768182415970124,1.0456439657957992,1.2474475181114342,1.0
16,1,c64,ij-kil-lkj,0.075821367,0.075800529,0.0002748301807852238,0.075850071,0.075754854,0.0012553317188063184,0.079557614,0.079471366,0.0010840948548306306,0.098604395,0.098591755,0.0001281890122645235,1.048852192917736,1.3005783245002216,1.0
16,1,c64,ijk-ikl-lj,0.058367318,0.058408363,0.0007032188801272543,0.058613386,0.058384628,0.0039028286132455348,0.059367593,0.059066601,0.005069971423635078,0.074749879,0.074731736,0.00024271611195514353,1.0141993420736155,1.2800749424241789,1.0
16,1,c64,ijk-il-jlk,0.060634736,0.060693675,0.0009720335881400199,0.060487471,0.060550317,0.001038992025307106,0.06231018,0.062187271,0.001972534824967509,0.063662031,0.063681067,0.00029901653624597735,1.0261191421950342,1.0495737194035395,1.0
16,1,c64,ijk-ilk-jl,0.05582706,0.055713828,0.002028263712973599,0.055809447,0.055670206,0.0024949360275868804,0.056440865,0.056164167,0.004902440811280995,0.069193908,0.06889477,0.004323184058342311,1.009537866193593,1.2380072242727735,1.0
16,1,c64,ijk-ilk-lj,0.057266475,0.057255723,0.00018775382979296928,0.057238272,0.057233061,9.104048424102285e-05,0.058081335,0.058151735,0.0012120933515045174,0.07113103,0.071175904,0.0006308639141032746,1.0149390355950536,1.2426143580659277,1.0
16,1,c64,ijk-ilmk-mjl,0.028261544,0.028333172,0.0025344687466473115,0.028236367,0.028270886,0.0012225014641578102,0.028901498,0.029258798,0.012362680993213582,0.041729731,0.041593212,0.0032715044340928534,1.0276444369403706,1.4722734520931424,1.0
16,1,c64,ijkl-imjn-lnkm,0.982669598,0.982265724,0.00041099673870237385,0.981660819,0.979876889,0.0018172570051407932,0.986645556,0.98542166,0.0012404616759861264,1.032109263,1.021568765,0.010212579595848315,1.0036294099823229,1.0451494248524673,1.0
16,1,c64,ijkl-imjn-nlmk,0.983605262,0.982835788,0.0007822995969291036,0.983222068,0.982757953,0.00047203476722612603,0.990705976,0.988233925,0.0024952418375238095,1.047370601,1.034112018,0.012658922245231019,1.0063553689988645,1.0584810314079214,1.0
16,1,c64,ijkl-imkn-jnlm,0.976991024,0.976493158,0.0005095911710238932,0.976866835,0.976056014,0.0008300220367293276,0.986669678,0.986016851,0.0006616469671221203,1.042636131,1.037863626,0.004577344730440802,1.0098297714528601,1.065017249616424,1.0
16,1,c64,ijkl-imkn-njml,0.976019881,0.977439042,0.0014540287832518484,0.975786588,0.977311575,0.0015628284081314892,0.985854394,0.986299087,0.00045107371099262217,1.052368087,1.048786266,0.00340358192560819,1.009570218281962,1.0756058547141403,1.0
16,1,c64,ijkl-imln-jnkm,0.974534057,0.975106282,0.0005871780425628081,0.974406852,0.973296727,0.0011392828341891814,0.984494655,0.983397515,0.0011144194581735878,1.040072666,1.039988719,8.071262974618243e-05,1.009361526614365,1.0668949709797557,1.0
16,1,c64,ijkl-imln-njmk,0.974605798,0.973894913,0.0007294077271640109,0.973137731,0.974197667,0.0010891942283552947,0.984140211,0.983988377,0.00015428086191682233,1.04026983,1.045631172,0.005153799375302581,1.0100733872034662,1.0705124401393495,1.0
16,1,c64,ijkl-imnj-nlkm,0.982071966,0.98208092,9.117458098728548e-06,0.981665612,0.982574971,0.000926342930712698,0.990021796,0.988681009,0.0013543004865318453,1.03569558,1.038758525,0.0029573796192119417,1.0074075011469252,1.0561559940559535,1.0
16,1,c64,ijkl-imnk-njml,0.976897795,0.975533088,0.0013969803258691016,0.975909613,0.976073666,0.00016810265808908653,0.985514677,0.985167607,0.00035217131525278056,1.028930446,1.039693228,0.01046016476802758,1.009348270407719,1.059497777087541,1.0
16,1,c64,ijkl-minj-nlmk,1.19695431,1.196830813,0.00010317603518206209,1.196082774,1.19695806,0.0007317938348638808,1.210164698,1.205732163,0.003662753513902328,1.249159402,1.251259353,0.0016810912975859793,1.0092354467122282,1.0445456663974193,1.0
16,1,c64,ijkl-mink-jnlm,1.187633118,1.186025831,0.0013533531320738534,1.188019199,1.18588013,0.0018005340332888364,1.204751255,1.201367244,0.002808887715165631,1.254666536,1.233115515,0.017176692277700245,1.0136741303799317,1.0480398943228246,1.0
16,1,c64,ijkl-minl-njmk,1.18732655,1.185832551,0.0012582882106022542,1.187011893,1.186406652,0.0005098862139201188,1.201860667,1.200506709,0.0011265515522526082,1.257719984,1.243896992,0.010990516311936038,1.0123078008132975,1.054113599062102,1.0
16,4,c64,abc-bk-akc,0.014262029,0.014624225,0.02539582551683206,0.014301683,0.01428878,0.0009022015101300962,0.014475637,0.014470008,0.0003888602622461601,0.018486798,0.018475029,0.0006366164654364459,1.0021347912641732,1.2796650967047183,3.873701654035973
16,4,c64,abcijk-eiab-jkec,0.013688399,0.013654909,0.0024465972974634376,0.017171285,0.013706275,0.20179095507412526,0.014149018,0.013998018,0.010672118729370461,0.022799121,0.022563335,0.010341889935142623,1.0293799153749605,1.6589754697300023,3.776967688292222
16,4,c64,abcijk-eiac-jkeb,0.013433033,0.013420121,0.0009612125571343277,0.013421751,0.013423247,0.0001114608667676098,0.013867963,0.013541658,0.023529410916368954,0.027083851,0.027342067,0.009533947000373022,1.0206503790196577,2.0267753930791534,3.7955168974264044
16,4,c64,abcijk-eibc-jkea,0.013727542,0.013434358,0.021357355890807006,0.013676396,0.013427635,0.0181890755430012,0.014094787,0.013856955,0.016873756233421466,0.016039033,0.016031456,0.00047241002621556394,1.029101740536885,1.1807847213093665,3.8413918111165466
16,4,c64,abcijk-ejab-ikec,0.013661038,0.013573918,0.006377260644469307,0.013612297,0.013447473,0.012108463398940006,0.013915052,0.013839102,0.0054581183023966195,0.018358629,0.018420056,0.003345947020335638,1.0190650602899431,1.3504270714926132,3.790728887224753
16,4,c64,abcijk-ejac-ikeb,0.013443082,0.013180856,0.01950638997813159,0.013430197,0.013375488,0.0040735813480621275,0.013481172,0.013851255,0.02745184172414694,0.017954726,0.017895038,0.003324361507939577,1.0265666602416106,1.3465871686512536,3.811422728850198
16,4,c64,abcijk-ejbc-ikea,0.013799696,0.013277576,0.037835616088934154,0.014004899,0.013543151,0.03297046269309045,0.014237974,0.013916356,0.022588747528265007,0.016072806,0.016075839,0.00018870382682423248,1.0399026985631712,1.1875133969372458,3.8691319049774098
16,4,c64,abcijk-ekab-ijec,0.013606947,0.013567236,0.0029184357078777534,0.01363034,0.013569399,0.004470981648293404,0.013953423,0.013890017,0.004544117955859295,0.016357137,0.016331035,0.001595756029921347,1.0246268502429023,1.2029136803173623,3.79848821327362
16,4,c64,abcijk-ekac-ijeb,0.013413366,0.013368115,0.003373575283042274,0.013406743,0.013421585,0.0011070548603788755,0.013792023,0.013780182,0.000858539751565135,0.021330883,0.021357138,0.0012308444990301037,1.029526403528763,1.5939400013250011,3.788050254800597
16,4,c64,abcijk-ekbc-ijea,0.013936081,0.013508356,0.030691914032359602,0.013771374,0.013550635,0.01602882907689529,0.014294809,0.013834614,0.032193154871813956,0.016086221,0.016070249,0.000992899451026985,1.0249463234260114,1.1718357379949567,3.808109335058758
16,4,c64,abcijk-ijma-mkbc,0.013793444,0.01347816,0.022857525647691834,0.013879475,0.013988129,0.007828394085511059,0.014281295,0.0138862,0.02766520823216656,0.016127608,0.01607145,0.003482103483666066,1.0328181024207004,1.1807578684873408,3.8398906613178916
16,4,c64,abcijk-ijmb-mkac,0.013454843,0.013366101,0.0065955433296397414,0.013395644,0.01347869,0.006199477979558221,0.01349614,0.013829694,0.02471477029728497,0.021132552,0.0212887,0.0073889798070767565,1.018754139176109,1.5816444349731957,3.7742864641773157
16,4,c64,abcijk-ijmc-mkab,0.013563607,0.013577915,0.0010548816402597971,0.013590436,0.013594656,0.0003105124809830162,0.013820415,0.013834553,0.001022979411254843,0.016368437,0.016423426,0.0033594533186034337,1.018917370543691,1.2081791673511038,3.798609059475889
16,4,c64,abcijk-ikma-mjbc,0.013817399,0.013481144,0.0243356220660631,0.013858757,0.013528092,0.023859643400919617,0.014252211,0.013926635,0.022843894185961777,0.016143628,0.016056533,0.0053950078631642695,1.03225666379841,1.1796412092129382,3.8394554608029936
16,4,c64,abcijk-ikmb-mjac,0.013479049,0.013374737,0.0077388248978099705,0.013382128,0.013495682,0.008485496477092402,0.013786562,0.013775763,0.0007832989834594128,0.017891177,0.01793927,0.0026880847470236446,1.0263927339459817,1.3342880235818848,3.7770180036602765
16,4,c64,abcijk-ikmc-mjab,0.013591649,0.013579608,0.0008859116358876928,0.013460124,0.013574879,0.008525552959244509,0.013888723,0.013869288,0.0013993367136777568,0.0183917,0.018441696,0.002718400147892819,1.0215945078221094,1.3556003568608712,3.799199314908804
16,4,c64,abcijk-jkma-mibc,0.01379076,0.013437554,0.025611786442516604,0.013743201,0.013416475,0.02377364632882828,0.014196346,0.013843179,0.024877317022281575,0.016074519,0.015994467,0.00498005570182225,1.0297978803978145,1.177876257446109,3.832402900767206
16,4,c64,abcijk-jkmb-miac,0.013439906,0.013244254,0.014557542292334413,0.013426681,0.013437934,0.000838107347601369,0.013848657,0.013892331,0.0031536632035871204,0.026970049,0.026675085,0.01093672466075235,1.0396317265255166,2.0103973705553613,3.818190619541001
16,4,c64,abcijk-jkmc-miab,0.013712454,0.013716854,0.0003208761903594759,0.013595666,0.013726963,0.009657268720782097,0.013983749,0.014059232,0.00539790867241674,0.022818196,0.022933675,0.005060829523946708,1.022369203489013,1.6679868793008599,3.765921921191145
16,4,c64,abcs-rc-abrs,0.007858716,0.007931887,0.009310808534116921,0.007779669,0.007925255,0.018713649642420505,0.008194733,0.008128483,0.008084461080061889,0.012285874,0.012338055,0.004247235483613165,1.033732328511336,1.5594172104870907,3.8179610924432175
16,4,c64,abj-bka-kj,0.019548859,0.019471022,0.003981664607637603,0.019494978,0.01956621,0.0036538640874588246,0.019884064,0.019832296,0.002603491921973289,0.026644562,0.02661928,0.000948861535048029,1.0178504973487,1.365046243350234,3.8113903080492717
16,4,c64,abjc-cbka-kj,0.019987667,0.019847805,0.006997414955932646,0.020122869,0.019717422,0.02014856827821143,0.020236421,0.020607771,0.018350576912785188,0.018421557,0.019323929,0.04898456737397372,1.0252860959917982,0.9472695754010463,3.713366507969388
16,4,c64,abjc-kbac-jk,0.008776689,0.00910394,0.03728638442127763,0.009064756,0.009073192,0.0009306372945947494,0.009283995,0.009270701,0.0014319266651910967,0.017964935,0.018132149,0.009307798775781695,1.0378717428081483,2.0190980833799532,3.949525982904661
16,4,c64,abjcd-dkbac-jk,0.012907052,0.012978177,0.005510553455583711,0.01305608,0.01288304,0.01325359525983294,0.013856022,0.013554631,0.021751625394359375,0.01424114,0.014205784,0.0024826664157503453,1.05887027158034,1.0989668824064056,3.236905474571805
16,4,c64,abrs-qb-aqrs,0.007643425,0.007664959,0.002817323385785775,0.007689,0.007680648,0.0010862270776433869,0.007803273,0.007718258,0.01089478735397309,0.011731199,0.011712369,0.0016051215225314497,1.0139093408740225,1.5314211893506295,3.8806526903800065
16,4,c64,adbjc-cbdka-kj,0.022893326,0.022762125,0.005730971550398478,0.022000221,0.02348984,0.0677092743750165,0.022773153,0.023191574,0.018373432962927927,0.01936217,0.01949051,0.006628389276615021,1.006736573177081,0.8509964879794073,3.318946524240003
16,4,c64,ajb-kba-jk,0.016071894,0.016418546,0.02156883314436997,0.016088926,0.016119298,0.0018877580765801483,0.01634795,0.016316967,0.001895222336745439,0.019981656,0.020005218,0.0011791815453134902,1.0054268785307008,1.2307972193413383,3.865947643640147
16,4,c64,ajbc-ckba-jk,0.014710054,0.014787007,0.005231320020987029,0.014579892,0.014718148,0.009482649117016795,0.014894799,0.014889658,0.00034515403665402733,0.013493235,0.013694342,0.014904283516888439,1.009746629121043,0.9216825266552774,3.7261306361832345
16,4,c64,ajbdc-ckbad-jk,0.01506699,0.015014552,0.0034803235417293354,0.015319431,0.014979817,0.022168839038473442,0.015919921,0.015895683,0.0015224949922804099,0.013123736,0.013016489,0.008171987001262537,1.05764668270716,0.8689728974385437,2.907008233184366
16,4,c64,aqrs-pa-pqrs,0.007951139,0.007941163,0.0012546630111736068,0.007993007,0.00795007,0.005371820642719349,0.008215602,0.00826709,0.006267100085909583,0.01032205,0.010434698,0.010913336013679498,1.037144576605892,1.306069216011899,3.8402732683197067
16,4,c64,ij-ik-kj,0.130178814,0.129989561,0.0014537926271167567,0.130172633,0.130045496,0.0009766799447008534,0.131065047,0.131001397,0.0004856367235728243,0.134575975,0.134116879,0.0034114261479435415,1.0072957776144855,1.032764004759047,3.9519186590845057
16,4,c64,ij-ikl-ljk,0.022554204,0.022730637,0.007822621450085387,0.022576325,0.022565169,0.0004941459692843209,0.023420038,0.023448273,0.001205591553694152,0.023067541,0.023160888,0.004046681872159619,1.034974556165918,1.0208423966166416,2.8502986003223105
16,4,c64,ij-kil-lkj,0.026158927,0.026238962,0.003059567389748219,0.026115906,0.026399059,0.010842166455952151,0.027490991,0.027405163,0.003122040962437511,0.028370932,0.027991807,0.013363149296611088,1.0476786754630483,1.0756450443711447,2.893667556769014
16,4,c64,ijk-ikl-lj,0.015915502,0.015055452,0.054038509121484224,0.015175552,0.014979801,0.012899102451100375,0.015226778,0.015295038,0.004482891915807752,0.020015609,0.020354241,0.01691839603781231,0.9858758268778178,1.303931540322858,3.7719446924284985
16,4,c64,ijk-il-jlk,0.019707705,0.019732072,0.0012364199687382449,0.020218167,0.020229108,0.0005411469793479284,0.019891768,0.01989183,3.116867238750487e-06,0.016098623,0.016091401,0.000448609797247701,1.008717812803099,0.8161818291595765,3.076295787385225
16,4,c64,ijk-ilk-jl,0.01445538,0.014284486,0.011822172782728568,0.014272528,0.014695441,0.029631260839004803,0.014438599,0.014456696,0.001253376452936994,0.018490776,0.018432692,0.003141241881898349,1.005425710132634,1.284768519638118,3.8811176952661035
16,4,c64,ijk-ilk-lj,0.014662004,0.014718134,0.003828262493994705,0.014670951,0.014718224,0.003222217837139496,0.014885962,0.01494712,0.004108434510312398,0.018914235,0.018878623,0.0018828147160062647,1.015416393105364,1.2863421605428491,3.8979533211800224
16,4,c64,ijk-ilmk-mjl,0.00800012,0.007984131,0.0019985950210745784,0.00803189,0.008009288,0.0028140325626969664,0.008167762,0.008110055,0.007065215661279156,0.010940905,0.01088832,0.004806275166451157,1.018360062910075,1.3656675301383805,3.540653796469033
16,4,c64,ijkl-imjn-lnkm,0.251973613,0.251641042,0.0013198643938958643,0.251978893,0.251611117,0.001459550820393507,0.255685185,0.255576074,0.00042673962513706254,0.260854837,0.262133149,0.0049004726717027935,1.0151836404243697,1.0384656851890919,3.9016650715499144
16,4,c64,ijkl-imjn-nlmk,0.250981243,0.251119258,0.0005499016514154409,0.25101756,0.251061533,0.0001751789795105818,0.253284878,0.252913232,0.0014673043370556638,0.262671184,0.262218066,0.0017250388607529255,1.008160700269233,1.0453864778141249,3.9164290213283635
16,4,c64,ijkl-imkn-jnlm,0.248169909,0.248154874,6.058349322279888e-05,0.2483098,0.248220158,0.00036100870767086235,0.250982815,0.250983586,3.0719234700438136e-06,0.263831739,0.26453534,0.0026668550291442106,1.0113667872791303,1.0645581862198308,3.935898803290481
16,4,c64,ijkl-imkn-njml,0.248661506,0.248754409,0.00037361231134824813,0.248740784,0.248825012,0.00033861757065145603,0.251343798,0.25154,0.0007806120602982247,0.264043914,0.26345153,0.0022435056011175236,1.0109925181961656,1.0604709352192794,3.9272133895659778
16,4,c64,ijkl-imln-jnkm,0.247328921,0.247609173,0.0011331145539585918,0.247343498,0.247502677,0.000643554414355485,0.250217418,0.250471208,0.001014277910900585,0.263608082,0.264724649,0.004235708524293003,1.0116187216447257,1.067470138663873,3.9391604550360504
16,4,c64,ijkl-imln-njmk,0.247927167,0.248115794,0.000760816179535384,0.247901669,0.248057236,0.0006275351054614298,0.250799824,0.250981646,0.0007249686108232734,0.262860277,0.262621118,0.000909833173461938,1.011568579313035,1.0593465080314275,3.928088644318709
16,4,c64,ijkl-imnj-nlkm,0.250850218,0.25103024,0.0007176473731427269,0.250772393,0.25099697,0.0008955411611037967,0.252807468,0.252982429,0.0006920721186924883,0.262772775,0.260983536,0.006809072971886043,1.0077895865733353,1.043581753715365,3.913587351383998
16,4,c64,ijkl-imnk-njml,0.248303349,0.248704887,0.001617126799204005,0.248489165,0.248683767,0.0007831407860379169,0.250899209,0.251181893,0.001126683504211412,0.262613206,0.261794975,0.003115726784889916,1.0102069742762154,1.0551288204498126,3.9283675839205445
16,4,c64,ijkl-minj-nlmk,0.30488798,0.305359913,0.0015478898184178025,0.305186496,0.30554052,0.0011600251146106633,0.307670298,0.307733989,0.00020701055777561095,0.317817383,0.315916413,0.0059813279627942695,1.0084499672824152,1.038481478856563,3.9226449826247505
16,4,c64,ijkl-mink-jnlm,0.300501509,0.300526359,8.26950922234726e-05,0.300501759,0.300375368,0.0004205998674370326,0.304715218,0.305076579,0.0011858974499920905,0.316411871,0.314688877,0.005445415162694811,1.0145813911750576,1.0500318373370299,3.949331691977121
16,4,c64,ijkl-minl-njmk,0.301237942,0.301259464,7.144518335611139e-05,0.301101708,0.301367147,0.0008815592636890468,0.304837154,0.305401375,0.0018508931493304015,0.316946138,0.317211225,0.0008363787035639003,1.0128479599669427,1.0525477814247775,3.938869460041869
16,8,c64,abc-bk-akc,0.007764971,0.007396363,0.047470621590215756,0.007585317,0.007337162,0.03271517854823991,0.007782234,0.007509304,0.03507090637469912,0.010810572,0.010505626,0.028208128117550024,1.008725403220221,1.4062297351553756,7.38200319828845
16,8,c64,abcijk-eiab-jkec,0.009084713,0.008812792,0.029931710555963553,0.009107195,0.008836536,0.029719249450571694,0.009477676,0.00904773,0.04536407448408242,0.016673246,0.014451059,0.13327860693712545,1.0349238110012617,1.7347925566990867,5.771007472051862
16,8,c64,abcijk-eiac-jkeb,0.008730873,0.008087381,0.07370305352053574,0.008711557,0.008021778,0.07917976086249556,0.009095513,0.008330794,0.08407651113246706,0.018428579,0.016971616,0.0790599752699328,1.0359147337577739,2.1046250518210585,6.064617274699044
16,8,c64,abcijk-eibc-jkea,0.010349813,0.010186843,0.015746178215973572,0.010395177,0.010172927,0.021380107332467757,0.010671082,0.010426499,0.022920168732655233,0.011042805,0.009740521,0.11793054391524604,1.0272766662831787,1.0100543355912934,5.080511017076832
16,8,c64,abcijk-ejab-ikec,0.009090664,0.008868255,0.024465649593913064,0.009055328,0.008848779,0.022809665204838514,0.009448461,0.008851674,0.0631623499319095,0.013742419,0.011695043,0.14898221339343531,1.0185359293234617,1.4119379623486128,5.749105732517312
16,8,c64,abcijk-ejac-ikeb,0.009228762,0.008985474,0.02636193240220075,0.009139445,0.008431402,0.07747111558743447,0.009392337,0.008413559,0.10421027269357996,0.013379884,0.011192817,0.1634593394083237,0.9761902971770637,1.343858853115843,5.571422991756113
16,8,c64,abcijk-ejbc-ikea,0.010707309,0.010418024,0.027017526065606257,0.0106009,0.010484447,0.010985199369864862,0.010808618,0.010720427,0.008159322496178678,0.011101425,0.009858401,0.11196976964668959,1.0191973392532734,0.9905120414887457,4.95878008715837
16,8,c64,abcijk-ekab-ijec,0.009094161,0.008842557,0.027666543400760246,0.009090373,0.008854329,0.025966371236911923,0.009397917,0.009093135,0.03243080354933969,0.012755399,0.010393137,0.185197029116847,1.0308663625444099,1.2839558693212805,5.755281443012854
16,8,c64,abcijk-ekac-ijeb,0.00924945,0.008550493,0.07556741211639617,0.009288935,0.008539202,0.0807124821090901,0.009444344,0.008696355,0.07919967760598312,0.01464348,0.013598761,0.07134362870028166,1.0190629125935193,1.5867857340468992,5.703824752792187
16,8,c64,abcijk-ekbc-ijea,0.010320067,0.010175671,0.013991769627077044,0.010339663,0.010220786,0.011497183225410712,0.010672635,0.010553305,0.011180931419466633,0.010999965,0.009907683,0.0992986795867078,1.0356363526506518,1.0187295789615067,5.0986852349062
16,8,c64,abcijk-ijma-mkbc,0.010390338,0.010223921,0.016016514573443108,0.010294118,0.010237366,0.005513051239552591,0.01077771,0.010509694,0.02486762030152967,0.011032506,0.009869872,0.10538258488144026,1.0326061379717877,1.0124399322989481,5.079803813921422
16,8,c64,abcijk-ijmb-mkac,0.009112174,0.008529925,0.06389792381049786,0.009132383,0.008396636,0.08056462371321926,0.009245974,0.008407146,0.09072359493980842,0.014671623,0.013340389,0.0907352922031871,1.0000391914627305,1.5868640370185683,5.741071262269826
16,8,c64,abcijk-ijmc-mkab,0.008993854,0.008798826,0.021684585940576984,0.008966633,0.008789329,0.01977375454086272,0.009289245,0.008906978,0.04115156829214861,0.01285755,0.010370375,0.19344081881851527,1.0225160110866889,1.2980489198185432,5.79486682971294
16,8,c64,abcijk-ikma-mjbc,0.010577968,0.010527828,0.004740040809350199,0.010591664,0.010473276,0.011177469375916793,0.010779393,0.01063114,0.013753371827151972,0.011056421,0.009886392,0.10582348483293103,1.014417088834707,0.9907308393628308,4.965644704533842
16,8,c64,abcijk-ikmb-mjac,0.009071128,0.008355089,0.07893604852671021,0.009105833,0.008351392,0.08285249685558715,0.009255842,0.008342265,0.09870274362937492,0.013417143,0.011190684,0.1659413632246448,1.0093546059764733,1.4075121505345807,5.825257378031509
16,8,c64,abcijk-ikmc-mjab,0.008941036,0.008797032,0.01610596355948013,0.008963247,0.00877988,0.020457653348167293,0.009293903,0.009008577,0.030700341933846187,0.01389249,0.011646432,0.1616742570986195,1.03172785887137,1.4342487711060201,5.819822813138286
16,8,c64,abcijk-jkma-mibc,0.010352047,0.0102605,0.008843371750533846,0.010347899,0.010124977,0.02154273055815492,0.010649902,0.010343083,0.028809560876710383,0.010991559,0.00978821,0.10947937412700048,1.018357885649226,1.006430771865125,5.062068197986109
16,8,c64,abcijk-jkmb-miac,0.00861666,0.008064858,0.06403896637444217,0.008621249,0.007998424,0.07224301258437138,0.008937518,0.008176586,0.08513907328634196,0.018562088,0.017006109,0.0838256450459669,1.0254786626209564,2.1313170142738107,6.110850115277483
16,8,c64,abcijk-jkmc-miab,0.009016856,0.008840794,0.019525874650765163,0.009006828,0.008809426,0.02191692791291222,0.009347734,0.009063169,0.030442137099750632,0.016856678,0.01449456,0.14012950831711912,1.0309082362623443,1.7507144287050012,5.784728210204912
16,8,c64,abcs-rc-abrs,0.004678846,0.004665344,0.0028857543077930314,0.004725232,0.004560909,0.03477564699468727,0.004975219,0.004893869,0.016351039019588898,0.009971066,0.009037631,0.09361436380021948,1.0561389501426846,2.0318277461247596,6.45185120927646
16,8,c64,abj-bka-kj,0.01254695,0.010763858,0.14211358138830554,0.012538585,0.010889532,0.13151826940599753,0.012345484,0.011245264,0.08911922772732128,0.01798902,0.015786577,0.1224326283477366,1.0138782924608856,1.450089055999467,6.398607084987537
16,8,c64,abjc-cbka-kj,0.012945153,0.01189759,0.08092318414467559,0.013217751,0.011809927,0.10651010145371931,0.013118817,0.011874487,0.09485077808463982,0.01830557,0.012691931,0.3066628900383872,1.005707460738107,1.2282093131916103,5.959667326042128
16,8,c64,abjc-kbac-jk,0.007044778,0.006771138,0.03884295573260077,0.007037044,0.00675102,0.04064547557184528,0.007188637,0.00697116,0.03025288382206537,0.011349827,0.011058426,0.025674488254314398,1.0249703767654086,1.6220968857457354,5.111643236912781
16,8,c64,abjcd-dkbac-jk,0.009676056,0.00888147,0.08211878889497948,0.009779699,0.008889064,0.09106977627839052,0.009960086,0.009175507,0.07877231180533983,0.012620067,0.010999787,0.12838917574684827,1.031228640941572,1.2709584558841116,4.519171056916228
16,8,c64,abrs-qb-aqrs,0.004151623,0.004416761,0.06386369860654484,0.004152194,0.004122232,0.007215944149045028,0.004278259,0.004253025,0.005898193634373383,0.008881384,0.008049359,0.0936819081350384,0.9961427989057599,1.9745133220007718,6.9365383886337355
16,8,c64,adbjc-cbdka-kj,0.014623574,0.013441417,0.08083913002389154,0.014501696,0.013314641,0.08185628770593445,0.014681331,0.014563048,0.00805669458715974,0.015650278,0.014507915,0.07299314427513681,1.042940577267135,1.0747667904181204,5.403956101631705
16,8,c64,ajb-kba-jk,0.009137252,0.008650119,0.05331285598777413,0.008904377,0.008428727,0.05341754959386824,0.009103428,0.008642936,0.05058446115023918,0.011701774,0.011388582,0.02676448887151639,0.997732885750374,1.2984996511311961,7.063793625025438
16,8,c64,ajbc-ckba-jk,0.041328809,0.040272404,0.02556098338086643,0.041362262,0.040030514,0.0321971752898812,0.043723195,0.042357069,0.03124488043474416,0.01091672,0.009796645,0.10260178881568827,1.0548450581348996,0.2534863328561093,1.347023359637507
16,8,c64,ajbdc-ckbad-jk,0.058366916,0.027858703,0.5226970189756128,0.06545793,0.023742823,0.6372811819744376,0.070329175,0.030658139,0.564076515898274,0.01232148,0.009697,0.21300038631722806,1.1515341870318077,0.27107303360238655,1.0843060500251251
16,8,c64,aqrs-pa-pqrs,0.004910278,0.004378308,0.10833806151097758,0.004882276,0.004347722,0.10948868929163358,0.00457911,0.004492291,0.01895979786465063,0.00597851,0.005938817,0.006639279686744715,0.9781788841824105,1.2851098618516623,6.581314762386698
16,8,c64,ij-ik-kj,0.079997406,0.071150332,0.11059201094595483,0.079764021,0.071093196,0.10870596656605369,0.075970676,0.072890765,0.04054078707947795,0.074898316,0.069217941,0.07584115776381406,0.9863540489967247,0.9543747638557069,6.814060309071207
16,8,c64,ij-ikl-ljk,0.017568425,0.016192942,0.07829290331944949,0.017483417,0.016185549,0.07423423007070074,0.01893322,0.01686305,0.10934061929243943,0.014340505,0.014207252,0.009292071652985734,1.0593781467034813,0.8462680988033956,3.8263141187595826
16,8,c64,ij-kil-lkj,0.020690748,0.018670989,0.09761652889494377,0.020705656,0.018745418,0.09467162016021125,0.021923958,0.019665032,0.10303458891866157,0.026282367,0.017968731,0.3163199113687134,1.056416199522604,1.1056538539421938,3.857093494551072
16,8,c64,ijk-ikl-lj,0.008324866,0.008041183,0.034076584536015364,0.008274372,0.007842133,0.05223828466982161,0.008392252,0.008111303,0.033477188244585454,0.011994179,0.011833629,0.013385659827154561,1.0084072788257918,1.456114876612539,7.1363113136086485
16,8,c64,ijk-il-jlk,0.013755314,0.013404115,0.025531878079991466,0.013827759,0.013448649,0.027416590063509272,0.013822679,0.013543285,0.02021272432066168,0.008463355,0.008331364,0.015595588274390004,1.0076362737704516,0.6184078683406609,4.467639643227077
16,8,c64,ijk-ilk-jl,0.007539191,0.007402183,0.018172772118387748,0.007568536,0.007366866,0.026645840093777684,0.007848397,0.00761024,0.030344667834718342,0.010828906,0.010504223,0.02998299181837938,1.034540212314012,1.4276836192567675,7.46554635424109
16,8,c64,ijk-ilk-lj,0.007883312,0.007881345,0.0002495144172905972,0.007789247,0.007568322,0.02836281863959378,0.008104364,0.00772254,0.04711338237028828,0.011077069,0.010797989,0.02519439032112203,1.0036563244937524,1.3874883455562956,7.264490333454459
16,8,c64,ijk-ilmk-mjl,0.005395662,0.00465859,0.1366045538063726,0.005393959,0.004348262,0.1938644694926306,0.005479119,0.00453,0.17322474653315612,0.008253573,0.005914891,0.2833538880676284,0.9936990032994794,1.3936212443147267,5.644115963835288
16,8,c64,ijkl-imjn-lnkm,0.150164409,0.136560331,0.0905945562639946,0.14992907,0.136207474,0.09152058370001226,0.146076034,0.139443674,0.045403478027066346,0.139908983,0.134808136,0.036458323766101475,0.9966510004005034,0.9590363441563072,6.8607638159455036
16,8,c64,ijkl-imjn-nlmk,0.145755786,0.13383826,0.08176365636695904,0.147790391,0.133755937,0.09496188422696572,0.143770804,0.136582996,0.0499949071718343,0.140169007,0.13476615,0.038545304098501654,1.0032995682737615,0.9840413912989726,7.039598011573101
16,8,c64,ijkl-imkn-jnlm,0.145310386,0.13032172,0.10314930964397828,0.145377962,0.13016078,0.10467323788732152,0.14096919,0.134338715,0.047034923021122554,0.142619437,0.13699243,0.03945469929179424,1.0000137401779365,1.0157361604438289,7.09779022054929
16,8,c64,ijkl-imkn-njml,0.145668604,0.131447439,0.09762683659685523,0.14551083,0.131396133,0.09700100672918988,0.142407603,0.134973089,0.052205878361705205,0.141497234,0.1352689,0.044017355137839664,1.0019155988346646,0.9998017916305973,7.058544051476614
16,8,c64,ijkl-imln-jnkm,0.144156975,0.129881082,0.0990301926077457,0.144848865,0.129957284,0.1028077161667783,0.141064477,0.13349763,0.05364105238202521,0.14265846,0.13631493,0.04446655319284942,1.0028935314242224,1.0191302650188978,7.124160718967137
16,8,c64,ijkl-imln-njmk,0.145794018,0.130969611,0.10168048870153223,0.144310121,0.130965112,0.09247451881770663,0.141995784,0.135082755,0.048684748273934764,0.14100713,0.134528492,0.04594546389249965,1.0022649854794314,0.9967185758776358,7.050427039744881
16,8,c64,ijkl-imnj-nlkm,0.144595813,0.133521367,0.0765889811761008,0.145335613,0.133596938,0.08076943260974856,0.144088727,0.136233972,0.054513320809614685,0.140432889,0.134388774,0.043039170119187786,1.0083341313354726,0.9886957501985487,7.067926913977194
16,8,c64,ijkl-imnk-njml,0.145306238,0.130869918,0.09935099964531457,0.144724012,0.130936954,0.09526448175027113,0.143346023,0.134438628,0.06213911494426316,0.141235676,0.134993322,0.04419813871956835,1.006683187067611,1.001304814316432,7.0791892434017365
16,8,c64,ijkl-minj-nlmk,0.176583471,0.159772937,0.09519879694742206,0.175236359,0.159781873,0.08819223412419808,0.173141381,0.161775279,0.06564636330352491,0.168799694,0.162755095,0.03580930069695509,0.9963912003666326,0.9867939769175504,7.125716395983914
16,8,c64,ijkl-mink-jnlm,0.173836157,0.154969939,0.10852873375473893,0.172306274,0.155248218,0.09899846130965617,0.1711032,0.158937041,0.07110421663650945,0.170480629,0.162705134,0.04560925804655491,1.0047264612182554,1.0147156549898877,7.230934648391196
16,8,c64,ijkl-minl-njmk,0.174337041,0.156828124,0.1004314223734013,0.174284283,0.156839686,0.10009277199137923,0.168803692,0.160484687,0.049282127075751525,0.169123858,0.162757413,0.03764368360139936,0.9954076208413767,1.003381336649474,7.17612449462477
