size_mib,threads,dtype,case,plan_A_s,plan_A2_s,plan_AA_spread,packed_A_s,packed_A2_s,packed_AA_spread,upstream_A_s,upstream_A2_s,upstream_AA_spread,tblis_A_s,tblis_A2_s,tblis_AA_spread,upstream_over_plan,tblis_over_plan,plan_scaling
1,1,f64,abc-bk-akc,0.000612983,0.00061173,0.0020441023649921952,0.000613434,0.000611429,0.003268485281220146,0.000628803,0.000627359,0.0022964267027989482,0.0009064,0.00090669,0.0003199470432480034,1.0256785283296774,1.4804210665793054,1.0
1,1,f64,abcijk-eiab-jkec,0.002719421,0.002710351,0.003335268794349977,0.00269226,0.002712475,0.007508561580233719,0.002839334,0.002874056,0.01222892410685028,0.003736998,0.003833764,0.025894046504707724,1.052215905546225,1.3941937390729848,1.0
1,1,f64,abcijk-eiac-jkeb,0.00269745,0.002729287,0.011802628408311477,0.002680378,0.002685113,0.0017665418832715218,0.002777198,0.002781955,0.0017128775117942752,0.005345105,0.005309374,0.006684807875616983,1.0244179209058815,1.963353382143073,1.0
1,1,f64,abcijk-eibc-jkea,0.002802145,0.002798555,0.001281161396001984,0.002809008,0.002768329,0.014481624829833173,0.002937998,0.002938316,0.00010823696952821926,0.003627343,0.003653028,0.0070809405121048385,1.04921084839326,1.299895939331742,1.0
1,1,f64,abcijk-ejab-ikec,0.002723308,0.002720399,0.0010681861912056334,0.00269764,0.002703979,0.00234983170474945,0.002852739,0.002862054,0.0032652829438655218,0.003938102,0.003890009,0.012212228124106494,1.0497968065364378,1.4379841500542772,1.0
1,1,f64,abcijk-ejac-ikeb,0.002695396,0.002703298,0.002931665699585473,0.002703531,0.002664205,0.0145461620377203,0.002806273,0.002790952,0.005459554362672536,0.004243021,0.004268034,0.00589509219963813,1.036771120375232,1.5764974569234063,1.0
1,1,f64,abcijk-ejbc-ikea,0.002815419,0.002815177,8.59552343719372e-05,0.002793408,0.002796121,0.0009712150892386973,0.002954649,0.002974593,0.006750040360123943,0.00400626,0.004072499,0.016533874486428735,1.053033899588392,1.434748195567952,1.0
1,1,f64,abcijk-ekab-ijec,0.002725251,0.002718155,0.0026037968612799833,0.002696428,0.002681076,0.005693458160202947,0.002854232,0.002870359,0.005650206430311222,0.00349691,0.003472461,0.0069916011564495895,1.051652797526367,1.2803259645248015,1.0
1,1,f64,abcijk-ekac-ijeb,0.002715553,0.002706775,0.003232490767073992,0.002675659,0.002673513,0.0008020454026465007,0.002792045,0.002815297,0.008327946003735542,0.004265182,0.004299282,0.007994969499542925,1.0341132328690703,1.5794705404072709,1.0
1,1,f64,abcijk-ekbc-ijea,0.002802245,0.002810187,0.0028341561854869912,0.002795132,0.002801971,0.0024467538563472946,0.002964919,0.002963061,0.0006266613017084088,0.004046785,0.004029449,0.0042838944989663785,1.0562240476176734,1.4389882104176528,1.0
1,1,f64,abcijk-ijma-mkbc,0.002807935,0.002803215,0.0016809505918050638,0.002808977,0.002809656,0.0002417250123443182,0.002958266,0.002968081,0.0033178219943710285,0.003923796,0.004030962,0.02731181743393374,1.056172258641259,1.417541665171019,1.0
1,1,f64,abcijk-ijmb-mkac,0.002712327,0.002697397,0.005504498535759184,0.002666482,0.002656682,0.003675254511374848,0.002790382,0.002808214,0.006390522874645699,0.004300909,0.004292539,0.0019461002313698739,1.0349121181170344,1.588524045041696,1.0
1,1,f64,abcijk-ijmc-mkab,0.002730361,0.002716452,0.005094198166469721,0.002709963,0.002701514,0.0031177547442530207,0.00285834,0.002833461,0.008704003022733553,0.003489416,0.003487699,0.0004920594162461933,1.0449716529835975,1.280957788957008,1.0
1,1,f64,abcijk-ikma-mjbc,0.002816892,0.002824785,0.0028020243587612015,0.002801003,0.002798855,0.0007668681540148325,0.002957735,0.002954115,0.0012239095118392607,0.004080989,0.004023969,0.013972103330834873,1.0478896040062475,1.4365879783422422,1.0
1,1,f64,abcijk-ikmb-mjac,0.002704733,0.002697908,0.00252335443091789,0.002665149,0.00265659,0.0032114527180281405,0.00279419,0.002796893,0.0009673644240368873,0.004256616,0.004287691,0.007300400130056284,1.0348803127766057,1.5814964031097085,1.0
1,1,f64,abcijk-ikmc-mjab,0.00273534,0.002720379,0.005469521156419299,0.002705755,0.002698088,0.0028335898852630548,0.002864621,0.002853408,0.003914304894085396,0.004088963,0.003988503,0.0245685764336826,1.048081747893702,1.4804412820620991,1.0
1,1,f64,abcijk-jkma-mibc,0.002804359,0.002804296,2.2465026767393148e-05,0.0027999,0.002792324,0.002705810921818652,0.002953978,0.002966178,0.004130023987991782,0.003629478,0.003611791,0.004873152558026228,1.0555370993126587,1.2910844756775075,1.0
1,1,f64,abcijk-jkmb-miac,0.002690467,0.002697136,0.002478751830072623,0.002658276,0.002646632,0.0043802825590721906,0.002792827,0.002773007,0.007096751785914401,0.00526129,0.005288746,0.005218492042825984,1.0330759290116245,1.958200772415748,1.0
1,1,f64,abcijk-jkmc-miab,0.002716846,0.002722404,0.0020457545256520326,0.002706576,0.002701975,0.0016999337908856216,0.002844313,0.002855111,0.003796347307768233,0.003777793,0.003762482,0.0040528954339214,1.0478313640051025,1.3862689509696298,1.0
1,1,f64,abcs-rc-abrs,0.000291283,0.000293166,0.00646450359272599,0.000291374,0.000291904,0.0018189680616664816,0.000310338,0.000311611,0.004101979132429712,0.000691229,0.000699985,0.012667292604910951,1.0641662920530681,2.380350836468151,1.0
1,1,f64,abj-bka-kj,0.001109599,0.001112553,0.002662223019306964,0.001128584,0.001129294,0.0006291069162775997,0.001164811,0.001165542,0.0006275696228832395,0.001655506,0.001629497,0.015710604491919744,1.0486928636709394,1.4782530347887175,1.0
1,1,f64,abjc-cbka-kj,0.000562379,0.000564031,0.002937520782248182,0.000567197,0.000585241,0.03181258010885113,0.000662014,0.000665911,0.0058865824589813265,0.000858291,0.000855645,0.003082870494971912,1.1788964142280942,1.5215914283556016,1.0
1,1,f64,abjc-kbac-jk,0.000323443,0.000342157,0.057858726267070226,0.000323723,0.000324525,0.0024774266888667462,0.000340826,0.000345494,0.013696138205418595,0.000681811,0.000685758,0.00578899431073987,1.0315137481067558,2.055444952188057,1.0
1,1,f64,abjcd-dkbac-jk,0.003104809,0.003076754,0.009035982567687673,0.003088398,0.003035186,0.017229644624818463,0.003289844,0.00328923,0.00018663498937943057,0.005812998,0.005816008,0.0005178050981611282,1.0643168613028302,1.8812597039173082,1.0
1,1,f64,abrs-qb-aqrs,0.000287846,0.000287586,0.0009032607713848062,0.000287936,0.000287406,0.0018406868192931691,0.000304608,0.000303425,0.0038836800084042222,0.000694695,0.000689255,0.007830774656503947,1.0566529341990074,2.4050442963053986,1.0
1,1,f64,adbjc-cbdka-kj,0.008938075,0.008688001,0.027978507676429176,0.009103213,0.008617238,0.05338499714331646,0.009440892,0.008938948,0.05316701006642155,0.007588068,0.007554569,0.004414694227832472,1.0424801441151457,0.8591886371048788,1.0
1,1,f64,ajb-kba-jk,0.000896081,0.000877265,0.020998101734106545,0.000872747,0.00086948,0.003743352884627571,0.000890761,0.000896882,0.006871652441002629,0.001288462,0.001287018,0.0011207160164599106,1.0081130001953282,1.452409503459321,1.0
1,1,f64,ajbc-ckba-jk,0.000442986,0.0004399,0.006966360110703174,0.000440631,0.000428409,0.02773749463837083,0.000483372,0.00049372,0.021407942537010838,0.000739439,0.000737675,0.002385592320664709,1.1066470316471688,1.6730608143048147,1.0
1,1,f64,ajbdc-ckbad-jk,0.003049937,0.003014087,0.011754341155243542,0.003059194,0.002977358,0.02675083698516667,0.00318577,0.003193902,0.0025526010980077007,0.005470419,0.005420161,0.009187230447978534,1.052070095231576,1.795945127139122,1.0
1,1,f64,aqrs-pa-pqrs,0.000187439,0.000188482,0.005564476976509747,0.000280873,0.000280102,0.0027450128705855947,0.000299739,0.000300039,0.001000870757559058,0.000656264,0.000662775,0.00992131215486447,1.5954954192973958,3.5087904296973678,1.0
1,1,f64,ij-ik-kj,0.002891581,0.002884846,0.002329175630909175,0.003078721,0.003083887,0.0016779695204600653,0.003142268,0.003134211,0.0025640715559589466,0.003621893,0.003650112,0.007791229613906214,1.0865675433797484,1.258901945920051,1.0
1,1,f64,ij-ikl-ljk,0.000733007,0.000732666,0.00046520701712271517,0.000733126,0.000735351,0.0030349489719365685,0.000757132,0.000760126,0.003954396327192633,0.001284275,0.001292739,0.006590488797181271,1.0351934483587744,1.7582367758954365,1.0
1,1,f64,ij-kil-lkj,0.001113987,0.001100581,0.012034251746205427,0.001113616,0.001089,0.02210456746311129,0.001126039,0.001130387,0.0038613227428181407,0.001817689,0.001811205,0.003567166880583006,1.018917981200077,1.6386738633832376,1.0
1,1,f64,ijk-ikl-lj,0.000654971,0.000656934,0.0029970792599978147,0.00065463,0.00065489,0.00039717092097824036,0.000679607,0.000673225,0.009390721402222302,0.001058253,0.001064043,0.005471281442150255,1.0311862983643463,1.6177165859702387,1.0
1,1,f64,ijk-il-jlk,0.000640184,0.000645242,0.007900853504617444,0.000639663,0.000643559,0.006090707137977436,0.000676201,0.000672853,0.004951190548372453,0.000957235,0.000959017,0.0018616118299059625,1.0495044363148958,1.4907633784751726,1.0
1,1,f64,ijk-ilk-jl,0.00061702,0.000620447,0.00555411493954816,0.000615517,0.000618372,0.004638377169111418,0.000635244,0.00063851,0.005141331519856962,0.000915898,0.000924192,0.009055593526790195,1.029324173760826,1.4869716638270654,1.0
1,1,f64,ijk-ilk-lj,0.000658247,0.000655722,0.003835946081030439,0.000653829,0.000655041,0.0018536956910752966,0.000673566,0.00067613,0.0038066054402983163,0.001039217,0.001048754,0.009177101606305582,1.0271901823113074,1.5890428727727106,1.0
1,1,f64,ijk-ilmk-mjl,0.000259003,0.000259133,0.0005019246881310391,0.000258872,0.000258682,0.0007339534596249031,0.00026294,0.000262609,0.001258842321442133,0.000565865,0.000571996,0.01083473973474236,1.0143068852713633,2.1960344740144424,1.0
1,1,f64,ijkl-imjn-lnkm,0.003812228,0.003823135,0.0028610565789874975,0.00381353,0.003828845,0.0040159642116359695,0.003859987,0.003856968,0.000782126986437981,0.004420733,0.004437299,0.0037473423525011818,1.0106870207688952,1.160131554596998,1.0
1,1,f64,ijkl-imjn-nlmk,0.003751384,0.003789873,0.010259946728993885,0.00374384,0.003745931,0.0005585174580109431,0.003800566,0.003818917,0.004828491335237883,0.004640533,0.004577811,0.013516119807789218,1.010383301060848,1.2223758822163893,1.0
1,1,f64,ijkl-imkn-jnlm,0.003750874,0.003790595,0.010589798537620876,0.003747518,0.003749127,0.00042935083967576837,0.00381343,0.003840437,0.007082075716612124,0.00440862,0.004459671,0.011579814091484453,1.014911752369187,1.1759336369641116,1.0
1,1,f64,ijkl-imkn-njml,0.003736186,0.003731865,0.0011565270037412478,0.003739261,0.003723148,0.004309140228510366,0.003775159,0.003792718,0.004651194823847016,0.004498949,0.004677688,0.03972905671969151,1.0133645172657155,1.2285531614540093,1.0
1,1,f64,ijkl-imln-jnkm,0.003743299,0.003787338,0.011764756168288981,0.003737248,0.003753635,0.004384777247857352,0.003809944,0.003816893,0.0018239113225810843,0.004356041,0.004396383,0.00926116168328095,1.0127913816726197,1.1622497127712175,1.0
1,1,f64,ijkl-imln-njmk,0.003731277,0.003732506,0.00032937785106823547,0.003730145,0.003721064,0.0024344898120581826,0.003775961,0.003795112,0.005071821451545722,0.004524816,0.004492603,0.007119184514906118,1.0143715166169402,1.2081489486873194,1.0
1,1,f64,ijkl-imnj-nlkm,0.003750963,0.003735652,0.004081885105238325,0.003752938,0.003748836,0.0010930103295071492,0.003801006,0.00382022,0.005054977550680073,0.004430581,0.004385894,0.01008603612031922,1.0179791157269025,1.1776190156377904,1.0
1,1,f64,ijkl-imnk-njml,0.003721459,0.003719973,0.0003993057561563207,0.003714485,0.003715244,0.00020433519047724502,0.003769508,0.003787459,0.004762159942358624,0.004401196,0.004383909,0.003927795989998928,1.0155230646504105,1.1805641933959583,1.0
1,1,f64,ijkl-minj-nlmk,0.004610066,0.004601045,0.0019568049568055024,0.00459617,0.004607215,0.002403087788310554,0.004682892,0.004696051,0.002810015691158352,0.005385671,0.005361732,0.004444942886410952,1.0182200894777356,1.1667844946178487,1.0
1,1,f64,ijkl-mink-jnlm,0.004590288,0.004659373,0.01505025392742243,0.004563098,0.004569816,0.0014722453911795164,0.004648227,0.004637632,0.002279363722984984,0.005345336,0.00536063,0.0028611859011293816,1.003940789961198,1.1574752526780554,1.0
1,1,f64,ijkl-minl-njmk,0.004570612,0.004563464,0.0015639043524150464,0.00457013,0.004562082,0.001761000234129062,0.004648768,0.004657329,0.001841563184052264,0.005357899,0.00533898,0.0035310482709733915,1.0188327655448677,1.171094431980765,1.0
1,4,f64,abc-bk-akc,0.000168344,0.000178974,0.06314451361497886,0.000164256,0.000165749,0.009089470095460683,0.000229388,0.000228376,0.004411739062200271,0.000255537,0.000256558,0.0039955074998923035,1.3186112755149417,1.4751150137313322,3.5278516271946754
1,4,f64,abcijk-eiab-jkec,0.001343234,0.000817583,0.3913324111807771,0.000842301,0.000808657,0.03994296575689704,0.000914705,0.000943138,0.03108433866656468,0.001318869,0.001418013,0.07517350093148001,0.8863114989251583,1.3049659260231699,2.5906528898908645
1,4,f64,abcijk-eiac-jkeb,0.000785785,0.00081039,0.03131263640817794,0.000799631,0.000797345,0.002858818630093074,0.000847731,0.000893916,0.054480725607533476,0.00184518,0.001833216,0.006483920267941423,1.0908837789190744,2.3047683694080914,3.4001838575111836
1,4,f64,abcijk-eibc-jkea,0.000889789,0.000870341,0.021856867189861906,0.000829286,0.000840176,0.01313177842143709,0.000987811,0.00096073,0.02741516342701167,0.001044678,0.001042293,0.0022830001206114447,1.107004452231575,1.1857630073663603,3.1821744756842762
1,4,f64,abcijk-ejab-ikec,0.000871004,0.001096113,0.2584477223985193,0.00080944,0.000802175,0.008975340976477564,0.000936656,0.000920295,0.017467458704156114,0.001343215,0.001347061,0.0028632795196599226,0.9502018069612622,1.3766662288940563,2.7856525408313826
1,4,f64,abcijk-ejac-ikeb,0.00079934,0.000813867,0.018173743338254056,0.000907302,0.000755077,0.16777765286530832,0.000870673,0.000887665,0.019515937671203742,0.00114735,0.001188746,0.03607966182943301,1.0899575746160974,1.4479381183825044,3.3466920998369054
1,4,f64,abcijk-ejbc-ikea,0.000899557,0.00091244,0.014321493801949137,0.000864532,0.000847469,0.019736689908528504,0.000937518,0.000990656,0.0566794450879875,0.001130337,0.001126219,0.0036431612872974695,1.0637381690434327,1.2453714210139237,3.107476619896384
1,4,f64,abcijk-ekab-ijec,0.000880963,0.000828134,0.05996733120460229,0.000777509,0.000841398,0.0821713960867334,0.000943048,0.000926257,0.017805032193483283,0.001256924,0.001195598,0.04879053944391232,1.0942171281902762,1.435218280219479,3.1864801758084904
1,4,f64,abcijk-ekac-ijeb,0.000852019,0.000823275,0.03373633686572708,0.000796055,0.000822613,0.033362016443587494,0.000872717,0.000870833,0.0021587754105855117,0.001790449,0.001796618,0.003445504451676795,1.0408953139903856,2.141468778871194,3.2371149123123555
1,4,f64,abcijk-ekbc-ijea,0.000914395,0.000882815,0.03453649680936577,0.000849815,0.000849493,0.0003789059971875952,0.000985006,0.000986629,0.0016477056992545425,0.001135236,0.001129635,0.004933775884485736,1.0972222429813139,1.2604057453350168,3.1233373055639224
1,4,f64,abcijk-ijma-mkbc,0.000855855,0.000900428,0.05208008365903094,0.00084203,0.000826892,0.017977981782121844,0.0010085,0.000956332,0.05172830937035211,0.001129296,0.001131619,0.002057033762627336,1.1187104719994876,1.2877436542037148,3.1959291096194438
1,4,f64,abcijk-ijmb-mkac,0.000752273,0.000835998,0.11129603215853812,0.000792939,0.000739428,0.06748438404467427,0.000904867,0.000877455,0.03029395480219743,0.001835673,0.001820603,0.00820952315581247,1.1236070227073502,2.3052335440602567,3.41077524351347
1,4,f64,abcijk-ijmc-mkab,0.000871134,0.000894697,0.0270486515277788,0.000814027,0.000855084,0.050436901970082104,0.000961383,0.000939792,0.022458271053263923,0.001196331,0.001170581,0.021524143401784213,1.0766724942298245,1.340435560883171,3.0848253485207078
1,4,f64,abcijk-ikma-mjbc,0.000887715,0.000888325,0.0006871574773434919,0.000802927,0.000841268,0.04775153905647711,0.000976491,0.00096037,0.016509112731197706,0.001122633,0.001111922,0.009540963075199138,1.0905126142589072,1.2581526659732623,3.176545467105987
1,4,f64,abcijk-ikmb-mjac,0.000867858,0.001323877,0.5254534728031544,0.000757352,0.000758192,0.0011091275919254961,0.000889959,0.000879289,0.011989316361764923,0.001177956,0.00116442,0.01149109134806392,0.8252825561010497,1.0926251887505736,2.520157095937235
1,4,f64,abcijk-ikmc-mjab,0.000835518,0.000832912,0.0031190231688605907,0.001071799,0.000798287,0.2551896391021078,0.000897163,0.000905748,0.009569052669358813,0.001336362,0.001387586,0.038330931289575654,1.080592388857462,1.6323547553490756,3.269963463601433
1,4,f64,abcijk-jkma-mibc,0.001077529,0.000871755,0.1909684101309571,0.000825328,0.000808868,0.019943586065176433,0.00095459,0.000988993,0.0360395562492799,0.001038646,0.001026032,0.012144657563789796,1.0025206844809145,1.065129767467053,2.893456939898191
1,4,f64,abcijk-jkmb-miac,0.000782709,0.000791465,0.011186788448835916,0.000764235,0.000829275,0.08510471255569296,0.000885411,0.000898033,0.014255526529487472,0.001897147,0.001896004,0.0006024836240945408,1.1329287127147807,2.409650716670951,3.422545549452821
1,4,f64,abcijk-jkmc-miab,0.000811634,0.000813727,0.00257874854922302,0.000803138,0.000795813,0.009120474937059364,0.000943509,0.000938679,0.005119188052260304,0.001350979,0.001362099,0.008231067988473617,1.15800942881816,1.669203002120181,3.346488361682662
1,4,f64,abcs-rc-abrs,8.8625e-05,8.7773e-05,0.00961354019746119,8.6691e-05,8.584e-05,0.00981647460520696,0.000142636,0.000134762,0.055203454948259956,0.000226422,0.0002304,0.01756896414659348,1.5719535331796912,2.5896552564369695,3.313261964161927
1,4,f64,abj-bka-kj,0.00030015,0.000302714,0.008542395468932096,0.000296543,0.000300871,0.014594847964713331,0.000362896,0.000362015,0.0024276927825052086,0.000467352,0.000471238,0.00831493178589171,1.2024553148510055,1.556885871833739,3.6860222774503355
1,4,f64,abjc-cbka-kj,0.000213157,0.000220461,0.03426582284419455,0.000208539,0.000211655,0.014942049209020869,0.000234998,0.000309718,0.3179601528523648,0.000279932,0.000279471,0.001646828515496579,1.2445135227988136,1.2902651341099838,2.598067011036518
1,4,f64,abjc-kbac-jk,9.8103e-05,9.7973e-05,0.0013251378653048596,9.6941e-05,9.668e-05,0.0026923592700714982,0.00015025,0.000163745,0.08981697171381042,0.000229328,0.000233535,0.018344903369845733,1.5999150238340787,2.360533581103866,3.393260842452905
1,4,f64,abjcd-dkbac-jk,0.001301898,0.001297989,0.003002539369443613,0.001204045,0.001194426,0.007988904069200053,0.001364344,0.001334387,0.021957072409890754,0.002061894,0.002041244,0.010015063819963643,1.0379557948804927,1.5781803879974707,2.3776057662722763
1,4,f64,abrs-qb-aqrs,8.8224e-05,8.6741e-05,0.01680948494740664,8.6511e-05,8.538e-05,0.013073481984949842,0.000134911,0.000143697,0.06512441535530833,0.000229287,0.000228886,0.0017488998504058273,1.5916293786467792,2.6187482267310576,3.2889584347652887
1,4,f64,adbjc-cbdka-kj,0.004944409,0.005037829,0.01889406802713922,0.005032543,0.005130031,0.019371518534466503,0.005541973,0.005615875,0.013334962115477689,0.002606049,0.00258621,0.007612673437836448,1.1177946171860278,0.5201687728600543,1.7656435132204957
1,4,f64,ajb-kba-jk,0.00023601,0.000233735,0.009639422058387415,0.000231481,0.000228857,0.011335703578263412,0.000295641,0.000297043,0.004742238052232173,0.000345274,0.000341908,0.0097487792304084,1.2617256013966247,1.4628826601617755,3.774956562235403
1,4,f64,ajbc-ckba-jk,0.000132877,0.000131915,0.007239778140686437,0.00012839,0.000131485,0.02410623880364504,0.000204521,0.000213588,0.04433285579475954,0.000255266,0.000256508,0.004865512837589181,1.5786482781005684,1.9327467234421436,3.33426400069067
1,4,f64,ajbdc-ckbad-jk,0.001234222,0.001250891,0.013505674019746783,0.001235133,0.001240682,0.004492633586828276,0.001385693,0.001412883,0.019621950893884854,0.001983408,0.001959051,0.012280378016020888,1.1261084977769529,1.58643588767391,2.440152397021049
1,4,f64,aqrs-pa-pqrs,0.000114704,0.000159948,0.3944413446784767,0.000292936,0.000122578,0.581553649944015,0.000124092,0.000141734,0.14216871353511906,0.000213168,0.00021456,0.006530060797117931,0.9791071578209877,1.578907533849385,1.3876701026357634
1,4,f64,ij-ik-kj,0.000741482,0.000750469,0.012120321194580619,0.000803718,0.000795342,0.01042156577306974,0.000879079,0.000884409,0.006063163833967211,0.00102995,0.001015252,0.014270595659983565,1.1820173313612348,1.3708133107056462,3.8717946324323536
1,4,f64,ij-ikl-ljk,0.000437796,0.000433868,0.008972215369715597,0.000448447,0.000437736,0.023884650806003882,0.00052567,0.000517714,0.015134970608937204,0.000734349,0.000733387,0.0013100038265185798,1.1969798688320927,1.6838490376836062,1.6814825921841756
1,4,f64,ij-kil-lkj,0.000625716,0.000619835,0.00939883269726205,0.000620808,0.000617491,0.005343036816536029,0.00074006,0.000725161,0.020132151447179947,0.001018089,0.001010554,0.007401121120059195,1.1763160081196025,1.6287182294099711,1.7779698365897258
1,4,f64,ijk-ikl-lj,0.000265065,0.00026823,0.011940467432516533,0.000247491,0.000243764,0.015059133463439234,0.0003216,0.000321278,0.001001243781094563,0.000404855,0.000399324,0.013661681342702958,1.2055039731100234,1.507934898211045,2.4600392575238943
1,4,f64,ijk-il-jlk,0.000497988,0.000632118,0.26934383961059294,0.000239577,0.000241801,0.009283028003522986,0.000295631,0.00029516,0.0015932023366966863,0.000367275,0.00036514,0.00581308283983395,0.52649617396505,0.6527048981060931,1.145526669560144
1,4,f64,ijk-ilk-jl,0.000228536,0.000233235,0.020561312003360532,0.000227634,0.000226462,0.005148615760387276,0.000308205,0.000308505,0.0009733781087264415,0.000350674,0.000349191,0.004228999013328627,1.3356011101139105,1.515685626948925,2.6799567975654552
1,4,f64,ijk-ilk-lj,0.000217897,0.000216033,0.008554500520888242,0.000215021,0.000211354,0.01705414819947826,0.00027893,0.000277356,0.005642992865593555,0.000338631,0.00034333,0.013876461398985906,1.2819784427133993,1.5715693835381455,3.0280890857481797
1,4,f64,ijk-ilmk-mjl,8.5029e-05,8.1532e-05,0.04112714485646074,8.036e-05,8.1452e-05,0.013588850174216072,0.000153776,0.00013968,0.09166579960461974,0.000181528,0.000180276,0.006897007624168228,1.7602072663513082,2.1726670818174676,3.111473991087894
1,4,f64,ijkl-imjn-lnkm,0.000993653,0.000993962,0.0003109737503936838,0.00098706,0.000989644,0.0026178753064656224,0.001074484,0.001080143,0.005266714069265044,0.001270979,0.001252194,0.014779945223327817,1.084022607250604,1.2694123874311967,3.841465928775082
1,4,f64,ijkl-imjn-nlmk,0.000962435,0.000967092,0.004838768332406929,0.00095991,0.000962153,0.002336677396839182,0.001037234,0.001041572,0.004182277094657572,0.001231756,0.001217328,0.011713358814570585,1.0773663848823798,1.2692481803836373,3.9083053742830125
1,4,f64,ijkl-imkn-jnlm,0.000957595,0.000964868,0.007595068896558699,0.000952456,0.000960831,0.008793057107099989,0.001068162,0.001052953,0.014238476935146682,0.001201049,0.001202251,0.001000791807828083,1.1033115600742427,1.2501238765271818,3.922789859537662
1,4,f64,ijkl-imkn-njml,0.000951855,0.000953367,0.0015884772365537536,0.000951575,0.000949119,0.00258098415784358,0.001042864,0.001034147,0.008358712161892545,0.001217931,0.001221486,0.0029188845673522312,1.090158187238266,1.2803836916693594,3.919780530395676
1,4,f64,ijkl-imln-jnkm,0.000956133,0.000958867,0.002859434827581442,0.000956353,0.000959267,0.0030469920625544322,0.001063834,0.00105694,0.0064803343378760925,0.001208754,0.001205527,0.002669691268860297,1.1074490632601937,1.2607213074746209,3.932384284032643
1,4,f64,ijkl-imln-njmk,0.000953177,0.000951123,0.002154898827814833,0.000952927,0.000946785,0.006445404527314236,0.001047793,0.00102481,0.021934676028566802,0.001201571,0.001201449,0.00010153374207599875,1.0883142219854656,1.2618922411093343,3.9194387651695943
1,4,f64,ijkl-imnj-nlkm,0.000960591,0.000980277,0.02049363360681089,0.000959829,0.000956592,0.0033724757222380886,0.001045499,0.001043785,0.0016394085503669276,0.00119593,0.001204024,0.006767954646174967,1.076523893425387,1.2365930147633222,3.857544396060361
1,4,f64,ijkl-imnk-njml,0.000971382,0.000953337,0.01857662587941722,0.000948669,0.000947305,0.0014378039126397013,0.001028477,0.001028317,0.00015556983773101773,0.001200148,0.001210596,0.008705592976866017,1.0686673710805976,1.2525606674219016,3.866413183827252
1,4,f64,ijkl-minj-nlmk,0.001185731,0.001197311,0.009766127393143975,0.001178377,0.001177444,0.0007917669811953187,0.001284135,0.00127686,0.005665292200586314,0.001473938,0.001498252,0.01649594487692152,1.0746830748003005,1.247198177293582,3.8653180833947025
1,4,f64,ijkl-mink-jnlm,0.001201831,0.001152828,0.04077361958544912,0.001157168,0.001152979,0.003620044799026667,0.001249671,0.00127185,0.017747871239710333,0.001483566,0.001467875,0.010576543274785188,1.07105515034407,1.2537011197067667,3.9289793619114524
1,4,f64,ijkl-minl-njmk,0.001162959,0.001163098,0.00011952270028436907,0.001168028,0.001161945,0.005207923097733991,0.001281269,0.001279515,0.001368955309150599,0.001455785,0.001458168,0.0016369175393344815,1.1009117162107938,1.2527431747401572,3.926848404585234
1,8,f64,abc-bk-akc,0.000232304,0.00018275,0.21331531097182999,0.00018221,0.000179024,0.017485319137259148,0.000258763,0.000253643,0.01978644551191633,0.000154478,0.000153837,0.004149458175274012,1.243384624419114,0.7481810140867861,2.9719881130652874
1,8,f64,abcijk-eiab-jkec,0.000565916,0.00053654,0.05190876384481091,0.000521683,0.000463484,0.11156008533918105,0.000683585,0.000634633,0.07161069947409615,0.000850115,0.000962554,0.13226328202654924,1.1953099889818546,1.6416264932110471,4.92690233240391
1,8,f64,abcijk-eiac-jkeb,0.000572888,0.000560535,0.02156267891804331,0.000498759,0.000501525,0.005545764587706614,0.000645143,0.000679025,0.05251858890199523,0.001094832,0.001145645,0.04641168690721509,1.1679779569113753,1.9763440153737988,4.788120534280037
1,8,f64,abcijk-eibc-jkea,0.000752743,0.000739559,0.01751460990005893,0.000743016,0.000722968,0.02698192232737917,0.000818236,0.000862027,0.05351878920018183,0.000639452,0.000643439,0.006235026241218966,1.1256152024022943,0.8597019054951559,3.753206410991019
1,8,f64,abcijk-ejab-ikec,0.000569391,0.000564242,0.009042995059634018,0.000491416,0.000525469,0.0692956680287169,0.00065404,0.000695165,0.06287841722218812,0.000940995,0.000972443,0.03341994378291058,1.1896195695010536,1.6876707789190968,4.802050024700512
1,8,f64,abcijk-ejac-ikeb,0.000564182,0.000560074,0.007281338291544093,0.000518437,0.000514338,0.007906457293750058,0.000668216,0.000675679,0.011168544303039596,0.000786166,0.000775966,0.012974359104820143,1.195353415336358,1.3894603429255117,4.802041757085314
1,8,f64,abcijk-ejbc-ikea,0.000748656,0.000752713,0.005419044260648542,0.000656724,0.00069247,0.054430780662805045,0.000816292,0.000844824,0.03495317851945123,0.000669007,0.000686609,0.026310636510529894,1.1062417081475087,0.9028471131744673,3.750321574443595
1,8,f64,abcijk-ekab-ijec,0.000539316,0.000549344,0.018593922672422103,0.000496335,0.000487709,0.017379390935557626,0.000679537,0.000669157,0.01527510643276242,0.00082603,0.00079924,0.03243223611733226,1.2388728112582577,1.4927692167692528,5.000305257593189
1,8,f64,abcijk-ekac-ijeb,0.000554264,0.000526301,0.050450687758901935,0.000519689,0.000502507,0.03306208136019817,0.000671672,0.000634763,0.05495092842935245,0.0010941,0.001117543,0.021426743442098495,1.2089518125113046,2.0473174914614796,5.019723395145979
1,8,f64,abcijk-ekbc-ijea,0.000714883,0.000746111,0.04368267254921432,0.000639202,0.000717657,0.12273897766277342,0.000842701,0.000838443,0.005052800459474871,0.000695206,0.000693332,0.002695603892946874,1.1509443359579294,0.9506226813182828,3.8423901065958015
1,8,f64,abcijk-ijma-mkbc,0.000760287,0.000760428,0.00018545628164101657,0.000721676,0.000797707,0.10535337187325067,0.000801013,0.000816923,0.01986234930019859,0.000687241,0.000687441,0.00029101872560000075,1.0638796746537695,0.9039708238297063,3.6898090956745513
1,8,f64,abcijk-ijmb-mkac,0.000561727,0.000548853,0.02291860636928622,0.000495324,0.000551047,0.11249808206345757,0.00064393,0.000677112,0.05153044585591604,0.001096665,0.001091565,0.00465046299462446,1.1892109896835976,1.9704758738197439,4.87138873939337
1,8,f64,abcijk-ijmc-mkab,0.00057373,0.000568569,0.008995520541021151,0.000585883,0.000505773,0.13673378473176379,0.000666703,0.000667243,0.0008099558574057308,0.000825108,0.000798287,0.032506047693150464,1.1677848845773473,1.4209852147890027,4.7683232101824995
1,8,f64,abcijk-ikma-mjbc,0.000759225,0.000793699,0.04540682933254314,0.0007504,0.000819548,0.09214818763326216,0.000845076,0.001210035,0.431865299689022,0.000692752,0.000706176,0.01937778598979145,1.302667815997922,0.9010153799371556,3.633830206584835
1,8,f64,abcijk-ikmb-mjac,0.000554704,0.000569311,0.02633296316594058,0.000545778,0.000521572,0.04435136630644698,0.000641286,0.000678365,0.057819755927932315,0.000700416,0.0008153,0.16402252375730986,1.1736866353260198,1.3447182963334323,4.806958043374323
1,8,f64,abcijk-ikmc-mjab,0.000592334,0.000570904,0.03617891257297401,0.000549575,0.000533184,0.029824864668152595,0.000673936,0.000643098,0.045758054177251206,0.001020533,0.000949439,0.06966359735549954,1.132095420384592,1.6927085429391355,4.6908926155446915
1,8,f64,abcijk-jkma-mibc,0.000777309,0.000801273,0.030829438485853178,0.000755518,0.000733998,0.028483768752035066,0.000856497,0.000822062,0.04020446072782502,0.000672383,0.000644521,0.04143769250561069,1.0632321668681732,0.8341416291677892,3.5533797927351425
1,8,f64,abcijk-jkmb-miac,0.000543924,0.000562538,0.03422169273648534,0.000535318,0.000506283,0.0542387889067808,0.000687372,0.000681871,0.008002944548221369,0.001084492,0.001101392,0.015583333025969814,1.2376617959387357,1.9757823058665058,4.869901916725866
1,8,f64,abcijk-jkmc-miab,0.000591883,0.000651334,0.10044383771792753,0.000526812,0.000527844,0.001958953099018279,0.000654951,0.000674738,0.030211420396335065,0.000891261,0.000956332,0.07301003858577904,1.0706614892173913,1.4869178933377343,4.380150069400907
1,8,f64,abcs-rc-abrs,5.875e-05,5.5503e-05,0.055268085106382925,5.5343e-05,5.38e-05,0.02788067144896378,0.000164687,0.000146923,0.10786522312022195,0.000156622,0.000159627,0.019186321206471568,2.7240331509444338,2.7689645402675165,5.117433475986448
1,8,f64,abj-bka-kj,0.000156512,0.000163184,0.04262931915763635,0.000155049,0.000158896,0.024811511199685166,0.000279481,0.000299258,0.0707633077024914,0.000245026,0.000258301,0.054177923975414766,1.8096159731455248,1.5741877233399746,6.952336354024538
1,8,f64,abjc-cbka-kj,0.00015528,0.000157303,0.013028078310149516,0.000157344,0.000165208,0.049979662395769786,0.000255026,0.000259183,0.016300298793064272,0.000193391,0.000190935,0.012699660273746027,1.6450125741299255,1.2295172846297895,3.6036264904918682
1,8,f64,abjc-kbac-jk,5.9741e-05,6.1013e-05,0.021291910078505394,6.1204e-05,6.1354e-05,0.002450820207829496,0.000156221,0.000174075,0.11428681163223886,0.000162944,0.000163084,0.0008591908876669496,2.73143251426312,2.7000849634395023,5.510159357648076
1,8,f64,abjcd-dkbac-jk,0.001036733,0.001030901,0.0056253635217552445,0.000936045,0.000964247,0.03012889337585256,0.001124636,0.001141036,0.014582496025380642,0.001504665,0.001563674,0.039217367320965035,1.0957556590180992,1.4837170083819267,2.9896606099859513
1,8,f64,abrs-qb-aqrs,5.6586e-05,5.5824e-05,0.013466228395716318,5.5694e-05,5.4632e-05,0.019068481344489463,0.000161161,0.000165759,0.02853047573544476,0.000159547,0.000159608,0.00038233247883057153,2.908061334692711,2.8392698803897396,5.119163443718462
1,8,f64,adbjc-cbdka-kj,0.003030902,0.003091171,0.01988483956261211,0.002942105,0.00301566,0.025000807245152634,0.003212209,0.003440532,0.07107974605637435,0.002119602,0.002025825,0.04424273991060579,1.086093552892832,0.6769875175337424,2.8789522782876817
1,8,f64,ajb-kba-jk,0.000131155,0.000244455,0.863863367770958,0.000127077,0.000258472,1.0339793983175554,0.00023568,0.000232874,0.011905974202308212,0.000197518,0.00019856,0.005275468564890362,1.308368194063175,1.1060056195545784,4.951618166864297
1,8,f64,ajbc-ckba-jk,0.000394226,0.000112229,0.7153181170191718,8.7423e-05,0.000150641,0.7231277810187249,0.000193711,0.000208389,0.07577267166036017,0.00017704,0.000179545,0.014149344780840512,0.9551891012720842,0.8476121623763733,2.0986827998842883
1,8,f64,ajbdc-ckbad-jk,0.000940493,0.000995385,0.05836513403076915,0.000977692,0.000975678,0.0020599534413701104,0.001156948,0.001168658,0.010121457489878471,0.001465412,0.001443801,0.014747388447753917,1.2017864645628993,1.5033503784904616,3.1336464530198276
1,8,f64,aqrs-pa-pqrs,4.3712e-05,0.000114333,1.6155975475841875,5.2939e-05,0.000167222,2.1587676382251266,0.000119423,0.000118741,0.005710792728368941,0.000151893,0.000149208,0.017676917303628192,1.684450297938124,2.129505646880833,2.6587578283053954
1,8,f64,ij-ik-kj,0.000408732,0.000418751,0.024512394429601736,0.000421957,0.000419001,0.007005453162288955,0.000588016,0.000573469,0.024739122744959374,0.000607182,0.000609967,0.004586763112213621,1.403628882365686,1.4710091200350401,6.981226839408197
1,8,f64,ij-ikl-ljk,0.000308075,0.000308686,0.0019832832914064014,0.000306141,0.000307122,0.003204405813007627,0.000397451,0.000410295,0.03231593328485771,0.000577046,0.000580632,0.006214409249869046,1.309493099256433,1.8770204570323212,2.3764046033104607
1,8,f64,ij-kil-lkj,0.000441413,0.000436945,0.010122039903672997,0.000435132,0.000435471,0.0007790739361848154,0.000570624,0.000558912,0.02052489905787369,0.000802506,0.000803327,0.0010230453105646298,1.2859106324447351,1.8282449367210714,2.5212454077600928
1,8,f64,ijk-ikl-lj,0.000141975,0.000140031,0.013692551505546824,0.000137446,0.0001395,0.014944050754478244,0.00025763,0.000239928,0.06871094204867445,0.000236891,0.000236361,0.002237315896340464,1.763277435294434,1.6782016980810952,4.652151738894057
1,8,f64,ijk-il-jlk,0.000382503,0.000401157,0.048768244954941586,0.000132667,0.000132306,0.0027210986907066914,0.000230479,0.000231051,0.0024817879286183064,0.000213989,0.000216323,0.010907102701540827,0.5891081031341167,0.5492530319001685,1.6407375289236437
1,8,f64,ijk-ilk-jl,0.000253082,0.000394355,0.5582103824057023,0.000248083,0.000248864,0.00314813993703722,0.000349702,0.000350333,0.0018043934549987206,0.000212836,0.00021493,0.009838561145670832,1.1079375391367763,0.6770126113438245,1.9585184200820436
1,8,f64,ijk-ilk-lj,0.000138529,0.000140221,0.012214049043882458,0.000137487,0.000138268,0.005680537068959435,0.000273159,0.000275434,0.008328482678586546,0.000240208,0.000234346,0.024403849996669558,1.9680659704711687,1.7023373449006105,4.713868271563698
1,8,f64,ijk-ilmk-mjl,8.539e-05,7.5391e-05,0.11709802084553222,7.8426e-05,7.498e-05,0.04393950985642514,0.000187149,0.000227564,0.2159509268016393,0.000158035,0.000156472,0.009890214193058466,2.572066992951085,1.9598900067292326,3.228869554406101
1,8,f64,ijkl-imjn-lnkm,0.000860133,0.000864001,0.004496978955579989,0.000856176,0.00085305,0.0036511184616246917,0.000985478,0.000990616,0.005213713548146259,0.000991409,0.000986799,0.0046499477006965995,1.1461361432895427,1.1473630278449647,4.428527263178866
1,8,f64,ijkl-imjn-nlmk,0.000785505,0.000765206,0.025841974271328616,0.000770917,0.000744106,0.03477806300807995,0.000891552,0.000850986,0.045500430709594086,0.000871665,0.000830708,0.04698708792942241,1.1234943344897028,1.0975778656728787,4.86344970558535
1,8,f64,ijkl-imkn-jnlm,0.000594118,0.000619074,0.042005123561312585,0.000590922,0.000590751,0.0002893782935818878,0.000698483,0.000698351,0.0001889809773465423,0.000688884,0.000686069,0.004086319322266108,1.151614600474937,1.1335725206435447,6.217449877496809
1,8,f64,ijkl-imkn-njml,0.00059006,0.000597294,0.01225977019286173,0.000583097,0.000603305,0.0346563264774129,0.000685408,0.000690026,0.0067375927914470335,0.000706277,0.000709102,0.003999847085492059,1.1584176037605605,1.19206441395514,6.289774032986924
1,8,f64,ijkl-imln-jnkm,0.000593737,0.000593186,0.0009280203187607139,0.00059523,0.000600389,0.00866723787443524,0.000689536,0.000697309,0.011272797939483992,0.000688183,0.000679126,0.013160743581285828,1.1684189843624628,1.151952696507283,6.3445640877956215
1,8,f64,ijkl-imln-njmk,0.000603716,0.000620316,0.027496372466524033,0.000593156,0.00060666,0.02276635488809009,0.000689656,0.000689635,3.0449963460021934e-05,0.000702881,0.000690958,0.016963042108123605,1.1269459110779325,1.1387906483533692,6.098263252619077
1,8,f64,ijkl-imnj-nlkm,0.000602644,0.0005955,0.011854428153271312,0.00059573,0.000593716,0.0033807261678949763,0.000694414,0.000709663,0.02195952270547541,0.000698583,0.000704513,0.008488611947327751,1.1718283859629082,1.1710682611496466,6.248608205010365
1,8,f64,ijkl-imnk-njml,0.000602363,0.000588026,0.02380126269375782,0.00059512,0.000588206,0.011617824976475344,0.000701268,0.000690657,0.01513116240866541,0.000699875,0.000705024,0.0073570280407215805,1.169353477333061,1.1802792784364986,6.2517140416522965
1,8,f64,ijkl-minj-nlmk,0.000732315,0.000730502,0.0024757105890225173,0.000727697,0.000730802,0.004266885805493281,0.000844324,0.000838613,0.006763991074516418,0.00086315,0.00086368,0.0006140300063719462,1.1504710448910374,1.1804834404764202,6.296832520491587
1,8,f64,ijkl-mink-jnlm,0.000742184,0.000730381,0.01590306446918821,0.000719342,0.00071361,0.007968393337244195,0.000822334,0.000822252,9.971617372017683e-05,0.000862258,0.000843241,0.02205488380507914,1.1168531292630588,1.1581476924902996,6.281352692100734
1,8,f64,ijkl-minl-njmk,0.000754076,0.0007723,0.024167325309385257,0.000718039,0.000715994,0.0028480347167771924,0.000833784,0.00082611,0.00920382257275254,0.000856447,0.000841889,0.016998132984294423,1.0875397544820264,1.1126974352613221,5.984583287144096
1,1,c64,abc-bk-akc,0.002397881,0.002408628,0.004481873787731683,0.002417988,0.002435529,0.007254378433640074,0.002455769,0.002463751,0.0032503057087209797,0.003229231,0.003207388,0.006764149111661566,1.023513286213766,1.3391419898919918,1.0
1,1,c64,abcijk-eiab-jkec,0.010076638,0.010081909,0.0005230911341658206,0.010079774,0.010072722,0.0006996188605022935,0.010674532,0.010660257,0.001337295161980001,0.012108146,0.012241202,0.010988965610424506,1.0583493420268395,1.20787402436145,1.0
1,1,c64,abcijk-eiac-jkeb,0.010109369,0.010119649,0.0010168785015167714,0.010009623,0.010097648,0.008794037497716012,0.010492854,0.010489238,0.00034461548783581986,0.015084044,0.01508914,0.0003378404358937992,1.0372275311487649,1.4915794462066245,1.0
1,1,c64,abcijk-eibc-jkea,0.010594914,0.010681586,0.008180528883953153,0.010687677,0.01068891,0.00011536651042121093,0.011099315,0.011112689,0.0012049392237267753,0.012536003,0.012598197,0.004961230465563737,1.0439773586627992,1.181318900874221,1.0
1,1,c64,abcijk-ejab-ikec,0.010073342,0.010035683,0.0037384812309559923,0.010070987,0.010029481,0.004121343816648748,0.010672559,0.010660176,0.0011602653121898232,0.012731979,0.01279782,0.005171309189247131,1.0608554524532863,1.2695672150615158,1.0
1,1,c64,abcijk-ejac-ikeb,0.010018229,0.010073052,0.005472324499669723,0.01005094,0.010110622,0.005937952072144537,0.01050691,0.010637043,0.012385468229955343,0.013358287,0.013324842,0.0025036892829147783,1.052378454723626,1.3280988593332281,1.0
1,1,c64,abcijk-ejbc-ikea,0.010605054,0.010634018,0.00273115063817686,0.010684832,0.010680164,0.00043688099167116246,0.010955877,0.01092517,0.0028027879465970518,0.013750798,0.013713556,0.002708351908012885,1.0302260757785269,1.2931051925248578,1.0
1,1,c64,abcijk-ekab-ijec,0.010060828,0.010045421,0.0015313848919791262,0.010080245,0.010046663,0.0033314666458998943,0.010671467,0.010648234,0.0021771139806739948,0.011951544,0.012020521,0.005771388198880345,1.0603516648124813,1.192264792944662,1.0
1,1,c64,abcijk-ekac-ijeb,0.010109609,0.010108208,0.00013858102721875376,0.010090955,0.010102628,0.0011567785209625203,0.010503874,0.010669674,0.015784652405388844,0.013786155,0.013774029,0.0008795780984618418,1.0472396149568814,1.3631630654563485,1.0
1,1,c64,abcijk-ekbc-ijea,0.010597098,0.010610153,0.0012319410465018166,0.0106891,0.010617116,0.006734336847816991,0.011122237,0.011099896,0.0020086786498075826,0.013720401,0.013755735,0.002575289162466854,1.0478550935391582,1.2956001929011718,1.0
1,1,c64,abcijk-ijma-mkbc,0.010594985,0.010595145,1.5101484334367754e-05,0.010629959,0.010616956,0.0012232408422270247,0.01108622,0.010950357,0.012255123928624934,0.013707558,0.013751106,0.003176933484432487,1.0399255774184475,1.2958216617047555,1.0
1,1,c64,abcijk-ijmb-mkac,0.010091947,0.01011483,0.0022674514640237398,0.010103848,0.010123646,0.0019594514881855485,0.010691855,0.010618819,0.006830994247490341,0.013782107,0.013593002,0.013721051505404813,1.054624520755688,1.3547174487140325,1.0
1,1,c64,abcijk-ijmc-mkab,0.010069815,0.010053465,0.0016236643870816136,0.010065336,0.010041493,0.0023688230576702773,0.010672568,0.010693167,0.0019300884285768927,0.011936836,0.012004181,0.005641779781510037,1.061742028254202,1.1897131174842985,1.0
1,1,c64,abcijk-ikma-mjbc,0.010634097,0.010636702,0.0002449667329533778,0.010708527,0.010688219,0.0018964326279422572,0.010979791,0.01097842,0.00012486576474912692,0.013688823,0.013717063,0.0020629969428342942,1.0323171744451023,1.2884269958909047,1.0
1,1,c64,abcijk-ikmb-mjac,0.010009473,0.010033207,0.002371153805999615,0.010038157,0.01003937,0.0001208389149522926,0.01046898,0.01050684,0.0036163981591330607,0.013347205,0.013380916,0.0025256973276428507,1.046556675024118,1.3335601067751666,1.0
1,1,c64,abcijk-ikmc-mjab,0.010062291,0.010037687,0.002445168799033892,0.010070336,0.010035201,0.0034889600505880747,0.010662019,0.010638916,0.002166850387342212,0.012945137,0.012897426,0.003685631137005374,1.0597493405032568,1.2856998310354637,1.0
1,1,c64,abcijk-jkma-mibc,0.010599563,0.010672018,0.0068356591682130485,0.010615803,0.010686405,0.006650650921084189,0.011041457,0.011094315,0.004787230525826525,0.012543297,0.012589051,0.0036476852935876103,1.040629622300055,1.181503723070942,1.0
1,1,c64,abcijk-jkmb-miac,0.010101534,0.010041313,0.005961569797220956,0.010072019,0.010045401,0.0026427670559396876,0.010494547,0.010540122,0.004342731515710074,0.015417115,0.015392275,0.0016111963879104074,1.0442770892564621,1.5295512932625999,1.0
1,1,c64,abcijk-jkmc-miab,0.010086005,0.010069005,0.001685503824358614,0.010075456,0.010068233,0.0007168906300618616,0.010688439,0.010645198,0.004045586076694585,0.012041822,0.012269335,0.0188935694282808,1.0584763176099188,1.2061567346188498,1.0
1,1,c64,abcs-rc-abrs,0.001086005,0.001104648,0.017166587630812025,0.001096705,0.001108105,0.010394773434971194,0.001121181,0.00113262,0.01020263454339676,0.001566531,0.001541834,0.015765407770417572,1.0288501142342334,1.418928259590644,1.0
1,1,c64,abj-bka-kj,0.003755301,0.003798559,0.011519183149366619,0.003781861,0.003806353,0.0064761766759804384,0.00386168,0.003865554,0.0010031903213110205,0.005552132,0.005587553,0.00637971143337368,1.0229683546734623,1.4747177399099658,1.0
1,1,c64,abjc-cbka-kj,0.001845571,0.001859916,0.00777266222757067,0.001836945,0.001816185,0.011301372659497044,0.001937373,0.001897346,0.0206604510334355,0.002023724,0.001902857,0.059725041557050385,1.0348272241364838,1.0591724436548822,1.0
1,1,c64,abjc-kbac-jk,0.001187955,0.001212129,0.02034925565362311,0.001203043,0.001178647,0.020278576908722368,0.001243919,0.00125001,0.00489662108224076,0.001696554,0.001818929,0.07213150892927667,1.0391503269744338,1.4639198563722824,1.0
1,1,c64,abjcd-dkbac-jk,0.008561924,0.00849973,0.007264021497971673,0.008649056,0.008595929,0.00614252006230509,0.009307013,0.009147067,0.017185535251750372,0.012022867,0.012179728,0.013046888067546725,1.081577990368297,1.4185170717996876,1.0
1,1,c64,abrs-qb-aqrs,0.000927098,0.000930013,0.003144219920655722,0.00093856,0.000936456,0.002241732015001663,0.000975869,0.000968766,0.007278640883151222,0.001635349,0.001651086,0.009623022364033673,1.0471234208735536,1.7696310937684028,1.0
1,1,c64,adbjc-cbdka-kj,0.018618594,0.018519383,0.005328597852233052,0.018624736,0.018576189,0.002606587282633188,0.019103899,0.019106827,0.00015326714195884605,0.014316313,0.014007404,0.02157741312305772,1.0288891673692848,0.7626191774468718,1.0
1,1,c64,ajb-kba-jk,0.003475831,0.003505363,0.008496385468683698,0.003538898,0.003527464,0.003230949295515151,0.003674111,0.003625897,0.013122630209049246,0.004861835,0.004838047,0.00489280282033433,1.0456540951907178,1.3894384858261462,1.0
1,1,c64,ajbc-ckba-jk,0.001600525,0.001609199,0.005419471735836678,0.00162501,0.001605833,0.011801158146719115,0.001806689,0.001805134,0.0008606904674794968,0.002044673,0.002042055,0.0012804003378534823,1.1252792620084093,1.2732378498216945,1.0
1,1,c64,ajbdc-ckbad-jk,0.007469898,0.00739964,0.009405483180627061,0.00732651,0.007317406,0.0012426107382641494,0.008197163,0.007986714,0.025673394563460517,0.012235683,0.012193354,0.00345947177611583,1.0883115053790648,1.6429073333723017,1.0
1,1,c64,aqrs-pa-pqrs,0.001215486,0.001222067,0.005414295187274876,0.001221317,0.001258004,0.030038884253637654,0.001288954,0.00127211,0.013067960532338607,0.001464892,0.001436457,0.019410987294626536,1.0506511826028389,1.190218317360106,1.0
1,1,c64,ij-ik-kj,0.012223982,0.012217108,0.0005623372154833772,0.012223391,0.012211487,0.0009738705077829701,0.012459871,0.012375513,0.006770375070496382,0.010446949,0.010536365,0.008559053940054628,1.016126601268886,0.858518352300881,1.0
1,1,c64,ij-ikl-ljk,0.002999222,0.002977569,0.007219538933763592,0.003021584,0.002979282,0.013999941752405265,0.003128272,0.003093906,0.010985617618928356,0.003628415,0.003688765,0.016632606799387606,1.0410476002824665,1.2242320567911493,1.0
1,1,c64,ij-kil-lkj,0.004770445,0.004799183,0.006024175941657495,0.004758773,0.004754159,0.0009695776621410079,0.004893864,0.004898088,0.0008631216560164301,0.005365013,0.005385767,0.003868396963809806,1.0232367697509053,1.1234301317122064,1.0
1,1,c64,ijk-ikl-lj,0.002521041,0.002518183,0.0011336586751267141,0.002524907,0.002547167,0.008816166298402317,0.002554723,0.002561464,0.002638642232445365,0.003857402,0.003900789,0.011247725800940689,1.015272070049119,1.5395368270578522,1.0
1,1,c64,ijk-il-jlk,0.002752442,0.002831887,0.0288634601564719,0.002881413,0.002862414,0.006593639995377321,0.002951773,0.002937945,0.004684642077829149,0.002962354,0.002957692,0.0015737484446490813,1.054790623704006,1.0602246638875032,1.0
1,1,c64,ijk-ilk-jl,0.002418189,0.002406424,0.004865211114598589,0.002441062,0.002431882,0.0037606582708673564,0.002446261,0.002459704,0.005495325314837762,0.003168688,0.00320363,0.011027276904510552,1.0168610764723935,1.3207776758252168,1.0
1,1,c64,ijk-ilk-lj,0.002549183,0.002530386,0.007373735035891893,0.002553732,0.002544953,0.003437713902633477,0.002567256,0.002568216,0.00037394011349078937,0.003709687,0.003773603,0.017229485937762412,1.011012365939752,1.4731699229707813,1.0
1,1,c64,ijk-ilmk-mjl,0.00098164,0.000986879,0.005336987082841027,0.000982853,0.000985426,0.002617888941683022,0.001001287,0.001001697,0.00040947300823823696,0.001264197,0.001290234,0.020595682476702404,1.0175116682381127,1.2975782030508505,1.0
1,1,c64,ijkl-imjn-lnkm,0.01531226,0.015323667,0.0007449586148615683,0.015333289,0.015349214,0.0010385899594014258,0.015522441,0.01550799,0.0009309747094545795,0.016495436,0.016477868,0.0010650218642295206,1.0128771290663356,1.0762952139688862,1.0
1,1,c64,ijkl-imjn-nlmk,0.015310236,0.01535752,0.0030883913219887926,0.015270912,0.015412052,0.00924240805002352,0.015501052,0.015483805,0.001112634161862025,0.016945565,0.016999399,0.003176878433973629,1.0103409270792238,1.1068616060023029,1.0
1,1,c64,ijkl-imkn-jnlm,0.015344179,0.015372258,0.0018299447627663223,0.015308312,0.015367058,0.003837523039770918,0.015605817,0.015702803,0.006214733903390224,0.016566678,0.01652764,0.0023564168990307666,1.0192745617684602,1.077413659759959,1.0
1,1,c64,ijkl-imkn-njml,0.015334751,0.015382276,0.0030991699832620956,0.015300448,0.015359875,0.0038840039193623888,0.015498678,0.015532977,0.0022130274595033583,0.016922101,0.017100929,0.010567718512021873,1.0102433802097617,1.107613726761266,1.0
1,1,c64,ijkl-imln-jnkm,0.015296891,0.015324359,0.0017956590002503603,0.015292943,0.015326181,0.0021734207732284627,0.01555868,0.015583501,0.0015953152838157347,0.016504803,0.016525116,0.0012307326540039742,1.0170121610932057,1.0786602781623973,1.0
1,1,c64,ijkl-imln-njmk,0.015298575,0.01534143,0.002801241292081036,0.015298524,0.015311204,0.0008288381284364821,0.015473841,0.015516086,0.0027300913845502706,0.016641939,0.016810047,0.010101467142741072,1.0114204784960388,1.0917621037052885,1.0
1,1,c64,ijkl-imnj-nlkm,0.015287744,0.015337192,0.0032344863964230974,0.015284308,0.015331792,0.003106715724388698,0.015465997,0.015439242,0.0017299240391679405,0.016539377,0.016624391,0.005140096873056166,1.009153707441387,1.0828986635052482,1.0
1,1,c64,ijkl-imnk-njml,0.015361411,0.015397756,0.0023659935926458875,0.015305918,0.015377537,0.004679170501240115,0.015539143,0.01553492,0.0002717653090649197,0.016633373,0.016802954,0.01019522618773716,1.0102381643007332,1.087022945109621,1.0
1,1,c64,ijkl-minj-nlmk,0.018969208,0.019029633,0.003185425559148136,0.018964278,0.019064669,0.005293689535662782,0.019302659,0.019317931,0.0007911863334475466,0.020315849,0.020460179,0.007104305608886863,1.0163635204018266,1.0730807321155267,1.0
1,1,c64,ijkl-mink-jnlm,0.018630727,0.018605232,0.001368438279408024,0.018587997,0.018755303,0.009000754626762753,0.018845257,0.019039522,0.010308429330520674,0.019863254,0.019961761,0.004959257934274097,1.0174114168021664,1.0695280469719735,1.0
1,1,c64,ijkl-minl-njmk,0.018913505,0.018946589,0.0017492262803746605,0.018906,0.018928925,0.0012125780175604728,0.019248008,0.019301591,0.0027838205387278325,0.020149459,0.020075613,0.003664912293675049,1.0182113250672664,1.0624648627155215,1.0
1,4,c64,abc-bk-akc,0.000628492,0.00062755,0.0014988257607096989,0.000629774,0.000623191,0.010452956139821556,0.000678165,0.000679416,0.0018446838158854284,0.000786476,0.000794741,0.010508903005304493,1.0808402946722853,1.258871792513445,3.826701923162063
1,4,c64,abcijk-eiab-jkec,0.002760066,0.002743272,0.006084637106503865,0.002756078,0.002763149,0.0025656022797613254,0.002869961,0.002939238,0.02413865554270589,0.003614499,0.003696759,0.0227583407824985,1.0555072129273684,1.328435445217158,3.6629842056810373
1,4,c64,abcijk-eiac-jkeb,0.002687581,0.002676788,0.004015878963276043,0.002709492,0.00267786,0.011674513155971789,0.002864661,0.002852326,0.004305919618412091,0.004286261,0.004350047,0.014881501616443638,1.0657330366945517,1.6098985586854748,3.771003883629231
1,4,c64,abcijk-eibc-jkea,0.002901339,0.002879015,0.007694378354270337,0.002935122,0.002910574,0.00836353650717081,0.003038866,0.003045896,0.0023133629452567472,0.003327444,0.003342038,0.004385949094860786,1.0526696665625803,1.1538247955614882,3.6808268386228655
1,4,c64,abcijk-ejab-ikec,0.002683503,0.002718136,0.012905892037385458,0.002726073,0.002692978,0.012140173795786025,0.002830738,0.002841234,0.003707866994402176,0.003617305,0.003575884,0.01145079002185323,1.0500662621850114,1.331673144442043,3.722833583054869
1,4,c64,abcijk-ejac-ikeb,0.002667444,0.002667641,7.385347171307011e-05,0.002682141,0.002686297,0.001549508396463839,0.002844694,0.002871,0.009247391810859096,0.003661347,0.003662285,0.0002561898667348128,1.0713294104970874,1.3727301336199882,3.765864314421379
1,4,c64,abcijk-ejbc-ikea,0.002899356,0.002863807,0.01226099864935526,0.0029336,0.002887762,0.015625170439051095,0.002978423,0.003027141,0.01635697817267734,0.003619518,0.003669849,0.013905442658387113,1.0420459464157175,1.2648144623468247,3.685381849345141
1,4,c64,abcijk-ekab-ijec,0.002702148,0.00270396,0.0006705776293525201,0.002725501,0.00275223,0.009807004290220522,0.002863409,0.002826527,0.012880451238366453,0.003402835,0.003353169,0.014595477006672297,1.0524793038400058,1.2496646052993163,3.719171763932173
1,4,c64,abcijk-ekac-ijeb,0.002668025,0.002701896,0.012695158403688067,0.002672452,0.00267763,0.0019375464928836905,0.002834165,0.002824254,0.0034969735354152265,0.003884111,0.003985938,0.026216295054389382,1.0537441581925207,1.465486507630639,3.765086888093944
1,4,c64,abcijk-ekbc-ijea,0.002882264,0.00288155,0.00024772192970512474,0.002905438,0.002873224,0.011087484916215695,0.002986008,0.003011272,0.008460794478782452,0.003659263,0.00366489,0.0015377413429973341,1.040496246498236,1.270712568906595,3.679377430368741
1,4,c64,abcijk-ijma-mkbc,0.002890319,0.002884866,0.0018866429622474978,0.002877405,0.002886329,0.0031014056067879547,0.00307327,0.003056185,0.005559225190106987,0.003671655,0.0036702,0.0003962790621666601,1.061339839543804,1.2712766999833593,3.6691706751023303
1,4,c64,abcijk-ijmb-mkac,0.002654981,0.002691576,0.013783526134462099,0.002692881,0.002704029,0.0041398041725573265,0.002831589,0.002838089,0.002295530883895891,0.00401158,0.004070266,0.014629148614760501,1.060459485682371,1.5115937671216155,3.779486010799855
1,4,c64,abcijk-ijmc-mkab,0.002699884,0.002678983,0.007741443706470452,0.002743616,0.002702397,0.015023603886258119,0.002813185,0.002809857,0.0011830007624811234,0.003400681,0.003356956,0.012857718792206652,1.0454029570192453,1.2563141187449607,3.741201498710983
1,4,c64,abcijk-ikma-mjbc,0.002948648,0.002896979,0.017522946109538973,0.002932899,0.002973352,0.013792837734950991,0.003060957,0.00303164,0.009577723568152119,0.003658421,0.003673516,0.00412609702382527,1.042277324888778,1.2543064903636831,3.6388961859581497
1,4,c64,abcijk-ikmb-mjac,0.002679175,0.00266669,0.004660016609590478,0.002680698,0.002697878,0.006408778609153343,0.002806463,0.002810578,0.0014662584185147765,0.003660825,0.003703041,0.011531826842310133,1.0507288925809757,1.377469328546441,3.749200663925929
1,4,c64,abcijk-ikmc-mjab,0.002732275,0.002675576,0.020751571492620746,0.002795342,0.00269373,0.03635047160597882,0.002802164,0.002824243,0.007879267594616213,0.003605803,0.00359498,0.0030015505561452605,1.0404637529598764,1.3316141062356825,3.717015832923729
1,4,c64,abcijk-jkma-mibc,0.002860423,0.002943756,0.02913310374025113,0.002878367,0.002866823,0.004010607403433952,0.003026643,0.003079429,0.017440444743565653,0.003328255,0.003355343,0.008138799460978952,1.0520821712986905,1.1516240403529805,3.665229887030333
1,4,c64,abcijk-jkmb-miac,0.002675118,0.002665006,0.0037800201710728176,0.002704663,0.002746098,0.0153198383680333,0.002841919,0.002804356,0.013217477345413453,0.004275662,0.004320471,0.010480014556810024,1.057308814086281,1.609706370629654,3.7719710425022295
1,4,c64,abcijk-jkmc-miab,0.002739248,0.002725759,0.004924344199575992,0.002733577,0.002763099,0.010799768947426847,0.00291214,0.002885657,0.009093999601667568,0.003728703,0.003666574,0.01666236222085793,1.0608868710123036,1.3531617696787013,3.6880216668621064
1,4,c64,abcs-rc-abrs,0.000282116,0.000280914,0.004260658736122802,0.000282416,0.000280603,0.006419607954223694,0.00035429,0.000347227,0.019935645939766933,0.000458865,0.000460127,0.0027502642389374277,1.2459070420675196,1.6322278168721371,3.8906961659157804
1,4,c64,abj-bka-kj,0.000993502,0.000987811,0.005728221986468274,0.000998611,0.001006716,0.008116273503896876,0.001102155,0.001090883,0.010227236640944382,0.001569386,0.001573562,0.0026609132488755183,1.10685090033493,1.586300696020538,3.812505797288646
1,4,c64,abjc-cbka-kj,0.000465437,0.000463414,0.004346452903400522,0.000460599,0.000453585,0.015227996587052983,0.000559904,0.000564282,0.007819197576727666,0.000601952,0.000618042,0.026729706023071564,1.2102911462295434,1.3133331249770557,3.989302936172216
1,4,c64,abjc-kbac-jk,0.000300561,0.000300359,0.0006720765501846415,0.0003004,0.00030023,0.0005659121171769366,0.000363257,0.000369638,0.017566075808587156,0.000522905,0.000522624,0.0005373825073389238,1.2195754219782342,1.739880552003422,3.9938134701137438
1,4,c64,abjcd-dkbac-jk,0.003079541,0.003075973,0.0011586142220544327,0.003099809,0.003080071,0.006367489093682788,0.003322445,0.003330387,0.0023904082686094785,0.004141432,0.004085273,0.013560285427842156,1.0807916897170384,1.3364464278873098,2.7717496068554
1,4,c64,abrs-qb-aqrs,0.000246349,0.000249595,0.013176428562730269,0.000245999,0.000250026,0.016369985243842367,0.000309467,0.000311581,0.006831099923416684,0.000455119,0.000466279,0.024521059327340833,1.252273854907414,1.8577705287727515,3.7446737760095448
1,4,c64,adbjc-cbdka-kj,0.006507794,0.006477362,0.004676238983594039,0.006436411,0.006406489,0.0046488640952233595,0.006539112,0.006456413,0.01264682421711072,0.005767614,0.005785803,0.003153643777132009,1.0007810111489883,0.8897416719964113,2.8600308284506775
1,4,c64,ajb-kba-jk,0.000891692,0.000904355,0.014201091856829384,0.000894278,0.000888836,0.006085356007863196,0.001012127,0.000989444,0.022411219145423544,0.001222549,0.001222909,0.0002944667248512278,1.1143874376541536,1.3616117823164189,3.887039179031574
1,4,c64,ajbc-ckba-jk,0.000431735,0.00040288,0.06683497979084396,0.000430663,0.000412739,0.041619549392448385,0.000529747,0.000504971,0.04676949562715793,0.000630155,0.00062233,0.012417579801794698,1.2401407800959263,1.5015423261620686,3.8480404186362245
1,4,c64,ajbdc-ckbad-jk,0.003122301,0.003138338,0.005136276098941073,0.00321236,0.003150021,0.019405981894930924,0.00350184,0.003458415,0.012400623672126687,0.003872781,0.003899237,0.0068312667305483465,1.111730347224987,1.2414065832637204,2.375064398294186
1,4,c64,aqrs-pa-pqrs,0.000354471,0.00037012,0.0441474760981857,0.000354891,0.000353429,0.004119574742667442,0.000410004,0.000421686,0.028492404952146888,0.000408572,0.000404003,0.011182851492515411,1.1479606624744214,1.121669635459168,3.36481240872454
1,4,c64,ij-ik-kj,0.003130396,0.003125265,0.0016390897509452884,0.003123875,0.003110356,0.0043276379496618445,0.003261491,0.003248594,0.003954326410834819,0.003419075,0.003411799,0.0021280609521581173,1.0406693097401947,1.0919505425068001,3.907036723185799
1,4,c64,ij-ikl-ljk,0.001733302,0.001720215,0.007550328794405092,0.001736468,0.001727449,0.005193876305235601,0.001844058,0.001821474,0.01224690329696787,0.001440296,0.001454471,0.00984172697834329,1.0613785152243531,0.8382043807745281,1.7306400086957194
1,4,c64,ij-kil-lkj,0.00263341,0.00257544,0.022013283157579,0.002616668,0.002593092,0.00900993171468445,0.002777498,0.002736049,0.014923143058969024,0.002075971,0.002016178,0.028802425467407744,1.0585316658295518,0.7855794577204919,1.8372918278454395
1,4,c64,ijk-ikl-lj,0.000916259,0.000921097,0.005280166415827736,0.000918793,0.000895038,0.025854572248591334,0.000984937,0.000978002,0.007041059478931189,0.001219013,0.001210386,0.007077036914290513,1.0683468823091007,1.3222217710212933,2.7426588309837383
1,4,c64,ijk-il-jlk,0.001590395,0.001601315,0.006866218769550958,0.001612587,0.001568854,0.027119777103498888,0.001664293,0.001645958,0.011016689969855054,0.001030912,0.001040809,0.009600237459647332,1.0371304399459738,0.6490907649571298,1.7494686371262818
1,4,c64,ijk-ilk-jl,0.000833494,0.000835888,0.002872246230926523,0.000822173,0.000827532,0.006518092907453754,0.000907492,0.000889016,0.020359408127013867,0.000958147,0.000968995,0.01132185353604398,1.076095727302011,1.1543873417368893,2.8900536942865855
1,4,c64,ijk-ilk-lj,0.000763043,0.000755057,0.010465989465862413,0.000752133,0.000749727,0.0031989023217967594,0.000827322,0.000801784,0.030868271362299082,0.000946636,0.000955611,0.009480940931889226,1.0730046497008265,1.253047986417192,3.3460276037970575
1,4,c64,ijk-ilmk-mjl,0.000320868,0.000297545,0.07268721094032426,0.000296874,0.000294418,0.008272869971772456,0.000354541,0.000347718,0.019244600765496722,0.000339152,0.000329854,0.02741543614662456,1.1363373644527222,1.0824766492899032,3.185433515737777
1,4,c64,ijkl-imjn-lnkm,0.004265483,0.004347703,0.019275659989736127,0.004236088,0.004578603,0.08085644113153445,0.004386098,0.004376576,0.0021709501246893748,0.004433376,0.004439704,0.0014273546841052642,1.0174014694911155,1.0302206455579574,3.557025331642107
1,4,c64,ijkl-imjn-nlmk,0.004284198,0.004207742,0.017846047264855613,0.004228444,0.004199687,0.00680084683633031,0.004314104,0.004333867,0.004581020763523513,0.004444337,0.004486902,0.009577356532594283,1.0184126292537925,1.0517619735144403,3.611537834040488
1,4,c64,ijkl-imkn-jnlm,0.006466707,0.004253477,0.3422499272040622,0.004253521,0.004218451,0.008244934020544381,0.004357003,0.004359704,0.0006199215378093204,0.004382842,0.004398538,0.0035812379273538752,0.8310148702468978,0.8371792300030438,2.9283772493660503
1,4,c64,ijkl-imkn-njml,0.004206322,0.00421211,0.001376023994358988,0.004186196,0.004206139,0.0047639909836998395,0.004295208,0.004297609,0.0005589950475040073,0.004444878,0.004420088,0.0055772059435602594,1.0207148665585375,1.0530385508622457,3.6487789525471377
1,4,c64,ijkl-imln-jnkm,0.004261045,0.004236045,0.005867105369692149,0.004222343,0.004203844,0.004381216779404173,0.004345192,0.004351499,0.001451489370320136,0.004407989,0.004431037,0.0052286881841128174,1.0234946734084647,1.0402425075168715,3.6037478968282834
1,4,c64,ijkl-imln-njmk,0.004216782,0.004226036,0.002194564480686889,0.004182548,0.004192934,0.00248317532757536,0.004269851,0.004288182,0.0042931240457804165,0.004352195,0.004377889,0.005903687679435388,1.0136447935472332,1.0340210381525428,3.6291192627229907
1,4,c64,ijkl-imnj-nlkm,0.004189542,0.004218331,0.006871634178628572,0.004730109,0.00418528,0.1151831807681386,0.004309144,0.004296307,0.0029790139294486595,0.004344911,0.004332284,0.0029061584920843098,1.0235040266976028,1.032037077550161,3.6424284247188625
1,4,c64,ijkl-imnk-njml,0.004774752,0.004218111,0.11658008625369443,0.004217202,0.004232267,0.003572273749277377,0.00431178,0.004317406,0.0013047975546061075,0.004315046,0.00432497,0.0022998596075221034,0.961402684700526,0.9626088560686269,3.4269665034667134
1,4,c64,ijkl-minj-nlmk,0.005208652,0.005238362,0.005703971008237829,0.005230893,0.005251987,0.004032581052604067,0.00537956,0.005386949,0.0013735324078549827,0.005471963,0.005459174,0.0023371868559783904,1.030586347685107,1.0463443164127835,3.6373021628534454
1,4,c64,ijkl-mink-jnlm,0.00551306,0.005091068,0.07654406083010168,0.005110428,0.005086379,0.004705868079933784,0.005212498,0.005226359,0.0026591856725890484,0.005264946,0.005355501,0.017199606605651896,0.9851940070361325,1.0022964785864703,3.5142417789672833
1,4,c64,ijkl-minl-njmk,0.005821124,0.005200893,0.10654832296992811,0.005203502,0.005214678,0.002147784319099122,0.005344004,0.005321307,0.00424718993473816,0.005350987,0.005329602,0.003996458971027184,0.9691704412227811,0.9705590249276155,3.4404016053593622
1,8,c64,abc-bk-akc,0.000494362,0.000503198,0.017873542060271363,0.00049882,0.00049353,0.010605027865763006,0.000606922,0.000600519,0.010549955348463258,0.000395477,0.000393363,0.005345443603547162,1.2104248274652571,0.7907976604870728,4.818442548538241
1,8,c64,abcijk-eiab-jkec,0.001691574,0.00164716,0.02625601954156309,0.00168945,0.001698385,0.005288703424191299,0.00188255,0.001915931,0.01773179995219265,0.002281815,0.002353717,0.031510880592861445,1.1377577379044783,1.3883659154604362,6.038315774791438
1,8,c64,abcijk-eiac-jkeb,0.001770411,0.001774487,0.002302290259154516,0.00175395,0.001756794,0.001621482938510388,0.001894994,0.00192094,0.01369186393202293,0.00293356,0.002940079,0.0022222146470500803,1.07643388131935,1.656927580174069,5.706519273685186
1,8,c64,abcijk-eibc-jkea,0.002902512,0.002812121,0.031142334639787883,0.00285895,0.002769711,0.031213907203693658,0.003157316,0.0031123,0.01425767962408564,0.002069749,0.002070269,0.0002512381936166097,1.09722510986633,0.7245497592860954,3.723596169659496
1,8,c64,abcijk-ejab-ikec,0.001722843,0.00167924,0.025308748388564672,0.001688428,0.001674862,0.008034692625329631,0.001881498,0.001874613,0.0036593182666151414,0.002466338,0.002551886,0.0346862433291788,1.1041509641686313,1.4749513480110654,5.911273044861208
1,8,c64,abcijk-ejac-ikeb,0.00177536,0.001760411,0.008420264059120441,0.001771493,0.001747827,0.013359352817087111,0.001901074,0.001918947,0.009401527767987972,0.002478371,0.002459684,0.007540033352552933,1.0803904806753906,1.3966016963701853,5.6823209913466535
1,8,c64,abcijk-ejbc-ikea,0.002786866,0.002909742,0.04409110448798037,0.002732855,0.002864669,0.048233074934454834,0.002881021,0.002911856,0.01070280292993342,0.002204299,0.002204248,2.313660714814425e-05,1.0171215922680563,0.7740699257467879,3.7292358683553117
1,8,c64,abcijk-ekab-ijec,0.001716119,0.001686594,0.017204517868516178,0.001646059,0.001667698,0.01314594434342875,0.001894612,0.001853465,0.021717903190732413,0.002126445,0.002173922,0.022326935331033804,1.1014717453816236,1.263775933292268,5.909108415863907
1,8,c64,abcijk-ekac-ijeb,0.00173769,0.001762946,0.014534237982609,0.001692576,0.001751104,0.034579244890628136,0.001939396,0.001941188,0.0009239990182510205,0.002739989,0.002757859,0.006521923993125567,1.1085655822944698,1.5705609063703214,5.775619961129489
1,8,c64,abcijk-ekbc-ijea,0.002671151,0.002860591,0.07092073791410525,0.002719059,0.002785211,0.024329004997684978,0.002976058,0.002993018,0.0056988136655937716,0.002205813,0.002194931,0.004933328437179529,1.0796879543225593,0.7960084508387879,3.8359876028042064
1,8,c64,abcijk-ijma-mkbc,0.002714321,0.002778979,0.023821058747288903,0.002783861,0.002776003,0.0028226984034044333,0.002961452,0.00314965,0.06354923193082307,0.002186207,0.002299296,0.05172840449234695,1.1120140159664043,0.8163376865291774,3.8577172194155396
1,8,c64,abcijk-ijmb-mkac,0.001739083,0.001757395,0.010529687197218252,0.001773056,0.001785879,0.007232146079988455,0.001909801,0.001972756,0.032964167470851624,0.00269251,0.002674444,0.00670972438356765,1.1102886406179022,1.5349723921098342,5.7792559182466725
1,8,c64,abcijk-ijmc-mkab,0.001639988,0.001638333,0.0010091537255150218,0.001757447,0.001705679,0.029456364829209658,0.001902867,0.001957659,0.028794445434179083,0.00216154,0.002081208,0.0371642440112141,1.1774739703763049,1.2939513766758644,6.138287227558457
1,8,c64,abcijk-ikma-mjbc,0.002894517,0.002899934,0.001871469402321635,0.002839013,0.002625202,0.0753117368606625,0.00320192,0.003048612,0.047880021986807964,0.002220861,0.002313371,0.041655015779915816,1.0783859144390842,0.7823502453837516,3.670892744703058
1,8,c64,abcijk-ikmb-mjac,0.001712913,0.001787852,0.04374944903798372,0.001725227,0.001801628,0.04428460718502558,0.001916373,0.001885715,0.01599792942188183,0.002421325,0.002458983,0.015552641632164077,1.086287080810452,1.3943470146022825,5.7265368194670465
1,8,c64,abcijk-ikmc-mjab,0.001669774,0.001659793,0.005977455631720252,0.001766383,0.001602947,0.09252579989730436,0.001909631,0.001891486,0.009501835694958882,0.002545146,0.002524004,0.00830679261621925,1.1416171441747238,1.5224588323672803,6.036836997837214
1,8,c64,abcijk-jkma-mibc,0.00301954,0.002936032,0.027655868112361426,0.002846978,0.002710421,0.04796559720517679,0.003188545,0.003116378,0.02263320730928997,0.00204361,0.002070399,0.013108665547731713,1.0586942498987384,0.6908364571559623,3.5720412780441007
1,8,c64,abcijk-jkmb-miac,0.001724575,0.001747918,0.013535508748532266,0.001728012,0.001747577,0.011322259336161933,0.001936881,0.001908627,0.014587370106888375,0.002923551,0.00294554,0.007521332790158208,1.1074150735978598,1.6901927290282313,5.800792717864992
1,8,c64,abcijk-jkmc-miab,0.001648784,0.001659663,0.006598196003842816,0.001789617,0.001658782,0.0731078213941867,0.00189296,0.001864655,0.014952772377651913,0.002324374,0.002290969,0.0143716114532344,1.1357379175960525,1.3949889661988015,6.092015920250071
1,8,c64,abcs-rc-abrs,0.000152725,0.000151302,0.009317400556556055,0.000150481,0.00015012,0.002398973956844963,0.000272118,0.000265335,0.024926686217008776,0.000256658,0.000267709,0.043057298038635006,1.7676590633543738,1.724374085278153,7.205273430563444
1,8,c64,abj-bka-kj,0.000506705,0.000518867,0.02400213141768881,0.000507767,0.000529767,0.04332695901860495,0.000647016,0.000651925,0.00758713849425674,0.000843512,0.000823014,0.024300780546097855,1.2666327354866453,1.6249635514467686,7.36590637692544
1,8,c64,abjc-cbka-kj,0.000264413,0.000270223,0.021973201015078603,0.000249846,0.000256939,0.02838948792456142,0.000397171,0.000388284,0.022375752509624203,0.000345864,0.000347056,0.003446441375800857,1.4691324627257867,1.2961339937722374,6.931216851797236
1,8,c64,abjc-kbac-jk,0.000162944,0.000160178,0.01697515710919084,0.000158014,0.000159497,0.00938524434543786,0.000261537,0.000274481,0.049492041279054044,0.000281285,0.000288708,0.026389604849174297,1.6584488920525715,1.7639329616914565,7.42769044338484
1,8,c64,abjcd-dkbac-jk,0.002252239,0.002431341,0.07952175590601174,0.002265665,0.002411284,0.06427207905846632,0.002413721,0.002427324,0.005635696917746236,0.002995344,0.003046106,0.01694696836156373,1.0343731419947846,1.290819997718606,3.645508164994305
1,8,c64,abrs-qb-aqrs,0.000136184,0.000135482,0.005154790577453938,0.000133539,0.000133399,0.0010483828694239916,0.000242592,0.000269452,0.11072088115024403,0.000261638,0.000262479,0.0032143648858344864,1.882240442502371,1.9292737226028316,6.836022588588065
1,8,c64,adbjc-cbdka-kj,0.00374896,0.003803459,0.014537098288591954,0.003726658,0.003704725,0.0058854340806159255,0.003900883,0.003929523,0.00734192745591189,0.004534034,0.004779418,0.054120458734980614,1.036827737345044,1.2327786965606062,4.917472328132509
1,8,c64,ajb-kba-jk,0.000448817,0.000451101,0.0050889337970709825,0.000441623,0.000448817,0.01628991243662581,0.0005789,0.000566075,0.02215408533425467,0.000583558,0.000583107,0.000772845201333805,1.2722346458644493,1.2964166406008366,7.757544599414375
1,8,c64,ajbc-ckba-jk,0.001118315,0.001192172,0.06604310949955972,0.001110871,0.001236534,0.11312114547953822,0.001428213,0.001463507,0.024712000240860288,0.000329965,0.000492337,0.4920885548467262,1.2521096396739566,0.34907089668646496,1.3899032622101208
1,8,c64,ajbdc-ckbad-jk,0.003704938,0.0038474,0.03845192551130405,0.003697574,0.004085443,0.10489823868298531,0.003897737,0.004127402,0.058922651784868885,0.002724149,0.002765244,0.01508544503255882,1.0623570598394776,0.7269558163611402,1.969193931971117
1,8,c64,aqrs-pa-pqrs,0.000216564,0.000209701,0.03169040099000764,0.000222404,0.000208218,0.06378482401395658,0.000291924,0.000293336,0.004836875351118763,0.000239897,0.00024182,0.00801594017432472,1.3731696639486317,1.1302255843415752,5.7191186416792705
1,8,c64,ij-ik-kj,0.001580737,0.001579244,0.0009444961432546473,0.001579125,0.001576638,0.001574922821182656,0.001788985,0.001771442,0.009806119112234057,0.001821716,0.001827937,0.0034149120938720134,1.1267106283346573,1.1549588764491794,7.734569214603646
1,8,c64,ij-ikl-ljk,0.000957655,0.000958146,0.0005127107361211358,0.000955321,0.00097094,0.016349478342881696,0.001078401,0.00108382,0.005025032432277143,0.000962604,0.000966321,0.003861400949923377,1.128621542842922,1.006848562065823,3.1197144032218027
1,8,c64,ij-kil-lkj,0.001483977,0.001510345,0.01776846945741073,0.001489847,0.001483795,0.004062162087784871,0.001701713,0.00164739,0.0319225392295881,0.001395281,0.001383248,0.008624069273501234,1.1183808059614042,0.927959879006676,3.196034331160799
1,8,c64,ijk-ikl-lj,0.000488,0.000472911,0.030920081967213076,0.000464396,0.000465678,0.0027605750264860784,0.000602343,0.000598225,0.0068366362687040105,0.000615278,0.000620496,0.008480719284615912,1.249552748325025,1.2861912995290545,5.244860955512625
1,8,c64,ijk-il-jlk,0.000500704,0.000503068,0.004721352335910867,0.000503619,0.000495894,0.015338976488178502,0.000604888,0.000615477,0.01750572006718598,0.000545708,0.000545957,0.0004562879781861984,1.2157366847574398,1.0875657012900073,5.562796479627178
1,8,c64,ijk-ilk-jl,0.000685368,0.000688693,0.00485140829452213,0.000693994,0.000686078,0.011406438672380337,0.000826801,0.000817123,0.0117053559441751,0.000551038,0.000556196,0.009360515971675198,1.196380892064684,0.8058050024828775,3.511207130396153
1,8,c64,ijk-ilk-lj,0.000494993,0.000476748,0.03685910709848428,0.000462983,0.000470237,0.01566796189060926,0.000606421,0.000589398,0.02807125742677119,0.000591653,0.000594818,0.005349419338700256,1.230686612828426,1.2211854412893732,5.228172714887485
1,8,c64,ijk-ilmk-mjl,0.000218818,0.000221143,0.010625268487967299,0.000218958,0.000216223,0.012490980005297803,0.000343301,0.000334373,0.02600633263520935,0.000269262,0.000264684,0.017002027764779215,1.5401925364229896,1.21359354465976,4.474350035434165
1,8,c64,ijkl-imjn-lnkm,0.003016274,0.003014488,0.0005921212728021708,0.00300889,0.003034004,0.008346599576587899,0.003209925,0.003214811,0.001522153944406801,0.003334157,0.003167833,0.04988487344777104,1.0653271384013474,1.0777846337415102,5.079942836377755
1,8,c64,ijkl-imjn-nlmk,0.002535086,0.002447221,0.034659573679157396,0.002485675,0.002423386,0.025059189153851635,0.002631928,0.002564089,0.025775401150791355,0.002445269,0.002449475,0.0017200561574206574,1.0429670931924877,0.9825776535372509,6.156282542687766
1,8,c64,ijkl-imkn-jnlm,0.002175756,0.002159935,0.007271495516960602,0.002171439,0.002162841,0.0039595862467238785,0.002360321,0.002363304,0.0012638111511105166,0.002524587,0.002457109,0.026728332198494353,1.0894815859055653,1.1488992508218943,7.084598202997194
1,8,c64,ijkl-imkn-njml,0.002149307,0.002163001,0.006371355976600768,0.002156561,0.00215681,0.00011546160762421209,0.002294608,0.002292522,0.0009090877396051855,0.002378244,0.002375337,0.0012223304253053957,1.063734931414297,1.102334081729877,7.123133392633149
1,8,c64,ijkl-imln-jnkm,0.002165437,0.002184411,0.008762203656813794,0.002175096,0.002153753,0.009812440462398042,0.002360892,0.002356802,0.0017323960604720412,0.002497667,0.002482797,0.005953555858326909,1.0845751643329486,1.1449800506962493,7.039677937966638
1,8,c64,ijkl-imln-njmk,0.002148896,0.002166458,0.008172568611975572,0.00214543,0.002144236,0.0005565317908298173,0.002301792,0.002287243,0.006320727502745704,0.002319945,0.002326286,0.002733254452153,1.0634237513934226,1.0766822719770757,7.100281637218448
1,8,c64,ijkl-imnj-nlkm,0.002163003,0.002165185,0.001008782697018873,0.002150169,0.002152342,0.0010106182351246051,0.002317591,0.002309574,0.0034591953455117563,0.002347767,0.002352835,0.0021586469185399526,1.0690752441659597,1.0860433662495548,7.075686169717488
1,8,c64,ijkl-imnk-njml,0.002143898,0.002167609,0.011059761238640942,0.002158314,0.002145829,0.005784607800347841,0.002301962,0.002292943,0.003917962155761012,0.002315087,0.002321206,0.0026430972140571996,1.0657446768829661,1.075345366245093,7.134306097663871
1,8,c64,ijkl-minj-nlmk,0.002667414,0.002666008,0.000527102279586078,0.002691889,0.00267207,0.007362487829178699,0.002893585,0.002912037,0.006376864685156969,0.002957184,0.00296726,0.003407295589317627,1.0885305679310118,1.110813214756962,7.124655479546317
1,8,c64,ijkl-mink-jnlm,0.002607562,0.002589516,0.006920640813142698,0.002603755,0.00260226,0.0005741707649146166,0.002759616,0.00276884,0.0033424940281545634,0.002889728,0.002898823,0.003147355045180822,1.0637673003822448,1.1138140993513572,7.164828919838773
1,8,c64,ijkl-minl-njmk,0.00266547,0.002651672,0.005176572987128036,0.002639772,0.002639148,0.0002363840513498472,0.002822242,0.002805479,0.005939604045294478,0.002870813,0.002849641,0.007374914353529771,1.0584097590529282,1.0758475287704445,7.120405477434937
16,1,f64,abc-bk-akc,0.015374577,0.015397441,0.0014871303451144957,0.015338069,0.01534805,0.000650733804887782,0.015646843,0.015702841,0.0035788689130451523,0.018829335,0.019007932,0.009485040231107522,1.0187711004408566,1.2295864359937014,1.0
16,1,f64,abcijk-eiab-jkec,0.014341252,0.014298924,0.002951485686187083,0.014378342,0.014368193,0.000705853289621361,0.015121704,0.015209692,0.005818656415970125,0.025984605,0.025756372,0.008783393089869973,1.0590473153435516,1.8065716540718586,1.0
16,1,f64,abcijk-eiac-jkeb,0.014029322,0.013927011,0.007292654627215844,0.013976935,0.013981973,0.00036045098585635316,0.014799816,0.015202177,0.02718689205325253,0.034940368,0.035804202,0.024723093929634565,1.0730840741376166,2.5303665381626907,1.0
16,1,f64,abcijk-eibc-jkea,0.013714827,0.013842583,0.009315174008392546,0.013885475,0.013932311,0.0033730210885836165,0.014316296,0.014599004,0.0197472865886541,0.017270112,0.017002795,0.015478590990029462,1.0492360731323547,1.2436666868325013,1.0
16,1,f64,abcijk-ejab-ikec,0.014492655,0.014443233,0.003410141206010908,0.014472968,0.01447916,0.00042783207977792337,0.01524746,0.015399315,0.009959363723531789,0.022541711,0.021961528,0.025738197069423818,1.059115361428546,1.5378661218521377,1.0
16,1,f64,abcijk-ejac-ikeb,0.01393124,0.013946567,0.0011001892150304116,0.014077252,0.014041885,0.002512351132166968,0.014701142,0.014765164,0.004354899775813381,0.019505723,0.019326576,0.009184330157872012,1.0569784381682135,1.3929320779339012,1.0
16,1,f64,abcijk-ejbc-ikea,0.013843256,0.013831723,0.0008331132502352734,0.013870017,0.013981002,0.008001792643801409,0.014625973,0.014870981,0.016751569280211376,0.017178092,0.016967669,0.012249497790557728,1.0657980625478405,1.2337901175514006,1.0
16,1,f64,abcijk-ekab-ijec,0.014461948,0.01446289,6.513645326333695e-05,0.014447832,0.014474742,0.001862563185950572,0.01521001,0.015379408,0.011137270784174369,0.018279872,0.018292929,0.0007142829008868201,1.0575322484683247,1.26440807338763,1.0
16,1,f64,abcijk-ekac-ijeb,0.01401125,0.013965162,0.0032893567668836887,0.014095136,0.014073614,0.00152690970842706,0.014594565,0.014632276,0.0025839070914410733,0.023960041,0.023785057,0.0073031594561964175,1.0446963795859634,1.7066106308092668,1.0
16,1,f64,abcijk-ekbc-ijea,0.013958902,0.013971123,0.0008754986602814707,0.013945027,0.014002302,0.004107198931920353,0.014661089,0.014727463,0.004527221681827287,0.017041178,0.017048019,0.00040143938406145274,1.0522181723943305,1.2205216277780302,1.0
16,1,f64,abcijk-ijma-mkbc,0.013788292,0.01380802,0.0014307790986729518,0.013832764,0.013848205,0.001116262809081281,0.014444953,0.014544271,0.006875619463766913,0.017275549,0.017028713,0.0142881711024061,1.050468673989294,1.2430422840853876,1.0
16,1,f64,abcijk-ijmb-mkac,0.013998644,0.013904159,0.006749582316687208,0.013977453,0.013994647,0.001230123971799335,0.014733009,0.014726731,0.00042611797766500814,0.023892309,0.023675402,0.009078528157324572,1.0558046169144641,1.7047566572458541,1.0
16,1,f64,abcijk-ijmc-mkab,0.014436218,0.014438133,0.0001326524717206734,0.014449011,0.014441069,0.0005496569972850418,0.015230565,0.015369881,0.009147132755744858,0.01821088,0.018306204,0.0052344532499253305,1.0597685444291622,1.264685037023712,1.0
16,1,f64,abcijk-ikma-mjbc,0.013843956,0.013933944,0.006500165126211099,0.013911381,0.013962377,0.003665775525808712,0.014503462,0.014710381,0.01426686952397982,0.017123577,0.017176639,0.003098768440729316,1.0516728582542059,1.234807344811498,1.0
16,1,f64,abcijk-ikmb-mjac,0.013946757,0.013982434,0.0025580857255920186,0.014011678,0.01403917,0.001962077632671866,0.014724384,0.014620233,0.007073368909694344,0.019531467,0.019238262,0.015011929211461772,1.0506733300256972,1.3881050797296934,1.0
16,1,f64,abcijk-ikmc-mjab,0.014416501,0.014471967,0.003847396812860504,0.014460022,0.014445247,0.001021782677785632,0.015242518,0.015363188,0.007916670985725682,0.02262295,0.02193069,0.030599899659416674,1.0594374380452742,1.5420805191800093,1.0
16,1,f64,abcijk-jkma-mibc,0.013697323,0.013548194,0.010887455891928743,0.013624979,0.013513059,0.008214324587215938,0.014344067,0.014217062,0.00885418340558497,0.017225838,0.017148516,0.004488722116160693,1.0482926222537943,1.2616674502606564,1.0
16,1,f64,abcijk-jkmb-miac,0.014096286,0.013977024,0.00846052641099937,0.014250352,0.01403417,0.01517029193384134,0.014957658,0.014910153,0.003175965114324719,0.034722802,0.035651687,0.026751441315133517,1.0639302150093046,2.506615481798638,1.0
16,1,f64,abcijk-jkmc-miab,0.01434563,0.014324321,0.0014854000835098358,0.014355569,0.014351222,0.0003028093139324506,0.015043238,0.015301944,0.017197494316050888,0.025811643,0.026140007,0.012721545854326388,1.0583934227944107,1.8120235578818469,1.0
16,1,f64,abcs-rc-abrs,0.009664851,0.009621726,0.004462044991692005,0.009508349,0.009542678,0.003610405970584596,0.01025429,0.010245278,0.0008788516806136348,0.013710184,0.013759078,0.0035662541071657117,1.0628955706124557,1.424269695719449,1.0
16,1,f64,abj-bka-kj,0.019760795,0.019760375,2.1254205612719623e-05,0.019761356,0.019732082,0.0014813760756093863,0.019799517,0.019763971,0.0017952963196019578,0.028644119,0.028698756,0.0019074421524363228,1.0010703639086667,1.4509400651303528,1.0
16,1,f64,abjc-cbka-kj,0.037143046,0.037039544,0.002786578139014173,0.037114933,0.037050755,0.00172916922684474,0.038135567,0.038486651,0.009206208996446641,0.026298005,0.026182566,0.004389648568398963,1.0328769626223908,0.7074502941766995,1.0
16,1,f64,abjc-kbac-jk,0.012286289,0.012191596,0.007707209231363477,0.012156396,0.012115084,0.0033983756369897478,0.012105802,0.012057656,0.003977101227989777,0.018721768,0.019111535,0.02081892052075429,0.9871600770908027,1.5455411403912278,1.0
16,1,f64,abjcd-dkbac-jk,0.016884923,0.016580166,0.018049060691600394,0.016919719,0.016591307,0.019410015024481253,0.018448058,0.018026222,0.022866146669746956,0.021988289,0.021875467,0.005131004054021782,1.0898926050448925,1.3107818082282576,1.0
16,1,f64,abrs-qb-aqrs,0.008564078,0.008586807,0.0026539926422903815,0.008476886,0.008499674,0.0026882513224786297,0.008579106,0.008526163,0.006171155829057251,0.015013945,0.014998678,0.001016854664114053,0.9973364107842682,1.7499181804255117,1.0
16,1,f64,adbjc-cbdka-kj,0.041326877,0.040829649,0.012031589031031631,0.041309416,0.040878932,0.010420965525148151,0.043258178,0.042865254,0.009083230458758584,0.028937133,0.034662864,0.19786794358653292,1.048293023141957,0.771002621577736,1.0
16,1,f64,ajb-kba-jk,0.017871303,0.017915004,0.0024453169419151877,0.017877684,0.017895649,0.0010048840778256185,0.018089069,0.017887684,0.011132966544602052,0.020643762,0.020547031,0.004685725402182039,1.005306755448584,1.1510187439219697,1.0
16,1,f64,ajbc-ckba-jk,0.019880288,0.019835294,0.002263246890588322,0.019867835,0.019802974,0.003264623447899573,0.020575715,0.020574883,4.0436018869938195e-05,0.018021763,0.018265548,0.013527255907205049,1.036132981747373,0.9136594140902742,1.0
16,1,f64,ajbdc-ckbad-jk,0.016685591,0.01725305,0.034008924226897275,0.01668533,0.017297023,0.03666052754125926,0.01812023,0.018789585,0.03693965253200426,0.020856451,0.020816383,0.0019211322194749858,1.0875186402576797,1.2280586324279597,1.0
16,1,f64,aqrs-pa-pqrs,0.007474276,0.007458503,0.002110304730518431,0.008911897,0.008858954,0.005940710490706991,0.009750491,0.009780722,0.003100459248667642,0.0156224,0.015464036,0.010136982793936822,1.3079414420611397,2.0817324063346727,1.0
16,1,f64,ij-ik-kj,0.171099789,0.171198396,0.0005763128088953628,0.127404057,0.12732593,0.0006132222304348067,0.130084024,0.130160493,0.0005878431312980048,0.134827949,0.134801684,0.00019480382364933657,0.7602859961519228,0.7877039806931071,1.0
16,1,f64,ij-ikl-ljk,0.017862165,0.017923078,0.0034101689240917388,0.017843229,0.017937565,0.0052869354532187884,0.018405347,0.018415737,0.0005645098677031779,0.024904365,0.024696864,0.00833191289960622,1.0289474875818905,1.386070420908255,1.0
16,1,f64,ij-kil-lkj,0.021237107,0.021238568,6.879468093257124e-05,0.021154432,0.021201458,0.002222985708148384,0.021881709,0.021729573,0.0069526562116332125,0.030220597,0.030070951,0.004951788344882746,1.0267292200815308,1.4194327064076608,1.0
16,1,f64,ijk-ikl-lj,0.015947134,0.015875141,0.0045144789026042575,0.015956872,0.015896571,0.003778998791241661,0.016428982,0.016495197,0.004030377536477836,0.019804707,0.019405892,0.020137384511671907,1.0346273694395494,1.2321140173907439,1.0
16,1,f64,ijk-il-jlk,0.017639029,0.017724147,0.004825549070756496,0.01805844,0.017668343,0.021601921317677464,0.019429297,0.019379533,0.002561286700182741,0.01856248,0.018522795,0.00213791476138947,1.097438491210413,1.0486999582138246,1.0
16,1,f64,ijk-ilk-jl,0.015326787,0.015201816,0.008153763734042863,0.015298785,0.015199061,0.0065184261364547025,0.015287664,0.015330736,0.0028174350247363034,0.018865415,0.018715515,0.007945756825386674,1.0029488165146039,1.2310077183419228,1.0
16,1,f64,ijk-ilk-lj,0.015426614,0.015299898,0.008214116202038935,0.015364287,0.015321409,0.0027907575535396356,0.015404001,0.015387161,0.001093222468630084,0.020043993,0.019916153,0.0063779706967569405,1.0021124179728427,1.3005147254557878,1.0
16,1,f64,ijk-ilmk-mjl,0.007232976,0.007220399,0.0017388416607494461,0.007230261,0.00721044,0.0027413948127182897,0.007354443,0.007378813,0.003313643195004712,0.013487998,0.013447756,0.0029835413676662093,1.019363395959657,1.863629369417816,1.0
16,1,f64,ijkl-imjn-lnkm,0.249402928,0.249929179,0.002110043391311045,0.249250965,0.248921612,0.0013213710125455913,0.255128614,0.256523211,0.005466250837705022,0.252443808,0.25046548,0.007836706377048364,1.024669155789852,1.0071566980959572,1.0
16,1,f64,ijkl-imjn-nlmk,0.248783434,0.248792824,3.774367066577966e-05,0.248837665,0.248783166,0.0002190142718145882,0.255802412,0.256191205,0.001519895754540368,0.255513523,0.256048158,0.002092394146982146,1.028974878202735,1.0281065334039916,1.0
16,1,f64,ijkl-imkn-jnlm,0.249587595,0.249355626,0.0009294091719582731,0.249410716,0.249436415,0.00010303887664542266,0.255466517,0.257765962,0.009000964302496195,0.254112133,0.25531818,0.004746121272375392,1.0286288333366436,1.0210158570955858,1.0
16,1,f64,ijkl-imkn-njml,0.24817311,0.248072316,0.0004061439210719664,0.248029702,0.247925663,0.0004194618594509647,0.253632258,0.254669202,0.00408837585635502,0.258391182,0.258370302,8.080771115481777e-05,1.024292388725771,1.041342584057708,1.0
16,1,f64,ijkl-imln-jnkm,0.248618742,0.249012571,0.0015840680265366558,0.248671881,0.249049961,0.0015203970729604777,0.255357337,0.257955531,0.010174737998618788,0.255747725,0.256636833,0.00347650404319344,1.0314995052827187,1.0296457109261108,1.0
16,1,f64,ijkl-imln-njmk,0.247498063,0.247276567,0.0008949403373713638,0.247522098,0.247238657,0.0011451139202932614,0.253130265,0.254496125,0.00539587788919671,0.258816418,0.259727346,0.0035195912494239145,1.0259713666342498,1.0480388128311662,1.0
16,1,f64,ijkl-imnj-nlkm,0.249106194,0.248662984,0.0017792010422671423,0.250321369,0.248552959,0.007064558679367172,0.255814281,0.25610145,0.0011225682900792844,0.255110178,0.255418487,0.0012085327305131344,1.0284201513512163,1.0256335603793831,1.0
16,1,f64,ijkl-imnk-njml,0.247879998,0.247387107,0.0019884258672617783,0.24767147,0.247440597,0.0009321743840741137,0.253049828,0.253949009,0.0035533752664713703,0.255466323,0.254786721,0.0026602410525946585,1.0236865836401876,1.0302578930734492,1.0
16,1,f64,ijkl-minj-nlmk,0.306710262,0.305617122,0.003564080291516225,0.306850073,0.305854295,0.0032451613593065254,0.310776744,0.310396822,0.0012224917318780504,0.316691282,0.315172113,0.004797002905814307,1.0144482443451248,1.0319031814382689,1.0
16,1,f64,ijkl-mink-jnlm,0.303153392,0.302245109,0.0029961168964918183,0.302985098,0.302374831,0.002014181568758211,0.30650983,0.306609835,0.0003262701232127352,0.306294368,0.302878651,0.01115174602231006,1.0127549801884854,1.0062200803444175,1.0
16,1,f64,ijkl-minl-njmk,0.303029853,0.302728273,0.0009952154779946376,0.303177307,0.302862483,0.0010384154510614252,0.310353348,0.310984833,0.002034729137189828,0.310354511,0.309218521,0.0036602980131967833,1.0257195247325404,1.0228043847343744,1.0
16,4,f64,abc-bk-akc,0.004065985,0.004089474,0.00577695195629091,0.004048543,0.00405561,0.0017455662444489928,0.004207509,0.004218954,0.0027201367840210544,0.005341282,0.005410315,0.012924425259703387,1.0332330991783432,1.318309609569293,3.773195002051822
16,4,f64,abcijk-eiab-jkec,0.004763755,0.004754062,0.00203473940200527,0.004755139,0.004779319,0.005085024854162956,0.005037044,0.005044043,0.0013895054321542144,0.009052915,0.009294536,0.026689856250721622,1.0591808813097467,1.9275291244568131,3.0091101324265632
16,4,f64,abcijk-eiac-jkeb,0.004671974,0.004679874,0.0016909340676980467,0.004642139,0.004650759,0.0018569026045966996,0.004997941,0.004990603,0.0014682046066569754,0.011705578,0.012251488,0.046636740193436,1.0680824654709584,2.561082462921824,2.98937234243964
16,4,f64,abcijk-eibc-jkea,0.004285264,0.004411043,0.029351517199407207,0.004304259,0.004289185,0.003502112674911184,0.004656996,0.004598893,0.012476497725143032,0.005191742,0.005153497,0.007366506270920281,1.0644374554808513,1.1897292198945242,3.169160965263474
16,4,f64,abcijk-ejab-ikec,0.004762513,0.004748191,0.003007235885760462,0.004762563,0.00472604,0.007668769945930354,0.005097106,0.005070922,0.005137032661278629,0.007501275,0.007174685,0.04353793188491284,1.0691117939575159,1.542718847863334,3.0424539132643167
16,4,f64,abcijk-ejac-ikeb,0.004625427,0.004638337,0.0027910936655146656,0.00464317,0.004669464,0.005662941481789252,0.004914096,0.004893692,0.004152137035987935,0.006387791,0.006379833,0.001245814085025776,1.0587247580831254,1.378233935805578,3.0093415438710354
16,4,f64,abcijk-ejbc-ikea,0.004384869,0.004411293,0.0060261777489818424,0.004414916,0.00439871,0.003670738016306463,0.004704365,0.004703348,0.00021618220524977083,0.005240954,0.005215142,0.004925057537234601,1.0695295736994466,1.1887129090437196,3.146270097185445
16,4,f64,abcijk-ekab-ijec,0.004800634,0.004776934,0.004936847924669863,0.004767623,0.004810778,0.009051680470540502,0.00506655,0.005118302,0.010214445727368737,0.006846435,0.006841804,0.0006764104238190516,1.063396438261362,1.4292020819348052,3.0200700786393435
16,4,f64,abcijk-ekac-ijeb,0.004624205,0.004621645,0.0005536086743560542,0.004634404,0.00461317,0.004581818935077808,0.004904047,0.004948514,0.009067409019530182,0.00868443,0.009049479,0.042034883118408306,1.0656090064153314,1.9176335383860297,3.0258305196328235
16,4,f64,abcijk-ekbc-ijea,0.004402793,0.004419318,0.00375329932613222,0.004650264,0.004390795,0.05579661713829576,0.004687333,0.00472082,0.007144147855507432,0.005263526,0.005196657,0.012704221466750543,1.0664238874900274,1.185655860669844,3.165917015159535
16,4,f64,abcijk-ijma-mkbc,0.004371965,0.004368714,0.000743601561311702,0.004392634,0.004398299,0.00128965900641842,0.00468609,0.004691135,0.0010765905050904578,0.005224834,0.0052354,0.002022265204980611,1.0728256113165864,1.1967296118651722,3.1572268993357904
16,4,f64,abcijk-ijmb-mkac,0.004667936,0.004630852,0.007944410548902048,0.004633572,0.004636333,0.0005958685869131841,0.00486299,0.004927055,0.013173993777490622,0.00860992,0.009015977,0.047161529956143644,1.0528160479355433,1.8950167737714423,3.0006991145247475
16,4,f64,abcijk-ijmc-mkab,0.004789683,0.004850352,0.012666600273963713,0.004809601,0.004812591,0.0006216731907697781,0.005103979,0.005052218,0.010141303481068342,0.006697057,0.00676465,0.010092940824603991,1.0535507633549714,1.3964476164765032,2.9953130639693533
16,4,f64,abcijk-ikma-mjbc,0.004420575,0.004598352,0.04021580902936828,0.00436918,0.004397938,0.0065820131008562655,0.00471306,0.004712535,0.00011139259843917504,0.005242256,0.005216023,0.005004143254354498,1.0452935979404552,1.1598140711693259,3.0805385459881713
16,4,f64,abcijk-ikmb-mjac,0.004631048,0.004651621,0.004442406988655723,0.004615579,0.004637154,0.004674386463756841,0.004894829,0.004927516,0.006677863516784788,0.006415472,0.00638894,0.004135627121434005,1.0581347600308342,1.3793894793145414,3.0087506950667495
16,4,f64,abcijk-ikmc-mjab,0.004781929,0.004779449,0.000518619159757483,0.004788401,0.004794167,0.0012041598019880695,0.005064505,0.005084428,0.003933849408777279,0.007304599,0.007133137,0.023473157116496002,1.06144886085614,1.5098993379039372,3.0213653015505364
16,4,f64,abcijk-jkma-mibc,0.004315389,0.004312208,0.0007371293758223763,0.004301113,0.004304043,0.0006812190240061966,0.004651506,0.004636162,0.0032987165877028657,0.005181263,0.005136935,0.008555442948949055,1.0765055387371245,1.1959417532071517,3.1579025675620374
16,4,f64,abcijk-jkmb-miac,0.004645956,0.004682639,0.00789568390230122,0.004698623,0.004663543,0.007466017171413819,0.005044398,0.004977348,0.013291972600100177,0.011812547,0.01198419,0.014530566523883515,1.0742881626903769,2.550898817569288,3.009378553091598
16,4,f64,abcijk-jkmc-miab,0.004817566,0.004799417,0.003767255082753329,0.004829197,0.004826998,0.0004553552070872824,0.005057432,0.005011191,0.00914317780248941,0.009357293,0.009426983,0.0074476667557594745,1.0469535763905689,1.9532300487103402,2.9811838218431834
16,4,f64,abcs-rc-abrs,0.002628908,0.002783579,0.05883469486189696,0.002778326,0.002685235,0.033506147226783356,0.002889032,0.002976659,0.030330920529783034,0.004849034,0.00472587,0.025399698166686413,1.0840548311366238,1.769615975603887,3.5647953645485453
16,4,f64,abj-bka-kj,0.005667408,0.005698693,0.005520160186102796,0.005579054,0.005601832,0.004082771021753917,0.005730776,0.005801414,0.012326079400067469,0.009106786,0.009277334,0.018727573042783607,1.0145974721833795,1.6173882794894516,3.4771219882726174
16,4,f64,abjc-cbka-kj,0.012771834,0.012801974,0.0023598803429485393,0.012406985,0.012941434,0.043076460558306495,0.013164015,0.013678208,0.039060499399309556,0.00889424,0.008729723,0.018497027289571588,1.0494063384480505,0.689111584472983,2.9007244175093287
16,4,f64,abjc-kbac-jk,0.003492827,0.00352463,0.009105231951081372,0.003346855,0.003654121,0.09180738334944305,0.003973001,0.003827414,0.036644088435920485,0.006087411,0.006230033,0.023429007832722393,1.111390687028951,1.755157852580415,3.488151507718635
16,4,f64,abjcd-dkbac-jk,0.007120766,0.007138928,0.0025505682956019626,0.007030498,0.00715113,0.017158386219582322,0.007487789,0.007568639,0.010797579899754162,0.007377865,0.007363427,0.0019569346958775435,1.0558587818552019,1.0337737181642745,2.3467353820063352
16,4,f64,abrs-qb-aqrs,0.002339759,0.00237113,0.013407791144301573,0.00232439,0.002414331,0.03869445316835818,0.0023621,0.002488068,0.05332881757757946,0.003929901,0.004343297,0.10519247176964508,1.0292408545677545,1.7540312360084371,3.6407672172234125
16,4,f64,adbjc-cbdka-kj,0.013336406,0.013353622,0.001290902511516201,0.013299898,0.013535131,0.01768682737266114,0.013774011,0.013732007,0.0030495111409450937,0.013009296,0.013538237,0.04065869513615494,1.0305718544159377,0.9944638727690569,3.0781173558480406
16,4,f64,ajb-kba-jk,0.005200519,0.005014618,0.0357466245195911,0.005169471,0.004733374,0.08436008249199967,0.005059325,0.005028082,0.006175329712955868,0.005998775,0.006048996,0.008371875924668037,0.9876548341377128,1.1795888636438434,3.503840211734897
16,4,f64,ajbc-ckba-jk,0.007466801,0.008080372,0.0821732091159253,0.007442876,0.008056268,0.08241330367454736,0.007811774,0.008568472,0.09686634559576368,0.005606685,0.005644752,0.006789573518041436,1.053279326648952,0.7242567399839125,2.556511147552853
16,4,f64,ajbdc-ckbad-jk,0.006997396,0.007108671,0.015902344243487132,0.006986696,0.007111626,0.01788112721664148,0.007476068,0.007590119,0.015255479217149981,0.006822881,0.006823199,4.660787722965409e-05,1.0680669591305831,0.9674209400663558,2.405699089080464
16,4,f64,aqrs-pa-pqrs,0.002300947,0.002281323,0.008528662329032266,0.002734455,0.002668445,0.02414009372982906,0.002888251,0.002830166,0.020110786770263456,0.004692071,0.004769191,0.016436238923068336,1.247891204560864,2.0647047092529833,3.25884498505681
16,4,f64,ij-ik-kj,0.043055671,0.042950284,0.0024476915015445577,0.047723477,0.047869464,0.0030590185203815956,0.048970789,0.048848208,0.0025031452934116682,0.035665134,0.035833076,0.0047088565544153305,1.1373514035227281,0.8313153017902636,3.9799386888117714
16,4,f64,ij-ikl-ljk,0.006733203,0.006688869,0.006584384875964688,0.006730638,0.006603339,0.018913363042255438,0.006578113,0.0066361,0.00881514197156541,0.007669206,0.007666942,0.0002952065702759299,0.9845095343203337,1.142612816722863,2.6661596191514367
16,4,f64,ij-kil-lkj,0.007814336,0.007733656,0.010324613633199253,0.007807183,0.007749195,0.007427518991164783,0.008062148,0.008032032,0.0037354809165002223,0.00957706,0.009505499,0.007472126101329635,1.035141290817627,1.227340594116064,2.73194421834931
16,4,f64,ijk-ikl-lj,0.00426282,0.004331003,0.015994810946744265,0.004217586,0.004305526,0.02085079000167389,0.004422648,0.004413647,0.0020352060575475894,0.006346031,0.006172436,0.027354893160780436,1.0282465138651293,1.4565877486670806,3.7030312558821197
16,4,f64,ijk-il-jlk,0.005871307,0.005496276,0.06387521551845277,0.005914647,0.005454087,0.07786770706687995,0.006383271,0.005791976,0.09263197504852927,0.004731574,0.004773298,0.008818207218147744,1.0703685916635233,0.8365856895015674,3.112564411731274
16,4,f64,ijk-ilk-jl,0.004078227,0.004512161,0.10640261074236412,0.004103634,0.004053657,0.01217871769265988,0.004216704,0.004192105,0.005833703290532122,0.005358602,0.005404284,0.008524984688170534,0.98010959852031,1.2544889526532292,3.5583224876475246
16,4,f64,ijk-ilk-lj,0.004143368,0.004102056,0.00997063258682307,0.004082615,0.004090275,0.001876248433908101,0.004285282,0.00430785,0.005266397870665296,0.005640958,0.005642078,0.00019854783531458864,1.0421793013346334,1.3684169020749533,3.726507742877683
16,4,f64,ijk-ilmk-mjl,0.002344036,0.002410093,0.028180881181005812,0.002330822,0.002355961,0.01078546538517311,0.002266873,0.002223465,0.019148845127186176,0.003555152,0.003543115,0.0033857905372259856,0.9445603350906941,1.493216127171396,3.040465440638604
16,4,f64,ijkl-imjn-lnkm,0.065536399,0.06643432,0.013701103717950858,0.065383374,0.066076443,0.010600080075402696,0.067873553,0.067579164,0.00433731530158743,0.066172954,0.066189814,0.0002547868725943925,1.0264059597248067,1.0029939354050847,3.7837437865920043
16,4,f64,ijkl-imjn-nlmk,0.065841839,0.065848749,0.00010494846597453034,0.065654881,0.066026299,0.005657127000199713,0.067634408,0.066568169,0.01576474211173695,0.068010269,0.067766774,0.0035802681503877,1.019042769293081,1.0310290728714875,3.778373733105177
16,4,f64,ijkl-imkn-jnlm,0.065061567,0.065156007,0.0014515481928063512,0.064935272,0.065243099,0.004740520683427674,0.066642302,0.065720339,0.013834501095115193,0.067059639,0.066794542,0.003953152804774374,1.0164485542879005,1.027925414208483,3.831612607792786
16,4,f64,ijkl-imkn-njml,0.065618366,0.065725039,0.0016256576702931014,0.065834268,0.065615143,0.0033284337573252776,0.067605117,0.06626253,0.019859251186563398,0.06865315,0.068414862,0.0034708968197378898,1.019167718656905,1.0435838029197917,3.778229896125965
16,4,f64,ijkl-imln-jnkm,0.064757252,0.064992513,0.0036329676250004272,0.064785946,0.064987824,0.003116077057823574,0.066486815,0.065439926,0.015745813662453312,0.067188873,0.066985759,0.0030230303163440997,1.0167479229086551,1.034103597976271,3.8353208206822322
16,4,f64,ijkl-imln-njmk,0.065614241,0.065501351,0.0017205106434136086,0.065543819,0.06550078,0.0006566446791879121,0.067532844,0.067003691,0.007835491127842764,0.068709166,0.068211804,0.007238655756642398,1.0260834900721683,1.044270291056783,3.7735768589076484
16,4,f64,ijkl-imnj-nlkm,0.065539402,0.066159148,0.00945608261729336,0.065684833,0.066043902,0.005466543547427483,0.067796598,0.066717798,0.015912302856258442,0.067547945,0.067037995,0.007549452466688589,1.0213594554898136,1.0219282146293236,3.7796505139468315
16,4,f64,ijkl-imnk-njml,0.065791825,0.065449836,0.00519804702179949,0.065813304,0.065516971,0.004502630653522743,0.067330511,0.066061666,0.01884502257824827,0.067834269,0.067149584,0.010093497137855234,1.0163433927275662,1.028504011291233,3.7737143636057757
16,4,f64,ijkl-minj-nlmk,0.079832762,0.079796279,0.00045699283209066355,0.079860454,0.079818029,0.0005312391537368732,0.08189242,0.08080538,0.013274000206612513,0.083555708,0.082932635,0.007456977086472638,1.019201592299255,1.0429629871469324,3.8359337399201294
16,4,f64,ijkl-mink-jnlm,0.078835797,0.078553832,0.0035766112696240526,0.078793428,0.078586083,0.0026315011957596113,0.081168874,0.079699388,0.018104057966850773,0.080734705,0.080352015,0.004740092875796131,1.0220610427546017,1.0234888089719456,3.8464973518978685
16,4,f64,ijkl-minl-njmk,0.07960414,0.079477334,0.0015929573512132311,0.079425158,0.07935156,0.0009266333470812071,0.081392792,0.081710307,0.0039010211125327654,0.081013105,0.080734618,0.003437554948671706,1.0252786679692887,1.0167590894057443,3.807849073455103
16,8,f64,abc-bk-akc,0.002372301,0.002254813,0.04952491273240611,0.002250273,0.002197607,0.02340427139284884,0.00233957,0.002349059,0.004055873515218744,0.003499231,0.003409105,0.025755944663270358,1.0136191882772876,1.4933662580745493,6.65251253084617
16,8,f64,abcijk-eiab-jkec,0.003645293,0.003621271,0.0065898680846778745,0.003675329,0.003660925,0.00391910492910974,0.00376739,0.003767282,2.8667061281129058e-05,0.006636536,0.006704818,0.010288801266202796,1.0369017834087004,1.8359780720088537,3.9413815414325
16,8,f64,abcijk-eiac-jkeb,0.003575914,0.003608156,0.009016436077601497,0.00355827,0.00356745,0.00257990540346853,0.003780064,0.003766702,0.003534860785425975,0.007396352,0.00730075,0.012925561141492459,1.0504950780592943,2.0457677992450027,3.8914469566408862
16,8,f64,abcijk-eibc-jkea,0.003683574,0.003712681,0.007901836640176185,0.003703381,0.003704937,0.00042015660824534784,0.003773611,0.003790887,0.0045781083423808155,0.003827603,0.003816224,0.0029728788487207725,1.0227523049189273,1.0334794732507768,3.725848723878815
16,8,f64,abcijk-ejab-ikec,0.003627159,0.003615991,0.0030789937799804434,0.003649591,0.00363687,0.0034855960572021116,0.003778511,0.003761762,0.004432698488902043,0.005546045,0.005356055,0.03425684429174303,1.0410199099722979,1.504933262659063,3.994930408675681
16,8,f64,abcijk-ejac-ikeb,0.003547901,0.003541271,0.001868710541810481,0.003607211,0.003585013,0.006153784738403112,0.003775816,0.003759789,0.004244645395856117,0.004775809,0.004776664,0.00017902726009344505,1.0629719877148516,1.3474743086062746,3.932450077157676
16,8,f64,abcijk-ejbc-ikea,0.003665169,0.003658821,0.0017319801624426923,0.003667464,0.003667917,0.00012351859486559036,0.003745449,0.003717199,0.00754248689542969,0.003895158,0.003909498,0.003681493793062929,1.0189251121920784,1.065627582460198,3.7786762396176417
16,8,f64,abcijk-ekab-ijec,0.003633561,0.003645105,0.003177048630806034,0.003668937,0.003591224,0.02118133944518541,0.003767551,0.003730334,0.009878300253931549,0.005407437,0.005444238,0.006805627139067738,1.0301066243566372,1.4908811926320835,3.973925217019923
16,8,f64,abcijk-ekac-ijeb,0.003553722,0.003551821,0.0005349321078013114,0.003580952,0.003606463,0.007124083204689713,0.003821952,0.003746274,0.019800876620114538,0.006932508,0.006601446,0.047755011606189224,1.0650625705424248,1.904133818804141,3.937260676459684
16,8,f64,abcijk-ekbc-ijea,0.003675269,0.003663309,0.003254183571325009,0.0036705,0.003684649,0.0038547881759978253,0.003721335,0.003746675,0.006809384266667662,0.003913222,0.003876637,0.009349073474492431,1.0176326975767114,1.0614840414668023,3.8059225395355663
16,8,f64,abcijk-ijma-mkbc,0.003673114,0.003660163,0.0035258911103766,0.003656864,0.00366396,0.0019404604601100939,0.003728868,0.003691702,0.009967099934886536,0.003882855,0.003875264,0.0019550047580969565,1.011892568411311,1.0579345884425058,3.763167269487997
16,8,f64,abcijk-ijmb-mkac,0.003591472,0.003557792,0.009377770451781342,0.0036062,0.003551019,0.015301702623259916,0.003741041,0.003758587,0.004690138386614695,0.006886823,0.006825353,0.008925741230753292,1.0490157723428764,1.9179862959551597,3.9029126154572906
16,8,f64,abcijk-ijmc-mkab,0.003658377,0.003625439,0.009003446063650666,0.003640103,0.003673768,0.009248364675395138,0.003768482,0.003759257,0.002447935269426882,0.005374625,0.005349422,0.004689257390050439,1.033498143940784,1.4723226170461932,3.9642196027255676
16,8,f64,abcijk-ikma-mjbc,0.003635384,0.003645766,0.0028558193577348234,0.003671091,0.003672757,0.00045381604542082954,0.003748505,0.003732147,0.0043638730640616075,0.003887995,0.003902725,0.003788585119065324,1.0273983806685092,1.0699839990408815,3.815026812642705
16,8,f64,abcijk-ikmb-mjac,0.003560946,0.003553695,0.0020362566576410668,0.003584679,0.003603488,0.005247052804449259,0.003762922,0.003743338,0.005204466103735372,0.004745273,0.004776524,0.006585711717745024,1.0550410555884675,1.3383318513655682,3.9255926923009774
16,8,f64,abcijk-ikmc-mjab,0.003678675,0.00369618,0.004758506799322992,0.00368153,0.003650134,0.00852797614035472,0.003761279,0.003743118,0.004828410761339441,0.005479821,0.005406659,0.013351166032613104,1.0175652490329805,1.4761327271211189,3.9171612365994015
16,8,f64,abcijk-jkma-mibc,0.00369755,0.003703213,0.0015315546780976241,0.003691989,0.003686632,0.00145097940432648,0.003784362,0.003780578,0.0009999043431890842,0.003859431,0.003839687,0.005115780020422678,1.022183965129222,1.0403109703271218,3.68139296483225
16,8,f64,abcijk-jkmb-miac,0.003600309,0.003509732,0.02515811837261739,0.003624955,0.003613556,0.0031445907604370493,0.003803097,0.003767834,0.009272180015392761,0.007413104,0.00739265,0.002759168089372599,1.064897275385192,2.0825395281430206,3.9486881914367773
16,8,f64,abcijk-jkmc-miab,0.00364374,0.003683126,0.010809223490150233,0.003663216,0.003623194,0.010925372677996537,0.003729519,0.003809201,0.021365221627775544,0.006633852,0.006759992,0.019014593632779242,1.0288720714912247,1.8279907838985248,3.913045130403882
16,8,f64,abcs-rc-abrs,0.002217352,0.001999307,0.09833576265744004,0.002111615,0.001970613,0.06677448303786437,0.002057374,0.002122346,0.031580062740172776,0.004258516,0.004195551,0.014785667119719847,0.9924477532609197,2.007550966633837,4.580016155151571
16,8,f64,abj-bka-kj,0.004342913,0.004278556,0.01481885545485262,0.004391483,0.004375437,0.00365389095209967,0.004499064,0.00461876,0.026604644877245676,0.006644551,0.006530223,0.01720627925047158,1.0575103061590545,1.5281206716645033,4.584169026073112
16,8,f64,abjc-cbka-kj,0.008540264,0.008329728,0.02465216531947967,0.008729637,0.008444692,0.032641105237250945,0.008777566,0.008642531,0.01538410534309853,0.005982288,0.006436739,0.07596608521689374,1.0326578880462667,0.735725061945767,4.397648520890664
16,8,f64,abjc-kbac-jk,0.00244717,0.002437103,0.00411373137133908,0.002461277,0.002442854,0.007485138812088232,0.002574768,0.002585379,0.004121148002460995,0.004898027,0.00486006,0.007751488507515392,1.056482111187413,1.9978477585302423,5.011544979465249
16,8,f64,abjcd-dkbac-jk,0.004462987,0.004454824,0.0018290440908745875,0.00447028,0.00442571,0.009970292688601168,0.004864635,0.004799728,0.013342624883470267,0.005140569,0.005150461,0.001924300597852202,1.0836907268751654,1.153986057465778,3.7524584590451466
16,8,f64,abrs-qb-aqrs,0.001560287,0.001521336,0.0249639970082427,0.001563524,0.00152378,0.025419501075774953,0.001618176,0.001677336,0.03655968201233972,0.003102902,0.002793287,0.09978239725263627,1.0693209997091864,1.9108517463673809,5.565976158358597
16,8,f64,adbjc-cbdka-kj,0.007993204,0.008146907,0.019229210214076753,0.008144086,0.008131488,0.0015468893624159819,0.008394693,0.008408144,0.0016023218478626866,0.009475507,0.009797053,0.03393443749236846,1.0411076837537259,1.1939664659835851,5.090345836538744
16,8,f64,ajb-kba-jk,0.002752149,0.00319179,0.15974462138496115,0.002796742,0.002745618,0.018279841329661428,0.002918699,0.002910205,0.0029102007435504174,0.003854122,0.003799453,0.01418455357666426,0.983339126227217,1.2911305016440238,6.0371704493192135
16,8,f64,ajbc-ckba-jk,0.00509813,0.005095989,0.0004199579061341385,0.005086128,0.005106489,0.004003241758760323,0.005361781,0.005331889,0.005575013227880787,0.003989734,0.00408778,0.02457457063553603,1.0489997671434763,0.7923116365576053,3.8959283670259146
16,8,f64,ajbdc-ckbad-jk,0.004448028,0.004394602,0.01201116539734004,0.004446506,0.004400503,0.01034587606538706,0.004811876,0.004748743,0.01312024665639766,0.004743048,0.004731119,0.002515049394397839,1.0811924791979386,1.071438295837301,3.8376044289120186
16,8,f64,aqrs-pa-pqrs,0.001591185,0.001459059,0.08303622771707875,0.00169581,0.001670935,0.014668506495421174,0.001898518,0.001820164,0.041271138856729395,0.002791111,0.002776536,0.0052219349212554445,1.220016922858013,1.8270205978947647,4.9001980692494085
16,8,f64,ij-ik-kj,0.02192298,0.021948695,0.00117297009804318,0.024415704,0.024387761,0.0011444683307103576,0.025129714,0.025079311,0.0020057132365295383,0.019345477,0.019327539,0.0009272451643347335,1.1444515926523426,0.8815031220741595,7.802260333056421
16,8,f64,ij-ikl-ljk,0.003498619,0.003521354,0.0064982783206744,0.003183552,0.003202811,0.0060495320949680575,0.003485594,0.003503801,0.005223499925694153,0.005070588,0.005067737,0.0005622622070654559,0.9956459861889804,1.4442189119749838,5.097651918014548
16,8,f64,ij-kil-lkj,0.004222508,0.004194569,0.006616683733932427,0.004216237,0.004178159,0.009031275993261367,0.004546622,0.004534813,0.002597312906153171,0.006415204,0.006459391,0.0068878557875946544,1.0789348073784413,1.5295796982984815,5.046396625970328
16,8,f64,ijk-ikl-lj,0.002453832,0.002420963,0.013394967544640424,0.002397787,0.002375739,0.009195145356947987,0.002497965,0.002465576,0.012966154449722045,0.004168378,0.004086387,0.01966976123566533,1.018206540854139,1.6933112963133061,6.52805235047655
16,8,f64,ijk-il-jlk,0.002537648,0.002336075,0.07943300252832541,0.002548779,0.002371501,0.06955408844784128,0.002837177,0.002512343,0.11449197565044411,0.002590867,0.002597852,0.0026960087105976083,1.0965377813493802,1.0655422665276362,7.2620783082542895
16,8,f64,ijk-ilk-jl,0.00218992,0.002237992,0.02195148681230341,0.00220027,0.002200452,8.271712108065543e-05,0.002304845,0.002320385,0.0067423188978001924,0.003436994,0.003472022,0.010191463819837931,1.04461798110022,1.5604046338460638,6.894930722977932
16,8,f64,ijk-ilk-lj,0.002231538,0.002295599,0.028707106937009508,0.002229635,0.002279239,0.02224758760963108,0.002320564,0.002341675,0.009097357366571357,0.003656202,0.003634325,0.005983531544482501,1.0299352638977612,1.6105596522149734,6.787805937698851
16,8,f64,ijk-ilmk-mjl,0.001629967,0.001740535,0.06783450217090303,0.001316273,0.001387196,0.053881679560395135,0.001592237,0.001546062,0.029000079761995257,0.002022428,0.001943262,0.039144038749463594,0.9315078572252992,1.1769863534349303,4.290504130242844
16,8,f64,ijkl-imjn-lnkm,0.035841645,0.035435005,0.011345461403906021,0.035803675,0.0355772,0.00632546798617728,0.036830567,0.036703129,0.0034601150723527763,0.036274852,0.03548578,0.02175259047231959,1.0316812348752877,1.0067457068827401,7.005659722206
16,8,f64,ijkl-imjn-nlmk,0.036057507,0.035982186,0.0020889131353424295,0.036045916,0.036044181,4.8133053408783155e-05,0.036866083,0.036954147,0.002388753912369701,0.036388935,0.036061212,0.009006116831943412,1.024715885741175,1.0056878696085376,6.906977378149094
16,8,f64,ijkl-imkn-jnlm,0.033898064,0.034070491,0.0050866326761316305,0.033644041,0.033870128,0.006719971599131069,0.034308799,0.034552229,0.007095264395585499,0.037213552,0.036232562,0.026361095549277125,1.013127604500716,1.0804966897211923,7.340817714949884
16,8,f64,ijkl-imkn-njml,0.034708303,0.034048832,0.019000381551353862,0.034731957,0.034443507,0.008305031588055956,0.034957528,0.034694575,0.007522070782579493,0.036679096,0.036015317,0.01809692910643168,1.0130557447281032,1.0572681106208979,7.2176981043150805
16,8,f64,ijkl-imln-jnkm,0.033348139,0.033575419,0.006815372815856424,0.033393083,0.033743522,0.010494358966496087,0.034300654,0.034319536,0.0005504851306916692,0.037089681,0.036363286,0.019584827380963343,1.0253576643971114,1.0975178386530238,7.435857294398147
16,8,f64,ijkl-imln-njmk,0.03461442,0.033959946,0.01890755355715923,0.034654925,0.03408034,0.01658018304757558,0.034776762,0.034071273,0.02028621871121883,0.036531021,0.035948933,0.015934074221467642,1.0039838498921898,1.0569681056660345,7.215482181430188
16,8,f64,ijkl-imnj-nlkm,0.036250729,0.036138998,0.0030821724992069477,0.03614974,0.036132135,0.0004870021195172436,0.036961894,0.037216426,0.006886335424261425,0.035847437,0.035745564,0.002841848916562806,1.0247030170549911,0.9889941123489073,6.876246039704631
16,8,f64,ijkl-imnk-njml,0.034634828,0.034219719,0.011985305658223422,0.034686104,0.034083917,0.017361044641969747,0.035216201,0.034773602,0.012568050710523915,0.036120135,0.035745223,0.010379584683169019,1.0164858899038511,1.043731884470024,7.193074126492588
16,8,f64,ijkl-minj-nlmk,0.043700791,0.04346261,0.005450267479140236,0.043679682,0.043452852,0.005193032311911039,0.044654609,0.044694997,0.0009044531103161724,0.045066486,0.045406433,0.007543232902605279,1.0250854078107232,1.0379656722166,7.0250665687403435
16,8,f64,ijkl-mink-jnlm,0.040899592,0.040521577,0.009242512737046238,0.040654555,0.040541484,0.0027812627637912035,0.041599607,0.041062956,0.012900386294514732,0.043759441,0.043291251,0.010699176893050333,1.015236122145289,1.0691368374241463,7.43546612993685
16,8,f64,ijkl-minl-njmk,0.040560811,0.041920335,0.03351816609386837,0.040536456,0.041887414,0.03332698842740478,0.041103312,0.043233272,0.05181966844910213,0.044798398,0.045248579,0.010049042378702744,1.0223080348419384,1.091862692909359,7.345198078909309
16,1,c64,abc-bk-akc,0.05583463,0.055830221,7.896533029772002e-05,0.05591519,0.055817959,0.0017389013611506243,0.0565979,0.056691246,0.001649283807349855,0.069472065,0.069073158,0.00574197700903234,1.0145458182853266,1.240718521438371,1.0
16,1,c64,abcijk-eiab-jkec,0.051826535,0.051710071,0.002247188626443908,0.051761053,0.051727373,0.000650682280362469,0.053254041,0.0536996,0.008366670240104401,0.06702885,0.065725557,0.01944376190252406,1.0329948480361502,1.2821368068087342,1.0
16,1,c64,abcijk-eiac-jkeb,0.051017771,0.05097478,0.0008426671561171384,0.05103876,0.050997724,0.0008040163985175708,0.052627547,0.053161186,0.010139917788682062,0.082427321,0.080933466,0.018123299191053488,1.0372070843596541,1.6016264862315954,1.0
16,1,c64,abcijk-eibc-jkea,0.052319464,0.052220823,0.0018853595289126668,0.052318542,0.05226184,0.001083784024409673,0.053653586,0.054194382,0.010079400843775677,0.061870174,0.061389475,0.007769478715220712,1.0316277408826817,1.179055176403245,1.0
16,1,c64,abcijk-ejab-ikec,0.051807882,0.051668524,0.002689899579372823,0.051793386,0.051657955,0.0026148319401245734,0.052856965,0.05327547,0.00791768880411503,0.064569477,0.064633401,0.0009900033726459867,1.0256609232671727,1.2486226025147158,1.0
16,1,c64,abcijk-ejac-ikeb,0.050789929,0.050750783,0.0007707433495328653,0.050790932,0.050760832,0.0005926254710191259,0.051941352,0.052511125,0.010969545036101369,0.064816057,0.065942692,0.017382035442236266,1.0286606099065292,1.2876993122437432,1.0
16,1,c64,abcijk-ejbc-ikea,0.052439991,0.052472553,0.000620938321671316,0.052467441,0.052425214,0.0008048229377147775,0.053951183,0.05432694,0.006964759234287632,0.062213426,0.061501824,0.011438077690818838,1.032073688152312,1.1792032170890185,1.0
16,1,c64,abcijk-ekab-ijec,0.051750297,0.051637606,0.002177591367253373,0.051673615,0.051628599,0.0008711602623505676,0.052931786,0.053227049,0.0055781794326759115,0.058426079,0.058230346,0.0033500964526473886,1.0267979557374285,1.1283363595372091,1.0
16,1,c64,abcijk-ekac-ijeb,0.050788268,0.050808631,0.000400939051514948,0.05078871,0.050778585,0.00019935532916670606,0.051972963,0.052475779,0.009674568679103546,0.069379632,0.068804617,0.008287951138166827,1.028058285650947,1.360110955635835,1.0
16,1,c64,abcijk-ekbc-ijea,0.052378358,0.052304329,0.0014133509110767495,0.052351889,0.052257341,0.0018060093304369529,0.053694317,0.054226081,0.00990354342341293,0.062084779,0.061486936,0.009629461675300544,1.030916553349451,1.1804272821208435,1.0
16,1,c64,abcijk-ijma-mkbc,0.052522311,0.052357368,0.003140436832644311,0.052465356,0.052355344,0.0020968503482564627,0.053802564,0.054256267,0.008432739376510012,0.06188991,0.061370429,0.00839362991479553,1.0303045660024124,1.1752457475570748,1.0
16,1,c64,abcijk-ijmb-mkac,0.050793286,0.050642771,0.002963285344444899,0.050755776,0.05059388,0.0031897059361283286,0.051927236,0.052425364,0.00959280790527739,0.069568486,0.069067556,0.007200530424077312,1.0287419390130736,1.366725932781454,1.0
16,1,c64,abcijk-ijmc-mkab,0.051748794,0.051646502,0.0019767030706069333,0.051764072,0.051632897,0.002534093531127213,0.052966099,0.053284687,0.0060149417460402255,0.058481571,0.0582812,0.0034262246477613223,1.0276130972226898,1.129284026793534,1.0
16,1,c64,abcijk-ikma-mjbc,0.052488471,0.052428961,0.0011337727860275537,0.052482179,0.052402031,0.0015271469578272967,0.05404071,0.054581794,0.010012525742167488,0.061969952,0.061421013,0.008858147897226054,1.0353014912437524,1.1760654205574348,1.0
16,1,c64,abcijk-ikmb-mjac,0.050779542,0.050750723,0.0005675317040079175,0.050847019,0.050780999,0.0012984045338035877,0.051948698,0.052505354,0.010715494736749598,0.064886388,0.06558206,0.01072138581669857,1.0287826288360598,1.2850020488282998,1.0
16,1,c64,abcijk-ikmc-mjab,0.051731123,0.051638157,0.0017970999778992303,0.051799521,0.051649068,0.0029045249279429086,0.053034539,0.053388059,0.0066658446866108,0.064738164,0.064921027,0.0028246553300461663,1.0295326993426097,1.2543292793361,1.0
16,1,c64,abcijk-jkma-mibc,0.052355536,0.052231664,0.002365977114626494,0.052330951,0.052245479,0.0016332972813737356,0.053786589,0.054234617,0.008329734387878762,0.061789779,0.061334692,0.0073650854132364385,1.0328257438908783,1.1772350375478762,1.0
16,1,c64,abcijk-jkmb-miac,0.051010775,0.051000959,0.0001924299326956369,0.051037765,0.0509745,0.0012395723049393181,0.052613979,0.053150866,0.010204265296110737,0.082893253,0.081030557,0.022471020651101736,1.0367776201029624,1.606807579026759,1.0
16,1,c64,abcijk-jkmc-miab,0.051841872,0.051700583,0.0027253838364478256,0.051808421,0.051744435,0.001235050186146447,0.053283144,0.053996894,0.013395418258351999,0.06733572,0.066335754,0.014850453815597464,1.0360751394884633,1.2909473523013855,1.0
16,1,c64,abcs-rc-abrs,0.029939945,0.030119245,0.005988654955779049,0.029968278,0.030177593,0.0069845521320910375,0.030929701,0.031106644,0.005720811850072449,0.040265248,0.040334767,0.001726526060388478,1.0329205090579068,1.3420151719845208,1.0
16,1,c64,abj-bka-kj,0.074236791,0.07439088,0.0020756419818848126,0.074265735,0.074416056,0.002024096307671197,0.07534165,0.07574865,0.005402058489560657,0.098909926,0.098421624,0.004936835156463482,1.016565973229449,1.3276871699809505,1.0
16,1,c64,abjc-cbka-kj,0.073900473,0.074046027,0.0019695949713340877,0.073954384,0.074063939,0.001481386147439201,0.07499773,0.07522239,0.0029955573322020257,0.061965219,0.062697793,0.011822341820497684,1.0153672084601686,0.8426081039481211,1.0
16,1,c64,abjc-kbac-jk,0.035205614,0.035431076,0.006404149065543763,0.035253162,0.035458307,0.005819194317945309,0.034858576,0.03625916,0.0401790365733814,0.053141126,0.053094211,0.0008828378984666596,1.0066200072691591,1.5039757356142978,1.0
16,1,c64,abjcd-dkbac-jk,0.041742011,0.041759081,0.00040894052756579313,0.041748864,0.041750806,4.65162357472515e-05,0.044324717,0.044550205,0.005087184200183392,0.04642311,0.045595393,0.01782984810797894,1.0643530004309298,1.101959027585678,1.0
16,1,c64,abrs-qb-aqrs,0.029752015,0.029849692,0.0032830381404418407,0.029730866,0.029821359,0.0030437391228361754,0.030294176,0.030289751,0.00014606767980751556,0.040359053,0.040544187,0.004587174035030062,1.0164810916491613,1.3573963044108044,1.0
16,1,c64,adbjc-cbdka-kj,0.076052925,0.076276855,0.0029443969446278917,0.076026727,0.076280382,0.003336392476819272,0.078338537,0.077857241,0.006143796124249867,0.050825344,0.049191486,0.032146521231612324,1.0253753746857825,0.656494035176288,1.0
16,1,c64,ajb-kba-jk,0.06277031,0.062912683,0.002268158306052648,0.062793463,0.062917563,0.001976320369526441,0.063363447,0.063508935,0.002296087206240527,0.075290185,0.075291639,1.9311946171995942e-05,1.0094633884576587,1.1981089645766736,1.0
16,1,c64,ajbc-ckba-jk,0.055008418,0.05498226,0.00047552721839783096,0.055035037,0.055064474,0.0005348774454354555,0.056440688,0.056716834,0.0048926760070677755,0.043178349,0.04285781,0.007423604825649854,1.0287888965513825,0.7822077824258277,1.0
16,1,c64,ajbdc-ckbad-jk,0.043745853,0.043491411,0.005816368468115174,0.043569896,0.043431028,0.0031872465337073885,0.045698246,0.045853624,0.0034000867341823504,0.045467526,0.045583341,0.0025472025902617546,1.0494612435872124,1.0437188931916015,1.0
16,1,c64,aqrs-pa-pqrs,0.030601008,0.030459529,0.004623344433621224,0.030517813,0.030435013,0.0027131695184056115,0.031421949,0.031502382,0.0025597711968792236,0.040910962,0.040332642,0.014136064558931682,1.0305256323283014,1.330511779018486,1.0
16,1,c64,ij-ik-kj,0.51345129,0.513138638,0.0006089224159899764,0.513436343,0.51351546,0.00015409310439107315,0.515085858,0.517106144,0.003922231543775023,0.526259422,0.521001676,0.009990787395346534,1.0054550941761553,1.0201229524422437,1.0
16,1,c64,ij-ikl-ljk,0.064175667,0.064429214,0.003950827655597067,0.064076583,0.064504334,0.006675621264011333,0.067454831,0.06753901,0.0012479313749964582,0.080987002,0.079809241,0.01454259289657367,1.0496808212719992,1.2502810227342946,1.0
16,1,c64,ij-kil-lkj,0.075655211,0.075642726,0.0001650249842011231,0.075661463,0.075703778,0.0005592675362358079,0.079467599,0.079535541,0.0008549648014406497,0.098066888,0.097959183,0.0010982810018402844,1.0509272576899755,1.2956293123717464,1.0
16,1,c64,ijk-ikl-lj,0.058332843,0.058421596,0.001521492789233525,0.058316994,0.058487659,0.0029265054368199372,0.059186464,0.059347381,0.002718814220765031,0.074712814,0.074083028,0.00842942416812209,1.0152399432134644,1.2744230836843098,1.0
16,1,c64,ijk-il-jlk,0.060673647,0.060873677,0.0032968184688157987,0.060703884,0.060711895,0.0001319684915055408,0.062109435,0.062278896,0.002728426043482779,0.063698367,0.063390688,0.004830249415970211,1.023374105781714,1.045591548004321,1.0
16,1,c64,ijk-ilk-jl,0.05564966,0.05585437,0.0036785489794548543,0.055640503,0.055819325,0.0032138818011764325,0.056559757,0.056378227,0.0032095258117887937,0.068914203,0.068752572,0.002345394606101614,1.0128605077288986,1.234636202129712,1.0
16,1,c64,ijk-ilk-lj,0.057264621,0.057360648,0.0016768992498876756,0.057273959,0.057331434,0.0010035101641916455,0.058158758,0.058120204,0.0006629096171550941,0.071198562,0.071335627,0.0019251091054337532,1.0144272499977287,1.2434795081166075,1.0
16,1,c64,ijk-ilmk-mjl,0.028233002,0.028261639,0.0010143094241272799,0.028203206,0.028191518,0.0004144209704387558,0.028815848,0.028873169,0.0019892178776068636,0.041895736,0.041824469,0.0017010561647610167,1.0211410305941018,1.4819137521849923,1.0
16,1,c64,ijkl-imjn-lnkm,0.979582027,0.979205889,0.0003839780535295212,0.97934696,0.979354839,8.045156948188747e-06,0.988231257,0.988036984,0.00019658657690091452,1.022906952,1.040414346,0.01711533386860764,1.0089240656146656,1.0533284600401558,1.0
16,1,c64,ijkl-imjn-nlmk,0.982098426,0.982868636,0.0007842492968215264,0.982188314,0.982992861,0.0008191372148620424,0.990320448,0.990661518,0.00034440367326449284,1.045867929,1.046221933,0.00033847868376502,1.008150277492477,1.064694687877168,1.0
16,1,c64,ijkl-imkn-jnlm,0.975134077,0.976289934,0.0011853313582845804,0.975925813,0.976532479,0.0006216312673756885,0.985597678,0.986003725,0.00041198047546542327,1.037601543,1.028790863,0.008491390610817606,1.0103399855331747,1.0589056879828505,1.0
16,1,c64,ijkl-imkn-njml,0.975859865,0.974777525,0.0011091141656901504,0.976100906,0.974770083,0.0013634071967555395,0.985578138,0.985445334,0.00013474730706741767,1.037788958,1.050056219,0.01182057383192947,1.0104511381996943,1.0703216652496212,1.0
16,1,c64,ijkl-imln-jnkm,0.973308103,0.9732086,0.00010223175959733766,0.97345092,0.973383898,6.884990154409909e-05,0.983522279,0.983233368,0.0002937513528353808,1.030683204,1.029127027,0.0015098499654992992,1.0103975092113806,1.0582029132728878,1.0
16,1,c64,ijkl-imln-njmk,0.973177333,0.97349932,0.0003308615902586354,0.973345769,0.972980144,0.0003756373240063615,0.983971392,0.983442408,0.0005376009956190586,1.031269543,1.040768056,0.009210504726405944,1.0106525666529609,1.0643862465670983,1.0
16,1,c64,ijkl-imnj-nlkm,0.981467966,0.982401833,0.0009515002347004753,0.982116116,0.981078888,0.0010561154461292688,0.989613796,0.989541354,7.32022939583521e-05,1.039003007,1.043413045,0.0042444901220579645,1.0077833945245553,1.0603613431069665,1.0
16,1,c64,ijkl-imnk-njml,0.975431736,0.975602106,0.00017466112051933713,0.975521374,0.976228144,0.0007245048840929247,0.985229857,0.985274568,4.5381288114931806e-05,1.041699339,1.039851452,0.0017739158803479205,1.0099796269990018,1.0668958856068498,1.0
16,1,c64,ijkl-minj-nlmk,1.197511453,1.1972691,0.0002023805278795754,1.197002867,1.197162042,0.0001329779605281356,1.210505034,1.211490372,0.0008139891799905374,1.239618779,1.25120264,0.009344696285857212,1.0113641581631934,1.0400930024372388,1.0
16,1,c64,ijkl-mink-jnlm,1.186749272,1.187621597,0.0007350541690493984,1.187909977,1.187293427,0.0005190208112882955,1.201792764,1.203832959,0.0016976262972407952,1.235427953,1.234189016,0.0010028403493635984,1.0131631294933785,1.0401141865175056,1.0
16,1,c64,ijkl-minl-njmk,1.185411653,1.185985094,0.0004837484080308929,1.185859169,1.186319872,0.0003884972280381316,1.200751118,1.20058291,0.0001400856492892455,1.232465251,1.253400046,0.01698611379348347,1.012624351178432,1.0482333754285467,1.0
16,4,c64,abc-bk-akc,0.01425098,0.014330404,0.005573230753253444,0.014260668,0.014260683,1.0518441351248242e-06,0.014478725,0.014459264,0.0013441100649401738,0.018534681,0.018512941,0.001172936291700899,1.0124805078795582,1.296219898427415,3.906923543681268
16,4,c64,abcijk-eiab-jkec,0.013692449,0.013697945,0.00040138911600107186,0.013721914,0.013783454,0.004484797091717674,0.014108455,0.013917765,0.013516008662890489,0.02269952,0.022345464,0.015597510431938688,1.0231898026242467,1.6445033041755717,3.780031151853394
16,4,c64,abcijk-eiac-jkeb,0.013411936,0.013430636,0.001394280437962081,0.013339853,0.013445524,0.007921451608199792,0.013846958,0.013852873,0.00042716963538125263,0.026780453,0.026791783,0.0004230697665943417,1.0319367715659236,1.9957941363426057,3.799657003409034
16,4,c64,abcijk-eibc-jkea,0.017819708,0.013807549,0.22515290374006125,0.013763642,0.013750723,0.0009386323765178117,0.014217488,0.014267826,0.003540569191969878,0.016048128,0.016036513,0.0007237604286306487,0.90799142934765,1.022724292983555,3.332306274559926
16,4,c64,abcijk-ejab-ikec,0.013610607,0.013592047,0.0013636423415943622,0.013457462,0.013607456,0.01114578662752308,0.013880269,0.013839228,0.0029567870766770143,0.0184056,0.018430536,0.0013548050593297223,1.0189988473037759,1.3541375828161428,3.803905907264404
16,4,c64,abcijk-ejac-ikeb,0.013474864,0.013422441,0.003890428875571561,0.01338635,0.013402022,0.001170744825885972,0.013926466,0.013731327,0.014012097541472479,0.017978655,0.017870893,0.00599388552703195,1.0282501210215553,1.3328269923441158,3.7751327618954633
16,4,c64,abcijk-ejbc-ikea,0.013847739,0.01396896,0.008753847830321071,0.013772278,0.013812097,0.002891242828528373,0.014259446,0.014271874,0.000871562611899579,0.016105264,0.016128886,0.001466725413504344,1.0257000017925701,1.1588164154894351,3.771602631587356
16,4,c64,abcijk-ekab-ijec,0.013603975,0.013541172,0.004616518333795838,0.013620155,0.013601985,0.0013340523657769943,0.01391242,0.013908878,0.0002545926589335723,0.016451891,0.016444614,0.0004423199740382078,1.0249114596784263,1.2118774762483115,3.8087146217979124
16,4,c64,abcijk-ekac-ijeb,0.013385618,0.013353713,0.00238352835110045,0.01341322,0.01338976,0.0017490207422229398,0.013743385,0.013872751,0.00941296485545573,0.02108883,0.021326174,0.011254488750679803,1.03278023871551,1.586216578410995,3.7995329531921938
16,4,c64,abcijk-ekbc-ijea,0.01374635,0.013718142,0.0020520356312766497,0.013754936,0.013921151,0.012084025690850098,0.014224761,0.014185263,0.0027767074610252074,0.016113119,0.016092358,0.0012884532162890094,1.0344269804005177,1.17262271935333,3.8115657132096974
16,4,c64,abcijk-ijma-mkbc,0.013752401,0.01390476,0.011078719999511488,0.01382675,0.013810244,0.00119377294013423,0.014215974,0.014209438,0.0004597644874702045,0.016116786,0.016053856,0.0039046246565539455,1.0277932205911333,1.1632093622191533,3.7921875185726295
16,4,c64,abcijk-ijmb-mkac,0.013411045,0.013360295,0.003784194296566734,0.013394034,0.013366517,0.0020544221404844576,0.013775534,0.013726427,0.0035647982865856243,0.021263975,0.021195311,0.0032291234352936904,1.0272913710521991,1.5859985630347908,3.7889820827517555
16,4,c64,abcijk-ijmc-mkab,0.013586362,0.013594842,0.0006241553110390985,0.013487848,0.013576499,0.006572657105863078,0.013846727,0.01387248,0.0018598619009386752,0.016373224,0.016177607,0.011947372124145983,1.0197928092458581,1.1975277029759581,3.803924595524438
16,4,c64,abcijk-ikma-mjbc,0.013768061,0.013855408,0.006344175842916355,0.013796353,0.013988637,0.013937306475124256,0.014360153,0.0143018,0.004063536091850839,0.016104714,0.016064245,0.0025128667295798435,1.037597301409437,1.1645566445037818,3.7981449629199657
16,4,c64,abcijk-ikmb-mjac,0.013381921,0.013345367,0.002731595859817082,0.01338141,0.013388488,0.00052894276462645,0.013749976,0.013760902,0.0007946195687904556,0.017799811,0.017883397,0.004695892557510906,1.029318857943181,1.3350828364950187,3.7987526406244907
16,4,c64,abcijk-ikmc-mjab,0.013649439,0.01358815,0.004490221173192421,0.013593115,0.013562191,0.00227497523562481,0.013818485,0.013838486,0.0014474090321767719,0.018395221,0.018225524,0.00922505905202231,1.0153994828577066,1.3444818675811507,3.795104621311774
16,4,c64,abcijk-jkma-mibc,0.013752431,0.013826704,0.005400717880351458,0.013723988,0.013827125,0.007515089637210481,0.014164759,0.014271253,0.007518235926216477,0.016020116,0.016014864,0.0003278378258934067,1.0310662646291389,1.1615699963181978,3.7922692613826836
16,4,c64,abcijk-jkmb-miac,0.013428227,0.013407853,0.001517251681848908,0.013438256,0.013345578,0.006896579437093653,0.013869178,0.013460331,0.02947881986949763,0.026975747,0.026797243,0.006617203223325152,1.0182731064668222,2.003746792249792,3.801291504827869
16,4,c64,abcijk-jkmc-miab,0.013861644,0.013726999,0.009713494301253123,0.013760776,0.013715207,0.0033115138274179,0.01404751,0.014102348,0.0039037523376030947,0.022917636,0.022626469,0.012704931695398325,1.0203524631100132,1.650813947801604,3.7531237673063234
16,4,c64,abcs-rc-abrs,0.007862978,0.007808215,0.006964664024241118,0.007903605,0.007870802,0.00415038453971317,0.008164711,0.008166563,0.00022682982900446014,0.01234557,0.0122794,0.005359817327187044,1.04212701680619,1.5713565299090397,3.8324643866356882
16,4,c64,abj-bka-kj,0.01953833,0.01961787,0.004070972288829244,0.019568697,0.019495862,0.003722015829669245,0.019932705,0.019951241,0.0009299289785307252,0.026739996,0.026699761,0.0015046748698092083,1.0185877072157707,1.364786473415682,3.7957691955042585
16,4,c64,abjc-cbka-kj,0.020076212,0.019891801,0.009185547552496454,0.019875849,0.019850213,0.001289806538578686,0.020549153,0.020255007,0.01431426395044122,0.019124599,0.018380904,0.03888682842448088,1.0209047446541193,0.938213467756663,3.701660205534302
16,4,c64,abjc-kbac-jk,0.009094844,0.009109511,0.0016126719710640725,0.009090897,0.009039661,0.0056359674958369466,0.009026657,0.009325083,0.033060522849156504,0.018095733,0.018139103,0.002396697608215259,1.0079631700541467,1.9904479892567142,3.8801898284394465
16,4,c64,abjcd-dkbac-jk,0.01301095,0.012952385,0.004501208597373796,0.013028052,0.012921607,0.008170446356830618,0.013573718,0.01355061,0.0017024075496485658,0.014452846,0.014314253,0.009589322407503653,1.0447189146790652,1.1079793227035009,3.2161239180874523
16,4,c64,abrs-qb-aqrs,0.007595811,0.007584538,0.001484107490299591,0.007701678,0.007700805,0.00011335192149042328,0.007758474,0.007774222,0.002029780598607367,0.011703283,0.011746397,0.00368392356230296,1.023210487433341,1.5447370038459016,3.9262367022010203
16,4,c64,adbjc-cbdka-kj,0.022933294,0.023039699,0.004639760864706188,0.022402777,0.024172891,0.07901315091428174,0.024307094,0.023572192,0.030234054305298796,0.018652811,0.018610352,0.0022762788943713197,1.0413455976149781,0.8105462835392973,3.3134676139335486
16,4,c64,ajb-kba-jk,0.016129499,0.016114829,0.0009095136804929682,0.016075219,0.016118246,0.0026766042814097,0.016268598,0.016298121,0.0018147230634133482,0.019970365,0.01994556,0.0012420904675503053,1.009998068145397,1.2379207103909142,3.89783050736803
16,4,c64,ajbc-ckba-jk,0.014779605,0.014787576,0.0005393242918196872,0.014675471,0.01484379,0.011469410419604253,0.014968206,0.014906447,0.004126012162045334,0.013459806,0.0133902,0.005171396972586395,1.0103969752564725,0.9080986365321422,3.720025892442279
16,4,c64,ajbdc-ckbad-jk,0.015164271,0.015125976,0.0025253439482848528,0.01512618,0.015254356,0.008473785185684646,0.015816116,0.015773383,0.0027018643515261953,0.013195884,0.013139534,0.00427027094206045,1.0428932897832772,0.8694342690792898,2.8800347074318107
16,4,c64,aqrs-pa-pqrs,0.007984284,0.007952906,0.003929970426903684,0.007997519,0.007945091,0.00655553303468237,0.008312586,0.008185279,0.015314969372948406,0.010417878,0.010404505,0.001283658725894088,1.035151477827466,1.3065301388486497,3.8313210447688397
16,4,c64,ij-ik-kj,0.130220848,0.130261109,0.00030917476439729086,0.130091436,0.130183234,0.000705642145421459,0.131184263,0.131045862,0.0010550122159087572,0.134078374,0.134141833,0.00047329780416327516,1.0067111543137193,1.0297074153850057,3.941117091088391
16,4,c64,ij-ikl-ljk,0.022667294,0.022581033,0.0038055270293843035,0.022663957,0.022668286,0.0001910081280158682,0.023437708,0.023362119,0.00322510204496107,0.023028827,0.023270208,0.010481688884978801,1.0342890909316356,1.0232088780925055,2.8422015417188247
16,4,c64,ij-kil-lkj,0.026246341,0.026246626,1.0858656450452031e-05,0.02625113,0.026419398,0.00640993359143005,0.027492852,0.027330557,0.005903170758712273,0.028240004,0.028052723,0.006631762516747464,1.044390742429724,1.072380143156694,2.8822515688073644
16,4,c64,ijk-ikl-lj,0.015106219,0.015107191,6.434436042535019e-05,0.015040858,0.015103455,0.00416179715279541,0.015252241,0.015263162,0.0007160259269440861,0.02013176,0.020334125,0.010052027244513262,1.0099952657300597,1.3393185018282836,3.86432399807949
16,4,c64,ijk-il-jlk,0.019723951,0.020059202,0.016997152345389788,0.019762613,0.020077186,0.01591758134412702,0.019864292,0.020332802,0.023585537304828375,0.016092016,0.016059667,0.0020102515433740864,1.0103721753843733,0.808201612136013,3.055350474318555
16,4,c64,ijk-ilk-jl,0.014320977,0.01428561,0.0024695940786720882,0.014249103,0.014293164,0.003092194645515578,0.014479211,0.014491674,0.0008607513213254592,0.018406387,0.018500426,0.0051090417690338175,1.0127354395767059,1.290147664223634,3.897840986875523
16,4,c64,ijk-ilk-lj,0.01470405,0.014712545,0.0005777319854054497,0.014745728,0.014725019,0.0014044067542815508,0.014938557,0.014898873,0.0026564814794360903,0.018884797,0.019011389,0.006703381561369293,1.0143051856999117,1.2882516191845579,3.8966179993443912
16,4,c64,ijk-ilmk-mjl,0.008001635,0.008040519,0.004859506838289951,0.007963394,0.008118484,0.019475364398647166,0.008167534,0.008229551,0.007593111947865605,0.010926533,0.010832152,0.008637781078408069,1.0221205884570335,1.3563355782189737,3.5216467625858425
16,4,c64,ijkl-imjn-lnkm,0.251865587,0.253561223,0.006732305195786825,0.251993918,0.252795746,0.003181933938580128,0.256803338,0.256603794,0.0007770303982574944,0.261052954,0.261587886,0.0020491321465758716,1.0157949129491948,1.0340636806546866,3.8755342304440483
16,4,c64,ijkl-imjn-nlmk,0.250890266,0.251610898,0.002872299557449054,0.250906838,0.251596621,0.0027491598295938946,0.253896459,0.253343006,0.0021798374115963304,0.262209074,0.261502887,0.002693221059161255,1.009429870017187,1.0422105677279938,3.9103768755510533
16,4,c64,ijkl-imkn-jnlm,0.247894882,0.248472828,0.002331415619948096,0.248101638,0.24836098,0.001045305472751501,0.251728856,0.250715418,0.0040259111176351725,0.263375022,0.263837479,0.0017558878457348825,1.0122406885075628,1.0621413216963536,3.9314100255840034
16,4,c64,ijkl-imkn-njml,0.248799192,0.249058109,0.001040666562936332,0.248635307,0.249168285,0.0021436134973380483,0.252290578,0.251490233,0.0031723142669243254,0.262987765,0.263198879,0.0008027521736611032,1.011896867577032,1.056902593875056,3.9180651756949243
16,4,c64,ijkl-imln-jnkm,0.247302618,0.248008072,0.0028525941443935388,0.247328939,0.247960905,0.0025551639955889716,0.250788254,0.250073082,0.0028516965551345086,0.263088418,0.262417703,0.0025493900685509274,1.011206387278596,1.06096281907265,3.9298943351012756
16,4,c64,ijkl-imln-njmk,0.247939569,0.248404031,0.0018732871153777086,0.247833223,0.248313322,0.0019371857985319707,0.251692804,0.250998477,0.0027586287290120026,0.263201845,0.262221698,0.003723936661614191,1.012788361900988,1.058586952348326,3.922036022394833
16,4,c64,ijkl-imnj-nlkm,0.250907164,0.251471188,0.002247939002650412,0.250821756,0.251581123,0.00302751648066768,0.253458118,0.252767064,0.002726501741009635,0.261246409,0.261581686,0.0012833745783658035,1.0076569329528144,1.0407063021754335,3.9091469742804663
16,4,c64,ijkl-imnk-njml,0.248331591,0.249119254,0.0031718195692629347,0.248433582,0.249162095,0.002932425617081069,0.251768465,0.251028804,0.0029378619756846858,0.262560801,0.261673006,0.0033812930057294244,1.010747816178629,1.0538402290216258,3.922068481629596
16,4,c64,ijkl-minj-nlmk,0.30532416,0.305402292,0.00025589851782448214,0.305380475,0.305477372,0.00031729926413937015,0.308331805,0.307776088,0.001802334339138345,0.316461842,0.316903962,0.0013970720678544435,1.008811138606128,1.0370693013187011,3.921199994681667
16,4,c64,ijkl-mink-jnlm,0.300305245,0.300673387,0.0012258926746351317,0.300560693,0.300960062,0.001328746603601827,0.305546192,0.304996776,0.0017981438302460129,0.315428393,0.313768147,0.005263464028109732,1.0159143817054055,1.0469498150488974,3.9508412243191877
16,4,c64,ijkl-minl-njmk,0.301423255,0.301445286,7.308991471144388e-05,0.301074457,0.301301689,0.0007547368922098396,0.305709544,0.304742483,0.0031633327090370145,0.317550584,0.316379535,0.003687755774998136,1.0125777344412075,1.0515211769729602,3.9335220167839227
16,8,c64,abc-bk-akc,0.007311906,0.007326818,0.002039413526377265,0.007343655,0.007367664,0.003269352931204006,0.007419125,0.007491916,0.009811264805485775,0.010640447,0.010520321,0.011289563305000416,1.0185909006809526,1.445511098438607,7.628049333360382
16,8,c64,abcijk-eiab-jkec,0.008890076,0.008789364,0.011328587067197304,0.008887361,0.008734251,0.017227836249703365,0.009051867,0.009016888,0.003864285677197765,0.014388813,0.014432785,0.0030559852296363488,1.022035444658776,1.6302570731656902,5.856419686370259
16,8,c64,abcijk-eiac-jkeb,0.008097208,0.007995654,0.01254185393286178,0.007990439,0.007970298,0.0025206374768644846,0.008254151,0.00819147,0.00759387609943174,0.016808942,0.016803313,0.000334881279261956,1.0219331407662482,2.088685269846276,6.33787655634276
16,8,c64,abcijk-eibc-jkea,0.010168839,0.01027264,0.010207753313824508,0.01022307,0.010228347,0.0005161854511412933,0.010291848,0.010424122,0.012852307962573972,0.009855255,0.009804808,0.005118791954140223,1.0134205450685518,0.9617822543735007,5.114189061803987
16,8,c64,abcijk-ejab-ikec,0.008900966,0.008831082,0.007851282658533854,0.00887571,0.008680591,0.021983480758159146,0.009097893,0.008956627,0.0155273314381692,0.011699461,0.011661759,0.003222541619652297,1.018162568809815,1.3174660369925766,5.835598673346084
16,8,c64,abcijk-ejac-ikeb,0.008561103,0.008579183,0.0021118774064510237,0.008752119,0.009045873,0.03356375753117624,0.008528593,0.008325409,0.023823859339987097,0.011142303,0.010909407,0.020901962547599018,0.9832266850930621,1.2864716717102158,5.924099571277363
16,8,c64,abcijk-ejbc-ikea,0.010477744,0.01036959,0.01032226021174032,0.010446416,0.010328264,0.01131029053409316,0.010637733,0.01069154,0.00505812657640492,0.00990643,0.009905135,0.0001307231767649908,1.0231280492591295,0.9503292637271455,5.032487645780342
16,8,c64,abcijk-ekab-ijec,0.008824695,0.00875504,0.007893190642849435,0.008942524,0.008774777,0.018758350550694747,0.009118782,0.008981432,0.015062318629834648,0.010449942,0.010386482,0.006072760978003466,1.0295851981418123,1.185256257939461,5.881126942565386
16,8,c64,abcijk-ekac-ijeb,0.008518183,0.008469098,0.005762379136489693,0.00914428,0.008504093,0.07000955788755359,0.008540634,0.008349905,0.022331948658612544,0.013363993,0.013403065,0.002923677077651954,0.9942457896528243,1.575716633333938,5.980787690111113
16,8,c64,abcijk-ekbc-ijea,0.010224874,0.010146875,0.007628358060940421,0.010262133,0.010099066,0.015890166303632935,0.01048084,0.010390439,0.00862535827281019,0.009904046,0.009840685,0.006397486441399813,1.0245186214399526,0.9692233132416511,5.138656878918716
16,8,c64,abcijk-ijma-mkbc,0.010285015,0.010112791,0.016745138436842333,0.010210326,0.010179356,0.00303320383697836,0.010506939,0.010486057,0.0019874484852343555,0.009846448,0.009866312,0.002017377230855155,1.0292152957568845,0.9664496601790483,5.1418906454428175
16,8,c64,abcijk-ijmb-mkac,0.008563757,0.008609159,0.0053016450606899745,0.00848459,0.008772783,0.03396663834080371,0.008395615,0.008579794,0.02193752333807586,0.013481923,0.013415208,0.004948478047234084,0.9884441958500302,1.5662536439992618,5.906760379993667
16,8,c64,abcijk-ijmc-mkab,0.008845683,0.008790276,0.0062637333940183115,0.008760014,0.008791558,0.003600907487134153,0.008986566,0.008951717,0.003877899522464978,0.010390703,0.010367967,0.002188109890158385,1.0171455761415071,1.1770700984950002,5.8627804518859845
16,8,c64,abcijk-ikma-mjbc,0.010454732,0.010486248,0.0030145201235192154,0.010449071,0.010470679,0.0020679350346073377,0.010673409,0.01069161,0.0017052658621066197,0.009903724,0.009831317,0.007311088233072693,1.0202500285630245,0.9424072092289467,5.010153963276488
16,8,c64,abcijk-ikmb-mjac,0.008584576,0.00864245,0.006741625911401927,0.008504367,0.009003233,0.05865998021957419,0.008581211,0.008543906,0.004347288512075886,0.011195512,0.010872177,0.028880769365438486,0.9940876043703686,1.280862096790603,5.893694817572433
16,8,c64,abcijk-ikmc-mjab,0.008814215,0.008794384,0.002249888390514654,0.008733013,0.00878132,0.005531538771326838,0.009018194,0.008971945,0.005128410411219808,0.011652393,0.011607077,0.0038889865798381607,1.0216650944452494,1.32091375392039,5.870387743480017
16,8,c64,abcijk-jkma-mibc,0.010198074,0.0101015,0.009469827341907933,0.010219723,0.010120987,0.00966131860912478,0.010368672,0.010496316,0.012310544686918501,0.009846879,0.009712144,0.013683015704772927,1.027845888710103,0.9635069319553513,5.152241630100325
16,8,c64,abcijk-jkmb-miac,0.008034913,0.008044175,0.001152719388498813,0.008012681,0.00806238,0.006202543193719823,0.008174833,0.008178896,0.0004970132111568049,0.016886617,0.016609743,0.016396060856949557,1.017080770279578,2.0831542961744804,6.344374161761261
16,8,c64,abcijk-jkmc-miab,0.008855612,0.00890488,0.005563477713341536,0.008851243,0.00885706,0.0006571958311392123,0.00893507,0.009136762,0.022573074413518857,0.014482968,0.014467409,0.0010742963735057565,1.017470461688423,1.630049674811877,5.8299486857545855
16,8,c64,abcs-rc-abrs,0.004246493,0.004606116,0.08468705823841005,0.004621111,0.00465639,0.007634311316045084,0.004596445,0.004877853,0.061222966879838525,0.009392842,0.008902726,0.0521797343125755,1.0706382282030251,2.067651640697907,6.789923760998239
16,8,c64,abj-bka-kj,0.010904279,0.010731244,0.015868541147929238,0.010831002,0.010977554,0.013530788748815858,0.011101296,0.011080806,0.0018457304444453593,0.015771809,0.015717289,0.0034568006751795055,1.0252953900930157,1.455479395046034,6.8698290645815
16,8,c64,abjc-cbka-kj,0.011681277,0.011622376,0.005042342545254264,0.012043823,0.011696253,0.028858776818623144,0.012500594,0.012098803,0.03214175262391539,0.01285764,0.012810871,0.0036374482408902953,1.0554651687981726,1.1014818313729775,6.348657052965888
16,8,c64,abjc-kbac-jk,0.006892183,0.006838258,0.00782408128164902,0.006883246,0.006822528,0.008821128868560013,0.007050659,0.006931281,0.016931466973512665,0.010614149,0.01076124,0.013858011603191223,1.0182876278180333,1.5567633810126933,5.1445452443831465
16,8,c64,abjcd-dkbac-jk,0.008861402,0.008857892,0.0003960998496628232,0.00882232,0.008918725,0.010927397781989479,0.009106339,0.009160667,0.0059659540458576465,0.010639836,0.010736534,0.009088297977525306,1.0309059474725597,1.2063771675705997,4.712438988453255
16,8,c64,abrs-qb-aqrs,0.003977592,0.004099642,0.030684393975048074,0.004036992,0.004128987,0.02278800651574242,0.004145415,0.004222973,0.018709345143972156,0.008579507,0.008474607,0.012226809768906222,1.0361200456879789,2.1115815883250133,7.379807536534704
16,8,c64,adbjc-cbdka-kj,0.013294383,0.013762274,0.035194638216756724,0.013078381,0.013824761,0.0570697550407806,0.013549629,0.014002783,0.03344401533060415,0.014338439,0.014319253,0.0013380815024564008,1.018337385731527,1.0593315926923152,5.630865537516409
16,8,c64,ajb-kba-jk,0.008333499,0.008285896,0.0057122464405408024,0.00836069,0.008331341,0.0035103562026578272,0.008694902,0.008511446,0.021099260233180095,0.011287273,0.011423645,0.012081926254463804,1.035262747948982,1.3665119411603361,7.562455067089218
16,8,c64,ajbc-ckba-jk,0.040273075,0.040138463,0.003342481297988753,0.040476635,0.040241155,0.0058176772846852964,0.04195571,0.041898694,0.0013589568618908032,0.009957445,0.009983711,0.002637825265416893,1.0428167922052887,0.24798887248189236,1.367848840412097
16,8,c64,ajbdc-ckbad-jk,0.029351123,0.028139846,0.041268506148810724,0.029747131,0.028550792,0.04021695403163417,0.029086631,0.031150539,0.07095727243213545,0.009674819,0.009664807,0.0010348514013543975,1.047384817317344,0.3364687989959172,1.5177385813103639
16,8,c64,aqrs-pa-pqrs,0.004364212,0.00433424,0.00686767737222671,0.004403275,0.004315816,0.019862261612095478,0.004571869,0.004469612,0.022366563871361933,0.005874656,0.005909356,0.005906728836548192,1.0393753279924232,1.3547273542376084,7.019724379885194
16,8,c64,ij-ik-kj,0.071005216,0.071052741,0.0006693170259493009,0.070848163,0.071409256,0.007919654882230232,0.073559114,0.073094497,0.0063162397524255676,0.0691877,0.069104328,0.0012050118734977522,1.032345433649586,0.9734900707301546,7.226557100486757
16,8,c64,ij-ikl-ljk,0.016138692,0.016114469,0.0015009270887628157,0.01615926,0.016140107,0.0011852646717733784,0.016818458,0.016714979,0.006152704368022288,0.014105302,0.014053317,0.003685493582484156,1.0396899329220617,0.8730486588662099,3.98735080051748
16,8,c64,ij-kil-lkj,0.018560284,0.018627053,0.0035974126257982686,0.01845053,0.018814092,0.019704691409948794,0.019495586,0.019557678,0.0031849260648024735,0.017617007,0.017717848,0.00572407106383066,1.0501767735550143,0.9501828017778092,4.068540330215905
16,8,c64,ijk-ikl-lj,0.007740634,0.007897973,0.020326371199051785,0.007613086,0.007871203,0.03390438515997318,0.007811154,0.00804644,0.030121797624269142,0.011842176,0.011821377,0.0017563495087389303,1.0139426694565952,1.5132256722544102,7.4661582579389005
16,8,c64,ijk-il-jlk,0.013494104,0.013440334,0.003984703245209942,0.013495065,0.01345448,0.003007395666489998,0.013661386,0.013533157,0.00938623650631043,0.008256545,0.00822904,0.0033312965653309323,1.0096477554776888,0.6120638160422884,4.512713486319009
16,8,c64,ijk-ilk-jl,0.007326201,0.007292383,0.004616034968191518,0.007593429,0.007416225,0.02333649264383708,0.007469038,0.0075209,0.006943598358985392,0.010665764,0.010538104,0.01196913788829379,1.0253994774134727,1.450451044941039,7.627560949185547
16,8,c64,ijk-ilk-lj,0.007540521,0.007944519,0.05357693453807788,0.007728461,0.007626868,0.01314530797269986,0.007902425,0.007699794,0.025641622666459862,0.010882137,0.010827965,0.004978066348549026,1.0078253164607522,1.4024779286299276,7.404841022364396
16,8,c64,ijk-ilmk-mjl,0.004705047,0.0046885,0.003516861786928005,0.004295945,0.004350229,0.012636102184734765,0.004537285,0.00458663,0.01087544643988636,0.006260366,0.005884019,0.060115814315009675,0.971283341413973,1.292224444238822,6.014205431996671
16,8,c64,ijkl-imjn-lnkm,0.135911819,0.135152991,0.0055832377609484896,0.135844413,0.135826877,0.00012908885697038297,0.140586961,0.139104618,0.010543957913707214,0.134363453,0.133988351,0.0027916966379242236,1.031815036269145,0.9899942134135686,7.226299700335851
16,8,c64,ijkl-imjn-nlmk,0.134260503,0.133854401,0.0030247317038577526,0.134208426,0.133820107,0.0028934025349496295,0.136429645,0.136272919,0.0011487679235696602,0.135000332,0.133661952,0.009913901545071768,1.0171117968852792,1.0020303029843498,7.3288322869669
16,8,c64,ijkl-imkn-jnlm,0.130062852,0.129826092,0.0018203506716890638,0.130133094,0.129863632,0.0020706646688966046,0.133382558,0.133184532,0.0014846468906377641,0.13629769,0.136537492,0.001759398857016592,1.0256962953439988,1.0498145309052316,7.508686011886384
16,8,c64,ijkl-imkn-njml,0.131528604,0.131371252,0.0011963329284632174,0.131562768,0.131673695,0.0008431488762838946,0.134962944,0.134205204,0.005614429987537917,0.135848264,0.135251575,0.004392319654522692,1.0238390151356829,1.031188206139737,7.419697632370606
16,8,c64,ijkl-imln-jnkm,0.129430846,0.129271487,0.00123122891431926,0.129360835,0.129499042,0.001068383641772197,0.132468678,0.132359044,0.0008276220587027927,0.136740046,0.136130414,0.004458328176955573,1.0236774693135096,1.054763703140592,7.524157386543616
16,8,c64,ijkl-imln-njmk,0.130936232,0.131148617,0.0016220491208267518,0.130918079,0.1311718,0.0019380134656574732,0.134542352,0.134617403,0.0005578243496144886,0.135322366,0.134187642,0.008385339641489908,1.0269950130333587,1.0283223495485287,7.427660442737187
16,8,c64,ijkl-imnj-nlkm,0.133133758,0.133526319,0.002948621040202326,0.133464925,0.133632467,0.0012553260716250403,0.135782283,0.135991796,0.0015430069031907578,0.134370232,0.133986046,0.0028591600556290286,1.019178782943976,1.0063609701311835,7.36470088475639
16,8,c64,ijkl-imnk-njml,0.130868007,0.131076513,0.0015932541862579974,0.130789039,0.130967759,0.001366475366486819,0.134104367,0.134715446,0.004556741988871904,0.134216657,0.134713422,0.0037012172043593417,1.0262448079150386,1.0266666597472176,7.448273598752589
16,8,c64,ijkl-minj-nlmk,0.15952146,0.160038041,0.003238316650311379,0.159478971,0.160169796,0.004331762336239331,0.161541234,0.162338098,0.004932882956681928,0.162800762,0.162969205,0.001034657319355814,1.013516336940771,1.019435654660352,7.49401492452759
16,8,c64,ijkl-mink-jnlm,0.155071089,0.155081721,6.856210315264732e-05,0.155059787,0.155119191,0.0003831038411008514,0.158403809,0.158521814,0.000744963146688038,0.162985527,0.161977225,0.00618645114421712,1.0218369493961685,1.047745425539416,7.655486694292496
16,8,c64,ijkl-minl-njmk,0.15683107,0.156666916,0.001046693107430774,0.156721184,0.156981963,0.0016639677760472704,0.160159382,0.160394465,0.0014678066127904454,0.162572649,0.161675342,0.005519421658682688,1.0225067434520714,1.0342866887446416,7.56431335657627
