size_mib,threads,dtype,case,plan_A_s,plan_A2_s,plan_AA_spread,packed_A_s,packed_A2_s,packed_AA_spread,upstream_A_s,upstream_A2_s,upstream_AA_spread,tblis_A_s,tblis_A2_s,tblis_AA_spread,upstream_over_plan,tblis_over_plan,plan_scaling
1,1,f64,abc-bk-akc,0.000613798,0.000612687,0.0018100417401165636,0.000611725,0.000612747,0.0016706853569821156,0.000629768,0.000635279,0.008750841579756363,0.000904512,0.000902204,0.002551652161607576,1.0314317052424233,1.473083867363354,1.0
1,1,f64,abcijk-eiab-jkec,0.002717363,0.002727301,0.0036572220936252897,0.00271553,0.002692216,0.008585432677967075,0.002849239,0.002829301,0.00699765797112839,0.003732651,0.003743817,0.0029914395961476714,1.042950392703892,1.373174197024067,1.0
1,1,f64,abcijk-eiac-jkeb,0.002707154,0.002690572,0.006125251832736489,0.002686034,0.002668361,0.006579589089341309,0.002808152,0.002821596,0.00478749013586155,0.005218381,0.005357462,0.026652135978572744,1.042987086198743,1.959154345024632,1.0
1,1,f64,abcijk-eibc-jkea,0.002804776,0.002794696,0.0035938698847964856,0.002798415,0.002792853,0.0019875536687731232,0.002941933,0.002941017,0.00031135991200337276,0.003637895,0.003677224,0.010810922250367394,1.0506275343259044,1.306377659825607,1.0
1,1,f64,abcijk-ejab-ikec,0.002744023,0.002720118,0.008711661673389659,0.002686886,0.002683018,0.0014395847088413127,0.00284398,0.002841853,0.0007478955548210209,0.003850442,0.003868319,0.004642843600812574,1.0405820448859895,1.4126308537803534,1.0
1,1,f64,abcijk-ejac-ikeb,0.002696523,0.002700501,0.0014752331057439338,0.002684501,0.002693158,0.003224807887946435,0.00280698,0.0027914,0.00555044923725867,0.00422335,0.004261087,0.008935323854286414,1.03730497428256,1.572043292955806,1.0
1,1,f64,abcijk-ejbc-ikea,0.0028126,0.002933764,0.04307900163549738,0.002811268,0.002835812,0.008730579937594074,0.002974604,0.003068073,0.03142233386359994,0.004036249,0.004083277,0.011651411991678184,1.0516733031214371,1.413275475349047,1.0
1,1,f64,abcijk-ekab-ijec,0.002728975,0.002734224,0.0019234327906998416,0.002701904,0.002698097,0.0014090063895683125,0.002848338,0.002834139,0.004985012312443415,0.00348564,0.003479026,0.0018974994549063595,1.0401345224678435,1.2748329457014849,1.0
1,1,f64,abcijk-ekac-ijeb,0.002733743,0.002705762,0.01023541715516052,0.002686074,0.002666989,0.0071051653826366135,0.002793295,0.002806448,0.004708775836422596,0.004365786,0.004303736,0.014212790090948113,1.0294689758771123,1.5937874209287772,1.0
1,1,f64,abcijk-ekbc-ijea,0.00281223,0.00280205,0.003619903066250041,0.002799787,0.002801008,0.0004361046036713834,0.002940009,0.002950566,0.0035908053342694757,0.004029206,0.004056017,0.006654164617048819,1.0492129397739005,1.4401119712404018,1.0
1,1,f64,abcijk-ijma-mkbc,0.002808353,0.002804213,0.001474173652671218,0.002811929,0.002805746,0.0021988464146853737,0.002963483,0.002966385,0.000979253128835289,0.004030319,0.004053652,0.005789368037616649,1.0565343736032617,1.4403286350314006,1.0
1,1,f64,abcijk-ijmb-mkac,0.002687807,0.002693197,0.0020053523188234834,0.002693989,0.002662019,0.011867160556334855,0.002784468,0.002809694,0.009059540278430367,0.00432528,0.004379597,0.012558030925165609,1.0396030052703291,1.6176743040334938,1.0
1,1,f64,abcijk-ijmc-mkab,0.002715198,0.002725027,0.0036199938273380194,0.002709118,0.002723154,0.005181022015283254,0.002850782,0.002859206,0.0029549786690108437,0.003518331,0.00348702,0.00889939008012608,1.0495873066743406,1.287684325492324,1.0
1,1,f64,abcijk-ikma-mjbc,0.002830024,0.002819271,0.0037996144202311344,0.002808013,0.002793294,0.005241784849286613,0.00295136,0.002977635,0.008902675376775582,0.004057048,0.004112301,0.013619015599519724,1.0495021980233277,1.446052462460679,1.0
1,1,f64,abcijk-ikmb-mjac,0.002674442,0.002692186,0.006634655004670087,0.002669283,0.00267293,0.0013662845041158,0.00279042,0.00281349,0.008267572623475994,0.004173076,0.00424643,0.017577920938894875,1.0442112149136997,1.5688123844978041,1.0
1,1,f64,abcijk-ikmc-mjab,0.002749052,0.002718724,0.011032166725111092,0.002709188,0.00271585,0.0024590393874475147,0.002850852,0.002856831,0.00209726776416308,0.003943747,0.003922899,0.005286343165522678,1.043892008498967,1.438745732839738,1.0
1,1,f64,abcijk-jkma-mibc,0.002815416,0.002810185,0.0018579847525195259,0.002820806,0.002784537,0.012857672594286829,0.002964434,0.002947981,0.00555013199821619,0.003620181,0.003666134,0.012693564216816888,1.0509800932152433,1.2951813044234757,1.0
1,1,f64,abcijk-jkmb-miac,0.00271081,0.002709418,0.000513499655084737,0.002665665,0.002655647,0.0037581616594731804,0.002786612,0.002799865,0.004755954542648988,0.00519675,0.005372128,0.03374763073074516,1.0306690906581155,1.9496270550448715,1.0
1,1,f64,abcijk-jkmc-miab,0.002716681,0.002708386,0.0030533581233864737,0.002702696,0.002696464,0.002305845718497457,0.002850803,0.002838377,0.004358771896900593,0.003788336,0.003807656,0.005099864425964329,1.0486825471824963,1.4001626725566876,1.0
1,1,f64,abcs-rc-abrs,0.000291936,0.00029094,0.003411706675435777,0.000291285,0.000290739,0.0018744528554509587,0.00031038,0.000309895,0.0015626006830338213,0.000694819,0.000693317,0.0021617140579055505,1.064164103437521,2.3815309156708113,1.0
1,1,f64,abj-bka-kj,0.001100358,0.001120058,0.017903264210375136,0.001113332,0.001138212,0.022347332152493404,0.001160521,0.001168338,0.006735767814628035,0.001648494,0.001649381,0.0005380668658787613,1.0488744204043197,1.4853093683163792,1.0
1,1,f64,abjc-cbka-kj,0.000555739,0.000551634,0.007386560957571842,0.000544298,0.000583472,0.07197160379057066,0.000647171,0.000654835,0.011842310610333362,0.000843798,0.00086754,0.028137065980246456,1.1757487217774043,1.5452652888925749,1.0
1,1,f64,abjc-kbac-jk,0.000328114,0.000325153,0.009024302528999106,0.000324567,0.000324102,0.0014326779986875149,0.000341088,0.000343026,0.005681818181818121,0.000687325,0.000693567,0.009081584403302534,1.047226145540576,2.1138249400486298,1.0
1,1,f64,abjcd-dkbac-jk,0.003077857,0.003118807,0.013304711687385229,0.003033414,0.003085205,0.017073502001375473,0.003321883,0.003269727,0.01570073358995483,0.005837329,0.005808498,0.004939074018270984,1.0637251892229276,1.8794056949824702,1.0
1,1,f64,abrs-qb-aqrs,0.000288179,0.000289226,0.0036331585577020764,0.000287417,0.000288896,0.00514583340581809,0.00030482,0.000305527,0.0023194016140672957,0.000696412,0.000698566,0.0030929966743824533,1.0570528380146778,2.4159448400020658,1.0
1,1,f64,adbjc-cbdka-kj,0.008647164,0.00874135,0.010892126019582893,0.008525336,0.008722165,0.023087535787445823,0.00898186,0.009123509,0.01577056422611811,0.007637386,0.007692133,0.007168290302467462,1.041209184726119,0.8815960996232954,1.0
1,1,f64,ajb-kba-jk,0.000896226,0.000901863,0.006289708176286046,0.00088198,0.000887086,0.0057892469216989095,0.000913229,0.000915729,0.002737538996242961,0.001317945,0.001332943,0.011379837550125282,1.017171719036442,1.4742643990231559,1.0
1,1,f64,ajbc-ckba-jk,0.000420777,0.000430409,0.022890985011062792,0.000420577,0.000429196,0.020493274715450482,0.000472053,0.000467457,0.009736194876422744,0.000754712,0.00073306,0.02868908934798975,1.103823272607222,1.747807990505791,1.0
1,1,f64,ajbdc-ckbad-jk,0.003067628,0.003144605,0.025093329438901968,0.003060494,0.003119749,0.019361253444705184,0.00321305,0.003383579,0.053073870621372254,0.005447169,0.005443291,0.000711929444450865,1.0616039003990474,1.7532013811986824,1.0
1,1,f64,aqrs-pa-pqrs,0.000188963,0.000187508,0.007699920090176393,0.000281957,0.00028035,0.005699450625449964,0.000300983,0.000300077,0.0030101367851340655,0.000659554,0.000659404,0.00022742641239381634,1.5965739890538373,3.5035044989081685,1.0
1,1,f64,ij-ik-kj,0.00289214,0.002893308,0.0004038532021271024,0.003085141,0.003087969,0.0009166517835001997,0.00313804,0.003134536,0.0011166205657034967,0.003608741,0.003611461,0.0007537254682450367,1.084198691116462,1.2479935235438708,1.0
1,1,f64,ij-ikl-ljk,0.00073753,0.000735234,0.0031130937046629503,0.000733311,0.000732609,0.0009573018814664769,0.000761134,0.000761583,0.0005899092669621187,0.001282189,0.001284694,0.001953690134605779,1.0339190693212792,1.742903069991845,1.0
1,1,f64,ij-kil-lkj,0.001099076,0.00110502,0.0054081792341929,0.001096882,0.001099651,0.002524428334132578,0.001135694,0.001154513,0.016570484655197504,0.001816688,0.00190734,0.04989959750931372,1.039037322826642,1.6890997616038548,1.0
1,1,f64,ijk-ikl-lj,0.000655516,0.000675383,0.03030742193935776,0.000654303,0.000657289,0.00456363489086864,0.000675564,0.000679861,0.006360611281832629,0.001076123,0.001100361,0.022523447598462143,1.018536514168591,1.635429550808571,1.0
1,1,f64,ijk-il-jlk,0.000640728,0.000650426,0.015135907904758161,0.000640278,0.000644606,0.0067595638144681836,0.000673229,0.000686594,0.019852085991542312,0.000960977,0.000960903,7.700496473894702e-05,1.053163044646986,1.4885398751866163,1.0
1,1,f64,ijk-ilk-jl,0.000617746,0.000624699,0.011255435081732656,0.00061484,0.000615592,0.001223082427948663,0.000639666,0.000633996,0.008864000900470015,0.000920062,0.000920658,0.0006477824320534342,1.0251313528133164,1.4815534915126294,1.0
1,1,f64,ijk-ilk-lj,0.000655737,0.000670504,0.02251969920867669,0.000655025,0.000661107,0.009285141788481166,0.000672928,0.000675394,0.0036645822435683595,0.001059832,0.00106145,0.0015266570550804826,1.0167106376009116,1.5995681703183458,1.0
1,1,f64,ijk-ilmk-mjl,0.000258454,0.00025847,6.190656751314805e-05,0.000258444,0.000258519,0.0002901982634537781,0.000263252,0.000263108,0.0005470043912296774,0.000576558,0.000567664,0.015426028257348068,1.0182540964524627,2.2134538803404653,1.0
1,1,f64,ijkl-imjn-lnkm,0.003813213,0.003817624,0.001156767272114001,0.00381192,0.003813947,0.0005317530273458715,0.003866322,0.003873387,0.0018273180557646374,0.004416231,0.004448834,0.007382539545598865,1.0142671201759093,1.1617344898001387,1.0
1,1,f64,ijkl-imjn-nlmk,0.003750345,0.003756991,0.0017721036331324047,0.003744715,0.003755269,0.0028183720256413913,0.003792053,0.003822704,0.008082956646439321,0.004555923,0.004579868,0.0052557955874144024,1.0143009844238131,1.216911458304993,1.0
1,1,f64,ijkl-imkn-jnlm,0.003751237,0.003788841,0.01002442660914249,0.003760424,0.003763323,0.0007709237043482808,0.003797934,0.003831029,0.008713948162343055,0.004380694,0.00443035,0.011335190268939144,1.0117914020653969,1.1685573614416398,1.0
1,1,f64,ijkl-imkn-njml,0.003725198,0.003741573,0.004395739501631857,0.003733634,0.003735712,0.0005565623197132386,0.003780211,0.003796385,0.004278597147090446,0.004555932,0.004523533,0.007111387966282301,1.0147086278825614,1.2159779679120246,1.0
1,1,f64,ijkl-imln-jnkm,0.003748662,0.003757682,0.002406191862589946,0.003749163,0.003779783,0.008167156242606666,0.003819494,0.003811112,0.002194531526950927,0.00438388,0.004425141,0.00941198207980154,1.0165543845934037,1.173531445822444,1.0
1,1,f64,ijkl-imln-njmk,0.003738904,0.0037398,0.00023964241927587615,0.003723775,0.003747664,0.00641526408013382,0.003775723,0.003779023,0.0008740047932540573,0.004472195,0.004496393,0.005410765854350963,1.010167715352845,1.199212513316917,1.0
1,1,f64,ijkl-imnj-nlkm,0.003754643,0.003761289,0.0017700750777103202,0.003732882,0.003754286,0.005733907474171351,0.003784539,0.00379368,0.0024153536269542197,0.004384171,0.004439317,0.012578432729927647,1.008286989517619,1.1739487689716137,1.0
1,1,f64,ijkl-imnk-njml,0.00373122,0.003726965,0.001140377678078508,0.00372084,0.003721356,0.00013867836295022862,0.00376919,0.003771618,0.0006441702328616739,0.004381987,0.004437364,0.012637417682891172,1.0110782765954394,1.1824832149550917,1.0
1,1,f64,ijkl-minj-nlmk,0.004596638,0.004615885,0.004187190725047252,0.004597851,0.004612449,0.003174961520066688,0.004675886,0.004689953,0.0030084138064958577,0.005365837,0.005479798,0.021238252298755977,1.0166432014673188,1.177208450587046,1.0
1,1,f64,ijkl-mink-jnlm,0.004522589,0.004585709,0.013956607597993331,0.004542166,0.00458589,0.009626244395295025,0.004625512,0.004681276,0.01205574647736296,0.005390733,0.005489956,0.01840621674269527,1.0217984101541984,1.1945698132170628,1.0
1,1,f64,ijkl-minl-njmk,0.004598943,0.004598252,0.0001502519165818006,0.004555812,0.004599876,0.009672040900722045,0.004644077,0.00464014,0.000847746495159285,0.005325381,0.005648261,0.06063040372134876,1.0094617099512648,1.1926343755985072,1.0
1,4,f64,abc-bk-akc,0.000261829,0.000186907,0.28614859316576846,0.000166802,0.000167782,0.005875229313797137,0.000217747,0.000215059,0.012344601762595997,0.000255638,0.000257919,0.0089227736095574,0.9782125813685797,1.160734029169137,2.772109686347873
1,4,f64,abcijk-eiab-jkec,0.000852825,0.000820052,0.03842875150235969,0.00080205,0.000792942,0.011355900504956051,0.000958253,0.000894932,0.06607962615300966,0.001350676,0.001421529,0.052457436128279245,1.1073488397577056,1.6569247911087364,3.255290173102313
1,4,f64,abcijk-eiac-jkeb,0.000818141,0.001256452,0.5357401719263548,0.000769429,0.000820924,0.0669262531045749,0.000897328,0.000870726,0.029645792842750818,0.001842466,0.001814989,0.014913165290431518,0.8718250362893385,1.8036393850678434,2.6619001485289444
1,4,f64,abcijk-eibc-jkea,0.0008879,0.000901183,0.014960018020047317,0.00082336,0.00085121,0.033824815390594676,0.00091474,0.000929866,0.016535846251393815,0.001015119,0.001013151,0.001938688961589885,1.0310280863095116,1.133723225528126,3.129881208747695
1,4,f64,abcijk-ejab-ikec,0.000856632,0.000853855,0.003241765425526899,0.000816017,0.000811927,0.005012150482159083,0.00091969,0.000923635,0.004289488849503531,0.001339124,0.001386884,0.03566510644271936,1.0776598757293032,1.5934603299362262,3.1944679556432023
1,4,f64,abcijk-ejac-ikeb,0.000842766,0.000771482,0.0845833837625154,0.000830773,0.000761574,0.08329471468138716,0.000902357,0.00084617,0.06226692982932469,0.00116523,0.001297318,0.11335787784385909,1.0836813660986848,1.5247991760492123,3.3466310310540934
1,4,f64,abcijk-ejbc-ikea,0.000879334,0.000875596,0.004250944464788131,0.000837346,0.000842795,0.006507465253312361,0.001002976,0.0009693,0.03357607759308301,0.001120726,0.001124367,0.003248786947032567,1.1236875253104333,1.279307516809796,3.2736915425736393
1,4,f64,abcijk-ekab-ijec,0.000813091,0.000831394,0.022510395515384918,0.000847555,0.000799614,0.05656388081009489,0.000916604,0.000924536,0.008653682506295057,0.001206185,0.001307076,0.08364471453384015,1.119643510899952,1.5271593726254014,3.322337927921209
1,4,f64,abcijk-ekac-ijeb,0.000803041,0.00084009,0.04613587600134994,0.000777353,0.00080243,0.03225947542493568,0.000897459,0.000901564,0.00457402510866789,0.001756024,0.001834886,0.04490940898302087,1.0951505417028973,2.1854355330438904,3.311249238793631
1,4,f64,abcijk-ekbc-ijea,0.000878553,0.000858153,0.023219999248764833,0.000841624,0.00089436,0.06265981008146149,0.000972459,0.001022759,0.051724545713495385,0.001130144,0.001127623,0.0022306891865108147,1.1485660086712384,1.3001172155151082,3.2329352992133362
1,4,f64,abcijk-ijma-mkbc,0.00087177,0.001017008,0.16660128244835226,0.001158357,0.000863943,0.2541651666973135,0.000991875,0.00096408,0.028022684310018864,0.001148618,0.001193886,0.03941083980923166,1.0385367383095219,1.2436726801105098,2.980356409493707
1,4,f64,abcijk-ijmb-mkac,0.00075909,0.000811917,0.06959253843417779,0.000750834,0.00077592,0.03341084713798259,0.000912627,0.000906934,0.006238035911714124,0.001761094,0.001918331,0.08928370660509888,1.158862863419197,2.3412650856651975,3.4271305537254544
1,4,f64,abcijk-ijmc-mkab,0.000829651,0.000824811,0.005833778299550119,0.000792211,0.000865326,0.09229233120974079,0.000970836,0.000913115,0.05945494398641993,0.001221314,0.001410438,0.1548528879551041,1.1381794289483351,1.5865936991089713,3.28822263668082
1,4,f64,abcijk-ikma-mjbc,0.000861872,0.001215466,0.41026277683925216,0.000924739,0.000911893,0.013891487219637177,0.000982207,0.000955323,0.02737101242406126,0.001126076,0.001204586,0.06971998337589991,0.9464198401452726,1.1379153700327704,2.7597559474235287
1,4,f64,abcijk-ikmb-mjac,0.000781571,0.000784486,0.0037296675541953483,0.00080202,0.00078077,0.026495598613500926,0.000891698,0.000880465,0.012597314337365328,0.001180277,0.001209465,0.024729788007391562,1.1315874638823835,1.5258498788091652,3.4268279907270554
1,4,f64,abcijk-ikmc-mjab,0.000859448,0.000819321,0.04668927032234638,0.000824832,0.000788914,0.043545837212911165,0.000882811,0.000939814,0.06456987962315841,0.001382987,0.00133053,0.037930219156073086,1.0854703804591823,1.616532865653012,3.257895817359843
1,4,f64,abcijk-jkma-mibc,0.001010089,0.001010216,0.00012573149494743419,0.000853366,0.000825673,0.03245149209131848,0.000962049,0.001022197,0.06252072399638697,0.001019036,0.001015815,0.0031608304318984093,0.9817003710085258,1.0071986431411217,2.7845293552585586
1,4,f64,abcijk-jkmb-miac,0.00076991,0.000838927,0.0896429452793186,0.000985182,0.000791489,0.19660631233619774,0.0009304,0.000902315,0.03018594153052445,0.001841614,0.001733518,0.058696339189428404,1.1400709331199053,2.223214751627562,3.3721390866527217
1,4,f64,abcijk-jkmc-miab,0.000840752,0.000798943,0.04972810055759602,0.000815455,0.00080831,0.008761979508372542,0.00093587,0.000938943,0.0032835757103015784,0.001507469,0.001331141,0.11696956952348603,1.1437616341265648,1.7284004572214455,3.3096551918420083
1,4,f64,abcs-rc-abrs,8.9047e-05,8.7132e-05,0.02150549709703864,8.7474e-05,8.7102e-05,0.004252692228547961,0.000138559,0.000142665,0.02963358569273722,0.000234008,0.00023174,0.009691976342689146,1.596164335676145,2.6437316238017767,3.3086212606543546
1,4,f64,abj-bka-kj,0.000299139,0.000302251,0.010403190490039682,0.000298258,0.000305908,0.025648934814824997,0.000380231,0.000364116,0.04238213086255471,0.000464299,0.000456126,0.01760288090217721,1.2374374358783229,1.5304561695981986,3.6920439894200325
1,4,f64,abjc-cbka-kj,0.000212627,0.000218114,0.025805753737766057,0.00021397,0.000221341,0.0344487544982941,0.000286415,0.000278107,0.029006860674196555,0.000281937,0.000282314,0.0013371781639159863,1.310547790475164,1.3100602451221874,2.5710467503420302
1,4,f64,abjc-kbac-jk,9.7312e-05,9.7561e-05,0.002558780006576722,9.615e-05,9.684e-05,0.007176287051481989,0.000160831,0.000153254,0.04711156431285024,0.000232936,0.000234445,0.006478174262458447,1.6112742611091428,2.3983771252461272,3.3522387540749294
1,4,f64,abjcd-dkbac-jk,0.001343372,0.001186041,0.11711648002191499,0.001214902,0.001187986,0.022154873397195685,0.001401721,0.001343784,0.041332761655136885,0.00208,0.002069792,0.00490769230769228,1.0872953372773455,1.6437926049129896,2.454542024484292
1,4,f64,abrs-qb-aqrs,8.5329e-05,8.7022e-05,0.019840851293229766,8.4468e-05,8.5529e-05,0.012560969834730207,0.000129723,0.000127597,0.01638876683394619,0.000228477,0.000229816,0.005860546138123368,1.4930208252049022,2.6591847796930628,3.3503252657376654
1,4,f64,adbjc-cbdka-kj,0.005077395,0.005235328,0.03110512378887198,0.005100038,0.00528515,0.03629620014595969,0.005627214,0.005598442,0.005113009741587904,0.00265197,0.002611057,0.015427399254139385,1.0886490147771635,0.5103875315358362,1.6862954926545888
1,4,f64,ajb-kba-jk,0.000239087,0.000265102,0.10880976380982665,0.000231713,0.000231209,0.0021751045474359687,0.000297546,0.000282595,0.05024769279371921,0.000341288,0.000342255,0.0028333841213288302,1.1517939990934807,1.3575346595931248,3.571038816793459
1,4,f64,ajbc-ckba-jk,0.000132969,0.000132276,0.005211741082508103,0.000131265,0.000128208,0.023288766998057486,0.000207468,0.000216291,0.04252704031465093,0.000256009,0.000256907,0.0035076891828020873,1.59727265396588,1.9337479104741955,3.2088612621618213
1,4,f64,ajbdc-ckbad-jk,0.001209943,0.001235102,0.020793541513939084,0.001247112,0.001248889,0.0014248920706398938,0.001397944,0.001405318,0.005274889409017991,0.001975404,0.002041129,0.033271675059886485,1.1465640579052474,1.6425905608809566,2.540683275329625
1,4,f64,aqrs-pa-pqrs,0.000202028,0.000117268,0.41954580553190646,8.9778e-05,0.000292012,2.252600859898862,0.000212487,0.000122818,0.4219975810284865,0.00021421,0.000213447,0.0035619252135754564,1.0495464198434212,1.389214657149115,1.2229332328297369
1,4,f64,ij-ik-kj,0.001003967,0.000746997,0.25595462799076063,0.000799285,0.000809622,0.012932808697773579,0.000881278,0.000919186,0.04301480350127895,0.001021441,0.001021616,0.0001713265866554181,1.039295428640702,1.1795906956642723,3.3403182177538366
1,4,f64,ij-ikl-ljk,0.000441566,0.000442912,0.0030482419389172843,0.000438861,0.000445607,0.015371609689628363,0.000533077,0.000526848,0.011684991098846798,0.000738992,0.000733081,0.007998733409833814,1.1983428912449865,1.6643295106519735,1.6651221575557544
1,4,f64,ij-kil-lkj,0.000619739,0.000621424,0.0027188864989939887,0.000617875,0.000616144,0.0028015375278171994,0.000738791,0.000739132,0.00046156490807280903,0.00102651,0.001019752,0.006583472153218084,1.190757638296785,1.648657530199541,1.7758263952862432
1,4,f64,ijk-ikl-lj,0.000257531,0.000251016,0.02529792529831365,0.000248135,0.000246368,0.007121123581921185,0.000335527,0.000309835,0.07657207914713271,0.00040103,0.000404521,0.008705084407650387,1.2681292363471042,1.5841398087904262,2.6169851076060735
1,4,f64,ijk-il-jlk,0.000243796,0.000653493,1.6804910663013337,0.000238486,0.000239996,0.006331608564024815,0.000299821,0.00030197,0.00716761000730437,0.000363379,0.000365508,0.005858896634092892,0.7538399786275819,0.9130500788776437,1.6173426543937233
1,4,f64,ijk-ilk-jl,0.000234499,0.000222723,0.05021769815649535,0.000230962,0.000216893,0.06091478251833626,0.000305392,0.000294426,0.03590794781788653,0.000352499,0.000337977,0.04119727999228362,1.3120907568346665,1.510321784460853,2.718237158075535
1,4,f64,ijk-ilk-lj,0.000216746,0.000216492,0.001171878604449561,0.000212107,0.000206033,0.028636490073406407,0.000283099,0.00027468,0.029738713312304044,0.000343663,0.000324652,0.05531872793987147,1.2873191061634373,1.5419807705041308,3.0610403841746603
1,4,f64,ijk-ilmk-mjl,8.3776e-05,7.8967e-05,0.05740307486631013,8.1543e-05,7.7373e-05,0.05113866303668002,0.000181219,0.000136924,0.24442801251524393,0.000181258,0.000174374,0.03797901334010079,1.9366851557648408,2.18578190820557,3.177708608658463
1,4,f64,ijkl-imjn-lnkm,0.000993167,0.00099145,0.001728812979086114,0.000989039,0.000986682,0.002383121393595089,0.00108552,0.001082229,0.003031726730046369,0.001239528,0.001275267,0.028832749240033317,1.0922748888725087,1.2670162433857142,3.8449930545407973
1,4,f64,ijkl-imjn-nlmk,0.000961959,0.000957527,0.004607264966594138,0.00095744,0.000956826,0.0006412934491978328,0.001020219,0.001036945,0.01639451921597246,0.001220152,0.001234772,0.011982113703866482,1.0716939253804985,1.2789293642294093,3.9111267652361863
1,4,f64,ijkl-imkn-jnlm,0.000970294,0.000963007,0.00751009487845955,0.000960677,0.000965623,0.005148452601654974,0.001051677,0.00104557,0.005806916001776186,0.001191678,0.001216298,0.02065994337396515,1.084804180112419,1.2454694013525145,3.90008477218848
1,4,f64,ijkl-imkn-njml,0.000985904,0.000954843,0.031505095830831276,0.000953694,0.000948561,0.005382229520160653,0.001023875,0.001042946,0.01862629715541453,0.001239288,0.001228109,0.009020502094751248,1.065052662146265,1.271514393157436,3.84785318724465
1,4,f64,ijkl-imln-jnkm,0.000961438,0.00095924,0.0022861588578775294,0.0009627,0.000956306,0.0066417367819674444,0.001051596,0.001070056,0.01755426989071851,0.001183003,0.001210426,0.023180837242170904,1.1045959185402936,1.2460565804524837,3.9081738301769944
1,4,f64,ijkl-imln-njmk,0.000955146,0.000960953,0.006079698810443457,0.000950518,0.000952618,0.0022093216540874927,0.001031529,0.001062231,0.029763583961284645,0.001214391,0.001216258,0.0015373961104785394,1.0926076897807826,1.2685458556721942,3.903106411312608
1,4,f64,ijkl-imnj-nlkm,0.001012323,0.000957748,0.0539106589497621,0.000957591,0.000955423,0.0022640145949576196,0.001053881,0.001059807,0.005623025749586619,0.001209522,0.001204465,0.004180990506993609,1.073307095240796,1.225797692297368,3.816519606324713
1,4,f64,ijkl-imnk-njml,0.00095165,0.000968147,0.017335154731256353,0.000968752,0.00094776,0.02166911655408199,0.001027873,0.001017779,0.009820279353577765,0.001211566,0.00120679,0.003942005635681589,1.0655827809696017,1.2597376576748713,3.8850249075675
1,4,f64,ijkl-minj-nlmk,0.00118717,0.001175942,0.009457786163733939,0.001174897,0.001177326,0.002067415271296058,0.001291205,0.001270288,0.016199596500942826,0.001482082,0.00148184,0.00016328381290653393,1.0839251410955857,1.2542594031118541,3.8985062427272204
1,4,f64,ijkl-mink-jnlm,0.001157064,0.001159482,0.0020897720437245138,0.001154529,0.001153311,0.0010549756654012477,0.001248234,0.00127687,0.022941211343386003,0.001489195,0.00148139,0.00524108662733902,1.0899602238180626,1.2823299708605564,3.931751948804234
1,4,f64,ijkl-minl-njmk,0.001167534,0.001172857,0.004559182002408457,0.001166862,0.001164751,0.0018091256721018967,0.00126202,0.00126084,0.0009350089538991968,0.001468557,0.001475559,0.004767945677287333,1.0779678478294408,1.2579587292898549,3.9297787260032186
1,8,f64,abc-bk-akc,0.000179426,0.000180114,0.0038344498567655094,0.000179986,0.000178682,0.007245007945062443,0.000255498,0.000259682,0.016375862041972944,0.00015514,0.00015635,0.007799406987237356,1.4328418336471915,0.8663520613109846,3.4112664580271956
1,8,f64,abcijk-eiab-jkec,0.000548876,0.000564438,0.028352487629264234,0.00049728,0.000558216,0.12253861003861011,0.000685862,0.000691313,0.007947662940941624,0.000920581,0.000947189,0.02890348595072023,1.2371161880680817,1.6776605167325316,4.890971383939629
1,8,f64,abcijk-eiac-jkeb,0.000568704,0.00057628,0.013321516993022753,0.0005241,0.000564759,0.0775787063537492,0.000642311,0.000688919,0.07256297961579361,0.001106038,0.001106925,0.0008019615962562288,1.161975164876438,1.9327879395508318,4.714318008548284
1,8,f64,abcijk-eibc-jkea,0.0007433,0.000782082,0.05217543387595858,0.000730646,0.00086686,0.18642954317138516,0.000826676,0.000844798,0.02192152669244063,0.00065789,0.000685953,0.042656067123683306,1.0960639442089213,0.8810805430870295,3.672046450654307
1,8,f64,abcijk-ejab-ikec,0.000592478,0.000532639,0.10099784295788194,0.000495897,0.000479971,0.03211554012224316,0.000661297,0.00075399,0.14016848707917906,0.000910623,0.001038798,0.14075528511799074,1.2569803069572207,1.731339607778262,4.86334579758913
1,8,f64,abcijk-ejac-ikeb,0.000559656,0.000536536,0.04131109109881781,0.000546352,0.000550031,0.0067337540633145565,0.000656568,0.000679782,0.03535658149650911,0.000734113,0.000778365,0.06027954824393533,1.2191711320842615,1.3794726403254531,4.924523565580642
1,8,f64,abcijk-ejbc-ikea,0.000769088,0.000727831,0.053644056336856205,0.000688167,0.000714556,0.038346796635118974,0.0008129,0.000831835,0.023293147988682428,0.000665244,0.000721821,0.08504699027725171,1.0990915384650828,0.9261939660862781,3.839399301570395
1,8,f64,abcijk-ekab-ijec,0.000569856,0.000691093,0.21275023865678366,0.000499014,0.000637243,0.2770042523857046,0.00067933,0.000666959,0.018210589845877645,0.000780319,0.000865617,0.10931170457210437,1.0726033670897441,1.3096286570742395,4.352772953934393
1,8,f64,abcijk-ekac-ijeb,0.000554988,0.000544812,0.018335531579061093,0.000486019,0.000520647,0.07124824338143143,0.000676375,0.000682126,0.008502679726483109,0.001102743,0.001086748,0.014504739544934808,1.2352673041654418,1.990840425391645,4.946050084570912
1,8,f64,abcijk-ekbc-ijea,0.00073839,0.000749411,0.014925716762144603,0.000690902,0.000747969,0.08259782139869332,0.000824972,0.000825523,0.0006679014560493357,0.000699187,0.000692926,0.008954685942387464,1.1093823656712103,0.935701156203201,3.7736396269707075
1,8,f64,abcijk-ijma-mkbc,0.000705179,0.000865436,0.22725719285458013,0.000642071,0.000796138,0.2399532138969056,0.000753349,0.0007541,0.0009968819232519799,0.000676064,0.000694911,0.02787753822123351,0.964818038835974,0.8773872817178698,3.592230397038065
1,8,f64,abcijk-ijmb-mkac,0.000578251,0.000585196,0.012010355364711733,0.000499514,0.00052785,0.056727138778893016,0.000640578,0.000664253,0.03695880907555349,0.00110179,0.001111203,0.00854337033372965,1.121357006936865,1.9021170789267943,4.625133051547459
1,8,f64,abcijk-ijmc-mkab,0.000600974,0.000571271,0.04942476712802879,0.000587198,0.000536967,0.08554354749164694,0.00068445,0.000654185,0.04421798524362619,0.000894633,0.000843326,0.057349773594311815,1.1420160933250056,1.4824200186942882,4.642343014921064
1,8,f64,abcijk-ikma-mjbc,0.000785038,0.000625962,0.20263477691525755,0.000756605,0.000634938,0.1608064974458271,0.00082332,0.000724455,0.1200808919982509,0.00067367,0.000681876,0.012181038193774363,1.1017186856279022,0.9668452809299164,4.029434929821783
1,8,f64,abcijk-ikmb-mjac,0.000615411,0.000553758,0.10018182970405132,0.000543446,0.000533351,0.018575902665582067,0.000637502,0.000663592,0.0409253618027865,0.000779338,0.000760932,0.02361748047702028,1.1141629503312154,1.3191470675771204,4.596491789040028
1,8,f64,abcijk-ikmc-mjab,0.000571058,0.000568245,0.004925944474992172,0.000605162,0.00053871,0.10980861323083746,0.000725367,0.000685362,0.05515139232967581,0.001049683,0.000981753,0.06471477579421603,1.2377444453304838,1.782059822300184,4.799169804454158
1,8,f64,abcijk-jkma-mibc,0.000728763,0.000777894,0.06741697918253253,0.000687386,0.000727841,0.05885339532664324,0.000852234,0.000837384,0.01742479178253853,0.000666085,0.000660185,0.008857728368001028,1.121988457523849,0.8807330316071733,3.7358151113421703
1,8,f64,abcijk-jkmb-miac,0.00055118,0.000593742,0.07721978301099464,0.000502229,0.000530505,0.056301010096987625,0.000633685,0.000621654,0.01898577368882015,0.001087333,0.001122834,0.032649611480567664,1.0971486396805559,1.9314943899931976,4.737420495712555
1,8,f64,abcijk-jkmc-miab,0.000595974,0.00054363,0.08782933483675459,0.000551661,0.000520717,0.05609241907620799,0.000681064,0.000687106,0.008871412965595127,0.000992275,0.000858223,0.1350956136151772,1.201822882097878,1.6212527848600797,4.765508389634687
1,8,f64,abcs-rc-abrs,5.6115e-05,5.6705e-05,0.010514122783569446,5.6305e-05,5.4251e-05,0.036479886333362854,0.000174707,0.00014037,0.1965404935119942,0.000157064,0.000160378,0.021099679111699743,2.7761449755942373,2.8135883846727885,5.1664874981915885
1,8,f64,abj-bka-kj,0.000159108,0.000162632,0.022148477763531682,0.000157435,0.0001566,0.005303776161590501,0.000287398,0.000302521,0.05262040793603284,0.000244207,0.000259541,0.06279099288718193,1.8330344395275706,1.5650673496146723,6.901416678152844
1,8,f64,abjc-cbka-kj,0.000153657,0.00015596,0.014987927657054367,0.000156512,0.000146271,0.06543268247802081,0.000301143,0.000256787,0.14729215024091546,0.0001927,0.000191957,0.0038557343020237944,1.796346511430639,1.2423960048132665,3.5766641572345494
1,8,f64,abjc-kbac-jk,0.000411239,6.3809e-05,0.8448371871344887,6.0433e-05,6.0061e-05,0.0061555772508398165,0.000168746,0.00017288,0.024498358479608573,0.000160531,0.000161389,0.005344762070877307,1.0543893338491528,0.9936382571020121,2.016360340898284
1,8,f64,abjcd-dkbac-jk,0.00103735,0.001019583,0.01712729551260439,0.000923497,0.000926259,0.002990805600884494,0.001132568,0.001136941,0.0038611368147432046,0.001510475,0.001551931,0.027445671063738297,1.1033852117576965,1.4887405799634716,3.012621150629006
1,8,f64,abrs-qb-aqrs,5.5274e-05,5.6054e-05,0.01411151716901271,5.354e-05,5.4541e-05,0.018696301830407158,0.000175418,0.000164926,0.05981142186092647,0.000156963,0.00016182,0.030943598172817666,3.0557504817524954,2.863195429164638,5.186639688452749
1,8,f64,adbjc-cbdka-kj,0.002981595,0.002830624,0.05063430814714953,0.003034825,0.00291935,0.03804996993236853,0.003292898,0.003201985,0.02760881144815286,0.002089036,0.002076846,0.005835227348882421,1.1177208894566695,0.7169843748692364,2.9926827795769113
1,8,f64,ajb-kba-jk,0.000129462,0.000131164,0.013146714866138165,0.000127178,0.000126976,0.0015883250247684666,0.000232094,0.000217634,0.06230234301619164,0.000195185,0.000197567,0.012203806644977888,1.7247130385795117,1.5069607464723156,6.8992291872465445
1,8,f64,ajbc-ckba-jk,9.8695e-05,9.3183e-05,0.05584882719489337,9.0128e-05,8.6571e-05,0.03946609266820533,0.000202989,0.000202756,0.0011478454497533264,0.000176811,0.000228925,0.294744105287567,2.115471552494367,2.0979026511697456,4.4376265231959575
1,8,f64,ajbdc-ckbad-jk,0.000982898,0.000970252,0.012866034929362002,0.000979031,0.000971033,0.008169302095643483,0.00117093,0.001169882,0.0008950150734886586,0.001476561,0.001480057,0.0023676637809071366,1.1985054050774497,1.5137997121100901,3.1804450604345877
1,8,f64,aqrs-pa-pqrs,3.5947e-05,4.4703e-05,0.24358082732912356,5.0765e-05,5.0754e-05,0.00021668472372693426,0.000123751,0.000122467,0.01037567373192938,0.000147526,0.000149037,0.01024226238086845,3.0710312634516557,3.6989773586505548,4.6956814574164545
1,8,f64,ij-ik-kj,0.000448639,0.000440457,0.018237380165344597,0.000421448,0.000418357,0.007334238150376815,0.000559616,0.000577632,0.03219350411710886,0.000606414,0.000605103,0.002161889402289563,1.2789996144040088,1.3626960354674804,6.5073882646306975
1,8,f64,ij-ikl-ljk,0.00031025,0.000309174,0.0034681708299757474,0.000300081,0.000304836,0.015845721655153078,0.000415687,0.000421783,0.014664880066011188,0.00058831,0.000576381,0.02027672485594323,1.3519803504812904,1.8801849233008627,2.3776354037598826
1,8,f64,ij-kil-lkj,0.000433,0.000442712,0.022429561200923764,0.000436696,0.000432423,0.009784838881052305,0.00055055,0.000561552,0.019983652710925393,0.000804975,0.000797691,0.009048728221373259,1.2699563018464062,1.8302227410059095,2.517064452451363
1,8,f64,ijk-ikl-lj,0.001033693,0.000142124,0.8625085010733361,0.000143769,0.000138878,0.034019851289220915,0.000268622,0.00026936,0.002747355019320885,0.000231923,0.000234395,0.010658710002888983,0.7017910772617157,0.6082982724322844,1.735949999489784
1,8,f64,ijk-il-jlk,0.000130945,0.000254122,0.9406773836343507,0.000130284,0.000245366,0.8833164471462347,0.000228267,0.000318701,0.3961764074526761,0.000218308,0.000171128,0.21611667918720345,1.478589733336082,1.0595702855195355,3.538915605803155
1,8,f64,ijk-ilk-jl,0.000453107,0.000181377,0.5997038227173714,0.000251521,0.000179022,0.28824233364212126,0.000354543,0.000262778,0.258826150847711,0.000215243,0.000154166,0.28375835683390405,1.0647250356999167,0.6354294330433068,2.1669499641731473
1,8,f64,ijk-ilk-lj,0.000141344,0.000101909,0.27900016979850584,0.000138549,9.8643e-05,0.2880280622739969,0.000248214,0.000180234,0.2738765742464164,0.000235801,0.000166439,0.29415481698550894,1.7623271767457387,1.650651577865142,5.524851031126377
1,8,f64,ijk-ilmk-mjl,0.000534579,5.9691e-05,0.8883401704893009,0.000536604,5.5303e-05,0.8969388972128423,0.000202639,0.00013999,0.30916556043012455,0.000161152,0.000112629,0.30110082406671956,0.9428652919413278,0.7541931602651614,1.446892701452874
1,8,f64,ijkl-imjn-lnkm,0.00085573,0.000628207,0.2658817617706519,0.000852955,0.000666467,0.21863756001195833,0.000972619,0.00077049,0.20781930026043083,0.000991714,0.000734884,0.2589758740927325,1.1806879022897463,1.1643481395348942,5.203820936727749
1,8,f64,ijkl-imjn-nlmk,0.000715648,0.000603781,0.1563156747451262,0.000709847,0.000614802,0.1338950506235851,0.000810075,0.000709127,0.12461562201030774,0.000794095,0.000708245,0.10811049055843436,1.1530155737051921,1.1408762443521814,5.710396122352762
1,8,f64,ijkl-imkn-jnlm,0.000601034,0.000601697,0.0011030989927358625,0.000600783,0.000590336,0.017388974055524198,0.000688357,0.000702995,0.021265128414470924,0.000692596,0.000682988,0.013872445119521237,1.156763406143608,1.1436893654794624,6.26905382447899
1,8,f64,ijkl-imkn-njml,0.000598119,0.0006086,0.017523268780961665,0.000588791,0.000591148,0.004003118254185312,0.000683659,0.000697134,0.01971011864101846,0.000702504,0.000697555,0.0070447997449124555,1.1442426371854721,1.1602560868180734,6.187881934987967
1,8,f64,ijkl-imln-jnkm,0.000597076,0.000601967,0.008191587000649925,0.000596916,0.000593091,0.006407936795126856,0.000695541,0.000707263,0.016853068330982435,0.000690622,0.000687987,0.0038154011890729755,1.1699052446391218,1.1497652304551695,6.260326802387895
1,8,f64,ijkl-imln-njmk,0.000589943,0.000601737,0.01999176191598173,0.000584773,0.000591058,0.010747760242008297,0.000683097,0.000690492,0.010825695325846763,0.000692345,0.000695741,0.004905069004614848,1.152688950773793,1.1648679442865804,6.276072638208918
1,8,f64,ijkl-imnj-nlkm,0.000596135,0.000595666,0.0007867345483825172,0.000595253,0.00059789,0.004430049071571185,0.000699498,0.000707724,0.011759862072514782,0.000703295,0.000694499,0.012506842790009909,1.1807324091582956,1.1728186436663774,6.306362927684483
1,8,f64,ijkl-imnk-njml,0.0005988,0.000610724,0.019913159652638512,0.000586326,0.000580608,0.00975225386559686,0.000691984,0.000679001,0.01876199449698246,0.000702514,0.000697245,0.007500206401580667,1.133495614030317,1.1573289226637036,6.166513634752833
1,8,f64,ijkl-minj-nlmk,0.00075388,0.000746205,0.010180665357881868,0.000728583,0.000728552,4.2548343839987623e-05,0.000851583,0.00084561,0.007013996286915125,0.000868013,0.000862541,0.006304053049896785,1.1314056894977018,1.1536466265054943,6.141400971278209
1,8,f64,ijkl-mink-jnlm,0.000740906,0.000716841,0.03248050359964705,0.000713003,0.0007113,0.002388489248993375,0.000822679,0.000820423,0.0027422603469882123,0.000848006,0.00085118,0.0037428980455327387,1.1273042513832865,1.165781591997984,6.2489037087842005
1,8,f64,ijkl-minl-njmk,0.000728943,0.000727951,0.0013608745814144285,0.000713735,0.000713144,0.000828038417619914,0.000822328,0.000840331,0.021892724071173708,0.000845632,0.000846101,0.0005546147733292983,1.1411687574902047,1.1611917731523043,6.31288007643001
1,1,c64,abc-bk-akc,0.002390852,0.00240314,0.005139590405428551,0.002433682,0.002442613,0.0036697481429375234,0.002479658,0.002469512,0.004091693289961729,0.003211627,0.003274567,0.019597543550356367,1.03237048753789,1.3529246448746168,1.0
1,1,c64,abcijk-eiab-jkec,0.010079965,0.01008271,0.0002723223741352143,0.010065747,0.010075416,0.0009605844454465551,0.010678854,0.010654641,0.0022673781287767536,0.012272075,0.012183358,0.00722917680995272,1.0580680121619526,1.212898204565145,1.0
1,1,c64,abcijk-eiac-jkeb,0.010123586,0.01015288,0.002893638677045729,0.010124377,0.01012057,0.0003760231370285583,0.010786065,0.010491599,0.027300595722350884,0.015191775,0.015312304,0.007933832616662695,1.0492779421309126,1.504397892312384,1.0
1,1,c64,abcijk-eibc-jkea,0.010607851,0.010698754,0.008569407696243037,0.010659768,0.010704184,0.004166694809868199,0.011013751,0.011148238,0.012210826266183084,0.012358666,0.012548526,0.015362499480121805,1.0401367387086027,1.1689659168243878,1.0
1,1,c64,abcijk-ejab-ikec,0.010054205,0.010073202,0.0018894581918709186,0.010058484,0.010058766,2.8036034058542825e-05,0.010658616,0.010676212,0.0016508709948834799,0.013026926,0.01278237,0.018773116543380985,1.059989011334274,1.2822391291662802,1.0
1,1,c64,abcijk-ejac-ikeb,0.010023859,0.010018902,0.0004945201244350717,0.009959178,0.010035843,0.007697924467260142,0.010553569,0.010566589,0.0012337058676548107,0.013379847,0.013484564,0.00782647215622112,1.0537547512889631,1.340344662510706,1.0
1,1,c64,abcijk-ejbc-ikea,0.01063942,0.010646507,0.0006661077389555903,0.010693842,0.010645816,0.004490995846020529,0.01109335,0.010987139,0.009574294509773873,0.013769335,0.013729458,0.002896073049279524,1.0373160997696371,1.2918754071915195,1.0
1,1,c64,abcijk-ekab-ijec,0.010066899,0.010042315,0.002442062843781456,0.010058623,0.010067262,0.0008588650752694438,0.010637156,0.010660283,0.0021741713668577134,0.011983484,0.011898159,0.007120216457918271,1.0590887519694596,1.187590346394837,1.0
1,1,c64,abcijk-ekac-ijeb,0.01010993,0.010100834,0.0008997094935375705,0.010111262,0.010079565,0.0031348213506878775,0.010683893,0.010673888,0.0009364564021747679,0.013641655,0.013623571,0.0013256456053171162,1.0567527689510559,1.349044636021001,1.0
1,1,c64,abcijk-ekbc-ijea,0.010667132,0.010613285,0.005047936033790501,0.010673113,0.010610971,0.005822293833111281,0.011105021,0.0111708,0.005923356651013956,0.013787588,0.013733616,0.003914535305232447,1.0467743743919389,1.2932659723125048,1.0
1,1,c64,abcijk-ijma-mkbc,0.010645422,0.01063823,0.0006755955752623111,0.010660791,0.01069196,0.002923704254215398,0.011135288,0.011189062,0.004829152151250904,0.013790936,0.013728455,0.004530584436038265,1.0488936067043857,1.29297930832127,1.0
1,1,c64,abcijk-ijmb-mkac,0.01003531,0.010114298,0.007871007472614266,0.010053464,0.010106093,0.005234912066129693,0.010586622,0.010696138,0.010344753973458243,0.013808118,0.013658385,0.010843838385506177,1.0562310568189874,1.3631186225624672,1.0
1,1,c64,abcijk-ijmc-mkab,0.01006137,0.010077951,0.0016479863080276491,0.010061851,0.010061521,3.279714636994502e-05,0.010637778,0.010668557,0.0028933673930777726,0.012068734,0.011934286,0.01114019084354656,1.0579462927090413,1.1918302305547506,1.0
1,1,c64,abcijk-ikma-mjbc,0.01061752,0.010656905,0.0037094349716317865,0.010693442,0.010709963,0.0015449655966712772,0.011008231,0.0110365,0.0025679875358719517,0.013809841,0.013688881,0.008758971229284929,1.0362089998270525,1.292561518560935,1.0
1,1,c64,abcijk-ikmb-mjac,0.010029279,0.009966935,0.006216199589222815,0.010074965,0.010027818,0.0046796192344091825,0.010585269,0.010487241,0.009260794411554363,0.013379435,0.013394947,0.0011593912597953615,1.0538187082427217,1.3389788506539946,1.0
1,1,c64,abcijk-ikmc-mjab,0.010075677,0.010067221,0.0008392488167296985,0.010062491,0.010068203,0.0005676526816271732,0.010666752,0.010666924,1.612487100111082e-05,0.012807025,0.01301454,0.0162032165940178,1.0591166116787456,1.2818777821663183,1.0
1,1,c64,abcijk-jkma-mibc,0.010642967,0.01069151,0.004561040168592045,0.010669326,0.010700617,0.002932800066283603,0.011143504,0.011164668,0.0018992230809986577,0.012640663,0.012571168,0.0054977337818434835,1.0456417425706588,1.1817397952981152,1.0
1,1,c64,abcijk-jkmb-miac,0.010036172,0.010014894,0.00212013106192277,0.009948108,0.009939033,0.0009122337634452915,0.010505249,0.01043843,0.006360534624167302,0.015154225,0.014990417,0.010809394739750733,1.0445122569620575,1.5033721348274787,1.0
1,1,c64,abcijk-jkmc-miab,0.010068432,0.010087358,0.0018797365865905746,0.010080075,0.010075226,0.00048104800807546866,0.010683313,0.010700647,0.0016225303892154486,0.012290178,0.012374433,0.006855474347076118,1.0609339748788655,1.2236919497638434,1.0
1,1,c64,abcs-rc-abrs,0.001089748,0.001095182,0.004986473937093727,0.001095239,0.001109108,0.012662989539269365,0.001134763,0.00113681,0.0018039009026553643,0.001589664,0.001559033,0.01926885178251503,1.0396576105189155,1.4410336909909747,1.0
1,1,c64,abj-bka-kj,0.003797633,0.003767711,0.007879118387690398,0.003802722,0.003817694,0.00393717973598906,0.003853819,0.003852989,0.00021537077895983359,0.005489438,0.005500807,0.0020710681129834096,1.0187069134388536,1.4527198077862087,1.0
1,1,c64,abjc-cbka-kj,0.001717292,0.001850223,0.07740733666726451,0.001697204,0.001832029,0.07943947810634433,0.001777325,0.001858038,0.04541262852882855,0.001957732,0.001987267,0.015086334595338036,1.0194750690921164,1.1065489213510786,1.0
1,1,c64,abjc-kbac-jk,0.001188463,0.001190049,0.001334496740748481,0.001193392,0.001212099,0.015675486344805423,0.001279513,0.001259207,0.01587010057732896,0.001739584,0.001842389,0.059097462381810795,1.067322491588004,1.5053521723785739,1.0
1,1,c64,abjcd-dkbac-jk,0.008593934,0.008685747,0.010683465802739711,0.008584076,0.008666251,0.009572958114536734,0.009278325,0.009324353,0.004960809197780858,0.011945604,0.011762927,0.015292403799757714,1.0765756413223988,1.3720254372100553,1.0
1,1,c64,abrs-qb-aqrs,0.000920452,0.000928273,0.008496912386523059,0.000927174,0.000955653,0.0307159174006173,0.000967249,0.000974739,0.0077436110039916795,0.001632864,0.001634072,0.0007398044172692853,1.0504487870996637,1.7671449302676414,1.0
1,1,c64,adbjc-cbdka-kj,0.018605512,0.018550863,0.0029372478435423233,0.018604098,0.018563887,0.002161405513989356,0.019051395,0.019007791,0.0022887562826763297,0.013873601,0.013746067,0.00919256651535516,1.024298042708245,0.7433287942411856,1.0
1,1,c64,ajb-kba-jk,0.003421921,0.003448819,0.007860497071674022,0.003525725,0.003550949,0.007154273234582842,0.003646961,0.003677403,0.008347223894086042,0.004871062,0.004906405,0.007255707276975887,1.0660215441870566,1.423060405098861,1.0
1,1,c64,ajbc-ckba-jk,0.001585746,0.001594028,0.005222778427314223,0.001541754,0.001670099,0.08324609503202196,0.001642763,0.001800471,0.09600167522643255,0.002049714,0.002201305,0.07395714719224267,1.081722184383991,1.3360476841368116,1.0
1,1,c64,ajbdc-ckbad-jk,0.007556595,0.007500448,0.00743019838961867,0.007476765,0.007330613,0.019547491461882283,0.008112454,0.008032806,0.009817990955634404,0.012190973,0.012167458,0.001928886234101257,1.0722673627868948,1.617753831503114,1.0
1,1,c64,aqrs-pa-pqrs,0.001205214,0.001233669,0.023609914919674013,0.001227155,0.001241384,0.011595112271880925,0.001275877,0.001303318,0.021507559114240626,0.001453829,0.001454499,0.00046085199841239266,1.0575433802370808,1.1925647478372934,1.0
1,1,c64,ij-ik-kj,0.012265112,0.012242145,0.0018725471076008748,0.012250335,0.012233298,0.0013907374777913928,0.012394815,0.012394327,3.937130162889879e-05,0.010465657,0.010376423,0.008526363896695699,1.0115025472153052,0.8504378163000164,1.0
1,1,c64,ij-ikl-ljk,0.002992217,0.003002922,0.003577614858815359,0.002974614,0.003019162,0.014976060759480214,0.003081193,0.003118606,0.012142374723037586,0.003702566,0.003710044,0.0020196804054268824,1.0341204761496328,1.2364380617823776,1.0
1,1,c64,ij-kil-lkj,0.004767718,0.004984338,0.045434734185201275,0.004751708,0.004803062,0.010807482277951364,0.004872484,0.004918166,0.009375505389037642,0.005332494,0.005619376,0.053798841592695545,1.0041943645889828,1.122923605171457,1.0
1,1,c64,ijk-ikl-lj,0.002536545,0.002558016,0.008464663548251705,0.002536164,0.002567564,0.012380902812278771,0.002558455,0.002609842,0.020085168588073632,0.003869518,0.00401501,0.037599514978351234,1.0144323383230351,1.5473866199979331,1.0
1,1,c64,ijk-il-jlk,0.002724106,0.002771663,0.01745783754376662,0.002866912,0.002893258,0.00918967865075726,0.002933197,0.002960182,0.00919985940255641,0.002977951,0.002990089,0.004075956924744606,1.0723772925338275,1.0859719750426278,1.0
1,1,c64,ijk-ilk-jl,0.002403546,0.002442612,0.016253485475210327,0.002425046,0.002537118,0.04621438108802889,0.002457297,0.00251149,0.022053907199658607,0.003190638,0.003328386,0.043172556711228216,1.0252767039195592,1.344937638527836,1.0
1,1,c64,ijk-ilk-lj,0.002522749,0.002556694,0.013455559788151827,0.002539751,0.002555743,0.006296680265112764,0.002560119,0.002576841,0.006531727626723605,0.003749865,0.003654451,0.025444649340709558,1.0113407109146384,1.4576138643061751,1.0
1,1,c64,ijk-ilmk-mjl,0.000983159,0.000993513,0.010531358610357033,0.000984772,0.000994976,0.010361789327885118,0.001003026,0.001028889,0.025784974666658744,0.001280024,0.001332653,0.0411156353318376,1.0278783075862483,1.3215053944094848,1.0
1,1,c64,ijkl-imjn-lnkm,0.015370331,0.015323062,0.0030753404074381763,0.015350334,0.015312041,0.002494603700479714,0.015526654,0.015461439,0.004200196642496268,0.01666888,0.016690459,0.001294568081358749,1.009600376352788,1.0868583861086438,1.0
1,1,c64,ijkl-imjn-nlmk,0.015304087,0.015289831,0.0009315158754651387,0.015323252,0.015282777,0.002641410583079873,0.01546621,0.015458924,0.0004710914955893264,0.016826955,0.017076645,0.014838691848881869,1.0108262857713617,1.108151111004243,1.0
1,1,c64,ijkl-imkn-jnlm,0.015382473,0.015360031,0.0014589331637377967,0.015371072,0.015333853,0.002421366577425421,0.015652137,0.015674885,0.001453347871923194,0.016529128,0.016738078,0.012641320219675123,1.0190133532348788,1.0821030926451172,1.0
1,1,c64,ijkl-imkn-njml,0.015337308,0.015373245,0.002343110016438388,0.015345975,0.015345203,5.030635068803413e-05,0.015527645,0.015542609,0.0009637005482803218,0.016881337,0.017147718,0.015779615086174648,1.0117131941348987,1.1080241915709916,1.0
1,1,c64,ijkl-imln-jnkm,0.015329534,0.015320298,0.0006024971143937519,0.01533275,0.015316961,0.0010297565668258013,0.015565185,0.015590329,0.0016154000097010623,0.016472292,0.016720906,0.015092860179992007,1.016498402612223,1.08295107281384,1.0
1,1,c64,ijkl-imln-njmk,0.015315809,0.015299449,0.001068177332323783,0.015314797,0.015292095,0.0014823572261518647,0.015486297,0.015477699,0.0005552005104900726,0.016645275,0.01681425,0.010151529488097832,1.0113910922206768,1.092889797025902,1.0
1,1,c64,ijkl-imnj-nlkm,0.015318364,0.015338501,0.001314565968010717,0.015308635,0.015292977,0.0010228214337856256,0.015428419,0.015421866,0.0004247356777127287,0.016653892,0.016639966,0.0008362009312898877,1.0063093848396965,1.0860165339778585,1.0
1,1,c64,ijkl-imnk-njml,0.015325296,0.015370431,0.0029451307172141394,0.015342008,0.015343261,8.167118671820184e-05,0.015498069,0.015540677,0.0027492457286129035,0.016709405,0.016729643,0.0012111741860347802,1.011174953090862,1.0893724075899383,1.0
1,1,c64,ijkl-minj-nlmk,0.018968951,0.019026335,0.0030251541057804143,0.018972228,0.019100052,0.006737426937943214,0.01928888,0.019279494,0.00048660160672886477,0.020350907,0.020320876,0.0014756590455649032,1.0150842618977372,1.070443799234584,1.0
1,1,c64,ijkl-mink-jnlm,0.018560598,0.018574065,0.0007255692946961378,0.018555327,0.018583704,0.001529318238368882,0.018896677,0.018888128,0.0004524075846774611,0.019952431,0.019813215,0.006977395386056018,1.0175077263404886,1.0708432959991352,1.0
1,1,c64,ijkl-minl-njmk,0.018928055,0.019001649,0.0038880909845200318,0.018935439,0.018981141,0.002413569603535448,0.01927846,0.019246344,0.001665900699537315,0.020078016,0.02012296,0.002238468183310527,1.0156911092670138,1.0598824221875873,1.0
1,4,c64,abc-bk-akc,0.000622705,0.000631222,0.013677423499088626,0.000620039,0.000630621,0.01706666838698867,0.000691083,0.000677096,0.020239247673579097,0.000774769,0.000769969,0.006195395014514049,1.0910835023288197,1.2319426701624796,3.8232583236931124
1,4,c64,abcijk-eiab-jkec,0.002749321,0.002744324,0.0018175396761600515,0.002806719,0.002764782,0.014941645387372304,0.002889934,0.002913398,0.008119216563423404,0.003779218,0.003782962,0.0009906811409132743,1.0563636648835368,1.376532739470286,3.670183121425251
1,4,c64,abcijk-eiac-jkeb,0.002677738,0.002687178,0.003525363571790896,0.002697845,0.002663154,0.012858781731344804,0.002846473,0.002813522,0.01157608029305035,0.004377768,0.004367047,0.0024489648606321746,1.054985361384383,1.6300016562501278,3.779458285701699
1,4,c64,abcijk-eibc-jkea,0.002870919,0.002899812,0.010064024794847803,0.002919991,0.002909981,0.003428092757820078,0.003071133,0.0030386,0.010593158941667569,0.003318166,0.003368002,0.015019140091243166,1.0587433315207495,1.1586168326217636,3.6921974262469925
1,4,c64,abcijk-ejab-ikec,0.002694239,0.002718336,0.008943898444050413,0.002773918,0.002696435,0.027932693035626732,0.00288259,0.002849549,0.01146226136911599,0.003622214,0.003616413,0.0016015067028065655,1.0590339310947356,1.3373849625690386,3.718673183664891
1,4,c64,abcijk-ejac-ikeb,0.002666547,0.00265018,0.006137900438282218,0.002688057,0.002708297,0.007529602236857391,0.002816968,0.002853256,0.012881935471045436,0.00366273,0.00367453,0.0032216406887759508,1.0664709225185525,1.3800379965965284,3.769773275103551
1,4,c64,abcijk-ejbc-ikea,0.002928347,0.00287654,0.017691550898851882,0.00344892,0.002893762,0.16096575159760163,0.003060794,0.003023251,0.012265771561235428,0.003652991,0.003649033,0.0010834956888752245,1.0481119570425588,1.2579596726216171,3.667043577217215
1,4,c64,abcijk-ekab-ijec,0.002745886,0.002699781,0.01679057324302602,0.002716911,0.002723516,0.002431069696431143,0.002880757,0.002851213,0.010255637667460293,0.003432079,0.003289857,0.041439022819696136,1.0525982035089607,1.2341320436245358,3.692829495147651
1,4,c64,abcijk-ekac-ijeb,0.002667749,0.002662713,0.0018877338160373514,0.002701452,0.002682008,0.007197610766358276,0.002840703,0.002828961,0.004133483859453113,0.004132649,0.004140566,0.0019157204011275297,1.0636328279415028,1.5520633866531373,3.7915608389843705
1,4,c64,abcijk-ekbc-ijea,0.002893352,0.002915873,0.007783705542913522,0.003014918,0.002889634,0.04155469568326575,0.003089918,0.003023322,0.021552675507893748,0.003662409,0.003622094,0.011007782036359104,1.0522786062531175,1.2539445762126777,3.6632268142716553
1,4,c64,abcijk-ijma-mkbc,0.002853977,0.002935329,0.02850478472671636,0.002867783,0.002859017,0.0030567166344175334,0.003025739,0.00306525,0.013058297493603988,0.00370524,0.003671796,0.009026135958804193,1.0521921443637343,1.2743649467429412,3.676736460621345
1,4,c64,abcijk-ijmb-mkac,0.0027113,0.002707325,0.0014660863792276269,0.002667028,0.002677991,0.004110568018033334,0.002842927,0.002825585,0.0061000511092969,0.003841424,0.004111031,0.07018412963526033,1.0461116976131477,1.4667716750410493,3.7185556486265194
1,4,c64,abcijk-ijmc-mkab,0.002699699,0.002701384,0.0006241436545333379,0.00271671,0.002729356,0.004654895075293375,0.002860279,0.00281236,0.016753260783301194,0.003374601,0.003344879,0.008807559767806672,1.0502406419539718,1.2440865272059616,3.728754983837182
1,4,c64,abcijk-ikma-mjbc,0.003245079,0.002868375,0.11608469316155334,0.002879896,0.002931652,0.01797148230352774,0.00304782,0.003018083,0.00975680978535487,0.003682907,0.003633244,0.013484728232344811,0.9940990197088633,1.1989803273734945,3.486554752538595
1,4,c64,abcijk-ikmb-mjac,0.002675063,0.002706654,0.011809441497265594,0.002672538,0.002663935,0.003219037484219034,0.002850832,0.002852575,0.0006114004613388957,0.003698267,0.00367944,0.005090762781594704,1.0597928131596515,1.3709026486862608,3.7156285494045265
1,4,c64,abcijk-ikmc-mjab,0.002746036,0.002749283,0.0011824316942676827,0.002772826,0.002738193,0.012490145432854427,0.002846223,0.002833609,0.004431838264254084,0.003549348,0.003571139,0.006139437440341178,1.0335740262978788,1.29573094830634,3.6654650514848472
1,4,c64,abcijk-jkma-mibc,0.002906516,0.002876149,0.010447903950984605,0.002948724,0.002897739,0.017290529734217186,0.003004108,0.003060261,0.018692070990789844,0.003344705,0.003342074,0.0007866164579536372,1.048684756426353,1.1563648741710941,3.689426233485217
1,4,c64,abcijk-jkmb-miac,0.002695982,0.002674274,0.008051982542910174,0.002715058,0.002776885,0.022771889219309616,0.002831035,0.002824854,0.00218330045372106,0.004360365,0.004388156,0.006373549003351853,1.053195942886706,1.6290747283309444,3.733754690318137
1,4,c64,abcijk-jkmc-miab,0.002738422,0.00274206,0.0013285023272529006,0.002768808,0.002739595,0.0105507496366668,0.002922075,0.002913188,0.0030413319302208253,0.003680143,0.003748949,0.018696556084913052,1.0647343642879858,1.3554966515214284,3.6777395774932473
1,4,c64,abcs-rc-abrs,0.00028883,0.000287714,0.003863864557005825,0.000277719,0.000282033,0.015533686928153934,0.000355665,0.000351312,0.012239045168908946,0.000471372,0.000453552,0.037804536544385314,1.226211569562442,1.6039609335354155,3.7896974662590224
1,4,c64,abj-bka-kj,0.00101058,0.000993785,0.016619169189970084,0.001017993,0.001014213,0.0037131885975640877,0.001089087,0.001077329,0.010796199018076713,0.001572801,0.001548946,0.01516720805747196,1.0808710730408722,1.5574835159265659,3.7745372847546608
1,4,c64,abjc-cbka-kj,0.000471172,0.000464241,0.014710127087348202,0.000459239,0.000464823,0.012159246057063866,0.000549287,0.000593602,0.08067731440940729,0.000649855,0.000609211,0.06254318270998904,1.2209161950764953,1.3453355457362242,3.811295547475965
1,4,c64,abjc-kbac-jk,0.000304319,0.00030171,0.008573240579786257,0.000301584,0.000306539,0.01642991670645655,0.00037415,0.000379605,0.014579714018441603,0.000517427,0.000526497,0.017529042744193868,1.2437395659093569,1.7225153765390255,3.9247849736570672
1,4,c64,abjcd-dkbac-jk,0.003138059,0.003087571,0.01608892630763159,0.003103735,0.003093883,0.0031742400688202776,0.003311032,0.00339402,0.02506408877957078,0.004087444,0.004078841,0.0021047383156809207,1.0769607079391008,1.311762667977255,2.7756235625257983
1,4,c64,abrs-qb-aqrs,0.000244628,0.00024795,0.013579802802622831,0.000241802,0.000246748,0.0204547522352998,0.000305781,0.000319873,0.04608527017702202,0.000468847,0.000466606,0.00477981089779822,1.2698689416732307,1.8991339239011482,3.753213705183482
1,4,c64,adbjc-cbdka-kj,0.006547165,0.006445825,0.015478455178691841,0.006420277,0.006707991,0.04481333126280984,0.006673431,0.006839395,0.024869366297486373,0.005794046,0.006159764,0.06311962314417241,1.039962147637512,0.9196172472335264,2.8598086383585195
1,4,c64,ajb-kba-jk,0.000881389,0.000880284,0.0012537029620293128,0.000900565,0.000876717,0.026481153498081778,0.000982458,0.000955644,0.027292769767257363,0.001207869,0.001177866,0.024839614229688833,1.1000434723236223,1.3541371202130377,3.90009309355652
1,4,c64,ajbc-ckba-jk,0.000412351,0.000445648,0.0807491675781069,0.000418683,0.000426973,0.019800182954645917,0.000504764,0.00049559,0.018174830217685956,0.000643924,0.000612317,0.04908498518458704,1.166744996090789,1.4647919942215168,3.7088159175469824
1,4,c64,ajbdc-ckbad-jk,0.003105568,0.003206272,0.032426918360828116,0.00311693,0.003237439,0.038662722614880574,0.003500627,0.003734463,0.06679831927251878,0.003910443,0.004013861,0.026446619986533193,1.1458197317322167,1.2555194400815834,2.3858106494510034
1,4,c64,aqrs-pa-pqrs,0.000354443,0.000353627,0.0023022037393882755,0.000352409,0.000353427,0.0028886889948895877,0.000416539,0.000421622,0.01220293898050362,0.000403244,0.000402397,0.0021004652270089075,1.1837052036974494,1.1377986494857761,3.4441772964661004
1,4,c64,ij-ik-kj,0.003110047,0.003104252,0.0018633158920106085,0.003110507,0.003124229,0.004411499475808878,0.00326134,0.003236488,0.007620180661936593,0.003414135,0.003426981,0.003762592867593062,1.0456180656619372,1.1008654256332597,3.9436880803541925
1,4,c64,ij-ikl-ljk,0.001714867,0.001719011,0.002416513933733766,0.001722141,0.001718109,0.002341271707717252,0.001836364,0.0018369,0.000291881130320526,0.001471842,0.001442227,0.020121045601362075,1.0697137859004435,0.8485801280150514,1.7458785105485983
1,4,c64,ij-kil-lkj,0.002574184,0.002586671,0.004850857592153313,0.002556942,0.002598213,0.01614076502321904,0.002771944,0.002745285,0.009617438158923908,0.002079198,0.002057739,0.010320806387847714,1.0690439358687236,0.8015907157130446,1.889159524668587
1,4,c64,ijk-ikl-lj,0.00090906,0.000912483,0.0037654280245529304,0.000904651,0.000915519,0.012013472598825237,0.000981976,0.000981482,0.0005030672847401441,0.001217687,0.001228912,0.009218296655872926,1.0779110922151538,1.3431346773107002,2.796818274536646
1,4,c64,ijk-il-jlk,0.001547545,0.001581315,0.02182165946709147,0.00158802,0.001586936,0.0006826110502388127,0.001660556,0.001639002,0.012979989834730032,0.001037891,0.001007379,0.02939807744743894,1.0545948989935856,0.6536443041948949,1.756513026980301
1,4,c64,ijk-ilk-jl,0.000833789,0.000790798,0.051561006441677715,0.000815775,0.000790206,0.03134320125034484,0.000871429,0.000856309,0.01735081113894532,0.000970315,0.000917613,0.05431432060722552,1.063825501513324,1.1620512699307788,2.9839572750809293
1,4,c64,ijk-ilk-lj,0.000764619,0.000724725,0.05217500480631543,0.000739984,0.000718985,0.02837764059763448,0.000822989,0.00077007,0.06430098093656178,0.000939828,0.000933603,0.006623552394693477,1.0694314539188063,1.2583346186997362,3.4116717016077
1,4,c64,ijk-ilmk-mjl,0.000293639,0.000284378,0.031538726122892324,0.000292227,0.000284689,0.025795015518757514,0.000348331,0.000337016,0.032483471181146695,0.000331159,0.000331756,0.001802759399563314,1.1856771685844498,1.1470248009508648,3.420139266631731
1,4,c64,ijkl-imjn-lnkm,0.004269876,0.006516376,0.5261276908275558,0.004228568,0.004261761,0.007849702310569473,0.004380412,0.00439026,0.002248190352870827,0.004419847,0.00445007,0.006838019506105075,0.8313653142460067,0.8407683214144874,2.9094017131448404
1,4,c64,ijkl-imjn-nlmk,0.004203051,0.004208302,0.0012493305458343151,0.004189836,0.004193824,0.0009518272314237297,0.00432023,0.004307486,0.002949842948176462,0.004450273,0.004490606,0.009063039503419246,1.0257218153972487,1.0629431161775535,3.6372175368287403
1,4,c64,ijkl-imkn-jnlm,0.004219331,0.004217188,0.0005079004230764683,0.004256921,0.00423471,0.005217620904874765,0.004353632,0.004388056,0.007906961360078402,0.004395611,0.004390039,0.0012676280953887176,1.0361643827758795,1.0413831245463068,3.643978849628089
1,4,c64,ijkl-imkn-njml,0.004205355,0.004548864,0.08168371041208156,0.004182542,0.004223149,0.009708689117766234,0.004292288,0.004308578,0.0037951787018952743,0.0044273,0.004446373,0.004308043276940676,0.9832378737001269,1.0144242297739918,3.510787439008728
1,4,c64,ijkl-imln-jnkm,0.005870729,0.004208883,0.2830731924433916,0.004227947,0.004219192,0.0020707449738608386,0.004327533,0.004339696,0.0028106082611039085,0.004414326,0.004396981,0.003929252166695263,0.8718071064481129,0.8862985782882411,3.082965322250893
1,4,c64,ijkl-imln-njmk,0.004178304,0.004181462,0.0007558090555404018,0.004184135,0.004189586,0.0013027782325378823,0.004279363,0.004306353,0.006307013450366439,0.004370815,0.004368809,0.0004589533073350305,1.0270232671234278,1.0454388787164124,3.662214446346814
1,4,c64,ijkl-imnj-nlkm,0.004219631,0.004248957,0.0069498968037726705,0.004213049,0.00418601,0.006417917285082453,0.004311293,0.004291456,0.004601171852620545,0.004332122,0.004317454,0.0033858695576901576,1.0158455825758375,1.0213763410441303,3.6200889927926267
1,4,c64,ijkl-imnk-njml,0.004191799,0.004219181,0.006532278861653307,0.004179957,0.00419116,0.002680171111808294,0.004297998,0.004297236,0.00017729184611059434,0.004310843,0.004321512,0.0024749219584196958,1.0219117765249508,1.0263244177837128,3.6494982129849785
1,4,c64,ijkl-minj-nlmk,0.005197471,0.007091744,0.3644605232044582,0.005222116,0.005268379,0.008859052537323997,0.005398216,0.005422194,0.004441837821976824,0.005495608,0.005475303,0.003694768622507283,0.8911280060445718,0.9035233696164509,3.1291520349836683
1,4,c64,ijkl-mink-jnlm,0.005096782,0.005230258,0.026188289002747167,0.005050666,0.005223577,0.034235286989874325,0.00523986,0.005262889,0.004394964750966679,0.005275857,0.005271294,0.0008648831839073168,1.0170969725077985,1.0213992674205887,3.5961672151560045
1,4,c64,ijkl-minl-njmk,0.007066766,0.005329993,0.24576630951130973,0.005199464,0.00516599,0.006437971298580036,0.005363341,0.005350051,0.0024779330644835174,0.005343042,0.005307101,0.006726692397327261,0.87281658768796,0.8676594389337076,3.0901173011970324
1,8,c64,abc-bk-akc,0.000496058,0.00049539,0.0013466167262699003,0.000499965,0.000491723,0.01648515396077721,0.000603188,0.000600635,0.00423251125685542,0.000397844,0.000396156,0.004242869064256416,1.2142044425002954,0.8008472314439402,4.835329073988913
1,8,c64,abcijk-eiab-jkec,0.00166313,0.001695467,0.01944345902004052,0.001661447,0.001771879,0.06646736248583318,0.00188266,0.001862698,0.010603082872106429,0.002409315,0.002418179,0.0036790540049764786,1.1151913764677632,1.4374185511779158,6.003581086553041
1,8,c64,abcijk-eiac-jkeb,0.001741076,0.001762272,0.012174080855746672,0.001763207,0.001764286,0.000611953105903007,0.001922976,0.001963165,0.02089937679929421,0.002957551,0.002980823,0.007868672425259904,1.1092258916644546,1.6950748508995226,5.787839506549221
1,8,c64,abcijk-eibc-jkea,0.002879325,0.002960856,0.028316011565210575,0.002739903,0.002922346,0.06658739378729828,0.002984161,0.00298931,0.0017254430977415858,0.002033633,0.002070274,0.018017508567180096,1.0229222270875862,0.7027424965548019,3.648600549645539
1,8,c64,abcijk-ejab-ikec,0.001659403,0.001700477,0.024752275366502152,0.00164716,0.001698664,0.03126836494329632,0.001877371,0.001837001,0.021503474805992018,0.002495907,0.00256948,0.02947746049832789,1.1055246544759336,1.5075631171012873,5.990958662401099
1,8,c64,abcijk-ejac-ikeb,0.001751595,0.001900178,0.08482725744250241,0.001731418,0.001682314,0.02836056919819474,0.001882641,0.001910006,0.014535431874690863,0.002455993,0.002423109,0.013389288975986458,1.039410574448422,1.3371682204591424,5.493049942429128
1,8,c64,abcijk-ejbc-ikea,0.002880236,0.002949245,0.0239594949858275,0.002960916,0.002944396,0.0055793544970542674,0.002984481,0.00300591,0.007180142879113616,0.00225127,0.002193984,0.025446081545083543,1.0276682349101474,0.7625372379803543,3.6516831337136924
1,8,c64,abcijk-ekab-ijec,0.001658231,0.001800232,0.08563402806967169,0.001638855,0.001695397,0.03450091679861855,0.001953764,0.002008579,0.028056100941566964,0.002119814,0.002088167,0.014929140009453556,1.1465520016619408,1.2177124282797898,5.819397486073286
1,8,c64,abcijk-ekac-ijeb,0.001746817,0.001755159,0.004775543173669794,0.001746946,0.001742505,0.002542150701853374,0.001912747,0.001860364,0.027386266976238915,0.002768487,0.002820898,0.01893127907048142,1.0773226497193777,1.596000408367079,5.771261509095917
1,8,c64,abcijk-ekbc-ijea,0.002714216,0.002882863,0.06213470114390285,0.002741988,0.002940669,0.07245874161374877,0.003097733,0.003185695,0.028395604140188935,0.002205364,0.002204543,0.0003722741461272827,1.1230261856107684,0.7882522558891056,3.8037725731288052
1,8,c64,abcijk-ijma-mkbc,0.00274882,0.00268757,0.022282288400113592,0.002935789,0.002911315,0.008336430172604326,0.003033844,0.003028282,0.0018333177315642546,0.002219981,0.002183584,0.01639518536419915,1.115171693234144,0.8100401345340167,3.9152823405640826
1,8,c64,abcijk-ijmb-mkac,0.001737028,0.00171831,0.01077587695765414,0.001742288,0.001751171,0.005098468221097718,0.001888371,0.001884168,0.002225727889275997,0.002767104,0.002734767,0.011686225020815955,1.0918156235204994,1.592277426063123,5.83148416501959
1,8,c64,abcijk-ijmc-mkab,0.001716299,0.001673036,0.025207146307257622,0.001781291,0.001714903,0.037269598285737615,0.001895415,0.001873989,0.011304120733454104,0.002087904,0.002182682,0.04539384952564873,1.1122093903793366,1.259799346848669,5.942450373358759
1,8,c64,abcijk-ikma-mjbc,0.002931231,0.002793235,0.047077831805135806,0.002883532,0.002911956,0.009857355493193776,0.00300538,0.002992225,0.0043771503104433895,0.00221402,0.002203421,0.004787219627645611,1.0480163532577114,0.7718994861726727,3.7174773482166845
1,8,c64,abcijk-ikmb-mjac,0.001730876,0.001715355,0.008967135716249963,0.001760341,0.001744318,0.009102213718819252,0.001916704,0.001879529,0.019395274387698835,0.002459619,0.002431504,0.011430632142620412,1.1015191597754077,1.419258256285301,5.802373553694215
1,8,c64,abcijk-ikmc-mjab,0.001749571,0.00170755,0.024017887813641114,0.001630529,0.001761671,0.08042911226969895,0.001858555,0.00189068,0.01728493372539419,0.002467975,0.002637537,0.06870490989576483,1.0845366266736698,1.4761046827232736,5.826924878998585
1,8,c64,abcijk-jkma-mibc,0.002863304,0.002909592,0.01616593976748537,0.002758498,0.00300514,0.0894117015854281,0.002886467,0.002916224,0.01030914263007321,0.002076223,0.002045969,0.01457165246700376,1.0051802833608523,0.7140633556229448,3.6957373927515285
1,8,c64,abcijk-jkmb-miac,0.001726688,0.001720684,0.0034771771159584075,0.00174829,0.001756772,0.004851597847039146,0.001918648,0.001915856,0.0014551913639186953,0.002974172,0.002873304,0.03391464918639542,1.1122991075552635,1.6959628447776363,5.816339263581571
1,8,c64,abcijk-jkmc-miab,0.001659834,0.001659951,7.048897660855147e-05,0.001691042,0.001718411,0.016184695590056197,0.001881909,0.001879098,0.0014936960288727263,0.002354603,0.002268081,0.03674589729139044,1.1329064839609093,1.392220948968934,6.071411590477488
1,8,c64,abcs-rc-abrs,0.000153116,0.000151501,0.01054755871365487,0.00014968,0.00015083,0.00768305718866924,0.000259615,0.000281823,0.0855420526548929,0.000259375,0.000262928,0.013698313253011962,1.7759677302633494,1.7146063931120992,7.172790588687115
1,8,c64,abj-bka-kj,0.000499814,0.000515878,0.03213995606365572,0.000509353,0.000512512,0.006201985656312914,0.000647812,0.000648274,0.0007131698702709244,0.000827127,0.000838868,0.014194918071831708,1.2762215805669894,1.6404205482510652,7.449336211199019
1,8,c64,abjc-cbka-kj,0.000255348,0.000272706,0.06797781850650875,0.000250849,0.000267797,0.06756255755454488,0.000387134,0.000391326,0.010828292012584617,0.000350194,0.000337787,0.03542893367676214,1.4749810216291945,1.3033535500258526,6.754925042010938
1,8,c64,abjc-kbac-jk,0.000169677,0.000162,0.045244788627804566,0.00016033,0.000160698,0.002295266013846442,0.000277539,0.000285229,0.027707817640043597,0.000287517,0.000280692,0.023737726812675497,1.697031303791448,1.7134750533775278,7.173089652601502
1,8,c64,abjcd-dkbac-jk,0.002258363,0.002247863,0.004649385417667573,0.00226245,0.002275444,0.005743331344339131,0.002404487,0.002426044,0.008965321916899693,0.003020358,0.002972058,0.01599148180447474,1.0719604414889128,1.329768549219816,3.834579976620291
1,8,c64,abrs-qb-aqrs,0.000135543,0.000135872,0.0024272740016082484,0.000135724,0.000136153,0.0031608263829536742,0.000247553,0.00023697,0.04275044131963668,0.000259115,0.00026419,0.019585898153329673,1.7847494229102607,1.927972939021192,6.8113767286970806
1,8,c64,adbjc-cbdka-kj,0.003757286,0.003785147,0.007415192774784751,0.003725216,0.003722771,0.0006563377801447334,0.00394666,0.003888299,0.014787440519325235,0.004498512,0.004564273,0.01461838936964055,1.0387623052309765,1.2015497174685736,4.926339857635293
1,8,c64,ajb-kba-jk,0.00044948,0.000449395,0.00018910741301059186,0.000444772,0.000447932,0.007104763789087309,0.000570747,0.0005817,0.01919063963542511,0.0006045,0.000571511,0.05457237386269642,1.2820413902245003,1.3077994347853898,7.643651652939858
1,8,c64,ajbc-ckba-jk,0.001102331,0.001089663,0.0114920110202833,0.001095168,0.001127653,0.029662115766713182,0.001439953,0.001382917,0.03960962614752006,0.000345777,0.000332527,0.03831949493459663,1.2875677891379302,0.3093922247826948,1.450650100616186
1,8,c64,ajbdc-ckbad-jk,0.003628776,0.003760582,0.03632244040414734,0.003685181,0.003660796,0.0066170426907118385,0.003899602,0.005728735,0.46905632933822483,0.002740304,0.003398119,0.24005183366517002,1.2794752725488703,0.8260589716160204,2.0379759929163384
1,8,c64,aqrs-pa-pqrs,0.00021384,0.00022097,0.03334268612046398,0.000208039,0.000213887,0.028110113969015416,0.000288871,0.000292092,0.011150305845861963,0.000245378,0.000245445,0.00027304811352291125,1.336289859979905,1.1289735706409425,5.609449972125757
1,8,c64,ij-ik-kj,0.001597427,0.001590993,0.004027727088624422,0.001577079,0.001583169,0.003861569395065212,0.001811157,0.001801294,0.005445690241100087,0.001826786,0.001825949,0.0004581817465209026,1.1329890323746161,1.1456277219283821,7.686345003327214
1,8,c64,ij-ikl-ljk,0.000963582,0.000962116,0.0015214065850130964,0.000953312,0.000962176,0.009298110167500262,0.001099406,0.001101185,0.001618146526396913,0.000956369,0.000949714,0.006958611163682571,1.1427497554592272,0.9898083367621942,3.113225012301623
1,8,c64,ij-kil-lkj,0.001488253,0.001488604,0.00023584699644474405,0.001491269,0.0015031,0.007933511660203507,0.001697835,0.001663238,0.020377127341584922,0.001394849,0.001398606,0.002693481516637286,1.1290078621817559,0.9383898833457717,3.27514889286904
1,8,c64,ijk-ikl-lj,0.000473084,0.000475232,0.004540419883149793,0.000474527,0.000464833,0.02042876380058456,0.000599641,0.000595105,0.007564526108121528,0.000603037,0.000612167,0.015140032866971742,1.2598547889725096,1.2814007348489793,5.372184824394187
1,8,c64,ijk-il-jlk,0.000499484,0.000385515,0.2281734750262271,0.00049751,0.000373093,0.25007939538903745,0.000614409,0.000449324,0.268689097978708,0.000548716,0.000425329,0.22486495746433488,1.1973666612108693,1.1009177621106014,6.261822931361058
1,8,c64,ijk-ilk-jl,0.000695601,0.000502843,0.2771100099051037,0.000688638,0.000493406,0.2835045408472956,0.000822528,0.000622055,0.24372787309368182,0.000548325,0.000411154,0.25016368029909275,1.209465361333078,0.8028325650054295,4.0969169384113115
1,8,c64,ijk-ilk-lj,0.000480008,0.000337276,0.29735337744370915,0.000467925,0.000331716,0.2910915210770957,0.000595734,0.000446048,0.25126314764643276,0.000600143,0.000444976,0.25855004557247196,1.2811501584888743,1.2843361573533247,6.311890272561118
1,8,c64,ijk-ilmk-mjl,0.000219451,0.000160689,0.26776820338025353,0.000217106,0.000164665,0.24154560445128181,0.000332932,0.000264131,0.20665180877776834,0.000266399,0.000211753,0.20512839762912027,1.579158060860013,1.2647923349047583,5.263041573091644
1,8,c64,ijkl-imjn-lnkm,0.003030487,0.002223729,0.26621397814938663,0.003033894,0.00224122,0.26127280649884277,0.003231663,0.002387873,0.2611008635492006,0.003083075,0.002532943,0.17843613924409873,1.0700929500603569,1.076484077928492,5.911766155919642
1,8,c64,ijkl-imjn-nlmk,0.002337291,0.002180678,0.06700620504678279,0.002328474,0.002206486,0.052389676672361385,0.002477423,0.00234266,0.05439644340106631,0.002441475,0.002428979,0.005118217470995945,1.0670936836367264,1.0786631848512145,6.775680062024617
1,8,c64,ijkl-imkn-jnlm,0.002180878,0.002179927,0.0004360629067742261,0.002178834,0.002168526,0.0047309707852916105,0.002365574,0.002351315,0.006027712512903793,0.0024975,0.002463594,0.01357597597597604,1.0816506493343951,1.137629005052187,7.0497297035093
1,8,c64,ijkl-imkn-njml,0.002154108,0.002163005,0.0041302478798648234,0.002158356,0.002163847,0.002544065946488816,0.002299801,0.002295411,0.0019088608101310856,0.00236384,0.0023697,0.002479017192365207,1.0644195927669904,1.0964610898184948,7.113688520610584
1,8,c64,ijkl-imln-jnkm,0.002162645,0.002160992,0.0007643418129188451,0.00216624,0.002173836,0.0035065366718369795,0.002352178,0.002350634,0.0006564129075266045,0.002462855,0.002440801,0.008954648162396883,1.087698178694872,1.1341393286766324,7.0889005826347935
1,8,c64,ijkl-imln-njmk,0.002154639,0.002145854,0.004077249135469918,0.002146735,0.002146875,6.521531535108593e-05,0.002291796,0.002303938,0.005298028271277344,0.002339135,0.002328032,0.00474662642387047,1.068651326548467,1.0852624411214975,7.119025076322377
1,8,c64,ijkl-imnj-nlkm,0.002157695,0.00215509,0.0012073068714529844,0.002168245,0.002146765,0.009906629555239355,0.002309539,0.002322451,0.005590726114605538,0.002342851,0.002349592,0.0028772636416058983,1.0740096824598353,1.0880298957737018,7.108368253665451
1,8,c64,ijkl-imnk-njml,0.002161832,0.002144812,0.007872952199800887,0.00216038,0.002147627,0.005903128153380344,0.002247894,0.002295141,0.021018339832750144,0.002302566,0.002318043,0.00672163143206328,1.0548410289387526,1.072904833376833,7.127576259124312
1,8,c64,ijkl-minj-nlmk,0.002655937,0.002653487,0.0009224616397152108,0.002670404,0.002694693,0.009095627478089563,0.002877742,0.002896567,0.006541587119345715,0.002949525,0.002932334,0.0058283960976768245,1.0875527983263196,1.1078102829904364,7.156189958049736
1,8,c64,ijkl-mink-jnlm,0.002618277,0.00258568,0.01244979045379846,0.002600353,0.002598935,0.0005453105789867685,0.002756475,0.002751509,0.0018015762885569275,0.002893601,0.002923167,0.010217718337808046,1.0584426083600347,1.1177661489506918,7.1359907648262455
1,8,c64,ijkl-minl-njmk,0.002636871,0.00264986,0.00492591408529286,0.002636801,0.00266623,0.011160872587654636,0.00282355,0.002814645,0.003153831169981025,0.002857794,0.002864598,0.002380857402597858,1.0664822902671385,1.0824090021461399,7.1745180685681476
16,1,f64,abc-bk-akc,0.015416116,0.015477109,0.003956444022605865,0.015409293,0.015443446,0.0022163898110056923,0.01564832,0.015678554,0.001932092390748652,0.019019226,0.018787192,0.012199970703329344,1.0140385299827255,1.2237563294200748,1.0
16,1,f64,abcijk-eiab-jkec,0.014420377,0.014326445,0.006513838022404017,0.014406391,0.014359076,0.0032843062499136044,0.015179605,0.015211403,0.0020947844163270446,0.026371541,0.025889225,0.018289261139498802,1.0572004657721985,1.8178990109693633,1.0
16,1,f64,abcijk-eiac-jkeb,0.01404716,0.014011078,0.002568633090247463,0.014189877,0.014018793,0.0120567641283994,0.015186859,0.014944756,0.015941611099438036,0.035357517,0.034760523,0.01688450011916831,1.073861703911989,2.4989294227136356,1.0
16,1,f64,abcijk-eibc-jkea,0.013775262,0.013872601,0.007066217687910381,0.014011714,0.013849677,0.011564395333790056,0.014434624,0.014572764,0.009570044914228415,0.016993423,0.017088909,0.0056189974203548765,1.0491674834027274,1.2327321453383648,1.0
16,1,f64,abcijk-ejab-ikec,0.014542034,0.014491613,0.003467259119322663,0.014557554,0.014480141,0.00531772027086419,0.015326309,0.015288257,0.002482789561400578,0.021746972,0.022744039,0.045848543880040005,1.0544520472215222,1.5320122984340105,1.0
16,1,f64,abcijk-ejac-ikeb,0.014013277,0.013965072,0.0034399519826803227,0.013987107,0.014096217,0.007800755367067591,0.0149414,0.015078075,0.009147402519174896,0.019321562,0.019341533,0.001033612085813873,1.0729442406501626,1.381895237217458,1.0
16,1,f64,abcijk-ejbc-ikea,0.014095941,0.014413287,0.022513289463967023,0.014054182,0.014311388,0.01830102954408863,0.014734534,0.0148494,0.007795699545028123,0.016899758,0.017226626,0.019341578737399612,1.0377532490528212,1.1970486507724112,1.0
16,1,f64,abcijk-ekab-ijec,0.014483865,0.014666389,0.012601884925052875,0.014531394,0.014639348,0.007429018853937874,0.015252972,0.015331347,0.005138342875080415,0.018332785,0.018256774,0.004146178553885882,1.0492127493046655,1.2552273931001774,1.0
16,1,f64,abcijk-ekac-ijeb,0.013896618,0.014190854,0.02117320919377641,0.013977089,0.01428567,0.022077630041563046,0.014918908,0.015020218,0.006790711491752699,0.023641762,0.023748229,0.00450334454766943,1.0659769409131774,1.6873171038367563,1.0
16,1,f64,abcijk-ekbc-ijea,0.013996415,0.01387784,0.0084718122462073,0.014027162,0.014012241,0.001063721941758411,0.014617345,0.01469372,0.005224957062996083,0.016881394,0.017116912,0.013951336009336623,1.051552075678044,1.2196845384537847,1.0
16,1,f64,abcijk-ijma-mkbc,0.013908211,0.013820864,0.0062802469706564334,0.013939079,0.013852772,0.006191729023129922,0.014523931,0.014478758,0.0031102461172529683,0.016876406,0.017071787,0.011577168740785293,1.0459345546987606,1.2242672785053414,1.0
16,1,f64,abcijk-ijmb-mkac,0.013994583,0.014013182,0.0013290142335788957,0.013988211,0.014204127,0.015435569280446204,0.015084259,0.015019625,0.0042848641090025286,0.023613531,0.023732468,0.005036815544443574,1.0748383975634397,1.6904547738610058,1.0
16,1,f64,abcijk-ijmc-mkab,0.014529572,0.01451721,0.0008508165278371393,0.014565088,0.014558376,0.00046082797440016865,0.015491229,0.015383824,0.006933278179542701,0.018159864,0.018283853,0.00682763923782681,1.0629359555476594,1.2546487725154478,1.0
16,1,f64,abcijk-ikma-mjbc,0.013957323,0.013911994,0.003247685820554569,0.013945771,0.013917573,0.0020219749772170115,0.01467855,0.014680805,0.00015362552840714194,0.017007611,0.017092124,0.004969128233236253,1.0534665685504996,1.2235561917642592,1.0
16,1,f64,abcijk-ikmb-mjac,0.013982119,0.01403888,0.004059542047954334,0.01416998,0.014105774,0.0045311284843028155,0.014993609,0.015041255,0.003177753935026617,0.019365505,0.019426411,0.0031450767743985697,1.0718707005873518,1.3843884643138904,1.0
16,1,f64,abcijk-ikmc-mjab,0.01454465,0.014485742,0.0040501490238679105,0.014571249,0.014544401,0.001842532510425099,0.015449219,0.015392871,0.003647304112913363,0.021576736,0.022982833,0.06516727089769292,1.0624073565418881,1.5341670260709193,1.0
16,1,f64,abcijk-jkma-mibc,0.013828001,0.013693697,0.009712466754956073,0.01377415,0.013714146,0.0043562760678518275,0.014445775,0.01438807,0.003994593574938032,0.017069166,0.017080844,0.0006841576208234112,1.0476871951639022,1.2408542027494425,1.0
16,1,f64,abcijk-jkmb-miac,0.014008418,0.014027689,0.0013756728275811092,0.014024197,0.014017841,0.0004532166797144299,0.015119694,0.015123709,0.0002655477022222019,0.035408523,0.034352432,0.029825898131927042,1.0787307195690792,2.487969427827102,1.0
16,1,f64,abcijk-jkmc-miab,0.014422741,0.014365007,0.004002983898830248,0.014378138,0.014431541,0.003714180514890142,0.015146233,0.015226802,0.005319408462816977,0.026026268,0.026373125,0.013327189284302987,1.0550665241386499,1.8201614921272413,1.0
16,1,f64,abcs-rc-abrs,0.009532728,0.009744583,0.022223963591534224,0.009510476,0.009532719,0.0023387893518684866,0.010252012,0.010240206,0.0011515788315502595,0.013780132,0.01380899,0.0020941744244540317,1.0630866621487738,1.4312563159980278,1.0
16,1,f64,abj-bka-kj,0.019736009,0.019778174,0.0021364501809864045,0.019707987,0.019725968,0.0009123712127474537,0.019799448,0.019788524,0.0005517325533521689,0.028246207,0.028351958,0.003743900906766129,1.0018679376884867,1.4323489474108242,1.0
16,1,f64,abjc-cbka-kj,0.036290534,0.036326005,0.0009774174168946104,0.036378808,0.036392028,0.00036339838292676063,0.037553904,0.037485454,0.001822713292338296,0.026119663,0.025982587,0.005248000328335056,1.0333642551136084,0.7174959949367399,1.0
16,1,f64,abjc-kbac-jk,0.012266726,0.012262822,0.0003182593301587211,0.012191545,0.012265687,0.006081427743571455,0.012170726,0.012139953,0.002528444071454694,0.018942667,0.018363781,0.03055989951151017,0.9910765510769063,1.5206948330517038,1.0
16,1,f64,abjcd-dkbac-jk,0.01652504,0.017023486,0.030163073735373747,0.016524229,0.016959557,0.026344829764825883,0.018049287,0.018382517,0.01846222512833884,0.022072182,0.021839352,0.010548571953602037,1.0860179534261505,1.3090221632132315,1.0
16,1,f64,abrs-qb-aqrs,0.008483748,0.008532747,0.005775631242229462,0.008431591,0.008458398,0.003179352508915656,0.008573226,0.008474167,0.011554460362995234,0.015062779,0.014997243,0.004350857169185041,1.0018030073280384,1.7665256671360219,1.0
16,1,f64,adbjc-cbdka-kj,0.041354482,0.04139852,0.0010648906205621422,0.041250359,0.041369557,0.002889623336369107,0.043187316,0.04324606,0.0013602141888140462,0.029464422,0.029288863,0.00595833850058225,1.0444741119636611,0.7099806606090201,1.0
16,1,f64,ajb-kba-jk,0.017901421,0.01792278,0.0011931455050411266,0.017920908,0.017949811,0.0016128089045488458,0.017892976,0.017946745,0.0030050339306328944,0.020550912,0.020567705,0.000817141351196371,1.0004322786212416,1.1477889173063327,1.0
16,1,f64,ajbc-ckba-jk,0.019823252,0.019932623,0.0055173086635835755,0.019939739,0.01989381,0.0023033902299323117,0.020471602,0.02052791,0.002750541945862439,0.018031294,0.018134384,0.005717282409127167,1.0312847719746978,0.9096936724118838,1.0
16,1,f64,ajbdc-ckbad-jk,0.016823307,0.017338843,0.030644153376027772,0.017007891,0.017187171,0.010540989473650786,0.018337786,0.018904278,0.030892060797306886,0.021013344,0.020735167,0.0132381119349686,1.090153756320985,1.222181235727697,1.0
16,1,f64,aqrs-pa-pqrs,0.007223595,0.007247154,0.003261395468599604,0.00893396,0.008918385,0.0017433478547027592,0.00953346,0.009628417,0.009960392134649831,0.015483044,0.015384243,0.006381238727991678,1.3241655364419815,2.133073400969263,1.0
16,1,f64,ij-ik-kj,0.171082663,0.169411617,0.009767477140568026,0.127294134,0.12724092,0.0004180396875160808,0.130231385,0.130155111,0.0005856806329750386,0.134092253,0.134586878,0.0036886918441141336,0.764740073358985,0.7890937592528562,1.0
16,1,f64,ij-ikl-ljk,0.017898746,0.017929459,0.001715930266846577,0.017889119,0.017915202,0.0014580371453734031,0.018500972,0.018432465,0.003702886529421412,0.024705143,0.024981931,0.011203659092359874,1.0308467039869103,1.386793485995705,1.0
16,1,f64,ij-kil-lkj,0.021281652,0.021272409,0.00043431778698399537,0.021289196,0.021264934,0.0011396390920540567,0.021798468,0.021813105,0.0006714692060010297,0.030046049,0.030026747,0.0006424139160525755,1.024850990661375,1.411681820828026,1.0
16,1,f64,ijk-ikl-lj,0.015915718,0.015968731,0.003330858211989085,0.015928191,0.015969743,0.0026087080447489974,0.016467189,0.016411786,0.0033644479334025146,0.01931286,0.019472741,0.00827847351453892,1.0311915306203774,1.2164339135922033,1.0
16,1,f64,ijk-il-jlk,0.017781056,0.017677621,0.005817146068265,0.017411796,0.017457491,0.0026243702832262628,0.018993302,0.019254925,0.013774487448259265,0.018693081,0.018519287,0.009297236769048478,1.078649802696951,1.0494503357723082,1.0
16,1,f64,ijk-ilk-jl,0.015194009,0.015364317,0.011208891609844507,0.015267415,0.015331436,0.004193309738420137,0.015300327,0.015273898,0.0017273487030703416,0.018775124,0.018687951,0.004643005287208735,1.0005354487062545,1.2259688375774802,1.0
16,1,f64,ijk-ilk-lj,0.015363085,0.015438826,0.004930064502018938,0.015310035,0.015368255,0.0038027346116453753,0.015386848,0.015371912,0.0009706991321419833,0.01988531,0.020046569,0.008109453662024979,0.9986019817425246,1.2964024898552602,1.0
16,1,f64,ijk-ilmk-mjl,0.007259433,0.007287199,0.0038248166213532553,0.007234877,0.007248808,0.0019255337720323062,0.007457052,0.007485567,0.0038238971647241993,0.013498578,0.013479289,0.00142896533249659,1.0272219035348373,1.8545811325512895,1.0
16,1,f64,ijkl-imjn-lnkm,0.250583182,0.250648945,0.00026243979933182615,0.250742496,0.250553529,0.0007536297317547458,0.256293032,0.255942789,0.0013665724630389509,0.253791433,0.253084782,0.002784376886354578,1.0219530594233224,1.0112594534089645,1.0
16,1,f64,ijkl-imjn-nlmk,0.249677723,0.250446173,0.0030777675748028255,0.249392597,0.250514422,0.004498228951038241,0.256319465,0.256261789,0.00022501607515457156,0.256151019,0.257295593,0.00446835622387276,1.0249097472250046,1.0266374921485102,1.0
16,1,f64,ijkl-imkn-jnlm,0.24942576,0.250870247,0.005791250270220649,0.249700069,0.250864858,0.004664752415426854,0.255785884,0.256899771,0.0043547633770124605,0.252817213,0.253350497,0.0021093658682171945,1.0247664877187297,1.011740113424004,1.0
16,1,f64,ijkl-imkn-njml,0.249584825,0.248748789,0.0033497068581794798,0.249489517,0.248847786,0.0025721762089105926,0.255314112,0.25511932,0.0007629503848185504,0.257347862,0.258690888,0.005218718312103299,1.0242819244265675,1.0355266312564315,1.0
16,1,f64,ijkl-imln-jnkm,0.251003151,0.250448083,0.0022113985333992447,0.250994271,0.250492155,0.0020005078123874753,0.256568387,0.257319685,0.002928256317096478,0.254811091,0.256076433,0.004965804255357087,1.0248012225124772,1.018815460761732,1.0
16,1,f64,ijkl-imln-njmk,0.250009186,0.248585755,0.0056935147974922495,0.250102189,0.248110561,0.007963256970933474,0.254116448,0.254854816,0.002905628525076809,0.257951815,0.258662695,0.002755863532109659,1.0208142135632639,1.036143939156325,1.0
16,1,f64,ijkl-imnj-nlkm,0.24944121,0.250423273,0.003937051941016456,0.249265733,0.249951975,0.0027530539065312443,0.255008993,0.255640646,0.0024769832332933728,0.254851065,0.255118615,0.0010498288480764728,1.0215773499179317,1.0202177017461074,1.0
16,1,f64,ijkl-imnk-njml,0.247941988,0.249222311,0.005163800654853112,0.24791194,0.249646562,0.006996928022103388,0.253314804,0.25405562,0.0029244875873895015,0.254922177,0.257685098,0.010838292032944619,1.0205309725792384,1.0310505596650053,1.0
16,1,f64,ijkl-minj-nlmk,0.307115955,0.307168587,0.0001713750104581635,0.306729851,0.307026293,0.0009664595703142709,0.310962918,0.312179167,0.003911234843763545,0.314569034,0.314007082,0.0017864186848093322,1.0144173550576918,1.023264992255671,1.0
16,1,f64,ijkl-mink-jnlm,0.303483266,0.303114441,0.0012153058877386602,0.303259665,0.303373786,0.0003763144696475873,0.308174387,0.308382303,0.0006746699556183788,0.307233166,0.306109924,0.0036559920096648213,1.0164179023363629,1.011118518540146,1.0
16,1,f64,ijkl-minl-njmk,0.304307038,0.30469754,0.0012832499785957463,0.30476439,0.304875062,0.00036313953871047744,0.311710062,0.312889995,0.0037853542244650207,0.313660235,0.311066462,0.008269371474519338,1.0256065281922973,1.0258074626890237,1.0
16,4,f64,abc-bk-akc,0.004108054,0.004082183,0.006297628999034632,0.004018979,0.004079949,0.01517051967676375,0.004194795,0.004139199,0.013253567814398681,0.00557228,0.005511115,0.010976655875153507,1.017534673837851,1.3532308673118203,3.771968859241018
16,4,f64,abcijk-eiab-jkec,0.004804149,0.004793598,0.0021962266366010175,0.004790403,0.004814266,0.004981418056059228,0.005014027,0.005051949,0.0075631822485200395,0.009487495,0.009302245,0.019525701989829725,1.0487784945240273,1.9576300700065021,2.995149372616449
16,4,f64,abcijk-eiac-jkeb,0.00464233,0.004651663,0.0020104128745694894,0.004650465,0.00466038,0.002132044860030158,0.004925483,0.004938298,0.0026017752979758946,0.011778439,0.012293085,0.04369390544876106,1.0613067654304884,2.589418129935674,3.018963856220374
16,4,f64,abcijk-eibc-jkea,0.004289077,0.004319104,0.0070008069335196765,0.004342697,0.004307463,0.008113391286566962,0.004669421,0.004634632,0.0074503883886246625,0.005205291,0.005142908,0.011984536503338639,1.0808374688236728,1.2021208567702173,3.211812095180964
16,4,f64,abcijk-ejab-ikec,0.005063789,0.00476759,0.05849355097536635,0.004838143,0.004779551,0.012110431626349172,0.005077735,0.005057049,0.004073863641958386,0.007514489,0.007411593,0.01369301359014563,1.0313269015490123,1.518861791602515,2.9544979370520057
16,4,f64,abcijk-ejac-ikeb,0.004709965,0.004625775,0.01787486743532052,0.004732778,0.004636265,0.020392462946709156,0.004907801,0.004931244,0.004776681043098696,0.00638398,0.00650231,0.01853545907098697,1.0539514997909931,1.3803159360016932,2.9970248966559017
16,4,f64,abcijk-ejbc-ikea,0.00439275,0.004424721,0.0072781287348473445,0.004402878,0.004401768,0.0002521078258356235,0.004708723,0.004731853,0.004912159836117036,0.00525353,0.005211937,0.007917152847704334,1.070670912635747,1.1868996385101342,3.2330867996419284
16,4,f64,abcijk-ekab-ijec,0.00484741,0.004797835,0.010227110972663711,0.004826442,0.004768752,0.011952904437678935,0.00507977,0.005047711,0.006311112510999584,0.006856724,0.006801959,0.007987050375660498,1.0500058871835543,1.4161126677079843,3.02222158206011
16,4,f64,abcijk-ekac-ijeb,0.004715045,0.004664247,0.010773598131088913,0.004745832,0.004629282,0.02455839144748484,0.004970137,0.00490766,0.012570478439527966,0.008727843,0.008776005,0.005518201919993304,1.0531439139111534,1.8662430451735204,2.9945056323537322
16,4,f64,abcijk-ekbc-ijea,0.004439486,0.00440262,0.008304114485325531,0.004392069,0.004373686,0.0041854989072348525,0.004712871,0.004761268,0.010269111970176992,0.005197076,0.0052187,0.004160801188976215,1.0714752495424549,1.1779822687483856,3.152444120571364
16,4,f64,abcijk-ijma-mkbc,0.004379213,0.004443596,0.014701956721447473,0.004367631,0.004399123,0.007210316072946421,0.004696258,0.004725701,0.006269459642123554,0.00521663,0.005203652,0.0024878130133823007,1.0679324317066397,1.181092254733294,3.1429531972545144
16,4,f64,abcijk-ijmb-mkac,0.004650735,0.004616287,0.007407001258940671,0.004645305,0.004641474,0.0008247036523975071,0.004941211,0.004929892,0.002290733992132754,0.008785505,0.008646994,0.015765855235413406,1.0651927567299864,1.881086411223907,3.022325007237619
16,4,f64,abcijk-ijmc-mkab,0.004768062,0.004778019,0.002088269825350375,0.004716697,0.00479452,0.01649946986206663,0.005006372,0.005110328,0.020764737418633716,0.006827347,0.006868973,0.006096950982570348,1.0597198347027494,1.434752564445612,3.0427978947684102
16,4,f64,abcijk-ikma-mjbc,0.004411743,0.004392471,0.00436834149224008,0.004434425,0.004399544,0.007865957818657399,0.004733337,0.0047299,0.0007261261980711087,0.005220638,0.005211747,0.0017030485546019047,1.0748556370309148,1.1849332836345128,3.1654554176822476
16,4,f64,abcijk-ikmb-mjac,0.004657437,0.004625325,0.0068947792530528185,0.004638171,0.004630765,0.0015967500982606575,0.004920082,0.004930262,0.0020690712065367656,0.006353612,0.006335189,0.00289961048927756,1.0611494379587671,1.366927596429575,3.0186176456519904
16,4,f64,abcijk-ikmc-mjab,0.00476212,0.004727345,0.007302419930619086,0.004758495,0.004736671,0.00458632403732695,0.005136402,0.00504729,0.01734910935709466,0.007797321,0.007183179,0.07876320597805331,1.073123773004113,1.5773288060979989,3.0592374977616577
16,4,f64,abcijk-jkma-mibc,0.004302371,0.004335705,0.007747820910841918,0.004280321,0.004294769,0.0033754477759961876,0.004625148,0.004646214,0.004554665061528906,0.005138246,0.005121148,0.0033275946694650838,1.0733185376630228,1.187701537070223,3.186076994639033
16,4,f64,abcijk-jkmb-miac,0.004651236,0.004642657,0.0018444559682632145,0.004672816,0.004679516,0.0014338249141416792,0.004931695,0.004954978,0.004721094877116139,0.01187639,0.012227984,0.029604450510634983,1.0637791715969793,2.593296469133337,3.016616645075389
16,4,f64,abcijk-jkmc-miab,0.004847018,0.004797425,0.010231651708328626,0.004881693,0.004832139,0.010150986553230656,0.004984943,0.004995925,0.0022030342172416617,0.009398911,0.009289972,0.011590598102269367,1.034895837471717,1.9377803956305195,2.9849386542829413
16,4,f64,abcs-rc-abrs,0.002683067,0.00270596,0.008532399675446056,0.002707703,0.002868782,0.059489168494476496,0.002790807,0.002673079,0.04218421410007933,0.005052696,0.005189125,0.02700122865100152,1.0136647720965777,1.9003439202353456,3.5769575414447705
16,4,f64,abj-bka-kj,0.005624322,0.005693915,0.012373580317769806,0.005597342,0.005635325,0.006785899450131971,0.005767487,0.005812164,0.007746354694861068,0.009494353,0.009865754,0.03911809472430594,1.0231084323209605,1.710240750684086,3.4912599446870494
16,4,f64,abjc-cbka-kj,0.012741925,0.012721753,0.0015831202899090346,0.012801885,0.012596721,0.016026077409693973,0.013338807,0.013571316,0.017431019130871306,0.00852392,0.008736501,0.02493934715483026,1.0567651288241238,0.677793572552088,2.8517700044112417
16,4,f64,abjc-kbac-jk,0.003524894,0.003764491,0.06797282414733608,0.003428536,0.003568777,0.04090404767515943,0.00364188,0.003804997,0.04478922973848665,0.006430132,0.00690486,0.0738286554615053,1.021912738573285,1.8292001173065222,3.3669245331104043
16,4,f64,abjcd-dkbac-jk,0.007003411,0.007008132,0.0006741000920837958,0.006997701,0.007024362,0.003809965587269204,0.007492606,0.007489669,0.0003919864463711731,0.007373455,0.007319963,0.007254672334746748,1.0692809180664757,1.0486583428955132,2.3940849967858315
16,4,f64,abrs-qb-aqrs,0.002421073,0.002375685,0.018747059671476163,0.002459334,0.0024055,0.021889666064064506,0.002400897,0.002429706,0.011999265274603488,0.004654971,0.004691738,0.007898438035381927,1.007082982810885,1.9486192825167514,3.5476432782971266
16,4,f64,adbjc-cbdka-kj,0.013423334,0.013254235,0.012597391974303873,0.013309705,0.013119444,0.014294907362710219,0.013920323,0.014014952,0.006797902606139328,0.01254399,0.012737763,0.01544747723810369,1.0471597292723773,0.9476694928860603,3.102031251875625
16,4,f64,ajb-kba-jk,0.004778539,0.004806321,0.005813910904567177,0.004768952,0.00476787,0.00022688422949113107,0.00504389,0.004889717,0.03056628911415582,0.006043818,0.006027095,0.002766959560992821,1.0362647177562994,1.259376988605077,3.737597118962616
16,4,f64,ajbc-ckba-jk,0.007727629,0.008169044,0.05712166047308953,0.007702413,0.0081771,0.06162834945360629,0.008057038,0.008590169,0.06616960227815727,0.005375002,0.005409605,0.006437765046412913,1.0470798703904305,0.6786773307236984,2.501848042107728
16,4,f64,ajbdc-ckbad-jk,0.006945044,0.007094954,0.021585176422208363,0.006950273,0.007095185,0.0208498284887515,0.007414331,0.007475924,0.008307290300365588,0.006796239,0.006806126,0.0014547752072875397,1.0606110103589832,0.9688845288601425,2.4330635322401055
16,4,f64,aqrs-pa-pqrs,0.002475444,0.002529632,0.021890214442338518,0.002695089,0.002734743,0.014713428758753366,0.002992069,0.002939745,0.017487564625013663,0.00484407,0.004800591,0.008975716701038583,1.185182980246541,1.9270692975517856,2.8913802694779727
16,4,f64,ij-ik-kj,0.042950953,0.042734944,0.005029201563932828,0.047588824,0.047544421,0.0009330552064072961,0.048682696,0.048745438,0.0012887946879525103,0.035808519,0.035812583,0.00011349254628489902,1.1370415295257472,0.8358590150113309,3.9737141505311624
16,4,f64,ij-ikl-ljk,0.006564777,0.006523539,0.0062817061417318465,0.006693046,0.006714684,0.003232907707492183,0.006893401,0.006934433,0.005952359365137827,0.007611532,0.007641702,0.003963722414883186,1.0565027432048195,1.165411950188847,2.7374315897052717
16,4,f64,ij-kil-lkj,0.007822475,0.007765742,0.007252563926378852,0.007807527,0.007829281,0.0027862855933769026,0.007815833,0.007961016,0.018575499246209493,0.0096087,0.009493319,0.012007971942094131,1.0120647835268104,1.2253997388875142,2.7299043778091043
16,4,f64,ijk-ikl-lj,0.004341005,0.004351955,0.0025224573572248943,0.004300169,0.004253271,0.010906082993482391,0.004287365,0.004347336,0.013987845681438626,0.006530663,0.00634179,0.028920953354965695,0.9932749705416555,1.4806323166001567,3.6678450405937646
16,4,f64,ijk-il-jlk,0.006011955,0.005895239,0.019413984302943055,0.005990735,0.005957184,0.005600481410043989,0.006451736,0.006385252,0.010304823383969763,0.004824037,0.004760425,0.013186466024203258,1.0781240797021943,0.8049513068797489,2.978050892777237
16,4,f64,ijk-ilk-jl,0.004034964,0.004080189,0.011208278438171737,0.004120664,0.004007483,0.027466689834453772,0.004136994,0.004113009,0.005797687886421876,0.005541857,0.005608495,0.012024489264158111,1.0166285525770518,1.3740130376218869,3.765588393511021
16,4,f64,ijk-ilk-lj,0.004145259,0.004026649,0.028613411128231014,0.004080068,0.003996663,0.020442061259763333,0.004176297,0.004199621,0.005584851843630778,0.005874899,0.00583702,0.006447600205552462,1.0250687996499015,1.4333362035828179,3.7696291792755487
16,4,f64,ijk-ilmk-mjl,0.002436209,0.002294142,0.058314783337554355,0.002165413,0.002140246,0.011622263281877432,0.002266402,0.002269016,0.0011533699670227548,0.003555829,0.003838628,0.0795311023111629,0.9592235486054326,1.5627554698137596,3.0765519001950286
16,4,f64,ijkl-imjn-lnkm,0.065622904,0.066007336,0.005858198533853498,0.065724193,0.065953605,0.0034905259316002635,0.067139395,0.067580074,0.006563642701874262,0.066641656,0.066729781,0.0013223711007421812,1.0234678809330184,1.0132320406810327,3.807895969418713
16,4,f64,ijkl-imjn-nlmk,0.065174793,0.065147585,0.0004174620086634384,0.065218994,0.065194432,0.0003766080783154102,0.066401508,0.066566758,0.0024886482999755266,0.068771711,0.068249262,0.0075968591213325665,1.020301871818825,1.0513925701717535,3.8375858713223594
16,4,f64,ijkl-imkn-jnlm,0.064752522,0.065311993,0.008640142232606562,0.065168208,0.065213118,0.0006891397105777131,0.067041538,0.066529188,0.007642276941796866,0.066473029,0.067129266,0.009872229532371657,1.026959421529219,1.027197305320258,3.8465414657601427
16,4,f64,ijkl-imkn-njml,0.064678423,0.064980826,0.0046754850531838255,0.064686488,0.065023506,0.005210021604511894,0.066757482,0.066243127,0.00770482925045024,0.068533831,0.069088717,0.008096526808781368,1.0257654364688442,1.0614113896679476,3.843414734508437
16,4,f64,ijkl-imln-jnkm,0.064843305,0.064784532,0.0009063850153843145,0.064882898,0.065085982,0.003130008157157249,0.067030795,0.066809653,0.003299110505850411,0.066716625,0.067974132,0.018848480419985325,1.0324964310119042,1.0390121723146537,3.868389613973573
16,4,f64,ijkl-imln-njmk,0.065252888,0.06474581,0.007770966397686374,0.06541038,0.064740671,0.010238573755419367,0.067530696,0.066256634,0.018866412986473735,0.068680198,0.069266579,0.008537846673068561,1.0291047772093298,1.0611381672336637,3.8353976607934808
16,4,f64,ijkl-imnj-nlkm,0.06566124,0.065274826,0.005884963488353323,0.065678171,0.065256041,0.006427249626059006,0.120741889,0.066707104,0.4475231044298139,0.06846411,0.067151722,0.019168992337737167,1.370842704098596,1.0356968586515853,3.8176318437289227
16,4,f64,ijkl-imnk-njml,0.064473544,0.06511037,0.009877322704643143,0.064495747,0.065068913,0.008886880556635779,0.06633333,0.065907966,0.006412522935302589,0.067060102,0.067622749,0.00839019004176289,1.0205140802185397,1.0393520150993019,3.836654093314924
16,4,f64,ijkl-minj-nlmk,0.079757958,0.079751418,8.199808726294666e-05,0.07984976,0.079635784,0.0026797325377058145,0.080834819,0.080783701,0.0006323760061861528,0.082889848,0.082033438,0.010331904577747575,1.0132226462464484,1.0339270749210183,3.8510873508875436
16,4,f64,ijkl-mink-jnlm,0.07876572,0.078679042,0.0011004533444243236,0.07881409,0.078755705,0.0007407939367187755,0.080660964,0.080615329,0.0005657631366766669,0.079580468,0.080734521,0.014501711651155436,1.0243358301342873,1.018203828354049,3.8527651164268955
16,4,f64,ijkl-minl-njmk,0.07887638,0.079436003,0.007094937673356894,0.079056953,0.079433108,0.004758025521170772,0.079975272,0.081357422,0.017282216933254047,0.082431841,0.080680431,0.021246765555072433,1.0190471414584632,1.0302661412351597,3.8468769547425867
16,8,f64,abc-bk-akc,0.002337793,0.00230302,0.014874285276754606,0.002191562,0.002156797,0.015863114983742377,0.002337784,0.002296287,0.017750570625857498,0.003472707,0.003455336,0.00500214961987866,0.99853523168564,1.4928883604671361,6.657030146512863
16,8,f64,abcijk-eiab-jkec,0.003679109,0.00361858,0.016452081196833168,0.003696762,0.003733073,0.00982237969336408,0.003736716,0.003751117,0.0038539187885833215,0.006536815,0.006699329,0.0248613430240876,1.0260887695826306,1.8136702679365768,3.9392823397302763
16,8,f64,abcijk-eiac-jkeb,0.0036037,0.003555633,0.013338235702195056,0.00360435,0.003577083,0.007565025594073904,0.00377638,0.003859189,0.021928142824609642,0.007443246,0.00730149,0.019044916693603864,1.0664809187874462,2.0594637626278485,3.919198506678847
16,8,f64,abcijk-eibc-jkea,0.003715096,0.0036564,0.01579932254778882,0.003705718,0.003694331,0.0030728188167583603,0.003741315,0.003691005,0.013447143584541799,0.003805503,0.003812261,0.001775849342386504,1.0082601063650913,1.0334404991928732,3.7507404408818363
16,8,f64,abcijk-ejab-ikec,0.003693656,0.003583064,0.029941066520542292,0.003678357,0.003612028,0.01803223558779099,0.003743589,0.003757439,0.0036996582691102287,0.005451334,0.005405559,0.00839702722306146,1.030942740596497,1.4921627566521185,3.990390849654165
16,8,f64,abcijk-ejac-ikeb,0.003562593,0.003584176,0.006058227813281025,0.003595023,0.003590247,0.0013285033225101106,0.003793892,0.003781293,0.003320864167983717,0.00476396,0.004798899,0.007334024634967351,1.059948777758914,1.3380646248040806,3.9148369084696886
16,8,f64,abcijk-ejbc-ikea,0.003655475,0.0036616,0.001675568838523045,0.003650977,0.003678672,0.0075856407750583,0.003723953,0.003761266,0.010019729035248393,0.003881685,0.003863556,0.004670394429223346,1.0229673224958282,1.0585134765737416,3.896020156877199
16,8,f64,abcijk-ekab-ijec,0.003654574,0.003598823,0.015255129599236361,0.003672296,0.003658194,0.0038401043924563005,0.003799883,0.003760023,0.01048979665952876,0.005351098,0.005313608,0.007006038760643207,1.0422736042752536,1.470339365016698,4.018881586426672
16,8,f64,abcijk-ekac-ijeb,0.00355576,0.003528933,0.007544659932053777,0.003599702,0.003597531,0.0006031054792868806,0.003817996,0.003771645,0.01214013843911832,0.006925296,0.006942972,0.002552381876529175,1.0712607976188377,1.957509825916837,3.964340042654465
16,8,f64,abcijk-ekbc-ijea,0.003693096,0.003656781,0.009833213109001204,0.003664432,0.003690705,0.007169733262890388,0.003750431,0.003754573,0.001104406400224578,0.003914767,0.003870429,0.011325833695849719,1.0211183760725557,1.059223817075547,3.792491090299821
16,8,f64,abcijk-ijma-mkbc,0.003679429,0.003675696,0.0010145595960677767,0.003667226,0.003673432,0.0016922873038094366,0.003776128,0.00368262,0.024762931765024865,0.003887304,0.0038978,0.0027000718235568044,1.014008979755532,1.0584589557972182,3.7700162810132674
16,8,f64,abcijk-ijmb-mkac,0.003577921,0.0035541,0.006657776960419137,0.003590634,0.003583625,0.001952022957505628,0.003777301,0.003762027,0.004043627976695552,0.006945312,0.006417654,0.07597326081247324,1.0571133457704,1.8722068690540414,3.9270657010344294
16,8,f64,abcijk-ijmc-mkab,0.003675652,0.003606798,0.018732458894367587,0.003629586,0.00359726,0.008906249913901987,0.003733199,0.003727112,0.0016305050976388458,0.005420657,0.005345096,0.013939454202691715,1.024468686863528,1.4783443814233193,3.988778192133615
16,8,f64,abcijk-ikma-mjbc,0.003626642,0.003658154,0.00868902968641505,0.003663049,0.003663473,0.00011575056735524392,0.003683247,0.003705672,0.006088377999086125,0.003905519,0.003898522,0.0017915672667320193,1.0142980121110965,1.071287497738939,3.8257132915366876
16,8,f64,abcijk-ikmb-mjac,0.003571029,0.003531357,0.011109402919998623,0.00359864,0.003598994,9.837049552041677e-05,0.003808459,0.003749764,0.015411745275451305,0.004795899,0.004795633,5.546405376766206e-05,1.0641653383974907,1.3504872347761978,3.94534719074936
16,8,f64,abcijk-ikmc-mjab,0.00365819,0.003625212,0.009014840672573077,0.003656787,0.003662852,0.0016585598231453336,0.003732017,0.003756948,0.0066803018314225415,0.005348984,0.005362428,0.002513374502522314,1.0282283291683598,1.470674468242589,3.985861252172485
16,8,f64,abcijk-jkma-mibc,0.003691762,0.003676878,0.004031679181919046,0.003743498,0.003678492,0.017365042000823894,0.003734902,0.003712474,0.00600497683741108,0.003817525,0.003825466,0.002080143548503388,1.0106827611881908,1.0372337998038093,3.7349397507868374
16,8,f64,abcijk-jkmb-miac,0.003538398,0.003585259,0.01324356389529946,0.003578743,0.003605326,0.007428027103371093,0.00379254,0.003764102,0.0074984047630347606,0.007344572,0.007266816,0.01058686605563941,1.0607967217891934,2.051123074906996,3.935718269397151
16,8,f64,abcijk-jkmc-miab,0.003625189,0.003617007,0.002256985773707143,0.003643753,0.003628749,0.00411773245881375,0.003788371,0.00378505,0.0008766300871799748,0.00660949,0.006663522,0.008174912133916523,1.045736003986458,1.832719038944631,3.9749971526547703
16,8,f64,abcs-rc-abrs,0.001993735,0.001999995,0.003139835534812896,0.001975921,0.001939893,0.018233522494067178,0.002085645,0.002174831,0.042761831471798795,0.004190946,0.004175758,0.0036240027907780137,1.0665587433042454,2.094958971397701,4.826608337620576
16,8,f64,abj-bka-kj,0.004308003,0.004279401,0.006639271142568792,0.004315898,0.004318634,0.0006339352783590879,0.00449445,0.004539305,0.009980086551190981,0.006525253,0.006663091,0.021123778648889147,1.0519702751414606,1.5357023871723643,4.601434808514721
16,8,f64,abjc-cbka-kj,0.008564813,0.008306472,0.030163063688605773,0.008542631,0.008491857,0.005943602152545302,0.008366205,0.008579821,0.02553320173244611,0.006031127,0.006467316,0.07232296716683306,1.0044680315172998,0.7404470927630018,4.304654037504964
16,8,f64,abjc-kbac-jk,0.002464638,0.002422892,0.016937984401766082,0.002370102,0.002427542,0.024235243884018542,0.002588888,0.002637012,0.018588675910275132,0.004708567,0.004678585,0.006367542396657044,1.069224954662804,1.9206933876706984,5.018985562486588
16,8,f64,abjcd-dkbac-jk,0.004436172,0.004458054,0.0049326311062780626,0.004478359,0.004457002,0.004768934335099173,0.004788545,0.004815961,0.005725329927984246,0.005159212,0.005190819,0.006126323167181313,1.0798574196007982,1.163677880736763,3.77153947907863
16,8,f64,abrs-qb-aqrs,0.001716431,0.001546901,0.098768898953701,0.001542258,0.0014978,0.028826564686323497,0.00168892,0.001671794,0.010140207943537871,0.002788728,0.002780699,0.002879090395334294,1.031220375526951,1.70897470256851,5.2214831324691895
16,8,f64,adbjc-cbdka-kj,0.00824487,0.008199894,0.005455028399477535,0.008034941,0.008249656,0.026722660440194668,0.008339385,0.008262339,0.009238810775614614,0.009299785,0.010626844,0.14269781505701484,1.0095375835517697,1.2090453231929728,5.032197469276109
16,8,f64,ajb-kba-jk,0.002831497,0.00268977,0.05005373482648923,0.002716535,0.002661007,0.02044074528765505,0.002943214,0.002867641,0.025677031979325915,0.003892885,0.003745086,0.03796644390985093,1.0527074228125723,1.3835697529845752,6.490539756870247
16,8,f64,ajbc-ckba-jk,0.005053225,0.005017967,0.006977326360888325,0.005051431,0.005042693,0.0017298068606698136,0.005312535,0.005371906,0.011175644019286501,0.004023616,0.004036248,0.0031394646009956784,1.0608815240295517,0.800292904046919,3.947493820431752
16,8,f64,ajbdc-ckbad-jk,0.004471797,0.004490424,0.004165439531356174,0.004373005,0.00444002,0.015324702349985841,0.004777013,0.004887815,0.02319482906996484,0.004713165,0.004718209,0.0010701938081947304,1.0783279847813705,1.0523499723637448,3.8113692595290667
16,8,f64,aqrs-pa-pqrs,0.001482327,0.001496908,0.00983656102870678,0.00168353,0.001645184,0.022777140888490144,0.002338153,0.001821913,0.22078965747750456,0.004384515,0.002701451,0.38386549025376815,1.3855771614578005,2.310413763551485,4.857254676564139
16,8,f64,ij-ik-kj,0.021951004,0.021934545,0.000749806250320062,0.024418584,0.024415325,0.00013346392239610427,0.025071643,0.025150805,0.0031574316848719253,0.019377958,0.019460737,0.004271812334405878,1.1443946877225792,0.8849976905998983,7.75859505414713
16,8,f64,ij-ikl-ljk,0.003184999,0.003580739,0.12425121640540548,0.003174199,0.003208576,0.01083013383848952,0.003546358,0.003488397,0.01634380962102533,0.005058609,0.005087336,0.005678833845430553,1.041509549338022,1.5021724194220722,5.304615523232605
16,8,f64,ij-kil-lkj,0.004197134,0.004207016,0.0023544637840964278,0.004184129,0.004182891,0.0002958799788438382,0.00449267,0.004561707,0.015366586016778427,0.006449866,0.006486231,0.005638101628778092,1.0773391790738576,1.5392460664565462,5.063461434435453
16,8,f64,ijk-ikl-lj,0.002403151,0.002296588,0.04434303129516204,0.002391309,0.002359335,0.013370919442029283,0.002531398,0.002574996,0.017222894226826435,0.004062123,0.004038371,0.005847188772964307,1.086766943712267,1.7240409071898868,6.7860373336664646
16,8,f64,ijk-il-jlk,0.002367745,0.00227145,0.04066949777108608,0.002343009,0.002263977,0.03373098438802413,0.002537379,0.002421871,0.04552256481983974,0.002588965,0.002559286,0.011463654394709866,1.0689296390575045,1.109950076172807,7.644896838940007
16,8,f64,ijk-ilk-jl,0.002225462,0.002187213,0.017186993082784707,0.002224911,0.002159442,0.029425446680788503,0.00234306,0.00229207,0.02176214010738109,0.003422238,0.003314875,0.03137216055692216,1.050388631383972,1.5266273970968471,6.9252776254776744
16,8,f64,ijk-ilk-lj,0.002255858,0.002220245,0.015786897934178423,0.00221889,0.002186613,0.014546462420399364,0.002387292,0.002321965,0.02736447824564403,0.003627499,0.003630592,0.0008526535775750244,1.0520206782780512,1.6215712814138177,6.881609478380724
16,8,f64,ijk-ilmk-mjl,0.001723031,0.001720915,0.00122806844450285,0.001367162,0.001382976,0.011567027170152455,0.001576751,0.001591815,0.009553823019614383,0.00193844,0.001950122,0.006026495532490017,0.9200291727040647,1.129095864575414,4.223820073361221
16,8,f64,ijkl-imjn-lnkm,0.035486757,0.035530609,0.00123572858460963,0.035470507,0.035546629,0.0021460646164432884,0.036693241,0.036718411,0.0006859573947146647,0.035583406,0.036165291,0.01635270665208388,1.0337142281576024,1.0102648848310014,7.057882409240925
16,8,f64,ijkl-imjn-nlmk,0.03596201,0.035779543,0.005073882132839769,0.035985865,0.035739738,0.006839546583081946,0.037032494,0.036650946,0.010303059793920544,0.036062327,0.035754475,0.008536664869130517,1.0270573658745261,1.001042930564316,6.9712029129037685
16,8,f64,ijkl-imkn-jnlm,0.033782336,0.033772374,0.00029488783724140877,0.033826208,0.033802851,0.0006905000998043143,0.034701119,0.034582804,0.003409544228242356,0.036221595,0.036791087,0.015722444028210214,1.0255957390828452,1.0807604942460978,7.405759378246444
16,8,f64,ijkl-imkn-njml,0.033581408,0.033874794,0.008736560420575579,0.03360492,0.033931661,0.00972301079722837,0.034956294,0.035615176,0.01884873722597713,0.036047095,0.035903403,0.00398622968092166,1.0461463810397458,1.0666333548037936,7.387573140679289
16,8,f64,ijkl-imln-jnkm,0.033516149,0.033554288,0.0011379290621962301,0.033537609,0.033439635,0.002921317378349775,0.034295633,0.034531659,0.006882100703608618,0.036421803,0.036877348,0.012507480752668831,1.0261883105129195,1.0928473189970918,7.4764833851288355
16,8,f64,ijkl-imln-njmk,0.034120662,0.033695982,0.01244641736435248,0.034047096,0.033661418,0.011327779614449307,0.034684346,0.034915925,0.006676758443131758,0.03600323,0.036029379,0.0007262959462248642,1.0263151690606152,1.0621878704393297,7.352217039101311
16,8,f64,ijkl-imnj-nlkm,0.036274106,0.035960239,0.008652646050050228,0.036252405,0.035929492,0.008907353870729384,0.037229866,0.037034641,0.005243773909903382,0.035649037,0.035417228,0.006502531891674934,1.0281113709173122,0.9838333525107832,6.920090949649188
16,8,f64,ijkl-imnk-njml,0.033677046,0.034395856,0.021344211722132744,0.034183905,0.034051244,0.0038808029685315493,0.034837547,0.034855823,0.0005246063966557468,0.035746151,0.035778782,0.0009128535265239268,1.0238619381475227,1.0507692686429067,7.303792775929749
16,8,f64,ijkl-minj-nlmk,0.04352181,0.04305256,0.0107819504749459,0.04348396,0.043017295,0.010731888264086442,0.044696758,0.04413692,0.012525248475515838,0.045371559,0.044420789,0.020955197946801785,1.0260914264922634,1.0371271909144715,7.095559151383317
16,8,f64,ijkl-mink-jnlm,0.040293944,0.040492832,0.004935927840669985,0.040364955,0.040544509,0.004448264589914652,0.041552156,0.041692707,0.003382520030970282,0.043225897,0.043576015,0.008099727809003143,1.0304285025105027,1.0744514540255254,7.508647617562197
16,8,f64,ijkl-minl-njmk,0.042024755,0.040450444,0.03746151524262298,0.041962991,0.040418916,0.03679611398529714,0.043244796,0.041670977,0.03639325758410339,0.04527026,0.044283594,0.021795015093794445,1.0296023525101228,1.0859596353308076,7.385437560297205
16,1,c64,abc-bk-akc,0.056060037,0.055827682,0.004144752883413205,0.056026394,0.055611379,0.007407490833695185,0.056646903,0.056477402,0.002992237722157509,0.069746933,0.069606287,0.0020165187765316395,1.0110530713704906,1.2454758284310044,1.0
16,1,c64,abcijk-eiab-jkec,0.051889469,0.051864811,0.0004752023960777896,0.051907532,0.051840856,0.0012845149332085803,0.053302558,0.053474798,0.0032313646185611056,0.066138356,0.067049604,0.013777905214335862,1.0291355700916405,1.2836564084634055,1.0
16,1,c64,abcijk-eiac-jkeb,0.050932671,0.050962761,0.0005907799337678821,0.050913526,0.050913439,1.7087797062886878e-06,0.052664787,0.052934553,0.005122322055532091,0.081886623,0.082767732,0.01076010913284331,1.0363467523173964,1.6158919139634378,1.0
16,1,c64,abcijk-eibc-jkea,0.052202744,0.052137729,0.0012454326155728612,0.052204828,0.052108806,0.0018393317951359567,0.053738452,0.054118398,0.007070281816082158,0.061980969,0.0612519,0.011762788026111637,1.0336947746100782,1.1810444471407286,1.0
16,1,c64,abcijk-ejab-ikec,0.051794841,0.051535749,0.0050022742612532145,0.0518158,0.0515095,0.0059113243450840125,0.053063281,0.052867919,0.0036816796157025378,0.064882639,0.064978499,0.0014774368225063395,1.0251693409864628,1.2567576633984514,1.0
16,1,c64,abcijk-ejac-ikeb,0.050628934,0.050735218,0.0020992739053127263,0.050613915,0.050817171,0.004015812647569339,0.052226157,0.051890289,0.006431030336005783,0.065487027,0.06598834,0.007655149774931758,1.0271477582760185,1.2970510868735712,1.0
16,1,c64,abcijk-ejbc-ikea,0.052396335,0.052319559,0.001465293326336714,0.052436639,0.052359092,0.001478870527914622,0.054099836,0.054038439,0.001134883292437272,0.062145376,0.061281255,0.013904831793116856,1.0326826473527873,1.1786523948507561,1.0
16,1,c64,abcijk-ekab-ijec,0.051790963,0.051477411,0.006054183622729692,0.051802996,0.051446483,0.006882092302151754,0.053125497,0.052703404,0.007945205670264133,0.058583381,0.058371889,0.003610102325777187,1.024791453260889,1.1325405190045628,1.0
16,1,c64,abcijk-ekac-ijeb,0.05062775,0.050712697,0.0016778742883103437,0.050635535,0.050726122,0.0017890005507001927,0.052227388,0.051886153,0.006533640931842166,0.069699145,0.069326366,0.005348401332613273,1.027358981076222,1.3718615239746064,1.0
16,1,c64,abcijk-ekbc-ijea,0.052280507,0.052211778,0.0013146199978510964,0.052285887,0.052200698,0.0016292924322007796,0.053841673,0.053886707,0.000836415317183814,0.062264706,0.061270056,0.015974539412424105,1.0309698356213972,1.1822000485912325,1.0
16,1,c64,abcijk-ijma-mkbc,0.052451502,0.052357515,0.0017918838625440303,0.05238649,0.052358938,0.0005259371261560064,0.054086246,0.053905648,0.0033390744108954262,0.062151251,0.061166006,0.015852376004466873,1.03036732432254,1.176553069894804,1.0
16,1,c64,abcijk-ijmb-mkac,0.050653643,0.050800818,0.0029055165884119827,0.050611725,0.050792322,0.003568283831463903,0.052165437,0.052033773,0.002523970037862533,0.069440828,0.069234309,0.0029740284778863035,1.0270542608654265,1.3668706902509393,1.0
16,1,c64,abcijk-ijmc-mkab,0.051918085,0.051574829,0.006611491930027857,0.051853093,0.051598463,0.004910603886252418,0.053070808,0.052923029,0.0027845628429097324,0.058619754,0.058304018,0.005386170675503066,1.0241697995082222,1.1297777238737337,1.0
16,1,c64,abcijk-ikma-mjbc,0.052432346,0.052470266,0.0007232176870362039,0.052414803,0.05242961,0.0002824965306078564,0.054280668,0.054207862,0.0013412878411885876,0.062255004,0.060573775,0.027005523925434205,1.034183139863733,1.1707742844866622,1.0
16,1,c64,abcijk-ikmb-mjac,0.050660685,0.050794717,0.0026456807680355077,0.050698316,0.050809585,0.0021947277302070134,0.052363106,0.052000813,0.006918860008036987,0.066081502,0.064737157,0.020343741581418606,1.0286626357368882,1.2893533796808827,1.0
16,1,c64,abcijk-ikmc-mjab,0.05171257,0.05151613,0.0037986895642587726,0.051848495,0.051554421,0.005671794330770807,0.053131741,0.05315405,0.0004198808392144038,0.064957131,0.064990289,0.000510459736899449,1.0296165804967883,1.2588325829593263,1.0
16,1,c64,abcijk-jkma-mibc,0.052211632,0.052188793,0.0004374312605284203,0.052246266,0.052195776,0.0009663848513117301,0.053831167,0.053910138,0.0014670125951385948,0.061752354,0.061192868,0.009060156637915484,1.0320003834895692,1.177619266499169,1.0
16,1,c64,abcijk-jkmb-miac,0.050911373,0.050992976,0.0016028442210740401,0.050957128,0.050943084,0.00027560422950045904,0.052670559,0.052618274,0.0009926798004934456,0.081978356,0.082974034,0.012145620485485287,1.033212564619691,1.6186692662812245,1.0
16,1,c64,abcijk-jkmc-miab,0.05193276,0.051849603,0.0016012436080808934,0.051911821,0.051829985,0.0015764424831098411,0.053633738,0.053273182,0.006722559594858013,0.065693876,0.067258073,0.023810392920034174,1.0301012929138225,1.2809767095685618,1.0
16,1,c64,abcs-rc-abrs,0.030122993,0.030055339,0.0022459255625760788,0.030141949,0.030091567,0.0016714911169148916,0.031185748,0.031015988,0.005443512209487467,0.040294675,0.040387366,0.002300328765525439,1.033620268074855,1.3407157702974977,1.0
16,1,c64,abj-bka-kj,0.07480323,0.074364968,0.00585886465063068,0.075142895,0.0744139,0.009701449485011171,0.076125069,0.075692871,0.005677472686428819,0.099723303,0.098822166,0.009036373374034734,1.017763719701927,1.3310094482974693,1.0
16,1,c64,abjc-cbka-kj,0.07404366,0.0739091,0.001817306167739341,0.074134891,0.073962741,0.002322118474551993,0.075220969,0.074976629,0.003248296362680425,0.063323674,0.061810785,0.02389136486300525,1.015171743825814,0.8457115968619942,1.0
16,1,c64,abjc-kbac-jk,0.035358552,0.035456176,0.002760972790967209,0.035336701,0.035462478,0.0035593871652026543,0.035910654,0.036253421,0.009544994641423221,0.052705087,0.053549124,0.016014336528843875,1.0190440825540044,1.500407649398003,1.0
16,1,c64,abjcd-dkbac-jk,0.041850369,0.041718466,0.003151776272271256,0.041849478,0.041700021,0.003571299025522001,0.044535496,0.044383147,0.0034208443530078236,0.046922494,0.045767204,0.02462124029468693,1.064016546913656,1.109057142736112,1.0
16,1,c64,abrs-qb-aqrs,0.029835596,0.029915389,0.0026744228605322107,0.029840756,0.029850719,0.0003338722383574577,0.030327165,0.030376206,0.0016170650965892097,0.040437792,0.040246514,0.004730179135398971,1.0159398262385304,1.350340102563798,1.0
16,1,c64,adbjc-cbdka-kj,0.075529825,0.076629317,0.01455705742731439,0.075542999,0.076651459,0.014673232657866908,0.077166833,0.077974622,0.01046808542732336,0.049977151,0.049743318,0.004678798117163541,1.0196127576981506,0.6553848624322375,1.0
16,1,c64,ajb-kba-jk,0.063089288,0.063058899,0.0004816824054186819,0.063057958,0.062997074,0.0009655244465733848,0.063755802,0.063420592,0.005257717564277509,0.074880654,0.07535318,0.006310388261299149,1.0081473142231332,1.1909255203674614,1.0
16,1,c64,ajbc-ckba-jk,0.054798138,0.054956223,0.002884860795817401,0.054944551,0.054993853,0.0008973046298985654,0.056527097,0.056427182,0.001767559370685512,0.042842332,0.042885809,0.0010148140395345173,1.0291559346606345,0.7810916862059445,1.0
16,1,c64,ajbdc-ckbad-jk,0.043806213,0.043278711,0.01204171654828956,0.043824607,0.043605269,0.005004905120997383,0.047088394,0.045518261,0.03334437356262354,0.045032002,0.045224034,0.0042643451650228315,1.06327292744872,1.0364306864062103,1.0
16,1,c64,aqrs-pa-pqrs,0.030397346,0.03065781,0.008568642801907833,0.030429355,0.030527418,0.0032226447126466606,0.031495237,0.031512582,0.0005507181927222327,0.039788239,0.040988435,0.030164592104717114,1.0319913024917708,1.3228774993747303,1.0
16,1,c64,ij-ik-kj,0.514516736,0.51297451,0.0029974263072367613,0.514534509,0.513085737,0.00281569452516528,0.516887158,0.516716627,0.0003299192045316257,0.528704015,0.530561006,0.003512345182398624,1.005950113205663,1.0309232225443146,1.0
16,1,c64,ij-ikl-ljk,0.064379895,0.064560368,0.0028032509217357227,0.064330123,0.064530493,0.003114715014612912,0.067661431,0.067545823,0.0017086248146301886,0.081489967,0.080979468,0.006264562605602708,1.0486044767466352,1.2600314931544292,1.0
16,1,c64,ij-kil-lkj,0.075940871,0.075676281,0.0034841580892586155,0.075917678,0.075715966,0.0026569832654788073,0.07964689,0.080212722,0.0071042573037063406,0.097983855,0.099373132,0.014178631775612516,1.0543586389253656,1.3016495495581957,1.0
16,1,c64,ijk-ikl-lj,0.058454735,0.058475468,0.00035468469748423104,0.058435609,0.058452976,0.0002971989219791027,0.059390424,0.059500526,0.001853867889543892,0.07403714,0.074481389,0.006000353336176767,1.0167681047087525,1.2701411876774493,1.0
16,1,c64,ijk-il-jlk,0.060673453,0.060676775,5.4752117041978465e-05,0.060674114,0.060700699,0.0004381604979017961,0.062214884,0.062368122,0.0024630440522881436,0.06475319,0.063574377,0.018204709296947397,1.0266392890891058,1.057452917717337,1.0
16,1,c64,ijk-ilk-jl,0.055943879,0.055590562,0.006315561350331067,0.055988642,0.055636568,0.006288311118530121,0.056451117,0.056439702,0.0002022103477598014,0.069799855,0.068897551,0.012927018258132361,1.0121661420136019,1.2435187339860183,1.0
16,1,c64,ijk-ilk-lj,0.057334859,0.057254859,0.0013953117073158827,0.057319009,0.057229302,0.0015650479930662264,0.058168086,0.058144265,0.0004095200932002774,0.071491007,0.071694676,0.0028488758033580197,1.015033276425736,1.249549920734749,1.0
16,1,c64,ijk-ilmk-mjl,0.028371116,0.028320333,0.0017899542619330688,0.028388808,0.028247158,0.004989642397102423,0.029282459,0.029032859,0.00852387430987267,0.041372483,0.041619137,0.005961788660351797,1.0286349750505308,1.4639118990230482,1.0
16,1,c64,ijkl-imjn-lnkm,0.984458718,0.983411155,0.001064100485724917,0.984429199,0.982605955,0.0018520824065886288,0.990404388,0.989605789,0.0008063362901821192,1.037353129,1.03723923,0.00010979771190344767,1.0061693223029684,1.0542326392032242,1.0
16,1,c64,ijkl-imjn-nlmk,0.987925155,0.985480861,0.002474169209710997,0.986001905,0.984281625,0.001744702511502605,0.994532869,0.992908827,0.0016329696590450249,1.051227197,1.040247374,0.010444766869934785,1.0071128500071458,1.0598160425314727,1.0
16,1,c64,ijkl-imkn-jnlm,0.977992801,0.978821739,0.0008475911061436303,0.978456102,0.977759849,0.0007115832775500541,0.987399062,0.9872005,0.00020109599820550272,1.041153417,1.04392444,0.002661493450201169,1.0090888476268118,1.0655461517414169,1.0
16,1,c64,ijkl-imkn-njml,0.980652674,0.979796438,0.0008731287057093251,0.980686443,0.979419086,0.0012923162230354945,0.98858117,0.988691118,0.00011121797919733112,1.058947816,1.051896227,0.006659052404146104,1.0085813813923612,1.076708624024319,1.0
16,1,c64,ijkl-imln-jnkm,0.976481612,0.975817671,0.0006799319022916528,0.976443363,0.975835366,0.0006226648908054244,0.985506184,0.985446893,6.016299132627356e-05,1.038857794,1.04254626,0.003550501349947055,1.0095548398989789,1.0661279878091774,1.0
16,1,c64,ijkl-imln-njmk,0.976209185,0.976116629,9.481164633784456e-05,0.975692987,0.977238088,0.0015835934259924578,0.986046349,0.986091864,4.615908780181144e-05,1.038089268,1.033109765,0.004796796531374881,1.0101481015867952,1.0608849376956173,1.0
16,1,c64,ijkl-imnj-nlkm,0.98379754,0.985443118,0.001672679523065268,0.983717914,0.9831053,0.0006227537297851526,0.991187016,0.992541758,0.001366787476158704,1.037180465,1.045660597,0.008176139337525923,1.0073573262673323,1.0576790183406175,1.0
16,1,c64,ijkl-imnk-njml,0.978711485,0.978892536,0.00018498914417053314,0.978394831,0.978828702,0.000443451852210508,0.988489162,0.987591496,0.0009081192131472626,1.053553255,1.049103643,0.004223433394451415,1.0094382936301907,1.0740947486464436,1.0
16,1,c64,ijkl-minj-nlmk,1.202260355,1.200767607,0.0012416179189407295,1.20258542,1.200428718,0.0017933877827988054,1.213288179,1.212612333,0.0005570366642466684,1.258575235,1.241068237,0.01391017200493383,1.0095183760964934,1.0401804245764001,1.0
16,1,c64,ijkl-mink-jnlm,1.192253253,1.192561239,0.0002583226334043065,1.192509888,1.192027704,0.00040434381706355715,1.207652298,1.203908125,0.003100373349349428,1.257512555,1.23424746,0.01850088486790491,1.011213888798916,1.0447988432054323,1.0
16,1,c64,ijkl-minl-njmk,1.190128421,1.189727585,0.00033680062834162694,1.189731286,1.189897717,0.00013988957166932714,1.204924787,1.205486743,0.00046638263737541763,1.261348001,1.258522674,0.0022399266481257785,1.0128392190981934,1.0588326018395153,1.0
16,4,c64,abc-bk-akc,0.014277993,0.014137841,0.009815945420340144,0.014283102,0.014198264,0.005939746141979563,0.014501446,0.014307096,0.013402111761820157,0.01851258,0.018956927,0.024002435100888064,1.0138093017740424,1.3185369783679117,3.9375525163418805
16,4,c64,abcijk-eiab-jkec,0.01372672,0.013818807,0.006708594624207365,0.013670947,0.013696569,0.0018741934995432086,0.013999684,0.013974857,0.0017733971709646967,0.022715494,0.023148703,0.01907107985412959,1.0155799999430204,1.664967502970279,3.7666680642731007
16,4,c64,abcijk-eiac-jkeb,0.013421676,0.013395609,0.0019421568513501297,0.013437035,0.01334745,0.00666702140762454,0.013818029,0.013649432,0.012201233620221852,0.027331055,0.026877838,0.016582491967470636,1.0242258506560602,2.021346456206675,3.799619375861551
16,4,c64,abcijk-eibc-jkea,0.013516132,0.013705586,0.014016879977200691,0.013494862,0.013707139,0.015730209023256503,0.013392724,0.014152098,0.05670048901179481,0.016083046,0.016074418,0.0005364655426590703,1.0115092445683185,1.181345044975253,3.8330784192675265
16,4,c64,abcijk-ejab-ikec,0.013499271,0.013588277,0.006593393080263299,0.013690695,0.013571136,0.00873286564341691,0.013987604,0.013888116,0.007112583398843686,0.018458878,0.018441566,0.0009378684879981503,1.0290962087032758,1.3622731428418726,3.8146982887732936
16,4,c64,abcijk-ejac-ikeb,0.013444891,0.013443748,8.501370520597185e-05,0.013417239,0.013410366,0.0005122514401062483,0.013829282,0.013813567,0.0011363568983552286,0.018020579,0.017956182,0.003573525578728476,1.028049227704479,1.3379890071192695,3.769774155183037
16,4,c64,abcijk-ejbc-ikea,0.013604926,0.013928381,0.023774844493825276,0.013561968,0.01376671,0.015096776515030719,0.013929046,0.014306075,0.027067826468517575,0.016157695,0.016146823,0.0006728682525569685,1.0254689715193381,1.1733696056425063,3.803505787662738
16,4,c64,abcijk-ekab-ijec,0.013600018,0.013456082,0.010583515404170796,0.013621929,0.013572298,0.003643463418433579,0.013771935,0.013823896,0.003772962913345168,0.016676955,0.016496995,0.01079093875350745,1.0199612135129017,1.2261165251722557,3.8168604983172103
16,4,c64,abcijk-ekac-ijeb,0.013410649,0.013379509,0.0023220352721184945,0.013441445,0.013396681,0.0033302967054509303,0.013942211,0.013543485,0.028598476956058105,0.021174309,0.021176371,9.738216250654297e-05,1.0258551786070074,1.5808308618328517,3.7827503614468894
16,4,c64,abcijk-ekbc-ijea,0.013532875,0.013787018,0.018779675420041997,0.013497359,0.013781568,0.021056637820776603,0.013877562,0.014231295,0.02548956365678645,0.016098417,0.016107369,0.0005560795201167146,1.0288417804040693,1.1788910861031914,3.8249338632946834
16,4,c64,abcijk-ijma-mkbc,0.013455635,0.013760809,0.02268001472988823,0.013487504,0.01453433,0.07761450895584532,0.013877265,0.014218712,0.02460477622932178,0.016102537,0.016116406,0.0008612928509339479,1.0323048964149144,1.183878599966134,3.851185121610599
16,4,c64,abcijk-ijmb-mkac,0.013391748,0.013380731,0.0008226707969714031,0.013457399,0.013368248,0.006624682823181516,0.015757289,0.013715495,0.12957774652733733,0.021775311,0.021169187,0.027835377414357043,1.0982164360007844,1.603894206724644,3.7895020046562498
16,4,c64,abcijk-ijmc-mkab,0.013581839,0.013602795,0.001542942748769205,0.013585216,0.013672615,0.006433390532767369,0.013854093,0.013786036,0.0049124110831362255,0.016334166,0.016507064,0.010585052215092983,1.0167528253515852,1.2080642553381498,3.8070174315505527
16,4,c64,abcijk-ikma-mjbc,0.013500079,0.013778963,0.020657953186792533,0.013729142,0.01389073,0.01176970855134285,0.01397719,0.014210727,0.016708437103595042,0.016115963,0.016126395,0.0006473085102021159,1.0333362398139276,1.1820078355215937,3.8457394381591055
16,4,c64,abcijk-ikmb-mjac,0.013402539,0.013390419,0.000904306266148458,0.013402108,0.013368097,0.0025377351085366096,0.013784805,0.013737175,0.003455253810264236,0.01799728,0.017953799,0.0024159761919579914,1.0272080298563346,1.341809903342855,3.786641394573908
16,4,c64,abcijk-ikmc-mjab,0.013692095,0.013555005,0.01001234654010208,0.01360893,0.013605329,0.0002646056670142505,0.013836662,0.013894077,0.004149483452005942,0.018673731,0.018526355,0.007892156098853409,1.017760809947805,1.3652926339343359,3.7886534607346882
16,4,c64,abcijk-jkma-mibc,0.013434759,0.013762883,0.024423512174650996,0.01337579,0.01370793,0.02483143051737513,0.013324325,0.014173438,0.06372653023699137,0.016060973,0.01608606,0.001561985067778826,1.0106262250577336,1.1820643485631808,3.8388629828440126
16,4,c64,abcijk-jkmb-miac,0.013409513,0.01429847,0.06629301153591483,0.013279513,0.013524168,0.018423491885583454,0.013807879,0.013844274,0.00263581394361867,0.027398096,0.027029361,0.013458416964448938,0.9984982137236774,1.965290676347379,3.679690545458664
16,4,c64,abcijk-jkmc-miab,0.013753258,0.013746212,0.0005123149729322485,0.013756394,0.013837081,0.0058654179285646535,0.014061288,0.01406731,0.0004282680221043833,0.02294107,0.02322206,0.012248338896136746,1.022877832871172,1.678660582528683,3.7739757563086864
16,4,c64,abcs-rc-abrs,0.007914424,0.007840924,0.00928684134183344,0.007908423,0.007810447,0.012388816329121477,0.008206734,0.008142365,0.007843436865383913,0.012311929,0.012405525,0.007602058134026146,1.0376889287517324,1.5688352778853727,3.819588676269663
16,4,c64,abj-bka-kj,0.019539514,0.019452399,0.004458401575392457,0.019538433,0.019503444,0.0017907782062153155,0.01986172,0.019799365,0.0031394562001679782,0.026662075,0.026548214,0.004270522830649881,1.017163096576803,1.36464963849711,3.825611902508683
16,4,c64,abjc-cbka-kj,0.020233026,0.019682918,0.02718861726367572,0.019886045,0.020127386,0.012136199028011774,0.020558939,0.020217834,0.01659156632547998,0.018998326,0.019470933,0.024876244359634647,1.0216273261738937,0.9637755124999889,3.706958589000415
16,4,c64,abjc-kbac-jk,0.009115544,0.009081784,0.0037035639343081517,0.009078255,0.009121298,0.004741329693867424,0.009299835,0.009010261,0.031137541687567438,0.018306417,0.017870723,0.023800069669558832,1.0060728453102734,1.9879060568894737,3.891493442056295
16,4,c64,abjcd-dkbac-jk,0.013080651,0.012994392,0.006594396563290306,0.013048722,0.012984904,0.004890747155162023,0.013640396,0.013597494,0.0031452166051484376,0.014457436,0.013990075,0.03232668641936243,1.044600588143053,1.090844884465409,3.204949199022388
16,4,c64,abrs-qb-aqrs,0.007635468,0.007462919,0.02259835284490752,0.007607206,0.007501301,0.013921668481174265,0.007787278,0.007740997,0.0059431549766169045,0.011799232,0.011743602,0.004714713635599277,1.0285350461893237,1.5593921285388637,3.957696542314809
16,4,c64,adbjc-cbdka-kj,0.023459149,0.023163581,0.012599263511221093,0.024051405,0.021984204,0.08594928238080068,0.024417611,0.023811818,0.02480967527904354,0.019377087,0.018637,0.03819392460796611,1.034400889848373,0.8152170798289933,3.263606124734104
16,4,c64,ajb-kba-jk,0.016201256,0.016073676,0.007874698109825662,0.016107783,0.016090297,0.0010855621782339675,0.016341656,0.016373955,0.001976482677153335,0.019954111,0.019931291,0.001143623988059339,1.013661335003375,1.2358107242673062,3.9085804709608416
16,4,c64,ajbc-ckba-jk,0.014724999,0.014665314,0.004053310971362412,0.014667563,0.014664552,0.00020528290896038026,0.014935839,0.014949253,0.0008981082348302749,0.013541572,0.013624695,0.006138356757989349,1.0168367588756384,0.9243248225199932,3.7343757947233125
16,4,c64,ajbdc-ckbad-jk,0.015164563,0.015183248,0.0012321489250959328,0.015149165,0.015083452,0.00433773082542821,0.015999456,0.01598968,0.0006110207747063168,0.013000555,0.013070703,0.0053957696421420565,1.0540839525275596,0.859079047591129,2.8695098590363766
16,4,c64,aqrs-pa-pqrs,0.00793955,0.008006441,0.00842503668343908,0.008008237,0.008014046,0.0007253781325404773,0.008243171,0.008253862,0.0012969523500119262,0.010999043,0.01038933,0.05543327724057445,1.034565658838371,1.3407676496629484,3.8288706929664893
16,4,c64,ij-ik-kj,0.130161735,0.130140478,0.00016331220538812197,0.130254248,0.130124098,0.0009991996575804407,0.131369891,0.130938845,0.0032811628046489627,0.133509174,0.134583283,0.008045207440201763,1.0077070789649512,1.0299194274744847,3.947296798485501
16,4,c64,ij-ikl-ljk,0.022589888,0.022550235,0.0017553429215763083,0.022477668,0.022602383,0.005548395856723287,0.023334919,0.02337439,0.0016914993362522335,0.02307331,0.022804669,0.01164293289519358,1.0347625846011146,1.0163288693985548,2.8564429575936936
16,4,c64,ij-kil-lkj,0.026343707,0.026091891,0.009558867322658982,0.026438793,0.026206584,0.008782889597115817,0.027311103,0.027365914,0.0020069127197097636,0.028005569,0.028037343,0.001134560058394074,1.0427576327748698,1.0688072873747645,2.891521701031797
16,4,c64,ijk-ikl-lj,0.015084654,0.014966061,0.007861830970733563,0.014960633,0.015043315,0.005526637810044477,0.01526988,0.015311635,0.002734468116317945,0.020261651,0.019940204,0.015864797987093948,1.0176704494355988,1.3377679337733117,3.891125776057739
16,4,c64,ijk-il-jlk,0.019792113,0.019741915,0.0025362628032692403,0.01974168,0.019822655,0.00410172791778618,0.019905015,0.019845648,0.0029825147079769465,0.016096032,0.016276792,0.011230096958057878,1.0054793989625617,0.8188476377289461,3.069515855498462
16,4,c64,ijk-ilk-jl,0.01425216,0.014151064,0.007093380933135718,0.014226582,0.014184656,0.002947018475695673,0.014496887,0.014327172,0.011706996129582814,0.018447784,0.018936836,0.026510067550660876,1.014805288946602,1.316106152334736,3.9268284433136738
16,4,c64,ijk-ilk-lj,0.014679718,0.014640665,0.00266033720811254,0.014733138,0.014582347,0.010234818950314528,0.01490027,0.014724211,0.011815826156170384,0.019003131,0.019523348,0.027375330938885778,1.010354609331061,1.3138641745165804,3.9081955961896435
16,4,c64,ijk-ilmk-mjl,0.00798012,0.007960976,0.002398961419126544,0.007972055,0.00790986,0.007801627058518945,0.008139006,0.008089164,0.006123843624147862,0.010900071,0.011929666,0.09445764160618775,1.0180043556284208,1.430674832575907,3.5563092484601295
16,4,c64,ijkl-imjn-lnkm,0.252331015,0.252276355,0.0002166202200707401,0.252334612,0.252067115,0.0010600884194198468,0.257584112,0.25587584,0.006631899719032219,0.260893033,0.262107795,0.0046561687984976174,1.017537879618018,1.0364482395818955,3.899803535803837
16,4,c64,ijkl-imjn-nlmk,0.25133913,0.250891298,0.001781783839229667,0.251555677,0.250933819,0.0024720491599160566,0.253620726,0.253238821,0.001505811476937513,0.262636289,0.263170499,0.002034029653838143,1.0092172364865815,1.0469431885195541,3.929282609613949
16,4,c64,ijkl-imkn-jnlm,0.249174837,0.248196122,0.003927824381400158,0.248599292,0.248165165,0.0017462921817170685,0.251942811,0.250822245,0.0044476998393099265,0.264902956,0.264804755,0.00037070556509766206,1.0108446653922132,1.065017403746248,3.934323300468416
16,4,c64,ijkl-imkn-njml,0.249274578,0.248707558,0.0022746804128578324,0.249280525,0.248746791,0.002141097865547281,0.251610627,0.251657183,0.00018503193030894316,0.264429063,0.26509612,0.002522631182942048,1.010614834761487,1.0633415695603228,3.9367881981009822
16,4,c64,ijkl-imln-jnkm,0.248043706,0.24745043,0.002391820415713397,0.248584022,0.247267079,0.0052977781492327125,0.255646004,0.250153845,0.02148345334590096,0.268333985,0.264806976,0.013144100997866448,1.0207394114004626,1.0759555719823888,3.9401083235826295
16,4,c64,ijkl-imln-njmk,0.252780445,0.247759418,0.019863193927046052,0.251052175,0.247793843,0.012978704526260265,0.256943027,0.250712318,0.024249379610523536,0.266189585,0.263640516,0.009576141004915772,1.0141902499649877,1.0585583029560508,3.900636473457492
16,4,c64,ijkl-imnj-nlkm,0.251034128,0.250455291,0.002305809989309515,0.251106658,0.250459289,0.002578063860019242,0.25294996,0.25287017,0.0003154378834452354,0.260331273,0.262412092,0.007992965946891806,1.0086363569898764,1.042374080017308,3.926785307139211
16,4,c64,ijkl-imnk-njml,0.248753994,0.248270446,0.0019438803462991094,0.248727437,0.248210864,0.0020768637599075657,0.250901903,0.250972218,0.0002802489704514244,0.262787863,0.263555444,0.0029209149586943983,1.0097578975956178,1.0589881584113827,3.938649252481374
16,4,c64,ijkl-minj-nlmk,0.305192713,0.304594185,0.0019611477420825585,0.305212257,0.304586302,0.00205088421465327,0.308149464,0.307106317,0.003385198164745029,0.317641545,0.316812985,0.002608474908406655,1.0089675509237153,1.0404524870517453,3.9407679367882404
16,4,c64,ijkl-mink-jnlm,0.300914165,0.30068018,0.0007775805436077698,0.301095399,0.300609229,0.0016146709701133632,0.305954333,0.304992793,0.003142756602175778,0.314114086,0.315705386,0.005065993761260268,1.0155454761623364,1.0469139455555376,3.9641573633718727
16,4,c64,ijkl-minl-njmk,0.301299487,0.300955717,0.001140957800568554,0.301475474,0.300787506,0.0022820032119761358,0.306011073,0.304657503,0.004423271310839194,0.315421559,0.31808931,0.008457731958645187,1.0139674531757683,1.0518885531318773,3.9515745885421873
16,8,c64,abc-bk-akc,0.007498218,0.007380467,0.015703864571555592,0.007430474,0.007885398,0.061224088799718634,0.007501004,0.007563629,0.008348882362947618,0.010504811,0.010516388,0.001102066472209673,1.0125205699914068,1.4128838770763894,7.520219817812376
16,8,c64,abcijk-eiab-jkec,0.008807585,0.008802065,0.0006267325265666424,0.008741863,0.008801374,0.006807587810515825,0.009051587,0.00890171,0.01655809086296134,0.014555919,0.014342816,0.014640298561705456,1.0194792214785195,1.6410292472915486,5.891899167068396
16,8,c64,abcijk-eiac-jkeb,0.007966896,0.008101761,0.01692817378311462,0.007965945,0.008230912,0.03326246917346265,0.00823884,0.008216315,0.002734001388545071,0.016862184,0.017093829,0.013737544318102701,1.024088023685351,2.113208271288731,6.3414768682327995
16,8,c64,abcijk-eibc-jkea,0.010183935,0.010288684,0.010285709796851616,0.010204224,0.010187255,0.0016629387986779598,0.010432627,0.010383601,0.00469929577660555,0.009747707,0.009764067,0.0016783434298959232,1.016794321523008,0.9530789658893841,5.096652193611518
16,8,c64,abcijk-ejab-ikec,0.008831319,0.008833644,0.0002632675821130359,0.00875668,0.008795232,0.004402581800408534,0.009016692,0.008947395,0.00768541278774959,0.011603827,0.011669576,0.005666147901032925,1.0169256226280874,1.3174842386378671,5.849447070437517
16,8,c64,abcijk-ejac-ikeb,0.008876783,0.008593937,0.031863570394815355,0.008589391,0.008560185,0.0034002410648206194,0.008588018,0.008431185,0.01826183876186549,0.010903851,0.011215741,0.02860365571759904,0.974242111430604,1.266135120388493,5.802702064129148
16,8,c64,abcijk-ejbc-ikea,0.010543713,0.010483237,0.00573574034118729,0.010523435,0.010557996,0.0032841938017387218,0.010680817,0.01069448,0.0012792092589919424,0.00981897,0.009798261,0.0021090806876891133,1.0165706886975283,0.9329599017985556,4.980099299473407
16,8,c64,abcijk-ekab-ijec,0.008804921,0.008763353,0.0047209963610123085,0.008797326,0.008754587,0.004858180769929388,0.009032442,0.00899204,0.004472987482233459,0.010348211,0.010361951,0.0013277657365122764,1.0259680133079618,1.1788417811420235,5.878106582852557
16,8,c64,abcijk-ekac-ijeb,0.008561179,0.008430272,0.015290767778596837,0.00882682,0.008402401,0.0480828882881944,0.008670441,0.00823539,0.05017634051139941,0.013481629,0.013361287,0.008926369357887043,0.9946610154946962,1.5798205175195583,5.9643769748171005
16,8,c64,abcijk-ekbc-ijea,0.010205066,0.010305055,0.009797976808773257,0.010243618,0.010181745,0.006040151048193998,0.010598144,0.010500148,0.009246524674509038,0.009850058,0.009833537,0.0016772490070616763,1.0286782382041961,0.9597126207782388,5.094728799247807
16,8,c64,abcijk-ijma-mkbc,0.010168005,0.010209456,0.004076610898598121,0.01027394,0.010211861,0.006042375174470704,0.010600155,0.010509225,0.008578176451193409,0.009793901,0.009819199,0.002583036116048154,1.0359105989049098,0.9624910710084971,5.143388162977866
16,8,c64,abcijk-ijmb-mkac,0.008391002,0.008933901,0.06470013950658093,0.008486809,0.008616419,0.015271935541379733,0.009093975,0.008214852,0.09667092772962327,0.013444557,0.013455563,0.0008186212457577113,0.9982728726996563,1.5534479462441046,5.858861277896484
16,8,c64,abcijk-ijmc-mkab,0.008872343,0.008772801,0.011219358854814288,0.008871422,0.008775064,0.010861618351601265,0.009009859,0.009084421,0.008275601205301797,0.010349822,0.010346962,0.0002763332548134656,1.0254614130261088,1.1729636858277062,5.865295947497462
16,8,c64,abcijk-ikma-mjbc,0.0104512,0.010520055,0.00658823867115732,0.010455507,0.01045813,0.0002508725784411414,0.010714758,0.010628156,0.008082497056863036,0.009811925,0.009839167,0.002776417471596959,1.017719413468885,0.937053077575624,5.002236183784193
16,8,c64,abcijk-ikmb-mjac,0.008471591,0.008781477,0.03657943354441917,0.008571406,0.008497317,0.008643739428513708,0.00815862,0.008303376,0.017742706487126503,0.011092469,0.011183291,0.008187717270158545,0.9542659569304238,1.291316351836161,5.881370341066552
16,8,c64,abcijk-ikmc-mjab,0.00878955,0.008752703,0.004192137253897998,0.008802414,0.008802326,9.997257570559803e-06,0.009113792,0.009035159,0.008627912508865854,0.011632941,0.011692198,0.005093896719668534,1.0345775249531044,1.3296533338309544,5.884577130029982
16,8,c64,abcijk-jkma-mibc,0.010200586,0.010196242,0.0004258578869880125,0.010205926,0.010218614,0.0012431992942139036,0.010466328,0.010383701,0.007894554804703247,0.009768354,0.009791899,0.0024103344330068666,1.0222111864702834,0.9589843711408993,5.118463756694436
16,8,c64,abcijk-jkmb-miac,0.008118878,0.008141114,0.0027388020857068707,0.00811512,0.008209582,0.011640246847859359,0.008189659,0.008191167,0.0001841346507833741,0.016713187,0.016947637,0.01402784519792677,1.0074323067180533,2.070114117162756,6.267187069614878
16,8,c64,abcijk-jkmc-miab,0.008835426,0.008820049,0.001740380146922238,0.00883236,0.008803738,0.0032405834907091036,0.009131635,0.008974196,0.01724105267019549,0.014462705,0.014320735,0.009816282638690388,1.0254696262539924,1.630264877706446,5.878197502290475
16,8,c64,abcs-rc-abrs,0.004569639,0.004623352,0.011754320199035329,0.004670745,0.004926296,0.05471311321855521,0.004880855,0.00486441,0.003369286733574395,0.009030215,0.009488334,0.05073179320758148,1.060092136856817,2.0138383231550314,6.546217786698056
16,8,c64,abj-bka-kj,0.010790036,0.010669664,0.01115584785815349,0.01084601,0.010648454,0.018214624548566705,0.011048365,0.011255405,0.018739424340162625,0.015803817,0.015793107,0.00067768438472815,1.0393043657776855,1.4724073154627677,6.951164316695489
16,8,c64,abjc-cbka-kj,0.012015127,0.01202035,0.0004347020218762321,0.011598705,0.011963413,0.03144385515451931,0.012390702,0.012228307,0.013106198502715882,0.012912329,0.012921658,0.0007224877866727208,1.024255685471818,1.074827261615767,6.15559667500836
16,8,c64,abjc-kbac-jk,0.006819258,0.006894402,0.01101938070095021,0.0069339,0.00688265,0.007391222832749289,0.006974045,0.00710844,0.0192707388610196,0.010684301,0.010967779,0.026532198971182197,1.026863368323198,1.5787579132937257,5.16388213174107
16,8,c64,abjcd-dkbac-jk,0.008975484,0.008964407,0.001234139573977333,0.008918709,0.009018799,0.011222476257494174,0.009107288,0.009172144,0.007121329642809204,0.010790758,0.010804554,0.0012785014732050737,1.0189203729569993,1.2037593600665095,4.658263912183751
16,8,c64,abrs-qb-aqrs,0.004112862,0.004023915,0.021626546186086393,0.004127329,0.00399437,0.032214296461464564,0.004264843,0.004254715,0.0023747650265203424,0.008184317,0.008470267,0.03493877375473109,1.0471051445720667,2.0466486973955673,7.343755651175992
16,8,c64,adbjc-cbdka-kj,0.013843506,0.013966975,0.008918911148664277,0.013045266,0.01334621,0.02306921146720975,0.014101504,0.014054579,0.0033276592340789612,0.014507075,0.014310706,0.013536084979225649,1.0124356132870633,1.0362063120044236,5.4711987567977305
16,8,c64,ajb-kba-jk,0.008353951,0.008333602,0.002435853406370203,0.008640592,0.008484824,0.018027468488270304,0.008516103,0.008677212,0.0189181601021029,0.011416817,0.011502495,0.007504543516813955,1.030263270736048,1.3734289800775457,7.559423309621583
16,8,c64,ajbc-ckba-jk,0.040444503,0.040425989,0.0004577630735133065,0.03993012,0.040547355,0.015457879916213724,0.041803722,0.042258723,0.010884222223083384,0.009848431,0.010465744,0.06268135503005512,1.039454734764734,0.251077906427291,1.3571606566583858
16,8,c64,ajbdc-ckbad-jk,0.028922132,0.026580259,0.08097165865918876,0.028977494,0.028927551,0.0017235099763975859,0.028701101,0.02779436,0.031592551101088384,0.009692222,0.00972244,0.0031177577236676246,1.0186684640826513,0.35011003285660147,1.570399895862534
16,8,c64,aqrs-pa-pqrs,0.004334573,0.004393653,0.013629946940563631,0.004336376,0.004400687,0.014830586646545463,0.004932932,0.004571705,0.07322764635717671,0.005933596,0.005933232,6.134559885773161e-05,1.0881922431446156,1.3596233480279658,6.995235818477307
16,8,c64,ij-ik-kj,0.070966173,0.071196168,0.003240910285524423,0.071193203,0.071128572,0.0009078254282223197,0.073215561,0.073905394,0.009421945151796285,0.06922025,0.069153774,0.000960354809466768,1.0348699185548793,0.9733533377984883,7.227592244410796
16,8,c64,ij-ikl-ljk,0.016213318,0.01613906,0.004580061897262566,0.016173174,0.01605817,0.007110787282694098,0.016499669,0.016739418,0.01453053391555903,0.014113479,0.013710688,0.02853945508403699,1.0273838264955502,0.8599468228185836,3.9855022821195205
16,8,c64,ij-kil-lkj,0.018645874,0.018562154,0.00449000138046618,0.018866302,0.018653794,0.011263892627182637,0.019611232,0.019448123,0.008317121535250771,0.017894192,0.017629386,0.014798432921698801,1.0497496213986182,0.9547047461371418,4.074854623546042
16,8,c64,ijk-ikl-lj,0.007806439,0.007870159,0.008162492527002296,0.007952218,0.007861102,0.011457935383562212,0.008040171,0.008024436,0.001957047928458411,0.011730265,0.011696716,0.002860037688833139,1.0247588157021879,1.4944027080181186,7.45896316927384
16,8,c64,ijk-il-jlk,0.013430434,0.013420587,0.0007331855396482956,0.013437458,0.013375383,0.004619549322498306,0.013536161,0.013525993,0.0007511730984878229,0.008275587,0.00820334,0.008730136001228628,1.0078631240718727,0.6137111037417242,4.519390011823257
16,8,c64,ijk-ilk-jl,0.007579729,0.007378994,0.02648313679816261,0.007471228,0.007333419,0.0184452944014023,0.007527262,0.007510199,0.002266826901999641,0.010525284,0.010557614,0.0030716510832391464,1.0053535618235239,1.4095301940812566,7.4567812411189545
16,8,c64,ijk-ilk-lj,0.007599775,0.007604314,0.0005972545239827376,0.007575861,0.007562015,0.001827647048962433,0.007727292,0.007727783,6.354101799188605e-05,0.010788401,0.010822006,0.0031149194398689684,1.0165078408129182,1.4213532842693883,7.536768245745175
16,8,c64,ijk-ilmk-mjl,0.00469224,0.004597383,0.020215717866093885,0.004330471,0.004392912,0.014418985833180686,0.004532575,0.004627899,0.021030870972901905,0.005855054,0.005816113,0.006650835329614302,0.986095516426039,1.2564245646159076,6.102979849587685
16,8,c64,ijkl-imjn-lnkm,0.135770661,0.135931944,0.001187907599565996,0.135887119,0.135721573,0.0012182611657253206,0.139112324,0.140396219,0.009229196688569363,0.134324331,0.133911211,0.003075541094636036,1.0287190419296592,0.987238496026687,7.242734904493434
16,8,c64,ijkl-imjn-nlmk,0.133615013,0.134091237,0.0035641503848073963,0.13399572,0.133916812,0.0005888844807879767,0.137112304,0.135973933,0.008302471527281696,0.133835507,0.134585588,0.005604499260424278,1.0200893569177725,1.0026679305646382,7.371541100207168
16,8,c64,ijkl-imkn-jnlm,0.130116884,0.129954181,0.00125043726070162,0.130164304,0.130049058,0.0008853886699998759,0.133399358,0.132297736,0.008258075724772218,0.136342141,0.136364873,0.00016672761505187594,1.021624078925755,1.048586725400043,7.524154012907284
16,8,c64,ijkl-imkn-njml,0.131721648,0.131484101,0.0018034013664937065,0.131680394,0.131496575,0.001395948131807656,0.135306986,0.134953153,0.002615038664744218,0.134981515,0.134868125,0.000840040949310672,1.0268013463607681,1.0252425226381563,7.448354494119976
16,8,c64,ijkl-imln-jnkm,0.130458499,0.12950183,0.007333128982267345,0.129643331,0.129486231,0.001211786204413312,0.132831591,0.132803841,0.0002089111467467042,0.136501381,0.135961963,0.003951740239170332,1.021837563899183,1.0481009008540303,7.510039695555336
16,8,c64,ijkl-imln-njmk,0.131357738,0.131156252,0.0015338723326676629,0.131558109,0.131015089,0.004127605695518177,0.134999878,0.134702317,0.00220415754746095,0.134441868,0.134299887,0.0010560772630738846,1.027381856072578,1.0237237133594776,7.437037496014359
16,8,c64,ijkl-imnj-nlkm,0.133906261,0.133638385,0.0020004740480357164,0.132333178,0.133571401,0.009356859849613874,0.136786252,0.137042627,0.0018742746164286395,0.134233593,0.133945638,0.0021451783682793213,1.0234886039804616,1.002371809105141,7.3604199782973625
16,8,c64,ijkl-imnk-njml,0.131153261,0.130983131,0.0012971846731282266,0.131109162,0.131015241,0.0007163572596093903,0.13506298,0.132960524,0.015566486094117038,0.13461865,0.134528654,0.0006685254977673027,1.0224269592252881,1.0267454418870103,7.467884981483401
16,8,c64,ijkl-minj-nlmk,0.159811525,0.160235748,0.002654520692422002,0.159766374,0.159896907,0.0008170242381542181,0.162469947,0.162703003,0.0014344560597414624,0.162730764,0.163152411,0.002591071224860686,1.016016006297453,1.0182345421977195,7.508358333559363
16,8,c64,ijkl-mink-jnlm,0.155222477,0.155554189,0.0021370100929392066,0.155479877,0.155507261,0.00017612568602709544,0.158964829,0.158853955,0.0006974750370726257,0.162856904,0.161060004,0.011033612673859938,1.0226602588647382,1.042266501443535,7.673728730277755
16,8,c64,ijkl-minl-njmk,0.157453658,0.157050897,0.0025579653411418324,0.1572273,0.157177713,0.0003153841603843466,0.160510568,0.160736432,0.0014071596830933508,0.162107851,0.161563062,0.003360657714227444,1.0214388914660144,1.0291447763777457,7.567006219401489
