size_mib,threads,dtype,case,plan_A_s,plan_A2_s,plan_AA_spread,packed_A_s,packed_A2_s,packed_AA_spread,upstream_A_s,upstream_A2_s,upstream_AA_spread,tblis_A_s,tblis_A2_s,tblis_AA_spread,upstream_over_plan,tblis_over_plan,plan_scaling
1,1,f64,abc-bk-akc,0.000612493,0.000611711,0.0012767492852978624,0.000612462,0.000611771,0.0011282332618187674,0.000628602,0.000630356,0.0027903188344930996,0.000900479,0.000903876,0.0037724366698168588,1.0283882710754044,1.4738982803630492,1.0
1,1,f64,abcijk-eiab-jkec,0.002728199,0.002749809,0.007920976439035332,0.002711648,0.002730292,0.006875523666788563,0.002826833,0.002847942,0.0074673671914824435,0.003748222,0.003776153,0.007451799813351645,1.0359203372465386,1.3735616498187175,1.0
1,1,f64,abcijk-eiac-jkeb,0.002719492,0.002728078,0.003157207301952125,0.002671874,0.002703792,0.011945922599643666,0.002801736,0.002789723,0.004287698769619985,0.005253369,0.005208685,0.008505779814819703,1.0264123343563134,1.920484100283635,1.0
1,1,f64,abcijk-eibc-jkea,0.002807236,0.002786607,0.0073485093522596134,0.002810713,0.00278772,0.008180486588278413,0.002943009,0.002939152,0.00131056344034286,0.00362965,0.003610303,0.005330266003609085,1.0515489502063002,1.294275935443839,1.0
1,1,f64,abcijk-ejab-ikec,0.002707671,0.00271828,0.003918127423900408,0.002683917,0.002674588,0.0034758899027057533,0.002813869,0.002845568,0.011265272121765424,0.003958674,0.003937814,0.005269441232089167,1.0430169831187175,1.4553164120172912,1.0
1,1,f64,abcijk-ejac-ikeb,0.002693685,0.002685478,0.003046755652572619,0.002685289,0.002679418,0.0021863568502310526,0.002797869,0.002800023,0.0007698716415958096,0.004277419,0.004256488,0.0048933714466598,1.0406634082082877,1.5864719592674303,1.0
1,1,f64,abcijk-ejbc-ikea,0.002813999,0.002802286,0.004162403753519506,0.002793992,0.002800192,0.002219047155467946,0.002931448,0.002975118,0.014897074756229589,0.004034836,0.004036228,0.0003449954347587436,1.0516591316859534,1.4370854457194004,1.0
1,1,f64,abcijk-ekab-ijec,0.002701519,0.002729951,0.01052444939310071,0.002681451,0.002678987,0.0009189054731935098,0.002826452,0.002853362,0.009520770209435536,0.003489549,0.003447991,0.011909275382005036,1.0457257559343414,1.2772804742136274,1.0
1,1,f64,abcijk-ekac-ijeb,0.00272918,0.002727457,0.0006313251599381342,0.002665081,0.002677514,0.00466514901423265,0.002803389,0.002800473,0.0010401695947297451,0.004338323,0.004309107,0.0067343994442090604,1.026980816332568,1.5847455267259076,1.0
1,1,f64,abcijk-ekbc-ijea,0.00282551,0.002801495,0.008499350559721841,0.002815261,0.002792809,0.007975104262091581,0.00294378,0.002955002,0.0038121055241899793,0.004077055,0.004045646,0.00770384505482502,1.0483063453769677,1.4435235526059598,1.0
1,1,f64,abcijk-ijma-mkbc,0.002815332,0.002795203,0.007149778427553044,0.002823096,0.002805933,0.006079495702590365,0.002949663,0.002967044,0.005892537554289978,0.004043963,0.004039244,0.0011669246231976738,1.0545731467407413,1.4407284947532857,1.0
1,1,f64,abcijk-ijmb-mkac,0.002709494,0.002682584,0.009931743713032737,0.002664029,0.002666163,0.0008010423309956494,0.00278741,0.002799241,0.0042444419730143235,0.004298708,0.004266828,0.007416181792296639,1.0360955546372124,1.5885495987689453,1.0
1,1,f64,abcijk-ijmc-mkab,0.002741373,0.002726044,0.005591723563338591,0.002719532,0.00270761,0.004383842514079639,0.002828786,0.002855516,0.009449283190739788,0.003508404,0.003500499,0.0022531612664904443,1.0396612318096243,1.2819446714750329,1.0
1,1,f64,abcijk-ikma-mjbc,0.002824909,0.00281496,0.0035218833597825405,0.002811084,0.002811063,7.470427778155653e-06,0.002950133,0.002947337,0.0009477538809268271,0.004065193,0.004057929,0.0017868770314225513,1.04567650654532,1.4403049771519874,1.0
1,1,f64,abcijk-ikmb-mjac,0.002696049,0.002698864,0.001044120488908007,0.002666043,0.002661043,0.001875438618206715,0.002781949,0.002805663,0.008524239660755661,0.004258663,0.004243504,0.003559567873766878,1.0357094616607898,1.5759576926401362,1.0
1,1,f64,abcijk-ikmc-mjab,0.002741063,0.002714152,0.009817723999776762,0.002723951,0.002692452,0.011563717555859054,0.002864563,0.002853822,0.0037496120699735958,0.003981827,0.003963392,0.004629784267372927,1.0482528173066186,1.4564585060203792,1.0
1,1,f64,abcijk-jkma-mibc,0.002823717,0.002811704,0.004254321520180682,0.002794903,0.002796476,0.0005628102299077842,0.002937198,0.002998543,0.0208855514677595,0.003640741,0.003577832,0.017279174761401617,1.0532376341555247,1.2808830561321425,1.0
1,1,f64,abcijk-jkmb-miac,0.002692282,0.002677283,0.005571110307166949,0.002664971,0.002655523,0.0035452543386025326,0.002781037,0.002786337,0.0019057639290667172,0.005175624,0.005199788,0.004668809017038367,1.0368424998547507,1.9322653398838214,1.0
1,1,f64,abcijk-jkmc-miab,0.002711608,0.002727477,0.005852247079961348,0.002701589,0.002698042,0.001312931019485153,0.002820591,0.002857189,0.012975294893871503,0.003730398,0.003759542,0.00781257120553902,1.04386789537403,1.3770542613673193,1.0
1,1,f64,abcs-rc-abrs,0.000290432,0.000291043,0.0021037626707802737,0.000290181,0.0002898,0.0013129736268052694,0.000308576,0.000309747,0.0037948511873897584,0.000689446,0.000690388,0.0013663144031583752,1.0633685584324486,2.3729901375145985,1.0
1,1,f64,abj-bka-kj,0.001113698,0.001109449,0.0038152174108241343,0.001124598,0.001127453,0.0025386849345276907,0.001165655,0.001175092,0.008095877425138509,0.001636263,0.001637233,0.0005928142358533339,1.0528913526438972,1.4724630603233366,1.0
1,1,f64,abjc-cbka-kj,0.000551538,0.000550778,0.0013779648909049147,0.00055198,0.000586183,0.061964201601507396,0.000651575,0.000658608,0.010793845681617453,0.000856207,0.000854063,0.0025040673575432715,1.188556126241265,1.5515233949488396,1.0
1,1,f64,abjc-kbac-jk,0.000324235,0.000328523,0.013224975712060827,0.000323353,0.000322491,0.0026658172337972186,0.000343711,0.000343711,0.0,0.00068641,0.00068629,0.00017482262787549274,1.0531266295337154,2.10296865511598,1.0
1,1,f64,abjcd-dkbac-jk,0.003188818,0.003067942,0.03790620850735282,0.003224174,0.0030401,0.057091831892447376,0.003273817,0.003277142,0.0010156340442974976,0.005777997,0.005816128,0.006599345759438879,1.047216293828065,1.8533916198846574,1.0
1,1,f64,abrs-qb-aqrs,0.000288358,0.000288297,0.0002115425963559181,0.000287967,0.000287817,0.0005208930189917194,0.000302825,0.00030577,0.009725088747626565,0.000687763,0.00069154,0.005491717350308178,1.055376053124549,2.391894349920025,1.0
1,1,f64,adbjc-cbdka-kj,0.008047952,0.009162458,0.13848318180824126,0.008007395,0.009079864,0.13393481900168536,0.008308157,0.009346512,0.12498018513612585,0.007651943,0.007606637,0.0059208491228959215,1.0261915735878704,0.8884510843292909,1.0
1,1,f64,ajb-kba-jk,0.000880573,0.000880673,0.00011356241901583353,0.000870173,0.000876795,0.0076099810037773,0.000887545,0.000891443,0.004391889988676567,0.001308481,0.001310545,0.001577401582445681,1.0100711271130751,1.4870297453755088,1.0
1,1,f64,ajbc-ckba-jk,0.000426496,0.000423991,0.005873443127251021,0.000420544,0.000423671,0.007435607213513773,0.00047141,0.000490474,0.04044038098470537,0.00075081,0.000743707,0.009460449381334723,1.1307630028977167,1.7572362696479202,1.0
1,1,f64,ajbdc-ckbad-jk,0.003149495,0.002972554,0.05618075278735157,0.003121823,0.002970741,0.04839544074087487,0.003380125,0.003209136,0.0505865907325912,0.005447161,0.005458711,0.0021203705930483707,1.0764035063156188,1.7821523142737226,1.0
1,1,f64,aqrs-pa-pqrs,0.000187079,0.000187159,0.0004276268314455933,0.000279581,0.000281465,0.006738655344962652,0.000298707,0.000300401,0.0056711091470906805,0.0006594,0.000659941,0.0008204428268123731,1.6008679470283127,3.525406076414806,1.0
1,1,f64,ij-ik-kj,0.002889009,0.002879821,0.0031803293101545504,0.003105863,0.003091566,0.004603229440577339,0.003153753,0.003139666,0.004466741688394671,0.003662061,0.003625993,0.009849098635986597,1.090933727675549,1.2633365854554222,1.0
1,1,f64,ij-ikl-ljk,0.00073467,0.000731715,0.00402221405529013,0.000732877,0.000731695,0.0016128217968364167,0.00075587,0.000757723,0.002451479751809149,0.001284075,0.001291018,0.005407005042540325,1.03219477763356,1.7560796575474784,1.0
1,1,f64,ij-kil-lkj,0.001090634,0.001094492,0.0035373920123524805,0.001088741,0.001089162,0.0003866851712206465,0.001127804,0.001126982,0.0007288500484128324,0.001822679,0.001820145,0.0013902612582906704,1.031880708270029,1.6671023988837044,1.0
1,1,f64,ijk-ikl-lj,0.000655633,0.00065395,0.0025669848833111963,0.000653278,0.000653649,0.0005679052409539587,0.000673947,0.000678755,0.00713409214671179,0.001058024,0.001068002,0.0094307879594413,1.0329200763313844,1.6234208452798986,1.0
1,1,f64,ijk-il-jlk,0.000645514,0.000641105,0.0068302159209561175,0.000639883,0.000639783,0.00015627856967614928,0.000673707,0.000681682,0.011837490184902322,0.000960242,0.000959941,0.0003134626479576186,1.0534381163253137,1.4924342411338887,1.0
1,1,f64,ijk-ilk-jl,0.000617171,0.000616931,0.00038887115564401054,0.000615388,0.000614556,0.0013519925640408381,0.000635285,0.000638822,0.005567579905082054,0.000914226,0.000917942,0.0040646404718309714,1.0324123246037509,1.4846133190367092,1.0
1,1,f64,ijk-ilk-lj,0.000658078,0.000657276,0.0012187005187833666,0.000655954,0.000656124,0.0002591645145848531,0.000676242,0.000674498,0.0025789584202103866,0.0010454,0.001044408,0.0009489190740386011,1.0269015985033116,1.5887800189231327,1.0
1,1,f64,ijk-ilmk-mjl,0.000260566,0.000258782,0.006846633866275709,0.000260426,0.000258321,0.008082910308494617,0.00026281,0.00026266,0.0005707545374984413,0.000572127,0.000571335,0.00138430802951095,1.011793785332736,2.2017384721950832,1.0
1,1,f64,ijkl-imjn-lnkm,0.003844601,0.003825475,0.0049747685130394625,0.003843028,0.003827569,0.004022609254993759,0.003857425,0.00386552,0.0020985501986428012,0.004390059,0.004425153,0.007993970012703855,1.0068954685908569,1.1492936380466852,1.0
1,1,f64,ijkl-imjn-nlmk,0.003777606,0.00376373,0.003673225847269479,0.003775773,0.003760253,0.004110416595489275,0.003803845,0.00380689,0.0008005058039957103,0.004561238,0.004541681,0.004287651729640074,1.0092041084278018,1.2070690658567125,1.0
1,1,f64,ijkl-imkn-jnlm,0.003787245,0.003777365,0.002608756497137099,0.003781043,0.003756806,0.006410136039182834,0.003809045,0.003802793,0.0016413562979696872,0.004416899,0.004370552,0.010493108400260076,1.0062438017009538,1.161637714544684,1.0
1,1,f64,ijkl-imkn-njml,0.003756067,0.003739755,0.004342840529734993,0.003753231,0.003740036,0.003515637593316301,0.003793866,0.003777936,0.004198883144528542,0.004577408,0.00454159,0.007824952462179513,1.0101364695321948,1.2165375922602104,1.0
1,1,f64,ijkl-imln-jnkm,0.003790611,0.003765703,0.0065709723313734925,0.003750887,0.003775812,0.006645094880224356,0.003812962,0.003795549,0.004566790857081671,0.004378468,0.004363538,0.0034098684745440533,1.0069105664774611,1.156918670299641,1.0
1,1,f64,ijkl-imln-njmk,0.003742651,0.003734635,0.0021417973516633104,0.003743343,0.00373724,0.001630360883306703,0.003775893,0.00378542,0.002523111751312923,0.004483854,0.004528566,0.009971778742126958,1.011237411969652,1.2052921697289767,1.0
1,1,f64,ijkl-imnj-nlkm,0.003775122,0.003755965,0.005074537988441152,0.003775553,0.003752609,0.006076990575950014,0.003811851,0.003808724,0.0008203363667678154,0.004366074,0.00443443,0.015656170738287845,1.0118856697745575,1.1685254727567251,1.0
1,1,f64,ijkl-imnk-njml,0.003739065,0.003724897,0.0037891825897651277,0.003738693,0.003720859,0.004770116187662321,0.003780031,0.003771374,0.002290192858206752,0.004420916,0.00440196,0.004287799180079488,1.0117165175932776,1.1820627612209684,1.0
1,1,f64,ijkl-minj-nlmk,0.004635616,0.004634453,0.00025088359346425726,0.00463738,0.004624104,0.002862823404594761,0.004694907,0.004700267,0.0011416626570026622,0.005419369,0.005448071,0.005296188541507263,1.0134954275942052,1.1723108191564138,1.0
1,1,f64,ijkl-mink-jnlm,0.004591454,0.004577768,0.002980755115917444,0.004570475,0.004558362,0.00265027158008746,0.004635527,0.004658679,0.004994469884437969,0.005439506,0.005454694,0.0027921653179534545,1.013628802646356,1.1881271440819996,1.0
1,1,f64,ijkl-minl-njmk,0.004600892,0.004587355,0.002942255545228867,0.004593618,0.004597093,0.0007564843223795137,0.004664771,0.004677985,0.0028327221207644637,0.005381889,0.005406103,0.004499163769449588,1.0168160254101255,1.1741060654550817,1.0
1,4,f64,abc-bk-akc,0.000168614,0.000169066,0.0026806789471811587,0.000167092,0.000165699,0.008336724678620233,0.000218407,0.000224689,0.028762814378660018,0.000259414,0.000256047,0.012979253239994715,1.3120465028955177,1.5264465322186318,3.6253401058478927
1,4,f64,abcijk-eiab-jkec,0.000858752,0.000840788,0.02091872857355792,0.000825089,0.0008097,0.01865132125140434,0.000896502,0.00090644,0.011085307115879406,0.001366339,0.0013834,0.012486652287609257,1.0608843170973499,1.6179905656596623,3.223384803586577
1,4,f64,abcijk-eiac-jkeb,0.000789693,0.000818757,0.03680417579996287,0.000781358,0.000823796,0.05431313175266661,0.000840047,0.000865144,0.02987570933531103,0.001901106,0.001854639,0.024442087921452083,1.060203748717498,2.335211405159869,3.3873933238676406
1,4,f64,abcijk-eibc-jkea,0.000873138,0.000850477,0.02595351479376684,0.000843393,0.000837332,0.007186448073436713,0.000936627,0.000963777,0.02898699268759075,0.001022237,0.001017948,0.004195700214333797,1.1025514989101741,1.18376600371859,3.245671729734827
1,4,f64,abcijk-ejab-ikec,0.000863351,0.000830759,0.03775057884915867,0.000807787,0.00083107,0.028823192252413143,0.000910708,0.000935345,0.027052578872701183,0.001446087,0.001385695,0.04176235593017574,1.0897936290175032,1.6714747112694293,3.203419508291476
1,4,f64,abcijk-ejac-ikeb,0.000790564,0.000834737,0.055875299153515634,0.000792438,0.000800793,0.010543411598131325,0.000875653,0.00089522,0.022345609505134867,0.001155395,0.001176094,0.017915085317142587,1.0899022746621831,1.4349702919899432,3.3108602848776028
1,4,f64,abcijk-ejbc-ikea,0.00087966,0.000861807,0.02029534138189748,0.000821412,0.000858582,0.0452513476793619,0.000973756,0.000982973,0.009465410225970361,0.001145897,0.001133815,0.01054370506249691,1.123656160272309,1.3091260341863458,3.2251934358019194
1,4,f64,abcijk-ekab-ijec,0.000839386,0.000802246,0.044246627892292834,0.000828715,0.000818787,0.011979993121881582,0.00092214,0.000923532,0.0015095321751577018,0.001169001,0.001159542,0.008091524301519049,1.1245784673427992,1.4187832167148497,3.3093812214534313
1,4,f64,abcijk-ekac-ijeb,0.000840468,0.000769775,0.08411147122793494,0.000764927,0.000762713,0.0028943938441183814,0.000869602,0.000902664,0.03801969176703812,0.001786673,0.001789368,0.0015083901754826545,1.1014906970121916,2.2229509391138875,3.391974304387757
1,4,f64,abcijk-ekbc-ijea,0.000887445,0.000841789,0.05144656851973928,0.000811904,0.000883408,0.08806952546113833,0.000931688,0.000919635,0.012936734185692966,0.001138173,0.001131741,0.005651161993826981,1.070953587795334,1.3131227259145712,3.255149981766664
1,4,f64,abcijk-ijma-mkbc,0.001211319,0.000877817,0.2753213645621013,0.000846238,0.000842732,0.004143042501045802,0.00093841,0.000982332,0.04680470156967642,0.001145146,0.001132723,0.01084839837016427,0.9310954429557747,1.1044880754925597,2.72044673421561
1,4,f64,abcijk-ijmb-mkac,0.000792378,0.000763875,0.03597146816292229,0.00077754,0.00075618,0.02747125549810947,0.000878027,0.000881434,0.003880290697210853,0.001891649,0.001724917,0.08814108748504612,1.1307627203752242,2.32181186333089,3.4653205090934076
1,4,f64,abcijk-ijmc-mkab,0.000837132,0.000853702,0.019793772069398807,0.000807025,0.000808358,0.0016517456088722682,0.000932659,0.000881344,0.05502010917173361,0.001177397,0.001148492,0.0245499181669393,1.0724672715132522,1.3755466656133744,3.2337048277659037
1,4,f64,abcijk-ikma-mjbc,0.000864032,0.001260461,0.45881286804192434,0.000841669,0.00086332,0.025723889082287732,0.000920186,0.00093851,0.019913365341355016,0.001129617,0.001128034,0.001401359929958601,0.8904871217248502,1.0816757286219734,2.702145467809856
1,4,f64,abcijk-ikmb-mjac,0.000776949,0.001005055,0.2935919860891769,0.00083622,0.00075097,0.10194685609050258,0.000915027,0.000874281,0.04452983354589535,0.001182376,0.001194558,0.01030298314580147,1.0121649740369831,1.3449008039478987,3.0525530515977057
1,4,f64,abcijk-ikmc-mjab,0.000861236,0.000851238,0.01160889698061851,0.000841389,0.000811784,0.0351858652775352,0.000926638,0.000929564,0.0031576516395830367,0.001358173,0.001449864,0.06751054541652635,1.0839471606585942,1.6389080582993945,3.185590903876421
1,4,f64,abcijk-jkma-mibc,0.000856127,0.000848834,0.008518595955973818,0.000812956,0.000857109,0.054311672464438354,0.000922611,0.000984025,0.06656543223525402,0.001026385,0.001026014,0.00036146280391868846,1.1177171119075278,1.2037916076996962,3.3053305926820005
1,4,f64,abcijk-jkmb-miac,0.000828716,0.000762662,0.0797064374285038,0.000790183,0.000780536,0.012208564345221329,0.000871356,0.000862899,0.00970556236486586,0.001889774,0.001842045,0.02525645923798303,1.090708957806526,2.3468543461576243,3.3770578326960283
1,4,f64,abcijk-jkmc-miab,0.000835589,0.000856066,0.02450606697790425,0.000873229,0.000799,0.08500519336852075,0.000957706,0.000924013,0.03518094279455286,0.001430458,0.00136715,0.04425715400242436,1.1122570403095438,1.6534674788511359,3.2154667299081434
1,4,f64,abcs-rc-abrs,8.6732e-05,8.8085e-05,0.015599778628418548,8.6762e-05,8.6442e-05,0.0036882506166293627,0.000137807,0.000148638,0.07859542693767385,0.000227975,0.000228536,0.002460796139927668,1.637419302925357,2.6114412697346836,3.3262903207057284
1,4,f64,abj-bka-kj,0.000298416,0.000299057,0.002148008149696956,0.000300911,0.000299439,0.0048918118646378295,0.000365472,0.000361093,0.011981766045004782,0.00046129,0.000477901,0.03600988532159799,1.2160419331425203,1.571693840097654,3.720911604320145
1,4,f64,abjc-cbka-kj,0.000209652,0.00021979,0.048356323812794644,0.000206675,0.000206034,0.0031014878432320536,0.000292015,0.000284581,0.025457596356351586,0.000285422,0.000282046,0.011828100146449971,1.3429259359159715,1.3217527588199953,2.5675714795725773
1,4,f64,abjc-kbac-jk,9.7922e-05,9.6991e-05,0.009507567247401094,9.5959e-05,9.7081e-05,0.011692493669171355,0.000154488,0.000156181,0.010958779969965304,0.000233726,0.000233626,0.0004278514157602942,1.5938799920021598,2.397773984685689,3.3489370235007643
1,4,f64,abjcd-dkbac-jk,0.001244592,0.001308531,0.05137346214663108,0.001196742,0.001203635,0.005759804535981905,0.001357702,0.001359535,0.0013500753479041006,0.002051296,0.002048481,0.0013723031683385845,1.0646133668748048,1.6062924800591616,2.450941403793146
1,4,f64,abrs-qb-aqrs,8.7092e-05,8.7373e-05,0.003226473154824827,8.6682e-05,8.4898e-05,0.02058097413534521,0.000148056,0.000135572,0.08431944669584479,0.000232443,0.000232223,0.0009464685966023012,1.6241279924557759,2.663379764586707,3.305280398598365
1,4,f64,adbjc-cbdka-kj,0.005107376,0.00532464,0.04253926086507054,0.004917012,0.005212702,0.060136115185401184,0.005755676,0.005532448,0.038783976026447786,0.002538344,0.002511644,0.010518668864425096,1.0820885427774931,0.4841837831081204,1.646662693506197
1,4,f64,ajb-kba-jk,0.000231392,0.000230169,0.005285403125432131,0.000229128,0.0002304,0.005551482140986774,0.000282517,0.000295391,0.045568939214277515,0.000340536,0.000340896,0.0010571569525688052,1.2517665357751433,1.4763688809537852,3.8158600488059835
1,4,f64,ajbc-ckba-jk,0.000136354,0.000136034,0.0023468325094972986,0.000137637,0.000131535,0.0443340090237363,0.000216203,0.000201556,0.06774651600579074,0.000254214,0.000253733,0.001892106650302483,1.5327490225785105,1.8647925854977625,3.1223251310970053
1,4,f64,ajbdc-ckbad-jk,0.001241716,0.001246655,0.003977560086203313,0.001257526,0.001235785,0.01728870814599448,0.001416562,0.001402987,0.009583060960268508,0.001999409,0.001989281,0.005065496854320561,1.1330793818762432,1.6029301894352097,2.4592408138629533
1,4,f64,aqrs-pa-pqrs,0.000153826,0.000132006,0.14184858216426355,0.000156682,8.8906e-05,0.4325704292771345,0.000124482,0.000131756,0.05843415112225059,0.00021447,0.000212577,0.00882640928801226,0.8987248913501492,1.4984066905394826,1.3131252991732134
1,4,f64,ij-ik-kj,0.000737075,0.000742074,0.0067822134789539135,0.000799291,0.000801595,0.0028825546640709465,0.000894418,0.000888498,0.006618829227497569,0.001029901,0.001023299,0.006410324875885998,1.205366297682051,1.388096203684161,3.900117992976321
1,4,f64,ij-ikl-ljk,0.000456993,0.000439409,0.038477613442656655,0.000435923,0.000446603,0.02449973963291674,0.00053052,0.000529157,0.0025691774108421717,0.000735531,0.00073459,0.001279347845298151,1.1823713707244314,1.6403395220402184,1.6361679608853141
1,4,f64,ij-kil-lkj,0.000628843,0.000618253,0.01684045143223345,0.000627571,0.000618464,0.014511505471094255,0.000733218,0.000733739,0.0007105662981541361,0.001017437,0.001014903,0.0024905718978177616,1.1763407156031278,1.6297155147758162,1.7522318910937302
1,4,f64,ijk-ikl-lj,0.000248643,0.000248443,0.0008043660991864376,0.000247242,0.000245939,0.0052701401865379305,0.000320468,0.000334895,0.04501853539198919,0.000402261,0.000406438,0.010383805539189828,1.3180903054474693,1.6268578839505323,2.634518020123518
1,4,f64,ijk-il-jlk,0.000480877,0.000258191,0.4630830752978412,0.000242703,0.000239828,0.011845753863775954,0.000300932,0.000295622,0.017645182300320417,0.000368647,0.00036464,0.01086947676232275,0.8464767005659166,1.0405188525445002,1.8257018779112546
1,4,f64,ijk-ilk-jl,0.0002301,0.000222946,0.031090830073881026,0.000225401,0.000218788,0.029338822809126808,0.000291664,0.000280634,0.03781748861703893,0.000352848,0.000340305,0.035547884641545346,1.2631455758292456,1.5299239502540596,2.7243499964436895
1,4,f64,ijk-ilk-lj,0.000217095,0.000210973,0.028199636104009773,0.000218227,0.000207507,0.0491231607454623,0.000279081,0.000277327,0.006284913698890171,0.00034318,0.000333552,0.028055247974823727,1.2999386672680224,1.5809000370696997,3.0730825290909713
1,4,f64,ijk-ilmk-mjl,8.1792e-05,8.0109e-05,0.02057658450704225,8.1282e-05,7.9368e-05,0.023547648925961395,0.000142456,0.000178202,0.25092660189813,0.00018194,0.000173002,0.049126085522699814,1.9683421414742865,2.191762983874903,3.2079665885693176
1,4,f64,ijkl-imjn-lnkm,0.001001938,0.00099207,0.00984891280697997,0.000992511,0.000987762,0.004784833618972306,0.001080546,0.001074093,0.005971980831912749,0.001245162,0.001244912,0.0002007770876399917,1.0805652342924748,1.2487936257371046,3.846597445297452
1,4,f64,ijkl-imjn-nlmk,0.000959961,0.000976281,0.01700069065305776,0.000960501,0.00095985,0.0006777712881089748,0.001029029,0.001044378,0.01491600333907006,0.001234032,0.001213824,0.016375588315375778,1.0708495316632685,1.2642322288631345,3.894963092088631
1,4,f64,ijkl-imkn-jnlm,0.000967705,0.000988163,0.02114074020491774,0.000966683,0.000961233,0.005637835774498945,0.001055409,0.001044047,0.010765494703948941,0.001200318,0.001189248,0.009222556022653983,1.0734569566042318,1.221795686516098,3.8678568258473787
1,4,f64,ijkl-imkn-njml,0.000951665,0.000953879,0.0023264489079666273,0.00094899,0.00095424,0.005532197388802729,0.001053455,0.001027225,0.024899022739461985,0.001214936,0.001237448,0.018529371094444524,1.0918226312597206,1.2869198124178642,3.9336847172336777
1,4,f64,ijkl-imln-jnkm,0.000969348,0.000986029,0.017208474149634556,0.000967535,0.00095932,0.00849064891709339,0.00104554,0.001069795,0.023198538554239923,0.001197654,0.001185531,0.0101222890751419,1.0817724200057186,1.218814012623188,3.864496676117073
1,4,f64,ijkl-imln-njmk,0.000972634,0.000972614,2.0562719378447447e-05,0.000953378,0.000953548,0.0001783133237813761,0.001027015,0.001039539,0.012194563857392371,0.001213233,0.001213033,0.00016484879656253337,1.0623406629755645,1.2472784919378503,3.843870654862866
1,4,f64,ijkl-imnj-nlkm,0.000962555,0.000959861,0.0027988011074692176,0.000958709,0.000958437,0.000283714870727092,0.00103505,0.001027777,0.007026713685329367,0.001202082,0.001203575,0.0012420117762348415,1.0730332061775503,1.251372699166938,3.91750278281304
1,4,f64,ijkl-imnk-njml,0.000951565,0.000956674,0.005369049933530601,0.000951404,0.000950773,0.0006632303416844731,0.001022406,0.001026895,0.004390623685698314,0.001205568,0.001205879,0.00025796968731750525,1.0739238786476313,1.2637073358119881,3.9114467866300258
1,4,f64,ijkl-minj-nlmk,0.001184038,0.00117983,0.0035539399917908776,0.0011792,0.00117957,0.0003137720488466389,0.001281481,0.001295146,0.010663443312854515,0.00147991,0.00147962,0.00019595786230242052,1.0899910005178022,1.2519881291984731,3.9215741382019518
1,4,f64,ijkl-mink-jnlm,0.001157008,0.00115843,0.001229032124237639,0.001155846,0.00115286,0.002583389136615266,0.001256373,0.001263517,0.005686209429842881,0.001495289,0.001472135,0.015484632067780724,1.0882953239983617,1.2815433736689885,3.960034134050437
1,4,f64,ijkl-minl-njmk,0.001168249,0.001187716,0.016663399669077483,0.001167167,0.001165053,0.0018112232439744247,0.0012655,0.001253878,0.009183721849071458,0.001470233,0.001454783,0.010508538442546178,1.0693865154858093,1.2415613356917645,3.9001219061178456
1,8,f64,abc-bk-akc,0.000184424,0.000238926,0.2955255281308289,0.000178523,0.000178723,0.0011203038263976062,0.000254394,0.000259014,0.018160805679379166,0.00015539,0.000153637,0.011281292232447226,1.2228540510646335,0.7360698307136146,2.915971567961697
1,8,f64,abcijk-eiab-jkec,0.000506415,0.00056826,0.1221231598590089,0.000474254,0.000568701,0.19914855752402727,0.000614396,0.000661704,0.0769991992135366,0.000896762,0.000923933,0.030299009101634633,1.1885822649244964,1.696805307532424,5.105784296150981
1,8,f64,abcijk-eiac-jkeb,0.000508358,0.000567138,0.11562717612391271,0.000570124,0.000540178,0.05252541552364043,0.000634693,0.000679617,0.07078067664209309,0.001071147,0.001098348,0.025394273615106266,1.2231642134891179,2.020064863954903,5.0727455618439246
1,8,f64,abcijk-eibc-jkea,0.000731986,0.000758574,0.03632309907566533,0.000745491,0.000748837,0.004488317095712846,0.000847801,0.000813337,0.0406510490079629,0.000665651,0.000688814,0.03479751401259823,1.1143762892633555,0.9087070827711196,3.7534182400679033
1,8,f64,abcijk-ejab-ikec,0.000516133,0.000594108,0.1510754011078539,0.000470207,0.000520902,0.10781421799335189,0.00065913,0.000701799,0.06473533293887401,0.000967054,0.001002941,0.037109613320455814,1.2282263149741621,1.7784822767771888,4.899271731960343
1,8,f64,abcijk-ejac-ikeb,0.000574852,0.000554755,0.034960302825770895,0.000489052,0.000530549,0.08485191758749577,0.000633301,0.000656735,0.037002941729130434,0.00075584,0.000810231,0.0719609970364099,1.1420142736299723,1.3857686356388421,4.762725673291258
1,8,f64,abcijk-ejbc-ikea,0.000774985,0.000749198,0.03327419240372398,0.000733177,0.000725142,0.010959154474294741,0.000860275,0.000826552,0.03920025573217856,0.000672183,0.00068059,0.012507010739634783,1.1066461785093933,0.8876496601184053,3.6853033751086195
1,8,f64,abcijk-ekab-ijec,0.000522374,0.000554184,0.06089506751867435,0.000467232,0.000484193,0.03630102390247236,0.000684347,0.000660812,0.0343904481206172,0.000913273,0.000833265,0.0876057870976148,1.249854264836614,1.6213400529401294,5.047352906077421
1,8,f64,abcijk-ekac-ijeb,0.000526161,0.000546439,0.038539534477089576,0.000517996,0.000520531,0.004893860184248533,0.000650463,0.000667485,0.026169051890730044,0.001103499,0.001084232,0.017459916139479836,1.2288585148561544,2.039937733492312,5.088208218880888
1,8,f64,abcijk-ekbc-ijea,0.000759286,0.00083659,0.10181143864103914,0.000843543,0.00074005,0.12268846994166271,0.000856418,0.000856527,0.00012727429829828552,0.000716506,0.00068639,0.04203174851292235,1.0746186945426082,0.8799061617108488,3.5300781459015367
1,8,f64,abcijk-ijma-mkbc,0.000743467,0.000764155,0.027826386376261336,0.000661113,0.000721025,0.09062293435464142,0.000791486,0.000828846,0.04720235102073822,0.000671332,0.000706388,0.05221857441623512,1.074575572514636,0.9136266372443281,3.7217732273427617
1,8,f64,abcijk-ijmb-mkac,0.000594439,0.000570784,0.039793822410709945,0.000545838,0.000529668,0.029624174205533538,0.000682843,0.000666694,0.02364965299490518,0.00112084,0.001122614,0.001582741515292252,1.1583349528266864,1.9257393064826553,4.6284035606547445
1,8,f64,abcijk-ijmc-mkab,0.000571867,0.000593727,0.038225671353653734,0.000544566,0.000548593,0.007394879592188985,0.000683024,0.000665782,0.025243622478858696,0.000880763,0.000869412,0.012887689423829118,1.1572923683921832,1.5017630984920713,4.691476860746724
1,8,f64,abcijk-ikma-mjbc,0.000790194,0.000779644,0.01335115174248347,0.000750941,0.00072922,0.028925042047244665,0.000817846,0.000808578,0.01133220679687863,0.000697251,0.000714001,0.02402291283913538,1.0360523329392095,0.8989363631472127,3.5927194966667724
1,8,f64,abcijk-ikmb-mjac,0.000544265,0.000574482,0.05551891082469007,0.000507978,0.000545978,0.07480638925307792,0.000637268,0.000644011,0.010581105594506646,0.000746272,0.000893376,0.19711847690922357,1.14568250660847,1.4602334673032058,4.824040823280438
1,8,f64,abcijk-ikmc-mjab,0.000597945,0.000592175,0.00964971694721084,0.000518027,0.000523857,0.011254239643879504,0.000693374,0.000695237,0.002686861636000293,0.000975449,0.001072169,0.09915433815606978,1.1667950043415862,1.718613636023462,4.583750156949244
1,8,f64,abcijk-jkma-mibc,0.000716717,0.000744809,0.03919538674260559,0.000666072,0.00083117,0.2478680983437227,0.000835799,0.000855556,0.02363845852890467,0.000662957,0.000652507,0.015762711608746982,1.1573876222571395,0.9001998931055973,3.8565509453936113
1,8,f64,abcijk-jkmb-miac,0.000560084,0.00052503,0.06258704051535124,0.000495184,0.000514149,0.03829889495621841,0.000644753,0.000649922,0.008017023573368531,0.001096054,0.001076248,0.018070277559317338,1.1937370189250331,2.0028734586028447,4.95095262989572
1,8,f64,abcijk-jkmc-miab,0.000561367,0.000561968,0.0010706008725129834,0.00050424,0.000569332,0.12908932254481997,0.000666563,0.000688514,0.03293162086704471,0.001070116,0.001005836,0.06006825428271334,1.20614010001593,1.8471398753818193,4.841888331442387
1,8,f64,abcs-rc-abrs,5.938e-05,5.8529e-05,0.01433142472212856,5.5985e-05,5.5163e-05,0.014682504242207739,0.000180196,0.000158676,0.11942551443983218,0.000158676,0.000159818,0.007197055635382643,2.868286616457627,2.70123780420399,4.931683115503807
1,8,f64,abj-bka-kj,0.000159427,0.000159297,0.0008154202236759778,0.00016061,0.000157764,0.017719942718386172,0.000258262,0.000292556,0.13278763426288043,0.000256829,0.000251188,0.021964030541722246,1.7248448021258944,1.5938107032194582,6.975135617212374
1,8,f64,abjc-cbka-kj,0.000153958,0.000157714,0.024396263916133032,0.000156081,0.000163475,0.047372838462080624,0.000278158,0.000265355,0.046027797151259264,0.000191778,0.000191056,0.003764769681611102,1.743504856791149,1.2284103852735062,3.537038268582542
1,8,f64,abjc-kbac-jk,6.2667e-05,0.000397221,5.338599262769879,5.9361e-05,6.3438e-05,0.06868145752261579,0.00017127,0.000154879,0.09570269165644896,0.000163275,0.000162142,0.0069392129842290595,1.0322891538876533,1.0312692220589037,2.06860363881094
1,8,f64,abjcd-dkbac-jk,0.001075937,0.001029541,0.04312148387870296,0.000948389,0.000915618,0.03455438643847619,0.001134676,0.001100803,0.029852574655672703,0.001523812,0.001514905,0.005845209251534977,1.0618801249034573,1.4435876222920638,2.971824743828496
1,8,f64,abrs-qb-aqrs,5.5183e-05,0.000103683,0.8788938622401827,5.4191e-05,0.000105026,0.938070897381484,0.000169717,0.000152765,0.09988392441535032,0.000158235,0.000160439,0.01392865042500091,2.1287182059859884,2.106443515743976,3.8117958513486507
1,8,f64,adbjc-cbdka-kj,0.003103098,0.00308274,0.0065605404663339195,0.00295933,0.002956454,0.000971841599280987,0.003381256,0.003320803,0.01787885921681165,0.002212757,0.002103763,0.04925710324269694,1.0834138630362025,0.6975881160850442,2.7764029211148546
1,8,f64,ajb-kba-jk,0.000126986,0.000134301,0.05760477532956387,0.000126957,0.000131235,0.03369644840379027,0.000227575,0.000219059,0.03742063056135336,0.000197569,0.000197769,0.001012304561950561,1.7097211385056845,1.5136343144936173,6.743299957779388
1,8,f64,ajbc-ckba-jk,8.9126e-05,8.5028e-05,0.04597984875345018,8.5068e-05,8.4488e-05,0.006818074951803421,0.000191818,0.000190576,0.006474887653922012,0.000175507,0.000177221,0.00976599223962582,2.1963198825203483,2.025916879915024,4.884865500576033
1,8,f64,ajbdc-ckbad-jk,0.000955603,0.000978525,0.023986948554996168,0.000997531,0.001000997,0.0034745787348964274,0.001199447,0.001173439,0.02168332573260834,0.001435257,0.001478377,0.03004339989284155,1.2268630172692152,1.506373685127782,3.1641759327313137
1,8,f64,aqrs-pa-pqrs,5.5694e-05,4.288e-05,0.23007864401910438,9.5468e-05,8.7633e-05,0.08206938450580292,0.000121677,0.000124332,0.021820064597253497,0.00015033,0.000147855,0.01646377968469359,2.516889291687164,3.0507684256707854,3.829008093638865
1,8,f64,ij-ik-kj,0.000408542,0.00044505,0.08936168129592548,0.000419944,0.000419924,4.762539767200202e-05,0.000540979,0.000633321,0.17069424136611566,0.000608956,0.000607954,0.0016454390793424478,1.3727118722260327,1.4269394965773956,6.764480303248613
1,8,f64,ij-ikl-ljk,0.000303236,0.000314677,0.03772968908704777,0.000301302,0.000298356,0.009777565366310137,0.000414563,0.000406027,0.020590356592363523,0.000580322,0.000581385,0.001831741688235189,1.3281583169764937,1.8803710170684302,2.3735274123214847
1,8,f64,ij-kil-lkj,0.000454227,0.000445521,0.019166628139674735,0.000437215,0.00043423,0.006827304644168253,0.000563431,0.000563251,0.00031947123960163193,0.000801274,0.000803459,0.0027269073999653948,1.252278118514303,1.783617901752837,2.428707697395771
1,8,f64,ijk-ikl-lj,0.000138147,0.000139039,0.006456890124287851,0.000138539,0.000140221,0.012140985570850082,0.000286655,0.000271587,0.052564929968080154,0.000239357,0.00023577,0.01498598328020484,2.013238387405005,1.7140689637975246,4.724584573332436
1,8,f64,ijk-il-jlk,0.000130774,0.000127898,0.0219921391102208,0.0001285,0.00012851,7.782101167319588e-05,0.000235178,0.000232123,0.012990160644278048,0.000209311,0.000217065,0.03704535356479122,1.8066118446538688,1.6481561185960814,4.974218224634061
1,8,f64,ijk-ilk-jl,0.000390218,0.00025237,0.3532589475626444,0.000251138,0.000250276,0.003432375825243361,0.000345674,0.000348931,0.009422172335784573,0.000215432,0.000213117,0.010745850198670581,1.1067018143024663,0.6827970569136872,1.9662943851145993
1,8,f64,ijk-ilk-lj,0.000142015,0.000146132,0.02898989543358077,0.00013932,0.000138899,0.0030218202698821806,0.000267349,0.00024667,0.07734833494795201,0.000234848,0.000237092,0.009555116500885585,1.7826154889309236,1.6379932582546681,4.565336567426247
1,8,f64,ijk-ilmk-mjl,7.8847e-05,7.7796e-05,0.013329613048055133,8.0259e-05,7.8547e-05,0.02133094107825917,0.000213047,0.00019841,0.06870315000915295,0.000159277,0.000158365,0.005725873792198577,2.6251146121319695,2.0278457429967784,3.3155431532770994
1,8,f64,ijkl-imjn-lnkm,0.000858752,0.000859412,0.0007685571620212883,0.000872517,0.000860354,0.013940129533292711,0.000990588,0.000991109,0.0005259502436936181,0.000987772,0.000993453,0.005751327229360559,1.1533806305563596,1.1531012180755638,4.464098141781675
1,8,f64,ijkl-imjn-nlmk,0.000680179,0.000758785,0.11556663760568897,0.000674518,0.000742836,0.10128417625623021,0.000790544,0.000855787,0.08252924568398479,0.000750289,0.000834857,0.11271390091018274,1.144919330051997,1.1016645076421638,5.248637535990675
1,8,f64,ijkl-imkn-jnlm,0.000600219,0.000604768,0.007578900368032215,0.000598486,0.000599368,0.0014737186834778981,0.000695297,0.000700236,0.007103439249702026,0.00069167,0.000689335,0.0033758873451212867,1.1581321661201345,1.1460811335962864,6.277791754449288
1,8,f64,ijkl-imkn-njml,0.000603045,0.000590161,0.021364906433184894,0.00058996,0.000584921,0.00854125703437536,0.000692041,0.00068092,0.016069857132742116,0.000703332,0.00069714,0.008803808158878046,1.1506780907830623,1.1737620829786242,6.282436785257028
1,8,f64,ijkl-imln-jnkm,0.000597254,0.000589249,0.013403007765540154,0.000593607,0.000590251,0.005653572144533436,0.000694355,0.000698693,0.00624752468117884,0.000690097,0.000687332,0.004006683118460086,1.1740998135554694,1.1609389734901003,6.368669044557597
1,8,f64,ijkl-imln-njmk,0.000598446,0.000590842,0.012706242501412057,0.000613374,0.000588107,0.0411934643463856,0.000692361,0.000688333,0.005817774253604635,0.000697571,0.000696148,0.002039935719804986,1.1609604624612166,1.171916946927794,6.287320264980053
1,8,f64,ijkl-imnj-nlkm,0.000597715,0.000596863,0.0014254285068970862,0.000592325,0.000586414,0.009979318786139224,0.000688354,0.000694065,0.008296603201259911,0.000702029,0.000699935,0.0029827827625352743,1.157235069636381,1.1736050661906257,6.304372381195957
1,8,f64,ijkl-imnk-njml,0.000614416,0.000614917,0.0008154084529048422,0.000603837,0.00058991,0.023064171291258928,0.00069707,0.000678916,0.026043295508342168,0.00069686,0.000695317,0.0022142180638865527,1.1191974445620947,1.1324647272381363,6.071543815272649
1,8,f64,ijkl-minj-nlmk,0.000732215,0.000728939,0.004474095723250748,0.000731385,0.000724531,0.009371261373968487,0.000836491,0.000854815,0.021905794563241043,0.000851999,0.000853051,0.0012347432332666664,1.1574488278429647,1.1669228301686791,6.344363582997207
1,8,f64,ijkl-mink-jnlm,0.000735923,0.000721275,0.01990425628768233,0.000719482,0.000714463,0.006975852071351318,0.000821713,0.000822444,0.0008896050080746676,0.000865935,0.000838744,0.03140074024031825,1.1283572387594516,1.1697437466976397,6.292676134434795
1,8,f64,ijkl-minl-njmk,0.000722317,0.000729601,0.010084215102233562,0.000736002,0.000714573,0.029115410012472753,0.00083104,0.00082565,0.006485849056603765,0.000862699,0.000842712,0.023167987907717458,1.141043833237534,1.1745259269254185,6.328423958387894
1,1,c64,abc-bk-akc,0.002383766,0.002397852,0.005909137054559865,0.00242318,0.002431394,0.0033897605625665683,0.002458005,0.002456712,0.0005260363587544781,0.003226949,0.003189949,0.011465938879108295,1.027839981216008,1.341976538204375,1.0
1,1,c64,abcijk-eiab-jkec,0.010079601,0.010071604,0.000793384579409584,0.010083168,0.010062167,0.0020827779523260315,0.010672417,0.010668598,0.00035783834158653605,0.01223979,0.012252923,0.0010729759252405824,1.0590441781912234,1.215446491051797,1.0
1,1,c64,abcijk-eiac-jkeb,0.010039727,0.010113763,0.0073743041020934985,0.009948297,0.010145192,0.01979182969708293,0.010467364,0.010685069,0.0207984550838205,0.015325206,0.015160055,0.010776429367409412,1.049518240414963,1.5126421952762084,1.0
1,1,c64,abcijk-eibc-jkea,0.010683678,0.010679458,0.000394995056945846,0.010689058,0.010676072,0.0012148872239255981,0.011091228,0.011086106,0.00046180639330462014,0.012504665,0.012603196,0.007879539355912346,1.0381122809501244,1.1752800785464936,1.0
1,1,c64,abcijk-ejab-ikec,0.010067789,0.010044193,0.002343712209304405,0.010065184,0.010064722,4.590080022381926e-05,0.01063107,0.010586435,0.004198542573795483,0.012772063,0.012851689,0.00623438828950329,1.0549667682441295,1.274048769316471,1.0
1,1,c64,abcijk-ejac-ikeb,0.010042862,0.010094507,0.005142458394828298,0.009938718,0.010111208,0.017355357099376523,0.010467455,0.010665742,0.01894319106220177,0.01338128,0.013244993,0.01018490009924311,1.0494089987992503,1.3222189933851825,1.0
1,1,c64,abcijk-ejbc-ikea,0.010620851,0.010655724,0.0032834468725717603,0.010719094,0.010712018,0.0006601304177387135,0.011038489,0.010944933,0.008475435360763561,0.013721554,0.013670978,0.0036858798937787762,1.0332138726155669,1.2874497941369478,1.0
1,1,c64,abcijk-ekab-ijec,0.010065335,0.010065413,7.749369494547409e-06,0.010069121,0.010056897,0.0012140086508047876,0.010665154,0.010646567,0.0017427783977616018,0.011989213,0.011997116,0.0006591758775158496,1.0586647299365144,1.1915268969758293,1.0
1,1,c64,abcijk-ekac-ijeb,0.010076114,0.010135453,0.005889075887787643,0.010122271,0.010125255,0.0002947955058700824,0.010681233,0.010608566,0.006803240786901643,0.013652395,0.01376313,0.008111031068175345,1.0533456776728731,1.3564222663051255,1.0
1,1,c64,abcijk-ekbc-ijea,0.010603519,0.010666023,0.005894646862046438,0.01062043,0.010715835,0.00898315793240001,0.011106657,0.011112626,0.0005374254377352727,0.013674226,0.013691526,0.0012651538741572654,1.0446571035139744,1.2866221893311858,1.0
1,1,c64,abcijk-ijma-mkbc,0.010638043,0.010634124,0.0003683948260032599,0.010673118,0.010693985,0.0019550987818179877,0.011130151,0.011085044,0.004052685358895802,0.013650222,0.013710762,0.004435092703986676,1.0443294086137684,1.286230852157409,1.0
1,1,c64,abcijk-ijmb-mkac,0.01011638,0.010125054,0.0008574213305549971,0.010106321,0.010112069,0.0005687529616364984,0.010638073,0.010605741,0.0030392722441366926,0.013722646,0.013735097,0.0009073323031141278,1.0495200758362742,1.3565117322264872,1.0
1,1,c64,abcijk-ijmc-mkab,0.010072558,0.010067627,0.0004895479380708778,0.010076756,0.010073889,0.00028451616770297505,0.010654073,0.010639173,0.0013985261786736425,0.011959849,0.011953754,0.0005096218188038737,1.0572515309586858,1.1873576603194065,1.0
1,1,c64,abcijk-ikma-mjbc,0.010610221,0.010628553,0.0017277679701488413,0.010640307,0.010709585,0.006510902364001314,0.011039291,0.010936217,0.009337012675904588,0.013683213,0.013640801,0.0030995644078624096,1.034677164285529,1.2865145258658324,1.0
1,1,c64,abcijk-ikmb-mjac,0.010022094,0.010028935,0.0006825918814969967,0.009973253,0.010045466,0.007240666610984325,0.010501248,0.010437066,0.006111844992138016,0.013211563,0.013273637,0.004698459977823921,1.0442464997778838,1.3208862647007908,1.0
1,1,c64,abcijk-ikmc-mjab,0.010070004,0.010056086,0.0013821245751243216,0.010065035,0.010061375,0.00036363509913284187,0.010659814,0.010620578,0.00368073964517579,0.012752637,0.012893567,0.011051047716640783,1.0573519703756247,1.274257588676476,1.0
1,1,c64,abcijk-jkma-mibc,0.01066316,0.010693584,0.002853187985550454,0.010686774,0.010692522,0.0005378610982136323,0.011051515,0.01114682,0.008623704532817467,0.012509254,0.012563933,0.0043710839990938055,1.0393978096513168,1.174015702957808,1.0
1,1,c64,abcijk-jkmb-miac,0.010024278,0.010103694,0.007922366079631926,0.009924782,0.010152515,0.022945894428713975,0.010481781,0.010662857,0.017275308461415007,0.01516672,0.015115221,0.0033955265212254337,1.0504797615139416,1.5044800796108222,1.0
1,1,c64,abcijk-jkmc-miab,0.010091563,0.010078066,0.0013374538711198314,0.010087265,0.010074711,0.0012445395258278147,0.010643242,0.010689768,0.004371412394832408,0.012280757,0.012243745,0.0030138207278264106,1.0576775626929118,1.2159112873111149,1.0
1,1,c64,abcs-rc-abrs,0.001067491,0.001080435,0.012125629162213158,0.001090684,0.001094811,0.0037838640706200355,0.001118166,0.001116663,0.001344165356485627,0.001550041,0.001554138,0.0026431558907151764,1.0404776867293934,1.4452232821503845,1.0
1,1,c64,abj-bka-kj,0.003795459,0.003798204,0.000723232684110009,0.003816389,0.003805187,0.0029352353756391114,0.003870259,0.003886449,0.004183182572535804,0.005555993,0.005546134,0.0017744802774229962,1.021469034203982,1.4620247629941574,1.0
1,1,c64,abjc-cbka-kj,0.001826407,0.001863095,0.020087527040796527,0.001776774,0.001788946,0.006850618030205258,0.001828621,0.001869958,0.022605559052422564,0.002018214,0.00191425,0.0515128722722169,1.0024471741320957,1.0655323839954427,1.0
1,1,c64,abjc-kbac-jk,0.001192724,0.001159643,0.02773567061616944,0.001212702,0.001175973,0.030286913025623696,0.001241986,0.001247217,0.004211802709531254,0.001752398,0.001753641,0.0007093137517846237,1.0582718074383255,1.4905775821149145,1.0
1,1,c64,abjcd-dkbac-jk,0.008696611,0.008639353,0.00658394402141238,0.008700539,0.008619807,0.009278965360651759,0.00929075,0.009299714,0.0009648306110916494,0.01186979,0.011944888,0.006326817913375082,1.0723697418474112,1.373715905642538,1.0
1,1,c64,abrs-qb-aqrs,0.000933151,0.000930786,0.0025344236891993166,0.000933621,0.00093289,0.0007829729622620407,0.000970641,0.000969268,0.0014145291616570743,0.001606336,0.001640309,0.021149373481015088,1.0407594653970331,1.7417272478052035,1.0
1,1,c64,adbjc-cbdka-kj,0.018544621,0.018581747,0.00200198213810876,0.018575519,0.018586786,0.000606551020189583,0.019040135,0.019028149,0.0006295123432684679,0.014604752,0.014001985,0.04127197777819169,1.0253710017325233,0.7703527638820663,1.0
1,1,c64,ajb-kba-jk,0.003462007,0.003474871,0.003715763717404341,0.003554059,0.003552526,0.00043133780277715417,0.003657021,0.003681306,0.006640650956065031,0.004878239,0.004742785,0.027766987226333084,1.0578677373651824,1.386803540230264,1.0
1,1,c64,ajbc-ckba-jk,0.001583674,0.001575108,0.005408941486694907,0.001518803,0.001547937,0.019182211254520798,0.001628878,0.001729916,0.06202920046805227,0.002022643,0.002119002,0.047640142130865426,1.0628420406126453,1.3108024341456839,1.0
1,1,c64,ajbdc-ckbad-jk,0.007612018,0.007360247,0.03307546041010412,0.007421202,0.007418786,0.0003255537310532519,0.008097514,0.008198541,0.012476298281176135,0.012183716,0.012116248,0.0055375552089363955,1.0885491485918544,1.6232217856673856,1.0
1,1,c64,aqrs-pa-pqrs,0.001219646,0.001214615,0.00412496740857593,0.00122777,0.001224614,0.0025705140213557742,0.001307619,0.001277242,0.023230772878032546,0.001438774,0.001443142,0.003035918080254385,1.0617957648930814,1.183898869011656,1.0
1,1,c64,ij-ik-kj,0.012321514,0.012189394,0.010722708264585101,0.012291176,0.012194433,0.007870931146051419,0.012438301,0.012380961,0.0046099543659541276,0.010532457,0.010451012,0.007732763589730296,1.0125922846330073,0.8560929598958682,1.0
1,1,c64,ij-ikl-ljk,0.002978476,0.002994615,0.0054185429058351,0.002978455,0.002990117,0.003915452810265618,0.003079854,0.003066349,0.00438494811767054,0.003623338,0.003701103,0.02146225386646239,1.0289832514086423,1.2261750072457982,1.0
1,1,c64,ij-kil-lkj,0.004757574,0.00473971,0.0037548548903284518,0.004742326,0.004713631,0.006050828222268878,0.004864654,0.004874752,0.0020757899739631824,0.005421753,0.005343947,0.014350709078779444,1.0254950777690934,1.133528057094573,1.0
1,1,c64,ijk-ikl-lj,0.002522235,0.002516894,0.0021175663647517995,0.002532794,0.002520621,0.004806154784005479,0.002544235,0.002541801,0.0009566726344067966,0.003859769,0.003839421,0.0052718180803047465,1.009309004475408,1.5278766302589082,1.0
1,1,c64,ijk-il-jlk,0.00274481,0.002756,0.004076784914074372,0.002855306,0.00287356,0.006393010066171323,0.002955753,0.002909848,0.015530729394506282,0.002932119,0.00294898,0.005750448736903335,1.0662854204891494,1.0691310912950518,1.0
1,1,c64,ijk-ilk-jl,0.002417229,0.002404255,0.005367302808298224,0.002428951,0.002426977,0.0008126965097279282,0.002462683,0.00246088,0.0007321283332040185,0.003210047,0.00317391,0.011257467569789625,1.0211753259424219,1.3240483288811442,1.0
1,1,c64,ijk-ilk-lj,0.002537453,0.002523667,0.0054330070350071535,0.00254677,0.002533005,0.005404885403864412,0.00256764,0.002576836,0.0035814989640292616,0.003725078,0.003692828,0.008657536835470325,1.0164720192409942,1.46565649773718,1.0
1,1,c64,ijk-ilmk-mjl,0.000989266,0.000981511,0.007839145386579482,0.000987402,0.00098112,0.0063621503703659155,0.001003802,0.001005455,0.0016467390979495455,0.001337686,0.001292791,0.03356168786994862,1.0195328421652297,1.334556988312105,1.0
1,1,c64,ijkl-imjn-lnkm,0.015420304,0.015317238,0.0066837852223924354,0.015444228,0.01534539,0.0063996724213084555,0.015497708,0.015477958,0.0012743819924856403,0.016687788,0.016562691,0.007496320063509754,1.0077524689196138,1.0817530756892944,1.0
1,1,c64,ijkl-imjn-nlmk,0.015371873,0.015300116,0.004668071353438719,0.015369248,0.015301879,0.004383363454087075,0.015460458,0.015459323,7.341309034958332e-05,0.016954144,0.016923994,0.0017783262900208374,1.008081529868858,1.1045327805740002,1.0
1,1,c64,ijkl-imkn-jnlm,0.01544541,0.015349539,0.006207086765582681,0.015438508,0.015350731,0.005685588270576414,0.015679657,0.015655839,0.0015190383310041966,0.016625842,0.016607995,0.001073449392818615,1.0175577430450837,1.079202737470896,1.0
1,1,c64,ijkl-imkn-njml,0.015436304,0.015304755,0.008522052947389502,0.015422628,0.015298203,0.008067691187260806,0.015583948,0.015526889,0.0036613956874086417,0.016974191,0.016903627,0.004157134793640438,1.0120363625282247,1.102045791631259,1.0
1,1,c64,ijkl-imln-jnkm,0.015389606,0.015323911,0.004268790247131671,0.015395497,0.015331404,0.004163100418258625,0.015637058,0.015566703,0.004499247876422752,0.01664083,0.016686361,0.0027361015045523907,1.0159615737385084,1.0850999622364563,1.0
1,1,c64,ijkl-imln-njmk,0.01534349,0.015309824,0.002194155306256884,0.01536003,0.015283184,0.00500298502021157,0.015472921,0.015496352,0.0015143229904681643,0.016734004,0.016681212,0.003154773956071666,1.0103078190549029,1.0901005499962155,1.0
1,1,c64,ijkl-imnj-nlkm,0.015367645,0.0153129,0.0035623545442388105,0.015366262,0.015305647,0.003944680885956564,0.015441353,0.015477436,0.002336777094597897,0.016588933,0.016653671,0.00390248125060233,1.0077662299265626,1.0835072807289197,1.0
1,1,c64,ijkl-imnk-njml,0.015448526,0.015355259,0.00603727501251583,0.015453886,0.015334379,0.007733135859808948,0.015600449,0.015531608,0.00441275760716886,0.016727251,0.01676617,0.0023266823699843453,1.0106590338980028,1.0873193639546166,1.0
1,1,c64,ijkl-minj-nlmk,0.019096601,0.018985019,0.005843029343284845,0.019020579,0.018974349,0.0024305253799055127,0.019281135,0.019288805,0.0003977981586664736,0.02028646,0.02040131,0.005661411601629807,1.0128273116123543,1.0684362315683538,1.0
1,1,c64,ijkl-mink-jnlm,0.018722362,0.018600652,0.006500782326503529,0.018695052,0.018558984,0.007278289463971466,0.019033312,0.018916982,0.006111915782182398,0.019843353,0.019973342,0.0065507578280747936,1.0168074177622404,1.0668134818890822,1.0
1,1,c64,ijkl-minl-njmk,0.019056124,0.018916791,0.007311717744909796,0.01903757,0.018921119,0.006116904625958042,0.019333272,0.019234744,0.005096292029615923,0.019983485,0.019936363,0.0023580471574402573,1.015675245909527,1.0512779680597193,1.0
1,4,c64,abc-bk-akc,0.000624926,0.000625687,0.001217744180910918,0.000630626,0.000631608,0.0015571828627427564,0.000688093,0.000676351,0.017064553773981195,0.000781197,0.000772371,0.011298046459471744,1.0909799654900258,1.2422253859917993,3.8234035129018227
1,4,c64,abcijk-eiab-jkec,0.002738558,0.002745731,0.0026192616698277327,0.003256294,0.002758234,0.15295301959835317,0.002938551,0.00292229,0.005533679694516125,0.003720029,0.003686185,0.00909777853882332,1.068656931583899,1.350429017543546,3.674354259784629
1,4,c64,abcijk-eiac-jkeb,0.002651486,0.002701779,0.018967854252294636,0.002719292,0.00270746,0.004351132574214156,0.002824579,0.002828055,0.0012306258738028486,0.004461853,0.004351706,0.024686380299843935,1.055969096673719,1.6463335263376297,3.7648506966048303
1,4,c64,abcijk-eibc-jkea,0.00291126,0.002893286,0.006173959041789523,0.002867018,0.002907813,0.014229070065133964,0.003021657,0.003011797,0.0032631102736014883,0.003358875,0.003355979,0.0008621934427449629,1.039439582267317,1.1568321740562624,3.6804321999837217
1,4,c64,abcijk-ejab-ikec,0.00274476,0.002726355,0.006705504306387389,0.002714623,0.002822815,0.03985525798609957,0.002816082,0.002837311,0.007538487870736743,0.003580919,0.003589785,0.0024759007394470345,1.0333149879666834,1.310654061124626,3.6760481108105867
1,4,c64,abcijk-ejac-ikeb,0.002700838,0.002688675,0.004503417087585393,0.002746453,0.002718059,0.010338425598399037,0.00282544,0.002835027,0.0033930998357778464,0.003703789,0.003660678,0.011639701937664282,1.0502754694269851,1.3664239363536328,3.7363958590449617
1,4,c64,abcijk-ejbc-ikea,0.002885102,0.002864041,0.007299915219635245,0.002910428,0.002890241,0.006936093248140818,0.003057844,0.002992161,0.021480167071963097,0.003694972,0.003613349,0.02209028918216427,1.0522766668254684,1.271131057035132,3.7008453586563985
1,4,c64,abcijk-ekab-ijec,0.002675511,0.002711316,0.013382490298115002,0.002754368,0.002702269,0.01891504693635704,0.002885723,0.002844595,0.01425223418879773,0.003319021,0.003350128,0.009372342024952518,1.0637610948399152,1.2380616226385577,3.737115132579855
1,4,c64,abcijk-ekac-ijeb,0.00266961,0.002671293,0.0006304291638103976,0.002668838,0.002691009,0.008307360731524271,0.002812726,0.002840097,0.009731129160821306,0.003813202,0.003990543,0.04650710872384933,1.058389754503712,1.460751127635295,3.7842815899873363
1,4,c64,abcijk-ekbc-ijea,0.002868861,0.003203645,0.11669578972282046,0.002862389,0.002874551,0.0042488983852300155,0.002979678,0.00302956,0.016740735072716006,0.003710581,0.00365114,0.016019324197477425,0.9910544142280092,1.2141106122750134,3.507917099472276
1,4,c64,abcijk-ijma-mkbc,0.002904979,0.002890682,0.004921550207419689,0.002880703,0.002891493,0.0037456134839308763,0.003049347,0.003040891,0.002773052722435332,0.003668182,0.003643886,0.0066234445291972754,1.050829346339331,1.2616420945859141,3.6703719150125886
1,4,c64,abcijk-ijmb-mkac,0.002700146,0.002662676,0.013877027390370777,0.002688154,0.002649912,0.01422611948571395,0.002817124,0.002815712,0.0005012203935643722,0.003931854,0.003984822,0.013471507334707589,1.050374843720501,1.476217566617912,3.774491533265987
1,4,c64,abcijk-ijmc-mkab,0.002746222,0.002744679,0.0005618628064301134,0.002755329,0.002736193,0.006945087138414241,0.0028469,0.002822434,0.008593909164354208,0.003390494,0.003333998,0.016663058539552078,1.0324865504056133,1.224617769465944,3.667919926359113
1,4,c64,abcijk-ikma-mjbc,0.002910719,0.002902674,0.0027639219038320118,0.002854414,0.002881795,0.009592511808027782,0.003056871,0.003034299,0.007384021111783934,0.003662441,0.003639087,0.006376621493697665,1.0477760595235295,1.2559786758770028,3.6534234698637946
1,4,c64,abcijk-ikmb-mjac,0.00267546,0.002692141,0.006234815695244755,0.002721376,0.002693072,0.010400620862387355,0.002809931,0.002824588,0.005216142318085426,0.003630412,0.003655257,0.006843575880643771,1.0497291332601186,1.3573404245088383,3.7355840457092313
1,4,c64,abcijk-ikmc-mjab,0.002688765,0.00274546,0.02108588887463192,0.002737706,0.002705266,0.011849336634393914,0.002842432,0.002851528,0.00320007655416199,0.003650268,0.003637614,0.0034665947815338827,1.0478518359525526,1.3411788573752152,3.703781238999825
1,4,c64,abcijk-jkma-mibc,0.002906401,0.002883087,0.008021604726945797,0.002907073,0.00290037,0.002305755651818786,0.003020915,0.003046893,0.008599381313277643,0.003388531,0.003336092,0.015475437586375929,1.0480722283528048,1.1614970199706627,3.68890919123895
1,4,c64,abcijk-jkmb-miac,0.002712009,0.002694104,0.006602116733388397,0.002710335,0.002728409,0.006668548352879,0.002849425,0.0028258,0.008291146459373455,0.004470058,0.004320027,0.03356354660275107,1.04977586538134,1.6257249396059597,3.7231788762343436
1,4,c64,abcijk-jkmc-miab,0.002765479,0.002797137,0.011447564779917041,0.002773453,0.0027503,0.008348077288492073,0.002930085,0.002906852,0.007929121510126702,0.003598222,0.003631993,0.009385468712047373,1.0493237880265542,1.2997936986540544,3.6259830154472543
1,4,c64,abcs-rc-abrs,0.000285212,0.000280062,0.018056743755522353,0.000283568,0.000282807,0.002683659651300574,0.000342829,0.000353489,0.031094218983808375,0.000460649,0.000460589,0.0001302510154151948,1.2317306201238916,1.6297870296851698,3.799884912799153
1,4,c64,abj-bka-kj,0.000985428,0.001010916,0.02586490337193581,0.001001077,0.001021325,0.020226216364974903,0.001075015,0.001073873,0.0010623107584545322,0.001574927,0.001561042,0.00881628164353021,1.076499269472415,1.570968670124142,3.804094625863434
1,4,c64,abjc-cbka-kj,0.00046139,0.000454467,0.01500465983224597,0.000451692,0.000460869,0.02031694163279396,0.000532533,0.000549705,0.03224588898716152,0.000635486,0.000625978,0.014961777285416145,1.1815520030022164,1.3773593555145374,4.028385426418004
1,4,c64,abjc-kbac-jk,0.000304328,0.000301022,0.010863279093609401,0.000299348,0.00030045,0.0036813340994428234,0.000374198,0.00036982,0.011699688400258812,0.000518037,0.000521302,0.006302638614616329,1.229067836399951,1.7169395745708993,3.88563551629252
1,4,c64,abjcd-dkbac-jk,0.003090214,0.00307238,0.0057711213527607,0.003096616,0.00309915,0.0008183126354706083,0.003351642,0.003309923,0.012447331785435334,0.004061987,0.004005781,0.01383707037959514,1.0809510178886543,1.3091250200040507,2.8130917004426133
1,4,c64,abrs-qb-aqrs,0.000246469,0.000248354,0.007648020643569842,0.000247331,0.000245869,0.005911106978098046,0.00031622,0.000311341,0.015429131617228364,0.000464727,0.000458615,0.013151807405207827,1.2682243694512352,1.865977269492169,3.766900536856315
1,4,c64,adbjc-cbdka-kj,0.00659976,0.006495364,0.01581815096306527,0.006305552,0.006315228,0.0015345206890688967,0.006587807,0.006547101,0.006178990975297283,0.005759282,0.005787474,0.004895054626600892,1.0030651359787788,0.8817853520310105,2.8352178469351936
1,4,c64,ajb-kba-jk,0.000884109,0.000869762,0.01622763708999675,0.000918654,0.000897484,0.0230445847947105,0.000972173,0.000969719,0.0025242420844849844,0.001206159,0.00123285,0.02212892330115679,1.107239599715182,1.3906065803911756,3.955306961530705
1,4,c64,ajbc-ckba-jk,0.000411858,0.000419843,0.01938775014689509,0.000430462,0.000417899,0.029184922246330625,0.000500163,0.000521232,0.04212426748879872,0.000620708,0.000568961,0.08336770268789828,1.2278748513023907,1.4291167490503685,3.798138965767034
1,4,c64,ajbdc-ckbad-jk,0.003169912,0.003074043,0.030243426315935684,0.003126141,0.003190621,0.020626069009683112,0.003461527,0.003470613,0.0026248531356247717,0.003926063,0.003862133,0.016283488064251617,1.1103461327544235,1.2474227860536153,2.3978252309076473
1,4,c64,aqrs-pa-pqrs,0.000356024,0.000356205,0.0005083926926274795,0.000356254,0.000362455,0.0174061203523328,0.000420995,0.000414974,0.014301832563332173,0.000408562,0.000400347,0.020107107366813315,1.1737058499819528,1.1356843244162782,3.41779944329668
1,4,c64,ij-ik-kj,0.003110482,0.003114979,0.0014457566383603293,0.003127504,0.0031155,0.0038382045234793827,0.003239001,0.003255662,0.005143869977193516,0.003429707,0.003415971,0.00400500684169236,1.0432389382684306,1.0996239483671277,3.937147515994998
1,4,c64,ij-ikl-ljk,0.001745065,0.001728063,0.009742903559466387,0.001740055,0.001713536,0.015240322863357636,0.001830094,0.001831446,0.0007387598669794659,0.001443182,0.001458801,0.010822612809749499,1.054261064856153,0.8355510476893951,1.7198159028473203
1,4,c64,ij-kil-lkj,0.002614236,0.002619265,0.0019236977839798275,0.002611881,0.00256788,0.01684647960607699,0.002757934,0.002720814,0.013459350368790646,0.002091801,0.00203704,0.02617887648012407,1.0468374380651988,0.7888562056874416,1.814707130855437
1,4,c64,ijk-ikl-lj,0.000912873,0.000915527,0.002907304740089822,0.000911681,0.000904016,0.008407546060518967,0.000985949,0.000977773,0.008292518172846819,0.001207842,0.001218413,0.008751972526207963,1.074002979758169,1.3269714107399897,2.7560334052652764
1,4,c64,ijk-il-jlk,0.001582762,0.001579937,0.00178485457699884,0.00157099,0.001581439,0.006651219931380847,0.001654115,0.001649597,0.0027313699470713493,0.00104558,0.001008031,0.03591212532756938,1.0445857252396922,0.6492140132043777,1.7392742125601166
1,4,c64,ijk-ilk-jl,0.000840417,0.000810001,0.0361915572864423,0.000831541,0.000822213,0.011217727087419527,0.000904798,0.00087418,0.033839597346590033,0.000968918,0.000954941,0.01442536932949956,1.0779188264426454,1.1658470822112135,2.921857086852222
1,4,c64,ijk-ilk-lj,0.000754587,0.000726014,0.03786574642817864,0.000764786,0.000713261,0.06737178766347718,0.000817485,0.000774004,0.053188743524345994,0.000962796,0.000914666,0.049989821312095284,1.074692805814282,1.267859850975128,3.4189115911330763
1,4,c64,ijk-ilmk-mjl,0.000385719,0.000283699,0.2644930636032967,0.000298317,0.000284079,0.04772775269260543,0.000355874,0.000333032,0.06418563873730598,0.000342619,0.000328483,0.04125865757590785,1.0407027306505503,1.0141396254655561,2.978788774773056
1,4,c64,ijkl-imjn-lnkm,0.00427822,0.006499101,0.5191133228305229,0.004265526,0.004285954,0.0047890928340372785,0.00437994,0.004386501,0.001497965725558048,0.004440573,0.004443578,0.000676714469056261,0.8312563904107275,0.8424181418634994,2.914596896437813
1,4,c64,ijkl-imjn-nlmk,0.004215002,0.00609147,0.4451879263639733,0.004232244,0.004255357,0.005461169063031512,0.004342339,0.004325537,0.0038693432272329797,0.004461743,0.004485897,0.005413579401592594,0.8553068118462723,0.8829111001842813,3.0265705945550243
1,4,c64,ijkl-imkn-jnlm,0.004253744,0.004200033,0.012626758921082337,0.004199262,0.004228387,0.0069357425185665456,0.004327992,0.004351315,0.005388873177214704,0.004394737,0.004394045,0.00015746107218705951,1.026695031822518,1.0396488298503814,3.6428002926964886
1,4,c64,ijkl-imkn-njml,0.004201947,0.004187069,0.003540739566681883,0.004193322,0.004204702,0.002713838813236835,0.004295753,0.004289781,0.0013902102844367548,0.004400077,0.004440001,0.009073477577778766,1.0234269937255764,1.0537590759824844,3.664413785555272
1,4,c64,ijkl-imln-jnkm,0.004201186,0.004273991,0.017329630252028938,0.004267821,0.004205053,0.014707270993792765,0.004324637,0.00433712,0.002886485039091058,0.004396751,0.004408011,0.002560981961452935,1.022051529777592,1.0389257581191578,3.624063550190829
1,4,c64,ijkl-imln-njmk,0.004206015,0.004192419,0.003232513436114526,0.00418151,0.004189013,0.00179432788633771,0.00428391,0.004288519,0.0010758862814579384,0.004324717,0.004345414,0.0047857466742911026,1.0207187428151372,1.0323493234027605,3.649887071804527
1,4,c64,ijkl-imnj-nlkm,0.004179205,0.004220441,0.0098669483789382,0.004201316,0.004167833,0.007969645701489725,0.004297937,0.004304178,0.0014520920153087147,0.004307986,0.00431583,0.0018208044315835004,1.0241165397569376,1.026699976978832,3.652637965494492
1,4,c64,ijkl-imnk-njml,0.004185447,0.004191127,0.0013570832458278392,0.004201877,0.004217176,0.0036409918710140765,0.004302395,0.004299489,0.0006754377503691567,0.004307414,0.004311361,0.0009163270584160443,1.0268978088988305,1.028914216917517,3.67735674340145
1,4,c64,ijkl-minj-nlmk,0.005257727,0.005175142,0.015707357951449397,0.005306838,0.005228211,0.01481616736746072,0.005402647,0.005379694,0.0042484730170229135,0.00548461,0.005491602,0.0012748399612734218,1.0335272491765568,1.0521126717238332,3.650256673227935
1,4,c64,ijkl-mink-jnlm,0.00509882,0.00510965,0.002124020851883568,0.005092378,0.005117545,0.004942091887130129,0.00522206,0.005208514,0.0025939954730508363,0.005280018,0.005256674,0.004421197048949388,1.0217565486007194,1.0321499764486293,3.6560656547787587
1,4,c64,ijkl-minl-njmk,0.005273085,0.005180111,0.01763180377331297,0.005224154,0.005171004,0.01017389609877506,0.005344358,0.005319401,0.004669784471773797,0.005314673,0.005335761,0.003967882878212814,1.0201809684164178,1.0189069848555259,3.632780008024493
1,8,c64,abc-bk-akc,0.000498831,0.000497218,0.0032335600634283423,0.000499271,0.00049842,0.0017044851393333005,0.000596372,0.000591804,0.0076596486756587145,0.000392692,0.000394997,0.005869740152587788,1.1928818531792096,0.7908111551624112,4.8005705763403315
1,8,c64,abcijk-eiab-jkec,0.001670736,0.001694981,0.01451156855421809,0.001709198,0.001742299,0.019366392893040985,0.001922957,0.001895766,0.014140201782983253,0.002245438,0.002397712,0.06781483167203906,1.1345948789391795,1.3788363050691534,5.987350173278007
1,8,c64,abcijk-eiac-jkeb,0.001770693,0.001745665,0.014134578947338716,0.001748752,0.001744143,0.0026355938406359414,0.001894965,0.00183386,0.03224597815790786,0.0028845,0.002955983,0.024781764603917678,1.060306925151093,1.6608643003817305,5.731459798723077
1,8,c64,abcijk-eibc-jkea,0.00277204,0.00285774,0.030915859800003,0.002779724,0.002923302,0.0516518906193566,0.003023519,0.002848082,0.05802411031648891,0.002052678,0.002028974,0.011547841405227799,1.0426090547525535,0.7250827138109847,3.7951058892918517
1,8,c64,abcijk-ejab-ikec,0.001824473,0.001700581,0.06790563631251323,0.001637935,0.001659595,0.013223967984077545,0.00188697,0.001901707,0.007809875090754037,0.002524078,0.002515511,0.003394110641588788,1.0754418153323164,1.4305304762341626,5.70896256784581
1,8,c64,abcijk-ejac-ikeb,0.001765423,0.001746367,0.010794013672643876,0.001763029,0.001751837,0.0063481655718652386,0.001905124,0.001916634,0.006041601491556525,0.002430684,0.002446002,0.0063019298271598245,1.088276045481883,1.3886746473720777,5.734283442085071
1,8,c64,abcijk-ejbc-ikea,0.002964569,0.002842982,0.04101338170911184,0.002854915,0.002914426,0.020845103969820533,0.003062152,0.003016226,0.014997949154712087,0.0021924,0.002172992,0.008852399197226912,1.0468331703775515,0.7518325495045275,3.6644036168471095
1,8,c64,abcijk-ekab-ijec,0.00172668,0.001669514,0.033107466351611214,0.001659976,0.001676417,0.009904360063037077,0.00186088,0.001835843,0.013454387171660809,0.002071052,0.002145993,0.03618499197509295,1.0886192035910764,1.2416771532336954,5.928283371243712
1,8,c64,abcijk-ekac-ijeb,0.001761535,0.001745004,0.009384428921366816,0.001742069,0.001727502,0.008361896113184941,0.001914811,0.001905664,0.004776972766502796,0.002704946,0.002710935,0.00221409225914293,1.0895377195628064,1.544525206603825,5.764003907185684
1,8,c64,abcijk-ekbc-ijea,0.002870003,0.002853602,0.0057146281728626125,0.00284725,0.002829046,0.006393537624023171,0.002871456,0.002903455,0.011143823899791627,0.002206646,0.002194974,0.005289475520767639,1.008952583984027,0.769029762793434,3.716108551177033
1,8,c64,abcijk-ijma-mkbc,0.002745371,0.002837923,0.03371201924985723,0.002872928,0.002726004,0.05114085699328341,0.00305099,0.002909096,0.04650752706498551,0.002204833,0.002181058,0.010783129606641295,1.067329698567646,0.785634655890814,3.810490699837288
1,8,c64,abcijk-ijmb-mkac,0.001743011,0.001757177,0.008127315318147588,0.001718335,0.001753501,0.02046515958762396,0.001884595,0.001907468,0.012136825153415076,0.002733539,0.002708992,0.008979934070814544,1.0833775423622307,1.5549222549650474,5.783003061554897
1,8,c64,abcijk-ijmc-mkab,0.001728514,0.001781443,0.030621099973734633,0.001802121,0.001792843,0.0051483779391062745,0.001884685,0.001850381,0.01820145010970009,0.002178353,0.002188051,0.004451987350075903,1.0642105280533365,1.2441433801273842,5.738667080749146
1,8,c64,abcijk-ikma-mjbc,0.002806034,0.002864302,0.020765250884344333,0.002914085,0.002926629,0.0043046101949668625,0.003122584,0.002891633,0.07396150111574262,0.002182281,0.002203971,0.009939141659575546,1.059919259381891,0.7735749644207472,3.7457899371715526
1,8,c64,abcijk-ikmb-mjac,0.001756807,0.001758429,0.0009232659022875289,0.001691915,0.001787804,0.0566748329555562,0.001904733,0.001906907,0.0011413673202491648,0.002464046,0.002432587,0.012767212949758355,1.0843197400645768,1.392945584357221,5.704035224807556
1,8,c64,abcijk-ikmc-mjab,0.001691255,0.001776303,0.05028691711184874,0.001684342,0.00172675,0.02517778455919295,0.001863626,0.001863545,4.3463656334452594e-05,0.002494022,0.002532543,0.01544533287998262,1.075192561532775,1.449991587684802,5.805855725847212
1,8,c64,abcijk-jkma-mibc,0.002857871,0.002895349,0.013113957907827212,0.002819609,0.002910378,0.032192052160423756,0.002946736,0.00308841,0.0480782805110469,0.002060303,0.002027642,0.01585252266292858,1.048736343487512,0.7105414465687715,3.712212550044527
1,8,c64,abcijk-jkmb-miac,0.001699711,0.001749724,0.029424413915071446,0.001690954,0.001750695,0.035329760596680915,0.001886799,0.001917576,0.016311753398215778,0.002894098,0.002948859,0.018921612191432402,1.102977858865138,1.6939917980034758,5.8357183937069115
1,8,c64,abcijk-jkmc-miab,0.001679623,0.001692818,0.007855929574672293,0.001663493,0.001769771,0.06388845639867435,0.001881419,0.001840593,0.02169957888168461,0.002229969,0.002377824,0.06630361229236814,1.1035972385681456,1.365614832833457,5.980765525114548
1,8,c64,abcs-rc-abrs,0.000152514,0.000151382,0.007422269431002992,0.000150961,0.000152104,0.00757149197474849,0.000281815,0.000253744,0.09960789879885745,0.000259384,0.000266437,0.027191345649693277,1.7598999074693782,1.730122619287786,7.067884733701237
1,8,c64,abj-bka-kj,0.000510592,0.000510683,0.00017822449235382898,0.000518797,0.000514239,0.008785710017598425,0.000650854,0.000642509,0.012821615907715023,0.000828325,0.000805923,0.027044940089940628,1.2663935601753968,1.600053323372212,7.435472849140734
1,8,c64,abjc-cbka-kj,0.000256768,0.000256298,0.0018304461615153977,0.000256057,0.000250658,0.02108514900979086,0.00039139,0.000384036,0.018789442755308028,0.000353389,0.000342508,0.030790432073437568,1.5112898780171469,1.3561846223480234,7.190734004522141
1,8,c64,abjc-kbac-jk,0.000162022,0.000172582,0.0651763340780882,0.000156452,0.000157283,0.005311533249814593,0.000269954,0.000284841,0.05514643235514205,0.000282346,0.000276175,0.021856162297323234,1.6582934722521607,1.6699299656620916,7.033109697832054
1,8,c64,abjcd-dkbac-jk,0.00226765,0.002267178,0.0002081449959209225,0.00230537,0.002266307,0.016944351665893254,0.002429561,0.002418,0.004758472826983828,0.002964278,0.002983584,0.0065128844190727175,1.0689594490158776,1.3115890392602372,3.8228284593150237
1,8,c64,abrs-qb-aqrs,0.000137597,0.000134541,0.022209786550578703,0.000132958,0.00013438,0.010695106725432169,0.000283579,0.000262019,0.07602819672824856,0.000345495,0.000260676,0.2454999348760475,2.0034182125378797,2.2056652409490765,6.8496609641117026
1,8,c64,adbjc-cbdka-kj,0.003758601,0.003832488,0.019658112153963847,0.003816158,0.003751166,0.01703074138963856,0.003915293,0.003879275,0.00919931152023623,0.004550057,0.004490215,0.01315192315173197,1.0268426609018861,1.1909361343761888,4.891012108424839
1,8,c64,ajb-kba-jk,0.000464987,0.00045055,0.03104817984158703,0.000442345,0.000440852,0.00337519357062932,0.000555786,0.000565956,0.018298409819606842,0.000586134,0.000579591,0.011162976384239798,1.2253304698556744,1.273407405265278,7.577769861958248
1,8,c64,ajbc-ckba-jk,0.001119128,0.001112024,0.006347799358071615,0.001195079,0.001106874,0.07380683620078654,0.001385354,0.001456507,0.051360879601892284,0.000335065,0.000336939,0.005592944652530241,1.2733262976968331,0.30119184769642876,1.4157647695336664
1,8,c64,ajbdc-ckbad-jk,0.003830675,0.003740035,0.023661626214701026,0.00377451,0.003829282,0.014511022622804015,0.003867984,0.004090158,0.05743922415397784,0.002841169,0.002753756,0.030766561228846356,1.05084071192799,0.7389852584648616,1.9775187539227617
1,8,c64,aqrs-pa-pqrs,0.000219409,0.000213388,0.02744190074244901,0.000207818,0.000217575,0.046949734864159876,0.000297465,0.000291594,0.019736775755130886,0.000243594,0.000244486,0.0036618307511677717,1.361115604597341,1.127841512231585,5.625019113256392
1,8,c64,ij-ik-kj,0.001594965,0.001579506,0.009692375694764443,0.001595296,0.001577312,0.011273143040539169,0.001800508,0.001770041,0.016921335534193616,0.001821107,0.001825605,0.002469926259137889,1.1247421535703146,1.1487748564442635,7.721236878294694
1,8,c64,ij-ikl-ljk,0.000968897,0.000957616,0.011643136473742821,0.000967575,0.000976741,0.009473167454719267,0.00108876,0.001092818,0.0037271758697967616,0.000965701,0.000970069,0.0045231391496953766,1.132414693526244,1.0048197236046066,3.1005093677834075
1,8,c64,ij-kil-lkj,0.001500028,0.001476734,0.015529043457855551,0.001491122,0.00148531,0.003897736067203117,0.001700372,0.001692607,0.004566647768841081,0.001400322,0.001398439,0.0013446907211341896,1.1398539768297027,0.9402317221129394,3.1905667955062174
1,8,c64,ijk-ikl-lj,0.00047727,0.000463133,0.02962055021266785,0.000470607,0.000466961,0.0077474410707872865,0.000594288,0.000592946,0.0022581643916753658,0.000612201,0.000608415,0.006184243410252699,1.2626155114897,1.2981116327821813,5.35908079679163
1,8,c64,ijk-il-jlk,0.00050433,0.000505402,0.0021255923700751467,0.000495805,0.000506034,0.02063109488609438,0.000613735,0.000610689,0.004963054086861707,0.00067511,0.000551709,0.18278650886522196,1.2126196864838976,1.2088333283107182,5.447783885690967
1,8,c64,ijk-ilk-jl,0.000690057,0.000684977,0.007361710699261059,0.000689005,0.000684316,0.006805465852932846,0.000828034,0.000827804,0.00027776637191223585,0.000557119,0.000550868,0.011220224045491167,1.204224247837399,0.8057814773591169,3.5064583484412517
1,8,c64,ijk-ilk-lj,0.000469966,0.00046087,0.019354591608754634,0.000516072,0.000465779,0.09745345610689982,0.000581154,0.000594909,0.023668425236684332,0.000593788,0.000605008,0.018895632784764915,1.2634220316452365,1.2878753403789636,5.437416345986208
1,8,c64,ijk-ilmk-mjl,0.000215212,0.000218167,0.01373064698994475,0.000213158,0.00021469,0.007187156944613804,0.000336748,0.000344202,0.022135246534500608,0.000261728,0.000268841,0.0271770693238782,1.571199874201255,1.2241794159129546,4.547538196417474
1,8,c64,ijkl-imjn-lnkm,0.003011217,0.003014832,0.0012005112882929048,0.003025654,0.003018459,0.002377998277397264,0.00323307,0.003204556,0.00881948117424003,0.002916079,0.003232219,0.10841270075330622,1.0682893567427103,1.0189372683438307,5.100750879241305
1,8,c64,ijkl-imjn-nlmk,0.002231953,0.002449508,0.09747293065758988,0.002195245,0.002446613,0.11450567020993074,0.002379298,0.002572979,0.08140258176991688,0.002452975,0.002446893,0.002479438233165876,1.0581825291508868,1.047784806547371,6.55886666123436
1,8,c64,ijkl-imkn-jnlm,0.002163666,0.002154258,0.004348175735071735,0.002172081,0.002158085,0.006443590271265287,0.002360593,0.002365532,0.002092270882782632,0.00249306,0.002511414,0.007362037014752909,1.0945384025784475,1.1589949757910147,7.131870052037821
1,8,c64,ijkl-imkn-njml,0.002241631,0.00220412,0.016733797846300358,0.002157905,0.00216093,0.0014018226010876766,0.002313024,0.002302785,0.0044266726155889335,0.00238025,0.002385068,0.0020241571263523994,1.0382862096416285,1.0719190521387856,6.914888357244095
1,8,c64,ijkl-imln-jnkm,0.002172953,0.002207127,0.015726985351270928,0.002157654,0.002170358,0.005887876369427003,0.002367325,0.002357457,0.004168417940080049,0.002494443,0.002481338,0.005253677875180829,1.078728130089775,1.1360329480312108,7.0122878118729215
1,8,c64,ijkl-imln-njmk,0.002163505,0.002148788,0.006802387792031905,0.002518147,0.00215575,0.1439141559249718,0.002311191,0.002293668,0.007581805225098326,0.002360182,0.00232727,0.01394468731648657,1.0678431350618407,1.0869771032559075,7.1083931511403895
1,8,c64,ijkl-imnj-nlkm,0.002186899,0.002180547,0.002904569438277549,0.002154338,0.002152945,0.0006466023437362578,0.00235323,0.002311541,0.017715650403912986,0.002355824,0.002355594,9.763038325438789e-05,1.0680360198343726,1.0787592971625481,7.02482151044651
1,8,c64,ijkl-imnk-njml,0.002146654,0.00216085,0.006613082499555167,0.002149579,0.002157274,0.0035797707365021747,0.002318083,0.002295471,0.009754611892671683,0.002330718,0.002322552,0.003503641367166632,1.071043379416517,1.0802748192772096,7.151197326463577
1,8,c64,ijkl-minj-nlmk,0.002646046,0.002660732,0.005550168062081973,0.002689105,0.00269143,0.0008645999319476516,0.00290602,0.002881765,0.008346466989215484,0.002941697,0.002957195,0.005268387600762425,1.0906347202909095,1.1115773506424236,7.17603079544583
1,8,c64,ijkl-mink-jnlm,0.002584981,0.002598927,0.005395010640310227,0.002593667,0.002595982,0.000892558682359823,0.002769065,0.002767611,0.0005250869878459241,0.002908444,0.002902373,0.0020873704289990913,1.0680544185696565,1.1209371108426593,7.199771024749669
1,8,c64,ijkl-minl-njmk,0.00263783,0.002665872,0.010630707816652318,0.00265915,0.002635926,0.00873361788541449,0.002876324,0.002825429,0.017694460012154356,0.00288449,0.002865344,0.0066375685129779205,1.0750237363899364,1.084126237293914,7.1597518389967725
16,1,f64,abc-bk-akc,0.015517316,0.015427418,0.0057933988068554765,0.015510183,0.01541784,0.005953701513386367,0.015738869,0.015720625,0.0011591684256346824,0.018980494,0.019089567,0.005746583834962404,1.0166389365308588,1.230259901393329,1.0
16,1,f64,abcijk-eiab-jkec,0.014418287,0.014406765,0.0007991240568314684,0.014388321,0.014400874,0.0008724436993030604,0.015143138,0.015107721,0.002338815112165049,0.025482309,0.026388657,0.035567734462367495,1.0494635251306994,1.7992353030874602,1.0
16,1,f64,abcijk-eiac-jkeb,0.013966885,0.014110532,0.01028482728969271,0.014025986,0.014186904,0.01147284761299483,0.014985174,0.015068999,0.005593862306837449,0.035379454,0.035404439,0.0007062008362255234,1.0704136150916217,2.521058649233383,1.0
16,1,f64,abcijk-eibc-jkea,0.013799402,0.013896553,0.00704023261297837,0.013890562,0.013851539,0.002809317578367332,0.014560282,0.014505629,0.003753567410301528,0.017136455,0.016996173,0.008186173861513324,1.0494687198476238,1.2324019777346553,1.0
16,1,f64,abcijk-ejab-ikec,0.014398821,0.014487786,0.006178630875403046,0.014431391,0.014540203,0.007539952316446774,0.015274433,0.015257831,0.0010869143227771882,0.021960572,0.022280607,0.014573163212688645,1.056974406486549,1.5315135921806227,1.0
16,1,f64,abcijk-ejac-ikeb,0.013973978,0.013905761,0.004881716573476691,0.014073715,0.01402895,0.0031807522036647606,0.014966228,0.014851033,0.0076969961970377865,0.01943421,0.019371763,0.003213251271855122,1.0694909208562795,1.3919082571194379,1.0
16,1,f64,abcijk-ejbc-ikea,0.014000868,0.014357934,0.02550313309146257,0.01402323,0.014288684,0.01892959040107023,0.014745767,0.014690263,0.003764063273209106,0.017095449,0.017018515,0.004500262028800606,1.038066108860585,1.2030332475896055,1.0
16,1,f64,abcijk-ekab-ijec,0.014466447,0.014533791,0.004655185893260416,0.014433605,0.014540163,0.0073826324054178105,0.015213008,0.015282247,0.004551302411725633,0.018236957,0.018084944,0.0083354366630356,1.051552012113697,1.2524614740286732,1.0
16,1,f64,abcijk-ekac-ijeb,0.01398543,0.013936147,0.0035238816396778727,0.0139156,0.014055289,0.010038302336945693,0.01484918,0.01466153,0.012637061440429642,0.023712599,0.023748774,0.0015255603150037267,1.0568944353044127,1.6998120537588903,1.0
16,1,f64,abcijk-ekbc-ijea,0.013981602,0.013975731,0.000419908963221749,0.013955102,0.013981652,0.0019025299850907729,0.014621947,0.014649196,0.001863568511088154,0.017090781,0.017042109,0.0028478511309693033,1.0469929646772962,1.220890993090646,1.0
16,1,f64,abcijk-ijma-mkbc,0.013863372,0.013735363,0.009233612139961322,0.013872509,0.013876366,0.00027803189747421797,0.014500631,0.014564228,0.004385809141684849,0.017060324,0.017106679,0.002717123074567507,1.0531316766178134,1.2380038099219706,1.0
16,1,f64,abcijk-ijmb-mkac,0.013817677,0.013930226,0.008145290992111143,0.014042847,0.014078002,0.0025034097430527424,0.014625583,0.014587782,0.002584580730901398,0.023760338,0.023736071,0.001021323854904721,1.0528212116679352,1.7117255136277134,1.0
16,1,f64,abcijk-ijmc-mkab,0.014463191,0.01446369,3.450137663252306e-05,0.014481184,0.014494589,0.000925683977221814,0.015269965,0.015275073,0.0003345128819876031,0.018128956,0.018205218,0.004206640470636902,1.0559395455542966,1.2560667695888073,1.0
16,1,f64,abcijk-ikma-mjbc,0.013692063,0.013926248,0.017103704533056874,0.01393202,0.013914907,0.0012283215212151033,0.014589516,0.014545052,0.003047667928120501,0.017155722,0.017030126,0.007320939334409915,1.0549371212956675,1.237832621613451,1.0
16,1,f64,abcijk-ikmb-mjac,0.014068855,0.013945524,0.008766242881883324,0.014049248,0.014112656,0.004513266475187905,0.01474705,0.014663193,0.005686357610505177,0.019368518,0.019405356,0.0019019524364227713,1.0498326040611743,1.3840832327426127,1.0
16,1,f64,abcijk-ikmc-mjab,0.014417355,0.014465274,0.0033237025792873798,0.014447,0.014510699,0.004409150688724273,0.015278481,0.015308987,0.0019966644589863858,0.022095894,0.022531305,0.019705516328056172,1.0590273788829099,1.5450510511089246,1.0
16,1,f64,abcijk-jkma-mibc,0.013653892,0.013560407,0.00684676574269083,0.0137227,0.013730624,0.0005774373847713399,0.014325755,0.01438315,0.004006420604010019,0.017166562,0.017059862,0.006215571877467463,1.0549239947128417,1.25766456900313,1.0
16,1,f64,abcijk-jkmb-miac,0.013849275,0.01403466,0.013385899261874723,0.013904719,0.014064777,0.01151105606664915,0.014778819,0.014814675,0.002426174919660351,0.035650149,0.034905129,0.02089808937404436,1.0613324964295037,2.530234836637066,1.0
16,1,f64,abcijk-jkmc-miab,0.014401366,0.014393741,0.0005294636633775829,0.014383873,0.014390845,0.00048470950765477916,0.015075352,0.015161572,0.005719269440607411,0.025770806,0.026444191,0.026129760939568536,1.0500673650050283,1.813178069869151,1.0
16,1,f64,abcs-rc-abrs,0.009584172,0.009619508,0.003686912129707176,0.009549849,0.009571308,0.002247051236098141,0.010266465,0.010289217,0.0022161474275710358,0.013729773,0.013775627,0.003339749317049945,1.0704044332985987,1.432298827256818,1.0
16,1,f64,abj-bka-kj,0.019850757,0.0198687,0.0009038950000748169,0.019758115,0.01977754,0.000983140345119038,0.019735783,0.019765999,0.0015310261569050354,0.029131384,0.028932451,0.006828820765947707,0.9945194989467623,1.4618402296019632,1.0
16,1,f64,abjc-cbka-kj,0.036011173,0.03625743,0.006838349864360049,0.035910556,0.036304188,0.010961456570040218,0.036847032,0.037656179,0.021959624862051275,0.026192804,0.026196389,0.00013686965320713895,1.0308660524167677,0.7249274907279835,1.0
16,1,f64,abjc-kbac-jk,0.012335373,0.012328208,0.0005808498859337652,0.012239704,0.01219501,0.0036515588939080024,0.012189911,0.012106976,0.006803577154911089,0.018594064,0.018529222,0.0034872419499039076,0.9851264696591757,1.5051841392295013,1.0
16,1,f64,abjcd-dkbac-jk,0.017305311,0.016655939,0.03752443397289995,0.017282889,0.016672239,0.035332634491837656,0.018978521,0.018158872,0.043188244226196715,0.02188485,0.021791455,0.0042675640911407076,1.0934560981246113,1.2862951627165704,1.0
16,1,f64,abrs-qb-aqrs,0.008556997,0.008618762,0.007218069610168243,0.008500221,0.008522192,0.002584756325747284,0.008494581,0.008465485,0.0034252425163759925,0.014928719,0.015010791,0.005497591588400796,0.9874469421416111,1.7431306001549822,1.0
16,1,f64,adbjc-cbdka-kj,0.041234954,0.041123194,0.0027103219273627577,0.041169812,0.041193745,0.0005813240050742685,0.042922511,0.043014891,0.002152250598759231,0.026200878,0.029673322,0.13253158920857522,1.043459980084983,0.6771187355026997,1.0
16,1,f64,ajb-kba-jk,0.017896193,0.017912081,0.0008877865812018104,0.017919126,0.017934914,0.0008810697575316606,0.01791618,0.017882265,0.0018929816512224251,0.020548168,0.020436478,0.005435521064456772,0.9997251601243802,1.1445538493983018,1.0
16,1,f64,ajbc-ckba-jk,0.019965081,0.019849804,0.005773930994820375,0.019900109,0.0198315,0.003447669557990918,0.020557927,0.020459702,0.00477796229162597,0.018022197,0.018089592,0.0037395551718806264,1.0302097648656203,0.9069943934834913,1.0
16,1,f64,ajbdc-ckbad-jk,0.017286836,0.016678691,0.035179659250541895,0.017244377,0.016698057,0.03168105174225799,0.01889772,0.018184008,0.037767095713133525,0.020768589,0.020820685,0.0025084034355919993,1.0917187632780863,1.2246507858318827,1.0
16,1,f64,aqrs-pa-pqrs,0.007204324,0.007247384,0.0059769660553856685,0.00886444,0.008927106,0.007069369300260586,0.009708564,0.009896865,0.019395350331933736,0.01533134,0.015679368,0.022700429316680593,1.356560188697779,2.145690506304054,1.0
16,1,f64,ij-ik-kj,0.17016872,0.164898685,0.03096946959464708,0.127386285,0.127202979,0.0014389775163000662,0.131795778,0.130207722,0.012049369290114909,0.135798885,0.134600795,0.008822531937578204,0.7820250366577232,0.8070927615174686,1.0
16,1,f64,ij-ikl-ljk,0.017845795,0.017913996,0.003821684604132347,0.017938628,0.017926109,0.000697879458785966,0.018455111,0.018448733,0.0003455953204508644,0.025071882,0.024530124,0.02160819040230011,1.0319945820189556,1.387008597190881,1.0
16,1,f64,ij-kil-lkj,0.021262227,0.021190556,0.0033708134147942825,0.021241889,0.021191468,0.002373658952836033,0.021709772,0.021710626,3.933712431436476e-05,0.030125818,0.030245021,0.003956838615967184,1.0227941916090124,1.422069487183149,1.0
16,1,f64,ijk-ikl-lj,0.01594544,0.016045101,0.0062501254277083085,0.015953927,0.016022439,0.004294365894992547,0.016409045,0.016380075,0.0017654897040016992,0.019706375,0.019349263,0.018121648451326244,1.0249675463992596,1.2208044504216147,1.0
16,1,f64,ijk-il-jlk,0.017770294,0.017971974,0.011349277620280374,0.017426121,0.017877218,0.025886254319019253,0.018960062,0.018729356,0.012167998184816065,0.018550249,0.018582724,0.0017506503551514285,1.054474547963493,1.0389253965180845,1.0
16,1,f64,ijk-ilk-jl,0.015271142,0.015296675,0.0016719771186726184,0.015226689,0.015266509,0.0026151450259475073,0.015290629,0.015296785,0.00040259952680821165,0.01885102,0.018766095,0.004505061264589383,1.0006414279141713,1.2306090506478788,1.0
16,1,f64,ijk-ilk-lj,0.015306829,0.015434532,0.008342877548315197,0.015335613,0.015400849,0.004253889296762958,0.015391116,0.015376805,0.0009298221129643292,0.019983191,0.019949281,0.0016969261816094372,1.0008725101833156,1.2989926554128806,1.0
16,1,f64,ijk-ilmk-mjl,0.007268406,0.00723374,0.004769408863511515,0.007230315,0.007232468,0.00029777402505959394,0.007383912,0.007406391,0.003044321221596258,0.013543239,0.013375032,0.012419997904489444,1.0198716916763226,1.8561268348411508,1.0
16,1,f64,ijkl-imjn-lnkm,0.249542074,0.250011551,0.0018813540838007459,0.249515915,0.250028783,0.002055452054030127,0.255685581,0.255128593,0.002178409896332667,0.252556024,0.2496894,0.01135044793071327,1.0225410653569866,1.0053724761376044,1.0
16,1,f64,ijkl-imjn-nlmk,0.248910237,0.249293791,0.0015409330071063376,0.249030611,0.249210585,0.0007226983031416445,0.255650347,0.255899268,0.0009736775362170214,0.258212926,0.257363028,0.0032914618689539044,1.0267875755439122,1.0348680004791948,1.0
16,1,f64,ijkl-imkn-jnlm,0.250130384,0.249330277,0.0031987597316446292,0.250107521,0.249410646,0.002786301656238388,0.256049031,0.256199055,0.0005859190304844386,0.253628035,0.255360011,0.006828803448325482,1.0256037387944548,1.0190707538158845,1.0
16,1,f64,ijkl-imkn-njml,0.249125301,0.249239556,0.00045862463403500975,0.249139286,0.249133518,2.3151707996715842e-05,0.254314458,0.253739687,0.0022600799204268718,0.258842933,0.256129333,0.010483577699221924,1.0194415318234529,1.0333094774140443,1.0
16,1,f64,ijkl-imln-jnkm,0.250132492,0.249689924,0.0017693343094346003,0.249969537,0.249587192,0.0015295663807225468,0.25579982,0.256174386,0.0014642934463362511,0.25557477,0.256417379,0.0032969177669610605,1.024312342328785,1.0243471280125704,1.0
16,1,f64,ijkl-imln-njmk,0.24922929,0.248825029,0.0016220445036776443,0.24922376,0.248936998,0.001150620631034549,0.253875654,0.253448411,0.0016828829124356792,0.258540494,0.255998567,0.009831833151831115,1.0186118920446396,1.0330860149386756,1.0
16,1,f64,ijkl-imnj-nlkm,0.249423415,0.249649906,0.0009080582911591417,0.249651881,0.249612426,0.00015804006700026463,0.255136939,0.255377967,0.0009447005241369766,0.253382728,0.255381503,0.007888363251026265,1.022925650785703,1.0194100459558952,1.0
16,1,f64,ijkl-imnk-njml,0.248483576,0.248484912,5.376612899343769e-06,0.248414938,0.248595659,0.0007274965082815221,0.253145118,0.25340679,0.0010336837702711321,0.255216731,0.255426677,0.0008226184826418681,1.019283621892808,1.0275165874163632,1.0
16,1,f64,ijkl-minj-nlmk,0.307221088,0.3056127,0.005235278640768226,0.307248378,0.305876061,0.004466474351900396,0.311039277,0.310647678,0.001259001769091772,0.312114041,0.317200808,0.01629778328364284,1.014449570104669,1.0268631888009936,1.0
16,1,f64,ijkl-mink-jnlm,0.303691838,0.303733604,0.00013752756832396962,0.303888705,0.303777034,0.0003674733485076187,0.306597385,0.307305264,0.0023088226926659683,0.30672361,0.308234286,0.004925202856082889,1.0106627083467383,1.0123975708015924,1.0
16,1,f64,ijkl-minl-njmk,0.304809725,0.303855048,0.003132042456978512,0.304932032,0.303501058,0.004692763795966282,0.311313281,0.311949652,0.0020441498607315367,0.306704767,0.310249421,0.011557218476490272,1.0239846339437773,1.0136035325522927,1.0
16,4,f64,abc-bk-akc,0.004018086,0.004404844,0.09625428624474441,0.003980376,0.003939896,0.010169893497498639,0.004169418,0.004073676,0.022962917126563065,0.005406505,0.005415358,0.0016374718972793634,0.9796164756147048,1.2861659582027651,3.677731719913474
16,4,f64,abcijk-eiab-jkec,0.004823278,0.004784391,0.008062359250285867,0.004796749,0.004782308,0.0030105807078920632,0.005004126,0.005174289,0.03400453945404247,0.009358298,0.009171201,0.019992631138696315,1.059265870610886,1.9285329422321398,3.0002371864903092
16,4,f64,abcijk-eiac-jkeb,0.00464758,0.00467636,0.0061924700596869275,0.004648462,0.004649169,0.0001520933160257254,0.004940717,0.004969547,0.005835185459924341,0.011565866,0.012008843,0.03830037456771507,1.0628842823654492,2.527971980986022,3.0113002974275744
16,4,f64,abcijk-eibc-jkea,0.00429364,0.004288006,0.001312173354077184,0.004366015,0.004292504,0.016837092863858705,0.004646518,0.004609585,0.007948532643153317,0.005116184,0.005163779,0.009302831954441038,1.0785846107872799,1.1978884977562054,3.2273284841296457
16,4,f64,abcijk-ejab-ikec,0.004820442,0.00480519,0.0031640252076470254,0.004791449,0.004782497,0.0018683283491068847,0.005031155,0.005068591,0.0074408361499496145,0.007461099,0.007135576,0.04362936344900392,1.0492494724254793,1.5160628512857561,3.000998403548901
16,4,f64,abcijk-ejac-ikeb,0.004642751,0.004625455,0.0037253774755527935,0.004620049,0.005114286,0.10697657102770974,0.004902115,0.00492815,0.005310972916791945,0.006351959,0.006391338,0.006199504751211338,1.0606419021091087,1.3749433650431169,3.008101469553058
16,4,f64,abcijk-ejbc-ikea,0.004401962,0.004444527,0.009669551895268524,0.004397413,0.00439186,0.001262787916440855,0.00470671,0.004741652,0.007423869326982135,0.005252559,0.005236134,0.0031270472164139917,1.0680402990909446,1.1856456896620649,3.2054391569399527
16,4,f64,abcijk-ekab-ijec,0.004809152,0.004801173,0.0016591282621135628,0.004743509,0.004773782,0.006381984307397781,0.005032148,0.005071517,0.007823498037021093,0.006873894,0.006745338,0.01870206319736678,1.0513267533848545,1.41708318303845,3.017605523474353
16,4,f64,abcijk-ekac-ijeb,0.00459961,0.004629944,0.006594906959503266,0.004617174,0.004630203,0.0028218559664419107,0.004922503,0.004929031,0.0013261546006169134,0.008658863,0.009137138,0.05523531207272825,1.0673955691618264,1.927467892728712,3.0252474073748803
16,4,f64,abcijk-ekbc-ijea,0.004388056,0.004396267,0.0018712158641547294,0.004383939,0.004382602,0.00030497687125652373,0.004722881,0.004681901,0.008676907167468384,0.00519986,0.005220274,0.003925874927401818,1.0706228386504777,1.1862176010260312,3.182640779157184
16,4,f64,abcijk-ijma-mkbc,0.004384148,0.004384686,0.00012271483535664096,0.004387345,0.004385327,0.0004599592692163812,0.004688867,0.004711776,0.004885828495455158,0.005236278,0.00521262,0.004518094723007349,1.072048473432438,1.1915918623681403,3.1473327221619374
16,4,f64,abcijk-ijmb-mkac,0.004613517,0.004616298,0.0006027939205597299,0.004634997,0.004631887,0.0006709820955654866,0.004911763,0.004908683,0.0006270660860470123,0.008726238,0.008577645,0.01702830016783874,1.0639916361036716,1.874712090119749,3.0063090107571835
16,4,f64,abcijk-ijmc-mkab,0.004756843,0.004772099,0.003207169124564313,0.004841792,0.004781326,0.012488351420300692,0.005074837,0.005103457,0.00563959000062475,0.006863424,0.006837229,0.003816608153597967,1.0681423821109173,1.4377929383261736,3.0356904333417942
16,4,f64,abcijk-ikma-mjbc,0.004420797,0.004425271,0.001012034707768672,0.0044062,0.004421926,0.0035690617765875565,0.004668349,0.004674857,0.0013940688667450907,0.005228744,0.005245762,0.0032547013202406383,1.0561986329293904,1.1840846707284276,3.121988396135303
16,4,f64,abcijk-ikmb-mjac,0.004628214,0.004646825,0.004021205588159882,0.004629486,0.004629282,4.4065367084011875e-05,0.004951788,0.004908322,0.008777839439006785,0.006354996,0.006424219,0.010892689782967535,1.0630719767854464,1.3777897041565217,3.0203823313730345
16,4,f64,abcijk-ikmc-mjab,0.004806867,0.004803968,0.0006030955297912088,0.004819911,0.00479416,0.005342629770549667,0.005099253,0.00503583,0.012437704110778602,0.00745644,0.007127119,0.04416598269415428,1.0545270016504487,1.5170212454364298,3.0052113643467595
16,4,f64,abcijk-jkma-mibc,0.004325849,0.00429036,0.00820393869503988,0.004317795,0.004317471,7.503830079946816e-05,0.00462084,0.004620576,5.713246942107286e-05,0.00510845,0.005121651,0.0025841497910326083,1.0725708241009755,1.1873179098564821,3.158508490204851
16,4,f64,abcijk-jkmb-miac,0.004649674,0.004658497,0.0018975523875437439,0.004648512,0.00469241,0.009443452012170894,0.004989448,0.00496583,0.0047335897678459915,0.011574682,0.012117104,0.04686279934083726,1.0695177878043611,2.5446015621255906,2.9955757428331715
16,4,f64,abcijk-jkmc-miab,0.004802529,0.004844123,0.008660853479489639,0.004805034,0.004857989,0.01102073367222789,0.005036075,0.004988452,0.009456372274042835,0.009368006,0.009476761,0.011609194101711795,1.0391695547535185,1.95348897759892,2.9850121744218736
16,4,f64,abcs-rc-abrs,0.002552832,0.002462091,0.035545229768351394,0.002489674,0.002510933,0.00853886894428757,0.002700007,0.002565263,0.04990505580170723,0.004790327,0.005011024,0.046071385105860285,1.0497484106047132,1.9542613986372586,3.829927577808337
16,4,f64,abj-bka-kj,0.005518785,0.005560749,0.00760384758601762,0.005555414,0.005594332,0.007005418498063243,0.005720492,0.005784547,0.011197463434963417,0.009309868,0.009356607,0.0050203719322334805,1.038395947430477,1.6847775704702512,3.5849646604926573
16,4,f64,abjc-cbka-kj,0.012773298,0.0125921,0.014185686421783972,0.012530946,0.012845342,0.025089566262594953,0.012987669,0.013308736,0.024720910272659324,0.008386245,0.009395981,0.12040382793491,1.036652995232256,0.6999293962306783,2.8491580309399667
16,4,f64,abjc-kbac-jk,0.003578316,0.003581038,0.0007606930187273875,0.003440829,0.003865498,0.12342054778078193,0.003783729,0.003824952,0.010894807741252066,0.006543447,0.006723347,0.027493154601848202,1.0627453089000076,1.8529011367929387,3.4449451363703734
16,4,f64,abjcd-dkbac-jk,0.007052787,0.007018658,0.004839079926843071,0.00697937,0.007007627,0.0040486462245159505,0.007426234,0.007402263,0.00322788104980265,0.007379747,0.007359052,0.0028042966784633805,1.0538023095757392,1.047428165501852,2.4130528878929645
16,4,f64,abrs-qb-aqrs,0.002328103,0.002280593,0.02040717270670589,0.002293929,0.002259162,0.015156092450987035,0.002381513,0.002373445,0.0033877623174847216,0.004270116,0.004023834,0.05767571653791148,1.0317894327696142,1.7989325324030914,3.7269892941665437
16,4,f64,adbjc-cbdka-kj,0.013255088,0.013321551,0.005014150038083365,0.013373117,0.013261458,0.008349511935026088,0.013700208,0.013704805,0.0003355423508899502,0.012272825,0.014074795,0.14682601601505763,1.0311724635568817,0.9890644818759374,3.0988993644692964
16,4,f64,ajb-kba-jk,0.004801808,0.004748705,0.011058959458604023,0.00467933,0.004728788,0.01056946186740415,0.004820703,0.004888335,0.014029489059998124,0.006028577,0.006062695,0.005659378656024394,1.0165896346677001,1.2660483029051597,3.74941367172207
16,4,f64,ajbc-ckba-jk,0.007576894,0.0081138,0.07086096228876881,0.007646314,0.008076731,0.0562907827222372,0.007989434,0.008601329,0.07658802863882475,0.005696417,0.005576979,0.02096721500550247,1.057262994376377,0.7188572158492242,2.5389602095099195
16,4,f64,ajbdc-ckbad-jk,0.006991924,0.007012035,0.002876318449685611,0.00697939,0.007001977,0.0032362427088901136,0.007499911,0.007495988,0.0005230728737980472,0.00681303,0.006803717,0.001366939526172728,1.0708338942151356,0.9723505943298036,2.4250368937859625
16,4,f64,aqrs-pa-pqrs,0.002211095,0.002197047,0.006353413127884622,0.002668598,0.002655211,0.005016491805809542,0.002893928,0.002818776,0.025968856170575205,0.004807689,0.004808556,0.00018033612407131194,1.295838170312884,2.1814845783176944,3.278414632450039
16,4,f64,ij-ik-kj,0.042929935,0.043005763,0.0017663199350290704,0.047771197,0.047633993,0.002872107223940823,0.049020277,0.048843229,0.0036117298969975398,0.035770567,0.03568407,0.002418105365788681,1.138797801424492,0.8314892893998456,3.898567142147862
16,4,f64,ij-ikl-ljk,0.006634037,0.006740148,0.015994936416543926,0.006733683,0.006709812,0.0035450139247719115,0.006861641,0.007096844,0.034277951877692114,0.007627671,0.007683828,0.007362273490820526,1.0435733126726803,1.1448830681096485,2.6738714567836457
16,4,f64,ij-kil-lkj,0.007755058,0.007737398,0.0022772234585478612,0.007752254,0.00774911,0.00040555946696274603,0.007994765,0.007978838,0.001992178631892161,0.009501598,0.009599801,0.010335419368405097,1.031057014958662,1.2329329171907697,2.740220794045311
16,4,f64,ijk-ikl-lj,0.004222718,0.004149257,0.017396615165871876,0.004155783,0.004265594,0.02642366071568225,0.004476933,0.004400646,0.01704001377728892,0.006000606,0.006264201,0.04392806326561005,1.0603941108800021,1.4647017174506007,3.8212748328789843
16,4,f64,ijk-il-jlk,0.005506654,0.006038379,0.09656045213663322,0.005451692,0.006034452,0.1068952538037733,0.005815881,0.006417898,0.1035126062586218,0.004812558,0.004747292,0.013561602790033822,1.059497856584928,0.8289090519883381,3.0991394520096422
16,4,f64,ijk-ilk-jl,0.004045528,0.004024384,0.005226511842211901,0.004009371,0.003966086,0.010795957769934583,0.004208702,0.004037339,0.040716353878226585,0.005439218,0.00535765,0.01499627336135445,1.021608232875037,1.3378828592392398,3.78788656677705
16,4,f64,ijk-ilk-lj,0.004107694,0.004040925,0.01625461877150547,0.004016303,0.003981464,0.008674395333220675,0.004201799,0.004109753,0.021906331073904384,0.00569267,0.005641029,0.009071490179476505,1.0199668582135109,1.39090585022795,3.77267949135333
16,4,f64,ijk-ilmk-mjl,0.002389938,0.002369669,0.008480973146583692,0.002317194,0.002329674,0.005385824406588302,0.002325399,0.00222551,0.04295563901076771,0.003537651,0.003578713,0.0116071370522417,0.9559305800881703,1.495146566015421,3.046939814181718
16,4,f64,ijkl-imjn-lnkm,0.065504121,0.065814985,0.0047457166855198185,0.06543377,0.065811479,0.005772386338124935,0.066995653,0.067663693,0.009971393218601632,0.065935375,0.066471118,0.008125274179452191,1.0254263094821454,1.0082750648982732,3.8041288836268343
16,4,f64,ijkl-imjn-nlmk,0.065054931,0.065161958,0.001645178902733857,0.065147163,0.065150807,5.593489926813966e-05,0.066354926,0.066276627,0.0011800028230004589,0.067700567,0.067246625,0.00670514325234528,1.0185435676257,1.0363208268830126,3.8259556994544477
16,4,f64,ijkl-imkn-jnlm,0.064703656,0.065135538,0.0066747696606201945,0.064735324,0.065273746,0.00831728284854183,0.06568679,0.066736513,0.015980732198970227,0.066457407,0.066565194,0.0016218959611229433,1.0198759775368504,1.024523405685587,3.846779757533698
16,4,f64,ijkl-imkn-njml,0.065125912,0.065144656,0.00028781170849478954,0.065417355,0.06552276,0.0016112696699523976,0.066318196,0.066714733,0.0059793092079887256,0.068827998,0.067779228,0.015237549114824,1.02120027133283,1.0486113909600328,3.825613541976508
16,4,f64,ijkl-imln-jnkm,0.064603396,0.065288233,0.01060063467870953,0.064496747,0.06516334,0.01033529644526121,0.065273055,0.067066288,0.027472791031460053,0.067104853,0.067120309,0.00023032611367157507,1.018764899007472,1.0333770372402074,3.8480475690600042
16,4,f64,ijkl-imln-njmk,0.06544777,0.065175643,0.004157926236447729,0.065013701,0.065103238,0.0013772020146953778,0.065819964,0.065751347,0.0010424952526560949,0.068451494,0.067784468,0.009744506087770777,1.007258772404251,1.0429571665822255,3.812909372871715
16,4,f64,ijkl-imnj-nlkm,0.065232428,0.065265701,0.0005100683972700804,0.065220806,0.065247086,0.00040293890265608034,0.066895771,0.066584259,0.004656677026713685,0.066682904,0.066536391,0.0021971598597445574,1.0228473914685123,1.0208515615085096,3.8243711971439183
16,4,f64,ijkl-imnk-njml,0.065540441,0.065020404,0.007934597205410898,0.06523957,0.064967014,0.004177771251404505,0.067801098,0.066340544,0.021541745533383616,0.067122362,0.066940504,0.002709350424825785,1.0273735164233089,1.0268301045775805,3.806443120603321
16,4,f64,ijkl-minj-nlmk,0.079111188,0.079457303,0.004375044905153169,0.079136485,0.079427207,0.0036736784556452573,0.080735417,0.080250082,0.006011426187344848,0.082610655,0.081478112,0.0137094058871704,1.0152404799562058,1.0347910129435491,3.864785074297269
16,4,f64,ijkl-mink-jnlm,0.07827693,0.079087645,0.01035701067990269,0.078198163,0.078914822,0.009164652627453584,0.07927973,0.080450035,0.014761717780824801,0.079936135,0.080033007,0.0012118674489327574,1.0150162281615116,1.0165644688869517,3.8600396668702848
16,4,f64,ijkl-minl-njmk,0.079760786,0.078666209,0.013723247411328132,0.079771196,0.07879049,0.012293986415848668,0.082457989,0.079521654,0.035610072906337775,0.083475667,0.081811654,0.019934108463008804,1.0222809041541072,1.0432747876123993,3.8420128591379203
16,8,f64,abc-bk-akc,0.002409855,0.002291453,0.049132416680671476,0.002199402,0.002218146,0.008522316520581441,0.002319627,0.002327069,0.0032082744337775804,0.003430358,0.003497983,0.019713685860192953,0.9886959952539344,1.4741023464301142,6.584214829644862
16,8,f64,abcijk-eiab-jkec,0.003599705,0.0036627,0.017500045142588183,0.00368291,0.003650507,0.008798205766635703,0.003721571,0.003749482,0.007499789739333185,0.006741023,0.006726472,0.002158574447824857,1.0287614006877026,1.8544812383046598,3.969227020921351
16,8,f64,abcijk-eiac-jkeb,0.003530375,0.003561931,0.008938427220904321,0.003585057,0.003600474,0.004300350036275713,0.003797012,0.00378084,0.004259138501537585,0.007574328,0.007343704,0.03044811368084399,1.0684690920056281,2.1031801060086535,3.958843211107455
16,8,f64,abcijk-eibc-jkea,0.003666519,0.003658402,0.0022138164291526374,0.003707476,0.003699559,0.0021354150370764824,0.003765744,0.003725036,0.010810081619993306,0.003743152,0.00383467,0.024449447951886638,1.0226286380775673,1.0344512926247018,3.7810375856035066
16,8,f64,abcijk-ejab-ikec,0.003604052,0.003603219,0.0002311287406507878,0.00366171,0.003621974,0.010851760516261466,0.003765884,0.003756014,0.0026208985725530987,0.005516119,0.005488905,0.0049335411364404,1.0436532183518017,1.5269289062534446,4.007962264130858
16,8,f64,abcijk-ejac-ikeb,0.003556865,0.003608088,0.014401165070926147,0.003569157,0.003586178,0.004768913219564297,0.003783967,0.003796389,0.00328279818507915,0.004745371,0.004782208,0.007762722872458161,1.058002689479558,1.3297716357167528,3.8912143638449543
16,8,f64,abcijk-ejbc-ikea,0.003666558,0.003664974,0.0004320128032885284,0.00367801,0.00366859,0.002561167587907587,0.003729576,0.003698877,0.008231230574199278,0.003887481,0.003864626,0.00587912841246041,1.0132111186854564,1.057360656674415,3.867752969186324
16,8,f64,abcijk-ekab-ijec,0.003609282,0.003583362,0.007181483741087513,0.003674373,0.003617205,0.015558572850388308,0.003746618,0.003747338,0.0001921733147065563,0.005573746,0.005345878,0.04088237964198582,1.041898448762232,1.517844770842631,4.03194543128089
16,8,f64,abcijk-ekac-ijeb,0.003562885,0.003561762,0.00031519400710378065,0.003603742,0.003605262,0.00042178380139312743,0.003775693,0.003773617,0.0005498328386338569,0.006884872,0.006935783,0.0073946182296489305,1.0596047507109114,1.939824022328467,3.91900593156668
16,8,f64,abcijk-ekbc-ijea,0.003682699,0.003639888,0.011624897934911393,0.003657752,0.003682267,0.006702203976650223,0.003694101,0.003743951,0.013494487562738522,0.00387089,0.00393603,0.016828171299106964,1.015762881302771,1.0661234420435195,3.818023629787777
16,8,f64,abcijk-ijma-mkbc,0.003659816,0.003652341,0.0020424524074434958,0.003657502,0.003660155,0.0007253584550330761,0.003705492,0.003746817,0.011152365191990699,0.003917467,0.003922885,0.001383036538661342,1.0191518472687868,1.0722354873807833,3.7743243959557176
16,8,f64,abcijk-ijmb-mkac,0.003579346,0.003505186,0.02071886875423612,0.003597901,0.00355072,0.013113479220245416,0.003764402,0.003754551,0.0026168831065332965,0.006915368,0.006883556,0.004600189028262869,1.0613768884532384,1.947855328874505,3.9168706010457006
16,8,f64,abcijk-ijmc-mkab,0.003671668,0.003615882,0.015193639512069201,0.003657001,0.003670234,0.0036185387972276217,0.003800589,0.003789627,0.002884289777189908,0.005412014,0.00537394,0.007035088970575476,1.0415613590024237,1.4800862886457218,3.9694723975169737
16,8,f64,abcijk-ikma-mjbc,0.003653504,0.00362497,0.007810036611428428,0.003662672,0.003667839,0.0014107187321168446,0.003706153,0.003748059,0.011307142473610865,0.003897991,0.003868293,0.007618796451813181,1.0241365823747952,1.0670213148883703,3.794412172455015
16,8,f64,abcijk-ikmb-mjac,0.003588072,0.003562262,0.007193278172790252,0.003602379,0.00360348,0.0003056313619416162,0.003818653,0.003733582,0.02227775081946437,0.004790705,0.004764244,0.005523404175377111,1.0561471740939539,1.3362976621630516,3.917899503188732
16,8,f64,abcijk-ikmc-mjab,0.0036667,0.003668941,0.0006111762620339967,0.003614642,0.00367386,0.016382811907790673,0.00381171,0.003739333,0.018988065723782754,0.005642725,0.005464609,0.03156559995392305,1.0293165214042757,1.5139653510874342,3.9372960858731587
16,8,f64,abcijk-jkma-mibc,0.003692708,0.003693447,0.00020012413654146854,0.003696585,0.003688909,0.0020765111582716766,0.003784268,0.003776412,0.0020759629074896813,0.003822159,0.003840161,0.004709903486485034,1.023628119964183,1.0373866905314086,3.6844797555131183
16,8,f64,abcijk-jkmb-miac,0.00355436,0.003565148,0.0030351455676971284,0.00360313,0.003574765,0.007872322119934605,0.003796932,0.003780921,0.004216825584445472,0.007395284,0.007319989,0.01018148863518975,1.0643775925234298,2.0668699659612817,3.916471579554136
16,8,f64,abcijk-jkmc-miab,0.003644939,0.003637613,0.002009910179566754,0.003677148,0.003638545,0.01049808166546462,0.003765754,0.003749612,0.004286525354550541,0.00676596,0.006690175,0.01120092344619239,1.0319668801816184,1.847694104497626,3.953987635146566
16,8,f64,abcs-rc-abrs,0.002035667,0.001907597,0.0629130402958834,0.00201602,0.002025758,0.004830309223122775,0.002026279,0.002138808,0.055534800488974856,0.004344013,0.004190293,0.03538663443226331,1.0564254086449991,2.1650656526053944,4.872558321264614
16,8,f64,abj-bka-kj,0.004336789,0.00427418,0.01443671804185076,0.004269724,0.004262178,0.0017673273494960284,0.004536892,0.004499179,0.008312518790396628,0.00649247,0.006473491,0.002923232606388715,1.0493860974390126,1.5057875422211042,4.612779685569221
16,8,f64,abjc-cbka-kj,0.008493792,0.008177859,0.037195754263819825,0.008571939,0.008536688,0.004112371774927515,0.008777492,0.008580711,0.022418818496217408,0.006246491,0.006162982,0.013368945860964154,1.0413008880204189,0.7444626073047328,4.33557319562533
16,8,f64,abjc-kbac-jk,0.00247153,0.002397441,0.029976977823453432,0.002456502,0.002410204,0.01884712489548157,0.002558932,0.002586132,0.010629434467191778,0.004876044,0.004706536,0.034763427073258635,1.0568121786594757,1.968011324402925,5.06604697466418
16,8,f64,abjcd-dkbac-jk,0.004440973,0.004407829,0.0074632293418581686,0.004430674,0.004420382,0.0023228971483797434,0.004793741,0.004768401,0.005286059467960347,0.005197344,0.005235933,0.007424753874286649,1.0806180882243734,1.179061168179192,3.8372741654172664
16,8,f64,abrs-qb-aqrs,0.001858466,0.001582331,0.14858221780758973,0.001579766,0.001507341,0.04584539735631743,0.001687167,0.001668852,0.010855475480494814,0.003115601,0.002792527,0.10369556307113781,0.9785025673894739,1.7200601301006284,5.007917382636254
16,8,f64,adbjc-cbdka-kj,0.0081601,0.008024513,0.01661585029595225,0.008095781,0.008083574,0.001507822407745496,0.008579402,0.008394703,0.0215281904263257,0.009857185,0.00995897,0.01032597034548921,1.0487551192684026,1.2244091963143373,5.088843482890131
16,8,f64,ajb-kba-jk,0.002885712,0.002756851,0.04465483735036624,0.002727888,0.002694264,0.012326019250057163,0.002874322,0.002887294,0.004513064298293568,0.003810918,0.003816707,0.0015190565632743347,1.0213628889209285,1.3521537373023946,6.3477557816677175
16,8,f64,ajbc-ckba-jk,0.005075096,0.0050304,0.008806927001972054,0.005063404,0.005033506,0.0059047233837157265,0.005298753,0.005273443,0.004776595549934037,0.003973642,0.004068076,0.02376510012728872,1.0461900250769867,0.7957295875828068,3.939945902592308
16,8,f64,ajbdc-ckbad-jk,0.004396361,0.004415113,0.0042653458166879155,0.004383336,0.004423117,0.009075507786763248,0.004735513,0.004785052,0.010461168621012984,0.00476621,0.004729619,0.007677169071442447,1.080461415786024,1.0776607867541896,3.8540837908698338
16,8,f64,aqrs-pa-pqrs,0.001593072,0.001509565,0.05241884861450086,0.0016832,0.00167834,0.002887357414448677,0.001861622,0.001793325,0.036686824715221555,0.002786577,0.00276163,0.008952560794121212,1.178234245864835,1.7888530212965132,4.659546426313065
16,8,f64,ij-ik-kj,0.021924796,0.021911908,0.0005878275902772012,0.024536116,0.024415487,0.004916385299123971,0.025151705,0.025109372,0.0016831065726955474,0.019366544,0.019135021,0.011954791727424419,1.1465520159645637,0.8782793191838554,7.642590387602091
16,8,f64,ij-ikl-ljk,0.003239162,0.003548577,0.09552316308971265,0.003182577,0.003215476,0.010337220434886607,0.003444244,0.003479168,0.01013981587831747,0.00507712,0.005068782,0.0016422696331779285,1.0210363512346134,1.4962944658697588,5.273764533585688
16,8,f64,ij-kil-lkj,0.004227436,0.004197647,0.007046588050061642,0.004223949,0.004168874,0.013038746443198024,0.004539879,0.004527813,0.002657780086209316,0.006493482,0.006423327,0.01080391075235132,1.0762790886057243,1.5331242697437542,5.038880669218984
16,8,f64,ijk-ikl-lj,0.002551189,0.002505101,0.018065302100314873,0.002361384,0.002420654,0.025099687302023055,0.002475638,0.002578348,0.04148829513846519,0.004162925,0.004053398,0.026310106475615047,0.9993794157701709,1.6248937969074797,6.327112323765377
16,8,f64,ijk-il-jlk,0.002579692,0.002339563,0.09308436821139898,0.002563572,0.002318122,0.09574531161988031,0.00282564,0.002503458,0.1140208943814498,0.002571446,0.00259567,0.00942038059519823,1.082623049465566,1.0516280040661514,7.274345037264221
16,8,f64,ijk-ilk-jl,0.002253313,0.002239536,0.006114108426126363,0.002244657,0.00218788,0.025294287724137776,0.002308406,0.002328211,0.008579513309184161,0.003397267,0.003465582,0.020108810994249326,1.031994732275816,1.5274364308979413,6.803689607989707
16,8,f64,ijk-ilk-lj,0.002296794,0.002312583,0.006874364875561367,0.002217637,0.002193189,0.011024347086561193,0.002338362,0.002357166,0.008041526504450447,0.003643285,0.003611564,0.008706702879407002,1.018688186137852,1.5739268481446778,6.669290904919106
16,8,f64,ijk-ilmk-mjl,0.001528991,0.001733142,0.13352007958189427,0.001336934,0.001357642,0.015489171492384823,0.001558618,0.001513241,0.02911361218720676,0.001931933,0.001942852,0.005651852315789352,0.9434184289413715,1.1901353413602263,4.454320871412384
16,8,f64,ijkl-imjn-lnkm,0.035524412,0.035622304,0.002755626187422866,0.035575257,0.035536996,0.00107549469003132,0.036641095,0.036534595,0.0029065725246474328,0.03627873,0.035299022,0.027005024707314806,1.0285180522750361,1.0059651192072034,7.021460797423412
16,8,f64,ijkl-imjn-nlmk,0.035926713,0.036057927,0.0036522684388076154,0.035864707,0.036038811,0.004854465979604816,0.037122984,0.036875993,0.006653317524259239,0.036598276,0.036021198,0.01576790119840621,1.0279788540316783,1.0087888430001701,6.920986310817573
16,8,f64,ijkl-imkn-jnlm,0.03314281,0.033721821,0.017470184332589733,0.033134574,0.033910572,0.023419585838043266,0.035048375,0.034459717,0.01679558610063947,0.036512926,0.036543352,0.0008332939408910445,1.0395362150696155,1.0926406057699614,7.469999310517476
16,8,f64,ijkl-imkn-njml,0.034470506,0.034057657,0.01197687669568881,0.034469545,0.034357767,0.003242804626518825,0.035726119,0.034346415,0.03861891631721881,0.036635815,0.036169705,0.012722795985294688,1.0223566208486912,1.062415012890869,7.272541191173606
16,8,f64,ijkl-imln-jnkm,0.032984595,0.033618177,0.019208421385801477,0.033588942,0.033686044,0.0028908918893606472,0.034889698,0.034195073,0.01990917204270437,0.036593476,0.036628781,0.0009647894613782348,1.0372602020065615,1.099437149706732,7.5048653698813705
16,8,f64,ijkl-imln-njmk,0.034339371,0.034025266,0.009147080766272686,0.034398321,0.034275934,0.0035579352841088596,0.035576398,0.034062696,0.042547927420870435,0.036196736,0.036074057,0.0033892282442262722,1.0184121321280906,1.0571467190435728,7.28533689077518
16,8,f64,ijkl-imnj-nlkm,0.036065851,0.036266075,0.005551622780230581,0.036052577,0.036215119,0.004508471058809249,0.037021384,0.037205286,0.004967453404767452,0.036100086,0.035594223,0.014012792102489735,1.0261959092191857,0.9911639710833252,6.8997911337187565
16,8,f64,ijkl-imnk-njml,0.034356683,0.03449955,0.004158346718162509,0.034358877,0.034520831,0.004713599923536371,0.035662409,0.03500334,0.018480776214528816,0.035937913,0.035844118,0.0026099178324573424,1.0262371978757163,1.0424927578215095,7.217495585862414
16,8,f64,ijkl-minj-nlmk,0.043665827,0.043526303,0.0031952675486941473,0.043636612,0.043509501,0.0029129438371613414,0.044445632,0.044802192,0.008022385641855534,0.045641231,0.045350915,0.006360827559624749,1.0235697419297434,1.0435781229411296,7.028529547269398
16,8,f64,ijkl-mink-jnlm,0.040216593,0.040715642,0.012409032261882613,0.040212636,0.040670758,0.011392488669481837,0.042302594,0.041302606,0.023638928619838295,0.043284625,0.043107562,0.004090667298145667,1.0329729411405935,1.0674813074059093,7.505501224334333
16,8,f64,ijkl-minl-njmk,0.040675249,0.041939905,0.031091536772153594,0.040407279,0.042034851,0.0402791784123846,0.041275337,0.043292477,0.04887034598893769,0.044249655,0.0451445,0.020222643543774454,1.0234643038819804,1.0821277566449763,7.368325556216221
16,1,c64,abc-bk-akc,0.055727388,0.055851668,0.0022301422058395026,0.055692333,0.055853972,0.0029023564159182946,0.056302911,0.056554328,0.0044654351885997645,0.069267968,0.068947076,0.004632617489226831,1.0114535200892525,1.238715957857574,1.0
16,1,c64,abcijk-eiab-jkec,0.051766443,0.051878539,0.0021654182420840495,0.051743249,0.051878368,0.0026113358285639876,0.053400329,0.053655813,0.0047843150928901235,0.066993177,0.066279533,0.010652487789913234,1.0329096276249061,1.2858401310118843,1.0
16,1,c64,abcijk-eiac-jkeb,0.050897452,0.050981476,0.0016508488479933803,0.050916658,0.050969183,0.0010315877369642124,0.052813615,0.052985864,0.0032614506694912393,0.082249727,0.081919396,0.004016195701172176,1.0384814293063904,1.6114112085849803,1.0
16,1,c64,abcijk-eibc-jkea,0.052128177,0.05222225,0.0018046478011306544,0.052123338,0.052239142,0.002221730312053305,0.053615811,0.054213313,0.011144138060319664,0.061255797,0.061095035,0.002624437324682982,1.0333212375562388,1.1724990459545757,1.0
16,1,c64,abcijk-ejab-ikec,0.051686223,0.051877868,0.0037078546056654726,0.051672357,0.051859102,0.0036140213228514906,0.052683553,0.053459817,0.014734465612066705,0.064658653,0.06469597,0.0005771385308630528,1.0248794936698065,1.2490317623200213,1.0
16,1,c64,abcijk-ejac-ikeb,0.050686148,0.050753671,0.001332178566814779,0.050728907,0.050727252,3.262439697337971e-05,0.052233894,0.052391826,0.003023554016478247,0.064608429,0.064954341,0.005353976336431421,1.0314058622299784,1.2772335185030628,1.0
16,1,c64,abcijk-ejbc-ikea,0.052341174,0.052442029,0.001926876917204945,0.052243822,0.052404009,0.003066142442641251,0.053902365,0.054495188,0.010998088859366373,0.061297194,0.061165877,0.0021423003473861613,1.034478609445773,1.1687279431708923,1.0
16,1,c64,abcijk-ekab-ijec,0.051629977,0.051897314,0.0051779414893018405,0.051644254,0.051862219,0.0042205082486039824,0.052729738,0.053335004,0.011478646072544452,0.058175583,0.058275537,0.0017181435036068837,1.0244967060473609,1.1248383323807307,1.0
16,1,c64,abcijk-ekac-ijeb,0.050664167,0.050737391,0.0014452818300554338,0.050690015,0.050779199,0.0017593997555533925,0.05221597,0.052330041,0.0021845998456027083,0.068680252,0.06883638,0.002273258985712623,1.031009563247049,1.3561584450733033,1.0
16,1,c64,abcijk-ekbc-ijea,0.052230638,0.052328367,0.0018711048484607584,0.052207114,0.052282312,0.001440378412796317,0.053812587,0.054155084,0.006364626179373278,0.061277357,0.061145459,0.0021524753425641308,1.0325956613909308,1.1708489232697348,1.0
16,1,c64,abcijk-ijma-mkbc,0.052306009,0.052355178,0.000940025839096359,0.052254383,0.052407465,0.0029295532969932925,0.05380289,0.05420111,0.007401461148276667,0.061322573,0.061019685,0.004939257848818546,1.0319324754103039,1.1689328209482361,1.0
16,1,c64,abcijk-ijmb-mkac,0.050678475,0.050722193,0.0008626542136478399,0.05070848,0.050548148,0.003161838019991925,0.052203909,0.052442751,0.004575174629164236,0.068771152,0.069151248,0.005526968633592144,1.0320089524771958,1.3601674603401208,1.0
16,1,c64,abcijk-ijmc-mkab,0.051681053,0.051834908,0.0029770097757102487,0.051684991,0.051800443,0.002233762602377176,0.052859872,0.053368848,0.009628778518419479,0.058293584,0.058157417,0.0023358831393862634,1.0261955447721156,1.1249574354385008,1.0
16,1,c64,abcijk-ikma-mjbc,0.052409792,0.052445977,0.0006904244153458361,0.052327499,0.052432181,0.0020005160193115046,0.054023772,0.054381747,0.006626249644323234,0.061345175,0.061104403,0.0039248726570589865,1.0338480699484591,1.1677883796415063,1.0
16,1,c64,abcijk-ikmb-mjac,0.050650071,0.050762969,0.002228980093631039,0.050707027,0.050812812,0.002086200005375849,0.052238703,0.052374814,0.0026055585644995105,0.065125614,0.065347034,0.0033998911703159163,1.0315585971888281,1.2865460000724216,1.0
16,1,c64,abcijk-ikmc-mjab,0.051706671,0.051853713,0.0028437723248515567,0.051644876,0.051819589,0.0033829687189101953,0.053081184,0.05341276,0.0062465825931841135,0.064896187,0.064742787,0.0023637752399844336,1.0283231004002025,1.251820521635082,1.0
16,1,c64,abcijk-jkma-mibc,0.052134278,0.0522217,0.0016768621980340903,0.052111136,0.052271862,0.0030842927699752387,0.053678428,0.054211439,0.009929705840118874,0.061195185,0.061040424,0.0025289734805115094,1.0338515367633345,1.1713325509850363,1.0
16,1,c64,abcijk-jkmb-miac,0.050917249,0.051034154,0.00229598028754463,0.05090177,0.051002165,0.0019723282707064804,0.052665319,0.053074239,0.0077645024802754925,0.082388025,0.081886255,0.006090326840581528,1.0371494035994675,1.6112933892368677,1.0
16,1,c64,abcijk-jkmc-miab,0.051722781,0.05190554,0.0035334333627574654,0.051741526,0.051885302,0.0027787352077710548,0.053365735,0.053655633,0.005432287215757503,0.067245577,0.066815222,0.006399751763599415,1.0327402853208254,1.2936648537408644,1.0
16,1,c64,abcs-rc-abrs,0.030070646,0.030083597,0.0004306857923837004,0.030086686,0.030098074,0.0003785062934480443,0.03107073,0.031097478,0.0008608745272480345,0.040327042,0.039984309,0.008498838074957216,1.0334799439939335,1.3350782511258394,1.0
16,1,c64,abj-bka-kj,0.074238299,0.074234397,5.256047151613874e-05,0.074274497,0.074245347,0.0003924631088378927,0.075527493,0.07565732,0.0017189369704089241,0.098875061,0.098578141,0.0030029817124462843,1.0182663976749127,1.32989421045825,1.0
16,1,c64,abjc-cbka-kj,0.074080384,0.074148637,0.0009213370168275059,0.074071808,0.074149989,0.0010554757891152455,0.07516664,0.075349216,0.002428949863928942,0.06347108,0.062383338,0.017137600305524914,1.0154270749965815,0.8490222076899295,1.0
16,1,c64,abjc-kbac-jk,0.035281112,0.035265741,0.00043567220897122727,0.035310988,0.035293212,0.0005034127054163173,0.036355836,0.035894052,0.012701784659827409,0.053567021,0.05339163,0.0032742347199034016,1.0241195869835344,1.516134387107092,1.0
16,1,c64,abjcd-dkbac-jk,0.04200445,0.041921281,0.0019800044995232913,0.042069711,0.041857382,0.0050470753174416405,0.044771389,0.044571143,0.004472633180980901,0.045739494,0.045805414,0.001441205274374191,1.0645406408243372,1.0907850086739537,1.0
16,1,c64,abrs-qb-aqrs,0.029754055,0.029781284,0.0009151357688892414,0.029731012,0.029751268,0.0006813087963504216,0.030386935,0.030321611,0.002149739682531404,0.040174998,0.040307332,0.0032939391807809137,1.019705576955304,1.351839612798461,1.0
16,1,c64,adbjc-cbdka-kj,0.075164465,0.076436703,0.016926056747693208,0.075123449,0.076464065,0.01784550653418493,0.0776767,0.078213456,0.006910128777355418,0.051559277,0.049725975,0.035557170438988206,1.0283213749818894,0.6680174459839415,1.0
16,1,c64,ajb-kba-jk,0.062807964,0.06286705,0.0009407405723260709,0.062811571,0.062837876,0.0004187922636103014,0.063472543,0.063525167,0.0008290828996717625,0.075355923,0.075234402,0.0016126270525542719,1.0105247581902506,1.1982516477913463,1.0
16,1,c64,ajbc-ckba-jk,0.05508396,0.055067115,0.0003058059006650904,0.055089009,0.055087813,2.1710319748180495e-05,0.05655891,0.056650747,0.0016237406272505694,0.043336713,0.042630634,0.016292860051476454,1.027766829094996,0.7804231445136295,1.0
16,1,c64,ajbdc-ckbad-jk,0.043857896,0.044106477,0.005667873351699271,0.043793515,0.043989018,0.004464199779350864,0.046495564,0.045782332,0.015339785963237262,0.045258297,0.045423763,0.003656036814641883,1.0490100129768525,1.0308977150047678,1.0
16,1,c64,aqrs-pa-pqrs,0.030562082,0.030360394,0.0065992886217635105,0.030565879,0.030366285,0.0065299610719521395,0.031498218,0.031476936,0.0006756572705162167,0.04061022,0.040517674,0.0022788844778482975,1.0336988848946325,1.3316642907453888,1.0
16,1,c64,ij-ik-kj,0.512861181,0.513889004,0.0020040959192815233,0.513070529,0.513757819,0.0013395624210563728,0.517048024,0.516500764,0.001058431663206738,0.528159839,0.526109812,0.0038814518799488162,1.0066218405104834,1.0268010675800954,1.0
16,1,c64,ij-ikl-ljk,0.064467029,0.064129048,0.005242695455998203,0.064514638,0.064165977,0.0054043704004043125,0.067532276,0.068206542,0.009984351778695943,0.08122214,0.079919073,0.01604324879891128,1.0555346267378694,1.2530436743468107,1.0
16,1,c64,ij-kil-lkj,0.075756275,0.075594219,0.0021391759296506274,0.075689059,0.075630266,0.0007767701273707628,0.079558266,0.080107815,0.006907503489329336,0.099486645,0.098787559,0.007026933112479594,1.0549369385363252,1.3100260195745743,1.0
16,1,c64,ijk-ikl-lj,0.058460997,0.058404843,0.000960537843718301,0.058449295,0.058408781,0.0006931477958801446,0.059259987,0.059157246,0.0017337330836741938,0.075822759,0.074566302,0.016570974422073004,1.0132747268155304,1.286807416108483,1.0
16,1,c64,ijk-il-jlk,0.060730149,0.060558459,0.0028270966369602357,0.060606157,0.060556226,0.0008238601896504161,0.061968419,0.062361312,0.006340213391598848,0.063807699,0.063628555,0.0028075608869705393,1.0250693517260323,1.0506861102809744,1.0
16,1,c64,ijk-ilk-jl,0.055643091,0.055672077,0.0005209272072970172,0.055640666,0.055691854,0.000919974609937313,0.056396366,0.0564239,0.00048822294684724987,0.069597508,0.069231062,0.0052652172546179266,1.0135210546066904,1.2471623910066865,1.0
16,1,c64,ijk-ilk-lj,0.057221955,0.057265048,0.0007530850702321956,0.057247974,0.057273714,0.00044962289844541203,0.058137363,0.058108882,0.000489891500582762,0.071355827,0.071376964,0.0002962196766356229,1.015366344647335,1.246716184420961,1.0
16,1,c64,ijk-ilmk-mjl,0.028197361,0.028301036,0.0036767625168894202,0.028240011,0.028259478,0.0006893410912625075,0.02886708,0.029265555,0.013803786181352473,0.041519398,0.041845784,0.007861048467032061,1.0289029468480744,1.4755229857220251,1.0
16,1,c64,ijkl-imjn-lnkm,0.98098172,0.981947553,0.0009845575919600336,0.98031639,0.98291688,0.002652704806863415,0.986820148,0.989672816,0.002890767892996138,1.024979391,1.033098215,0.007920963164029127,1.0069089965771914,1.0484645929787446,1.0
16,1,c64,ijkl-imjn-nlmk,0.981460579,0.98409557,0.0026847649884060854,0.981979569,0.983935591,0.001991917206578764,0.989280762,0.992247399,0.0029987816542620394,1.048216393,1.042912257,0.005060153643294485,1.0081257265670134,1.063884032589516,1.0
16,1,c64,ijkl-imkn-jnlm,0.97880489,0.975732719,0.0031386960071276837,0.978651359,0.976167547,0.0025379947385328894,0.990109704,0.988167394,0.001961711911471209,1.033153645,1.040946243,0.007542535457056854,1.012146596290914,1.0611654652956184,1.0
16,1,c64,ijkl-imkn-njml,0.976967746,0.977037654,7.155609822961928e-05,0.97705493,0.977108595,5.4925264027838594e-05,0.988502546,0.987185746,0.001332115941763079,1.05635848,1.05229128,0.003850208122530674,1.0110964147998354,1.079140231087965,1.0
16,1,c64,ijkl-imln-jnkm,0.976054701,0.973515139,0.002601864421531097,0.975361886,0.973605737,0.001800510174948533,0.987806609,0.9851378,0.0027017525249215524,1.034029257,1.044855738,0.010470188272438952,1.011989536024126,1.0663165405305677,1.0
16,1,c64,ijkl-imln-njmk,0.973368645,0.973085051,0.00029135312859807083,0.973272552,0.973607343,0.00034398483683939496,0.986691883,0.989124757,0.0024656876598629918,1.040554686,1.041504922,0.0009132014038137903,1.0150845957448982,1.0696680930747424,1.0
16,1,c64,ijkl-imnj-nlkm,0.982129565,0.982054419,7.651332642655273e-05,0.98194528,0.982219688,0.00027945345386259923,0.990077398,0.992068161,0.0020107145199166343,1.037060723,1.042045415,0.004806557503769238,1.0091440399105769,1.0585058125957378,1.0
16,1,c64,ijkl-imnk-njml,0.975891429,0.976983238,0.0011187812163886424,0.976032597,0.976304621,0.00027870380644667847,0.988173946,0.987325992,0.0008581019601178186,1.040451381,1.047157442,0.006445338170011139,1.011585688593142,1.0689873822988916,1.0
16,1,c64,ijkl-minj-nlmk,1.197800275,1.198360603,0.0004677975215858776,1.197861419,1.198324305,0.0003864270045415008,1.20953246,1.211853362,0.0019188422607525624,1.251503333,1.252198823,0.0005557236498385798,1.0105267964858418,1.0448806467229241,1.0
16,1,c64,ijkl-mink-jnlm,1.187268352,1.188016899,0.0006304783570951766,1.185872561,1.18829774,0.0020450587017166733,1.202792809,1.202636658,0.00012982368935987587,1.253375011,1.234070582,0.015401957778460873,1.0126908253921547,1.0471882507464219,1.0
16,1,c64,ijkl-minl-njmk,1.187041486,1.188306581,0.0010657546639443183,1.186586174,1.188373956,0.0015066600632747118,1.203033689,1.202546202,0.00040521475371579907,1.234298748,1.24718483,0.01044000248795518,1.012727446644242,1.0446681503887485,1.0
16,4,c64,abc-bk-akc,0.014260623,0.014167238,0.00654845163496709,0.014251115,0.014307178,0.0039339378006564285,0.014518294,0.014417363,0.006951987609563393,0.018582084,0.018511108,0.003819593109147479,1.0178619170108372,1.304822907178781,3.9250082453174375
16,4,c64,abcijk-eiab-jkec,0.013734572,0.013769586,0.00254933317179451,0.013713422,0.013732046,0.0013580855310950657,0.014102057,0.014065377,0.0026010389831780945,0.022720354,0.022832886,0.004952915786435197,1.0241154425471328,1.6562273208391367,3.7683395131610724
16,4,c64,abcijk-eiac-jkeb,0.013361365,0.013463716,0.007660220344253732,0.013437638,0.013830069,0.029203867524932647,0.013772462,0.013890842,0.008595413078649417,0.02678678,0.027215539,0.0160063658267251,1.0312457982098677,2.0130791013133478,3.7979245966145005
16,4,c64,abcijk-eibc-jkea,0.013909167,0.013769486,0.010042369898930703,0.013737818,0.013775457,0.0027398091894941246,0.014226169,0.014221779,0.0003085862399075934,0.016007472,0.015982342,0.0015698918605010492,1.0278068775947207,1.1557719765446723,3.770115308301173
16,4,c64,abcijk-ejab-ikec,0.013575625,0.013624866,0.0036271626536532597,0.013583219,0.013593598,0.0007641045911135347,0.013843595,0.013886955,0.0031321343913917055,0.018329633,0.018328066,8.54899822598787e-05,1.0194875357133555,1.347687401436499,3.8074343356458225
16,4,c64,abcijk-ejac-ikeb,0.013380751,0.013408803,0.0020964443625026696,0.013384248,0.013414123,0.0022321014972226383,0.013879061,0.013800975,0.00562617312511271,0.018033221,0.017939782,0.005181492535360044,1.0332363515167173,1.3427958288755797,3.786545014511187
16,4,c64,abcijk-ejbc-ikea,0.013969961,0.013863431,0.00762564763065543,0.013855517,0.013753135,0.007389258733542681,0.014426803,0.014309864,0.008105676635357106,0.016088002,0.016098459,0.0006499874875698364,1.0324519394301443,1.156405768135959,3.7646838718749165
16,4,c64,abcijk-ekab-ijec,0.013590382,0.013612483,0.0016262236043107503,0.013574423,0.013622702,0.0035566152609212143,0.013859545,0.013885872,0.0018995573086997286,0.016259672,0.016223672,0.0022140668028234334,1.019944541374757,1.1941144718418655,3.805738108729193
16,4,c64,abcijk-ekac-ijeb,0.013396271,0.013408703,0.000928019446605699,0.013397603,0.013437016,0.0029417948867420662,0.013726717,0.01381427,0.006378291327780783,0.020970059,0.02104383,0.0035179204789075325,1.0274529942064372,1.5673892745593923,3.7829375424046563
16,4,c64,abcijk-ekbc-ijea,0.013787551,0.013782701,0.00035176660452607145,0.013806746,0.01383645,0.002151412070592107,0.014191484,0.014175964,0.0010936136065827773,0.016090797,0.016081877,0.0005543541441731525,1.028914940399686,1.1669343196882056,3.792455757939722
16,4,c64,abcijk-ijma-mkbc,0.013759378,0.013883037,0.008987252185382433,0.013764758,0.013823767,0.004286962400646743,0.014128466,0.014193977,0.004636809119971108,0.016111847,0.01612087,0.0005600226963426991,1.0246084012118735,1.166071715121893,3.7862908406352784
16,4,c64,abcijk-ijmb-mkac,0.013405648,0.013314147,0.006825555914939607,0.013442517,0.01338556,0.00423707851736399,0.013757073,0.013776138,0.0013858325822651008,0.021245664,0.021269261,0.0011106736885229118,1.0304482441260934,1.5911487247210234,3.7949861943790806
16,4,c64,abcijk-ijmc-mkab,0.013589221,0.013571176,0.0013278906863020135,0.013618956,0.013579291,0.002912484628043388,0.01386193,0.013871556,0.0006944198967964166,0.016393442,0.016447689,0.0033090671257445248,1.021100334077238,1.209153660218579,3.811279691884021
16,4,c64,abcijk-ikma-mjbc,0.013762765,0.013911731,0.010823842447357013,0.013831473,0.013936828,0.007617048451744823,0.014331976,0.014265761,0.004620088674443745,0.016076862,0.01614733,0.004383193685434383,1.033372916798666,1.1644144051563632,3.7889500086032974
16,4,c64,abcijk-ikmb-mjac,0.013401371,0.013388405,0.0009675129507271674,0.013419895,0.013236411,0.013672536186013384,0.013600973,0.013821262,0.016196561819511013,0.017997083,0.0179979,4.5396245602624674e-05,1.0235753140224924,1.3436091144093751,3.7855108992329303
16,4,c64,abcijk-ikmc-mjab,0.013578882,0.0135841,0.0003842731677026201,0.013629837,0.013579511,0.0036923405613727978,0.013880093,0.013872678,0.0005342183226005881,0.018373867,0.018491121,0.006381563554367808,1.0217129518952854,1.3571706600089435,3.812552006281606
16,4,c64,abcijk-jkma-mibc,0.013786829,0.013769676,0.0012441584645751513,0.013698946,0.013781778,0.006046596577576002,0.014184782,0.014140829,0.0030986024318173655,0.016027358,0.016052984,0.0015988910960871294,1.027909104819631,1.1641657017056934,3.786981026772083
16,4,c64,abcijk-jkmb-miac,0.013210053,0.013244858,0.0026347358333838056,0.013429092,0.013399266,0.00222099900722994,0.013710607,0.01385209,0.010319236777773577,0.02705954,0.027049289,0.0003788312735545363,1.0418616689292126,2.0453243958133456,3.8537806537191166
16,4,c64,abcijk-jkmc-miab,0.013797559,0.013727397,0.005085102372093364,0.013672627,0.013799822,0.00930289402321871,0.014039591,0.01412003,0.005729440408912101,0.022560086,0.023172389,0.02714098696254985,1.023056952237659,1.6613477738929956,3.764892358407968
16,4,c64,abcs-rc-abrs,0.007931386,0.008066932,0.017089825157923233,0.007870893,0.008005378,0.017086371266894496,0.008169331,0.00814077,0.0034961247132720974,0.012368494,0.012326415,0.003402111849672318,1.0195235162802154,1.5436472471561566,3.7601703356408946
16,4,c64,abj-bka-kj,0.019464702,0.01947816,0.0006914053962912003,0.019521608,0.019470948,0.0025950731107806657,0.019931373,0.019841288,0.004519758874614421,0.026759931,0.026524741,0.00878888663801114,1.0213055566811762,1.3682650272031356,3.812578151410855
16,4,c64,abjc-cbka-kj,0.019910513,0.020163219,0.01269208884773576,0.019710019,0.020019941,0.015724084284241435,0.020701258,0.020524151,0.008555373784530307,0.019029169,0.019142024,0.005930632073318787,1.0287499119798589,0.9525388138408397,3.6989804844946734
16,4,c64,abjc-kbac-jk,0.009094496,0.008901628,0.021207112521683502,0.009036738,0.009079711,0.004755366372246161,0.008972078,0.009282619,0.03461193716773314,0.018120995,0.018165382,0.002449479181468872,1.0142797251640587,2.016458317680948,3.920338797418349
16,4,c64,abjcd-dkbac-jk,0.01303681,0.012999019,0.0028987919590758304,0.01307439,0.013020278,0.004138778176266733,0.013563693,0.013567279,0.0002643822740606705,0.014406105,0.014041683,0.02529635873124636,1.0420640089287523,1.0925514877658136,3.223472477103401
16,4,c64,abrs-qb-aqrs,0.007583728,0.007616032,0.004259646443016019,0.007602592,0.007655566,0.0069678867417848345,0.007749046,0.007767353,0.002362484362591344,0.01176631,0.011727348,0.0033113185017222824,1.020833437057629,1.5456611651621888,3.9168688999632697
16,4,c64,adbjc-cbdka-kj,0.023305908,0.022425867,0.03776042538226798,0.023594656,0.023860353,0.011260897382865176,0.023096347,0.024158148,0.04597268130756782,0.018566386,0.018675554,0.005879873444406547,1.033227202679021,0.8145032088000991,3.3155045127854614
16,4,c64,ajb-kba-jk,0.016087822,0.016036834,0.0031693538130892485,0.016111627,0.016036613,0.004655892294427977,0.016292975,0.016312598,0.0012043840980544562,0.01998907,0.019980998,0.0004038206880060402,1.0149714339307276,1.2442193164929816,3.9121090793805378
16,4,c64,ajbc-ckba-jk,0.014637547,0.014578214,0.004053479725803832,0.014556996,0.014652552,0.006564266418703335,0.014872395,0.014891949,0.0013147848749310853,0.013550399,0.013519449,0.0022840655836038337,1.0187788350520695,0.9265507795630281,3.770269782289126
16,4,c64,ajbdc-ckbad-jk,0.015122501,0.015070542,0.0034358734709292182,0.015086093,0.015165379,0.005255568820900169,0.01585627,0.015725794,0.008228669163680813,0.013087996,0.013050996,0.002827017978917379,1.0459972929332577,0.865729384019477,2.91339140659343
16,4,c64,aqrs-pa-pqrs,0.00794922,0.007911633,0.0047283884456588154,0.00798164,0.007945747,0.004496945489899318,0.008232728,0.008410694,0.021616892966705548,0.010456907,0.010912949,0.043611557413678836,1.0492826092393972,1.347030287163188,3.841048978661478
16,4,c64,ij-ik-kj,0.130140244,0.130055785,0.0006489844909156606,0.130015871,0.129983761,0.00024696984878103123,0.130914368,0.13106141,0.0011231922228733815,0.134250583,0.13462732,0.0028062224504454836,1.0068399258138425,1.0333657061045936,3.9460622384918143
16,4,c64,ij-ikl-ljk,0.02262949,0.022556662,0.0032182784499340533,0.022712594,0.022645226,0.0029661077021848614,0.023388756,0.023450999,0.0026612360229847365,0.023243696,0.023180896,0.0027018078364130504,1.0365957800887782,1.0274079063526274,2.84591172706488
16,4,c64,ij-kil-lkj,0.02624713,0.026258855,0.0004467155075622564,0.026290941,0.026242655,0.0018366021969317137,0.02727084,0.027361752,0.0033336706900117807,0.028409654,0.028374981,0.0012204654093991296,1.0405007680653164,1.0814886308687022,2.8825363625547724
16,4,c64,ijk-ikl-lj,0.015156297,0.014885397,0.01787375900591026,0.015113588,0.015280934,0.011072552725401641,0.015267595,0.015087634,0.01178712167829965,0.020106052,0.020183366,0.0038453098599366964,1.0104599881387462,1.3411687761934308,3.8902792317508172
16,4,c64,ijk-il-jlk,0.019707879,0.019823595,0.0058715603033689945,0.019732174,0.019814288,0.004161426916263755,0.019890029,0.019889288,3.725484764238729e-05,0.016076333,0.016095513,0.0011930581432966214,1.006273821643131,0.8138319890252994,3.068163006288964
16,4,c64,ijk-ilk-jl,0.014268932,0.014264999,0.0002756338035669881,0.014257551,0.014236507,0.0014759898105922709,0.014449078,0.014434516,0.0010078151699368654,0.018576177,0.018527689,0.0026102249133392874,1.0122541686799038,1.3003408002197039,3.9011507136366017
16,4,c64,ijk-ilk-lj,0.014698633,0.014718546,0.0013547518330447872,0.014644813,0.014638377,0.00043947300658608857,0.014984767,0.014823681,0.01074998363337909,0.018920309,0.018927935,0.0004030589563839282,1.0132861335420582,1.2866037189726114,3.891842284395833
16,4,c64,ijk-ilmk-mjl,0.007981591,0.008011489,0.0037458697144467923,0.007955763,0.00800672,0.006405042483040413,0.008085615,0.008236789,0.018696660674543564,0.010915085,0.010893653,0.001963521126954082,1.020549665084968,1.3636376218704227,3.532677920861867
16,4,c64,ijkl-imjn-lnkm,0.252118626,0.252498143,0.0015053112339267205,0.251963424,0.252022397,0.00023405381250896085,0.255677052,0.256836213,0.004533691979520915,0.260828803,0.260544287,0.001090815112163912,1.0156461905023226,1.033206171203366,3.8899412606360464
16,4,c64,ijkl-imjn-nlmk,0.251669012,0.251169606,0.001984376209177574,0.251586167,0.250909351,0.002690195602050083,0.253138853,0.253294298,0.0006140700969359258,0.262604873,0.262505644,0.00037786427519959087,1.0071489316581987,1.0442928363300032,3.9089188495723914
16,4,c64,ijkl-imkn-jnlm,0.24822895,0.248427362,0.0007993104752690439,0.248230292,0.248283785,0.00021549747038940303,0.250956157,0.251228115,0.0010836872992119329,0.263647364,0.2640533,0.0015396929968927164,1.0111302852706263,1.0625064802873403,3.93538812112271
16,4,c64,ijkl-imkn-njml,0.248985157,0.248953763,0.00012608783743695007,0.248805731,0.24891931,0.00045649671952285864,0.251697597,0.251769615,0.0002861290725790777,0.263697644,0.263427744,0.0010235207107121003,1.011102341326877,1.0586144179094206,3.9241869316684075
16,4,c64,ijkl-imln-jnkm,0.247357987,0.247578249,0.0008904584107889413,0.247478182,0.247721786,0.0009843453593820772,0.249904367,0.250638856,0.0029390802922624193,0.263519918,0.263285609,0.0008891510052763119,1.0113277171283972,1.0643907007455977,3.9390293884384064
16,4,c64,ijkl-imln-njmk,0.248150041,0.248240423,0.00036422319188744723,0.248144611,0.248132702,4.799217662632138e-05,0.250681623,0.25118822,0.0020208780920489833,0.261595774,0.262315339,0.0027506751695460796,1.011037947003599,1.055440556451693,3.921214948249791
16,4,c64,ijkl-imnj-nlkm,0.25098134,0.250990701,3.729759351833728e-05,0.250626688,0.251088374,0.0018421262463477195,0.252791746,0.253214298,0.001671541918144781,0.261956694,0.261570068,0.0014759157099455411,1.0080359588335428,1.0429397985709992,3.9129350291923224
16,4,c64,ijkl-imnk-njml,0.248489497,0.248604322,0.00046209196519875206,0.248498854,0.248528299,0.0001184914921177338,0.250860159,0.2511775,0.0012650115557009123,0.262262119,0.262119934,0.0005421484450066627,1.0099453119475965,1.05489553011986,3.928583175356658
16,4,c64,ijkl-minj-nlmk,0.305200322,0.304553028,0.002120882428164772,0.305037256,0.304528102,0.001669153488582209,0.30746302,0.307649823,0.000607562496458991,0.316910494,0.316935107,7.766546222365278e-05,1.0087901300224047,1.0395120546208627,3.9297236540520277
16,4,c64,ijkl-mink-jnlm,0.300214575,0.300661462,0.0014885586417647811,0.300262814,0.30062831,0.0012172536290158131,0.30460814,0.305096942,0.0016046911943981002,0.315808203,0.314275959,0.004851818241086048,1.0146935759490354,1.0486064252774394,3.9530379707423466
16,4,c64,ijkl-minl-njmk,0.30161355,0.301346549,0.0008852420589193777,0.301637153,0.300843761,0.0026302860642634096,0.304904448,0.305257041,0.0011564049075467597,0.316931965,0.316418814,0.0016191203686254374,1.0119433242068816,1.050402231034288,3.9394778641838784
16,8,c64,abc-bk-akc,0.007375276,0.00777594,0.054325288979015784,0.007392469,0.007340057,0.007089918131547135,0.007521609,0.007507549,0.0018692808945534045,0.01055641,0.010538451,0.001701241236367279,0.9922905956661714,1.3927748820852441,7.366934841741946
16,8,c64,abcijk-eiab-jkec,0.008743257,0.008884987,0.01621020633386383,0.008807227,0.008850573,0.00492163992139627,0.009011308,0.009025851,0.0016138611619975762,0.014514493,0.014614681,0.00690261795572189,1.0232293206128926,1.6524585890786485,5.8796707930740455
16,8,c64,abcijk-eiac-jkeb,0.008008177,0.008093392,0.010640998569337201,0.007976328,0.008058697,0.010326681651005476,0.00817625,0.008276724,0.01228851857514135,0.017026438,0.016777234,0.014636296799131032,1.0218195275352877,2.099374713596671,6.327353572658018
16,8,c64,abcijk-eibc-jkea,0.010309469,0.010275531,0.003291925122428818,0.010265046,0.010300377,0.0034418744933046863,0.010501327,0.010619021,0.01120753596188373,0.009856445,0.009838285,0.0018424492806483617,1.0259921677785548,0.9567524116618562,5.069250736726305
16,8,c64,abcijk-ejab-ikec,0.008678247,0.008811771,0.015386056654068447,0.00881435,0.00887567,0.006956837429872964,0.008984849,0.009019739,0.003883203824571968,0.011663495,0.011679479,0.0013704297039609514,1.0294488486226787,1.3346840924064898,5.921488005006363
16,8,c64,abcijk-ejac-ikeb,0.008339696,0.009121429,0.09373639039120851,0.008619136,0.008864469,0.02846375785229527,0.008293479,0.008282625,0.0013087390707806623,0.011304476,0.011100519,0.01804214542982807,0.9502673837698237,1.2843704628154873,5.8152959658573655
16,8,c64,abcijk-ejbc-ikea,0.010556119,0.010467559,0.008389446916996612,0.010434643,0.010495661,0.0058476365698376664,0.010706519,0.010636384,0.006550681878956133,0.009960709,0.00992654,0.003430378299376091,1.0151875957533496,0.9459522777508587,4.9840986018217475
16,8,c64,abcijk-ekab-ijec,0.008807348,0.008905957,0.011196219338670543,0.008816714,0.008839823,0.0026210445297421003,0.009030514,0.009121349,0.010058674401036471,0.010382495,0.010378893,0.00034693009724540147,1.0247617254841175,1.17209687304824,5.844677210835991
16,8,c64,abcijk-ekac-ijeb,0.008445913,0.008506151,0.0071322070213131195,0.008519481,0.008455497,0.007510316649570692,0.008337572,0.008270702,0.008020320544158466,0.013455337,0.013583679,0.009538371279738334,0.9797181178263873,1.5950200587002081,5.981700621241583
16,8,c64,abcijk-ekbc-ijea,0.010155592,0.010261855,0.010463496367321579,0.010221525,0.010338628,0.011456509669545367,0.010574143,0.010366501,0.019636768672411486,0.009983671,0.009885563,0.009826846257253385,1.0255884643279434,0.9731510940987048,5.12112878028475
16,8,c64,abcijk-ijma-mkbc,0.010311823,0.010209979,0.009876430190859598,0.010219591,0.010235346,0.0015416468232436475,0.010576458,0.010550563,0.0024483622021663765,0.010007345,0.009856188,0.01510460566713756,1.0295034178615439,0.9679073240937579,5.100062085379441
16,8,c64,abcijk-ijmb-mkac,0.008571698,0.008823673,0.029396159314058812,0.008671323,0.008999481,0.03784405217058584,0.008575204,0.008245796,0.038414013240967826,0.013510259,0.013228387,0.02086355265283968,0.9668973948393247,1.5371885824306815,5.829786453455923
16,8,c64,abcijk-ijmc-mkab,0.008785978,0.008695805,0.010263285430489377,0.00879812,0.008740939,0.006499229380822258,0.0090393,0.008926625,0.012465013883818377,0.010402072,0.010394002,0.0007758069738413864,1.0276875460832093,1.1896011460128768,5.921433973199332
16,8,c64,abcijk-ikma-mjbc,0.010517237,0.010504938,0.0011694136016903167,0.010506947,0.010460165,0.004452482724049189,0.010731016,0.010738684,0.0007145642127455165,0.009960378,0.009829619,0.013127915426503045,1.0212883445703562,0.9413663618677517,4.9878654659443304
16,8,c64,abcijk-ikmb-mjac,0.008332822,0.008797595,0.05577618242655369,0.008406339,0.009149962,0.08845979206881838,0.008325719,0.008912639,0.0704948125200957,0.011369005,0.01111185,0.02261895390141888,1.0060880659985179,1.3127329273465855,5.922233160214801
16,8,c64,abcijk-ikmc-mjab,0.008830701,0.00889165,0.0069019435716370925,0.008839207,0.008890188,0.005767598835506371,0.009035733,0.009137889,0.011305778955619683,0.011674796,0.0116429,0.0027320391722476245,1.0254532457561065,1.31572905198915,5.843518844732255
16,8,c64,abcijk-jkma-mibc,0.010329056,0.010195291,0.012950360613786849,0.010223529,0.010197214,0.0025739644304819675,0.010483594,0.010465735,0.001703518850501129,0.009907249,0.009835329,0.0072593310211542805,1.0207275450144784,0.961924211637387,5.084603070577309
16,8,c64,abcijk-jkmb-miac,0.008090481,0.008391527,0.037209901364331666,0.008022444,0.008005728,0.0020836543078393,0.008257903,0.008239123,0.0022741851048627693,0.016831104,0.016915672,0.005024507007977519,1.0010775279683448,2.047826978564097,6.186645854946148
16,8,c64,abcijk-jkmc-miab,0.008809562,0.008905896,0.010935163405399795,0.008813739,0.008878365,0.007332415902036482,0.009096276,0.009043763,0.00577302183882733,0.014710528,0.014529162,0.012328993221725315,1.0239775453717879,1.6505110861536398,5.84967614329488
16,8,c64,abcs-rc-abrs,0.004599198,0.004888856,0.06298011088020128,0.004654522,0.004675228,0.004448577104158025,0.004849446,0.004866785,0.0035754599597561665,0.009234264,0.009018306,0.023386595834816948,1.0245247825915667,1.9245045880037748,6.342954324114002
16,8,c64,abj-bka-kj,0.010838045,0.010981286,0.013216497993872478,0.010728291,0.010824955,0.009010195566097279,0.011038158,0.011266368,0.020674645171776085,0.015725572,0.015763093,0.002385986341228108,1.0222054527031923,1.4431845416315368,6.804786794393548
16,8,c64,abjc-cbka-kj,0.011801552,0.012030934,0.019436596135830264,0.012000093,0.011589411,0.0342232347699305,0.012271599,0.01191114,0.029373433731007537,0.012756273,0.013056406,0.023528267229777855,1.0146307215363082,1.0830649249107391,6.2199080464050756
16,8,c64,abjc-kbac-jk,0.006904328,0.006804488,0.014460494924343203,0.006817235,0.006800201,0.0024986669815548757,0.007027488,0.006977902,0.007056006356752187,0.010796367,0.011025799,0.02125085225428136,1.0216545076213215,1.5917887145057876,5.146230157811359
16,8,c64,abjcd-dkbac-jk,0.008941197,0.00892384,0.0019412389638656657,0.008884531,0.008902911,0.002068764237526999,0.009210811,0.00914881,0.006731329087091176,0.0108672,0.010850002,0.001582560365135599,1.0276790904579025,1.2156261103850885,4.6977640964647795
16,8,c64,abrs-qb-aqrs,0.004165199,0.004133197,0.007683186325551206,0.0041389,0.004133568,0.00128826499794632,0.004223177,0.004265915,0.010119869472674292,0.008504172,0.008411154,0.010937925526435799,1.0229745052199333,2.0383693456219287,7.174371466419589
16,8,c64,adbjc-cbdka-kj,0.013269831,0.012986766,0.021331469858206886,0.013529455,0.01375024,0.016318839155014198,0.013794179,0.014387578,0.04301807305820815,0.014160121,0.014213574,0.003774897121288756,1.0731454056289687,1.0806919739733472,5.773963773331
16,8,c64,ajb-kba-jk,0.00832117,0.008342476,0.0025604572433926,0.008348001,0.008600307,0.030223522972745,0.008493683,0.00848954,0.00048777426706414495,0.011364357,0.011446304,0.007210878714915214,1.0191788985880168,1.3688800427028451,7.541873059296518
16,8,c64,ajbc-ckba-jk,0.040243302,0.040519046,0.006851922836749402,0.040274711,0.041025529,0.018642418067258193,0.042131715,0.041894179,0.005637938071118231,0.010043042,0.009875094,0.016722821631135365,1.0404111579968123,0.24661917974017367,1.363899372318537
16,8,c64,ajbdc-ckbad-jk,0.027868761,0.028652528,0.028123496412345128,0.027633943,0.028516043,0.031920888018043714,0.033039676,0.030308235,0.0826715431470938,0.009658655,0.009635508,0.002396503446908671,1.1198449852265109,0.34139356569857937,1.5564485825910424
16,8,c64,aqrs-pa-pqrs,0.004342279,0.004761058,0.0964422138697214,0.004326971,0.004345874,0.004368644948163469,0.004546309,0.004507144,0.008614680612338499,0.005890236,0.00580265,0.01486969282724826,0.9955649393143933,1.2857867249116157,6.69937937275122
16,8,c64,ij-ik-kj,0.071085064,0.07107384,0.0001578953350875878,0.071184028,0.071032072,0.002134692349806233,0.073740667,0.073276578,0.006293528644106261,0.069335921,0.069371176,0.0005084665998742466,1.0341702758348796,0.9757186433568168,7.222549167596546
16,8,c64,ij-ikl-ljk,0.016168028,0.016153722,0.0008848327081077967,0.01612612,0.016160474,0.0021303326528638866,0.016705581,0.016785008,0.004754518864084956,0.014068501,0.014137082,0.004874790853695021,1.0361598024539314,0.8726477491595296,3.9786102376389176
16,8,c64,ij-kil-lkj,0.018600145,0.018467095,0.007153170042491608,0.018702305,0.018657381,0.002402056858766821,0.019452213,0.019505873,0.0027585550291886474,0.017685248,0.017717728,0.0018365589218765077,1.051017017028307,0.9551072366902262,4.083157587294756
16,8,c64,ijk-ikl-lj,0.008070264,0.007950866,0.01479480720828974,0.007964076,0.007864655,0.012483682978414623,0.008033264,0.007996631,0.0045601638387583465,0.011868368,0.011771811,0.00813565942680583,1.0005722636878815,1.4755911924375196,7.294683460074388
16,8,c64,ijk-il-jlk,0.013412879,0.01342292,0.0007486088557124848,0.013440651,0.013431676,0.0006677503939355178,0.013551988,0.013551649,2.5014780119181346e-05,0.008354904,0.008199029,0.018656707485807056,1.009980693890312,0.6168327713304821,4.519652832853813
16,8,c64,ijk-ilk-jl,0.007330564,0.007492772,0.022127628924595744,0.007325634,0.007366877,0.005629956396947966,0.007513024,0.007511887,0.0001513371979112721,0.010521596,0.010539263,0.0016791178828763353,1.0136591794794112,1.4208753451491283,7.509903942599767
16,8,c64,ijk-ilk-lj,0.007630363,0.007566769,0.008334334814739552,0.007676369,0.007609379,0.008726782154427348,0.007748704,0.007744,0.0006070692595819827,0.010835942,0.010828461,0.0006903876008196308,1.0194580749453719,1.42557104805513,7.533526542341252
16,8,c64,ijk-ilmk-mjl,0.004970972,0.004802596,0.03387184639140994,0.004328493,0.004368666,0.009281059250875634,0.004559756,0.004575381,0.0034267184472152046,0.005847857,0.005895523,0.008151020108733809,0.9348151627796679,1.2017132652217917,5.781582315002301
16,8,c64,ijkl-imjn-lnkm,0.135846019,0.135672236,0.0012792645767558675,0.135885784,0.135521936,0.0026776016540479564,0.138727434,0.139526292,0.005758471680518351,0.133983555,0.134226039,0.0018098041957461675,1.02480268312962,0.9878140212837639,7.22945658827896
16,8,c64,ijkl-imjn-nlmk,0.134117885,0.133668089,0.003353736155323417,0.13403446,0.134043359,6.63933737636846e-05,0.136438574,0.136451418,9.413760070509092e-05,0.134356941,0.134898262,0.004028976813337692,1.0190615011687136,1.0054859657569213,7.340030271870584
16,8,c64,ijkl-imkn-jnlm,0.129946243,0.129842636,0.0007973066216310221,0.12998194,0.129953573,0.0002182380106036108,0.133329575,0.133698636,0.0027680355240014,0.136238259,0.136919091,0.004997362745218226,1.0278653121057455,1.051455798654749,7.523552807633261
16,8,c64,ijkl-imkn-njml,0.131535287,0.131720558,0.001408526975730684,0.131516662,0.13175974,0.0018482677122688695,0.135555085,0.134804949,0.005533809373510334,0.135224668,0.135535511,0.002298715201874302,1.0269821750554473,1.0285054359283594,7.422459632941904
16,8,c64,ijkl-imln-jnkm,0.129381058,0.129517268,0.001052781621247778,0.129304324,0.129540903,0.0018296294561659376,0.132539259,0.13255301,0.00010375039142185294,0.136051379,0.136556815,0.0037150376844030664,1.0239243699535236,1.0529529772620123,7.530247436843949
16,8,c64,ijkl-imln-njmk,0.131233382,0.131420688,0.0014272740452576649,0.131020716,0.131368972,0.002658022415325423,0.134742708,0.135065945,0.0023989201701364316,0.134264125,0.134144838,0.0008884502840950104,1.027239090500424,1.0219107008051225,7.41071391079849
16,8,c64,ijkl-imnj-nlkm,0.133668734,0.133417271,0.0018812402307932796,0.13357558,0.133665484,0.0006730571561059939,0.135821129,0.136874398,0.007754824361679402,0.134081353,0.134357274,0.002057862587350412,1.0209955170160971,1.0050642832088552,7.3541286939458566
16,8,c64,ijkl-imnk-njml,0.131133625,0.131423674,0.0022118583239041367,0.131368082,0.131483244,0.0008766360766385706,0.134659882,0.135272851,0.004551979334127099,0.134887818,0.13476824,0.0008864996244507539,1.0280887363079996,1.0270375154497144,7.437902358299703
16,8,c64,ijkl-minj-nlmk,0.160142984,0.160555104,0.002573450236196484,0.160101506,0.160505311,0.0025221811467532884,0.162503616,0.163472795,0.0059640457477574405,0.16228581,0.162804198,0.003194290369564756,1.016455200679441,1.0136944225176507,7.471709001921143
16,8,c64,ijkl-mink-jnlm,0.155126626,0.15593534,0.0052132507542581585,0.155164987,0.156088516,0.0059519162013013105,0.159205684,0.160099926,0.00561689744695304,0.162299675,0.162064299,0.0014502555226928449,1.0265010571120394,1.042766459037305,7.636077117253992
16,8,c64,ijkl-minl-njmk,0.156959484,0.15753883,0.003691054437971797,0.156986545,0.157780891,0.005059962304412746,0.160397917,0.162170035,0.011048260682836597,0.162644908,0.162225038,0.002581513341936348,1.0256450260268757,1.0329792289059516,7.552828281337556
